action_name,matched_key,bucket,claude_verdict,http_verdict,final_verdict
030/dive-action,030/dive-action,maybe,y,y,y
06393993/lcov-reporter-action,06393993/lcov-reporter-action,maybe,y,n,
0xbillw/install-rust-substrate-action,0xbillw/install-rust-substrate-action,maybe,n,n,
0xcaso/label-stale-pull-requests,0xcaso/label-stale-pull-requests,maybe,,n,
0xpolygon/polygon-edge/.github/workflows/build.yml,0xpolygon/polygon-edge,maybe,n,n,
0xpolygon/polygon-edge/.github/workflows/loadbot.yml,0xpolygon/polygon-edge,maybe,n,n,
0xpolygon/polygon-edge/.github/workflows/pandoras_box.yml,0xpolygon/polygon-edge,maybe,n,n,
0xpolygon/polygon-edge/.github/workflows/security.yml,0xpolygon/polygon-edge,maybe,n,n,
0xpolygon/polygon-edge/.github/workflows/test.yml,0xpolygon/polygon-edge,maybe,n,n,
0xpolygonhermez/zkevm-node/.github/workflows/test-from-prover.yml,0xpolygonhermez/zkevm-node,maybe,,n,
10up/actions-wordpress/dotorg-plugin-asset-update,10up/actions-wordpress,maybe,n,n,
10up/actions-wordpress/dotorg-plugin-deploy,10up/actions-wordpress,maybe,n,n,
10up/restricted-site-access/.github/workflows/build-release-zip.yml,10up/restricted-site-access,maybe,n,n,
10up/safe-redirect-manager/.github/workflows/build-release-zip.yml,10up/safe-redirect-manager,maybe,n,n,
10up/safe-svg/.github/workflows/build-release-zip.yml,10up/safe-svg,maybe,n,n,
10up/simple-local-avatars/.github/workflows/build-release-zip.yml,10up/simple-local-avatars,maybe,n,n,
10up/simple-page-ordering/.github/workflows/build-release-zip.yml,10up/simple-page-ordering,maybe,n,n,
10up/simple-podcasting/.github/workflows/build-release-zip.yml,10up/simple-podcasting,maybe,n,n,
13ph03nix/action-homebrew-bump-formula,13ph03nix/action-homebrew-bump-formula,maybe,n,n,
13ph03nix/archlinux-package-action,13ph03nix/archlinux-package-action,maybe,n,n,
1466587594/current-time,1466587594/current-time,maybe,n,n,
1466587594/get-current-time,1466587594/get-current-time,maybe,n,y,y
1aron/aronrepo,1aron/aronrepo,maybe,n,n,
1aron/techor,1aron/techor,maybe,n,n,
20c/workflows/poetry,20c/workflows,maybe,n,n,
3pointer/check-pr-labels-on-push-action,3pointer/check-pr-labels-on-push-action,maybe,n,n,
404-novel-project/novel-downloader-action,404-novel-project/novel-downloader-action,maybe,n,n,
47ng/actions-slack-notify,47ng/actions-slack-notify,maybe,n,n,
8398a7/action-slackpre,8398a7/action-slackpre,maybe,n,n,
8bitdream/action-github-releases,8bitdream/action-github-releases,maybe,,n,
8mi-tech/delete-release-assets-action,8mi-tech/delete-release-assets-action,maybe,,n,
8vim/json-yaml-validate,8vim/json-yaml-validate,maybe,,y,y
94dreamer/auto-release,94dreamer/auto-release,maybe,n,n,
94dreamer/compressed-size-action,94dreamer/compressed-size-action,maybe,n,n,
94dreamer/create-report,94dreamer/create-report,maybe,n,y,y
a-scie/actions/changelog,a-scie/actions,maybe,n,n,
a5huynh/tauri-action,a5huynh/tauri-action,maybe,n,y,y
a631807682/issues-translator,a631807682/issues-translator,maybe,n,n,
aactions/setup-node,aactions/setup-node,maybe,n,n,
aanm/junit2md,aanm/junit2md,maybe,n,n,
aareet/add-new-issues-to-project-column,aareet/add-new-issues-to-project-column,maybe,n,n,
aareet/github-project-automation-plus,aareet/github-project-automation-plus,maybe,n,n,
aareet/move-labeled-or-milestoned-issue,aareet/move-labeled-or-milestoned-issue,maybe,n,n,
aarlt/comment-on-pr,aarlt/comment-on-pr,maybe,n,n,
aarnott/nbgv,aarnott/nbgv,maybe,y,n,
aaron-binary/vercel-preview-url-action,aaron-binary/vercel-preview-url-action,maybe,n,n,
aaroncameron-wk/xcode-notarize,aaroncameron-wk/xcode-notarize,maybe,n,n,
aaronfriel/action-configure-pagefile,aaronfriel/action-configure-pagefile,maybe,n,n,
aave/cloudflare-update-action,aave/cloudflare-update-action,maybe,n,n,
aave/pinata-action,aave/pinata-action,maybe,n,n,
abatilo/actions-poetry,abatilo/actions-poetry,maybe,y,n,
abatilo/release-info-action,abatilo/release-info-action,maybe,n,n,
abdes/gha-setup-ninja,abdes/gha-setup-ninja,maybe,y,n,
abdullahalfaraj/ghaction-wiki-sync,abdullahalfaraj/ghaction-wiki-sync,maybe,,n,
abelfodil/protoc-action,abelfodil/protoc-action,maybe,y,n,
abernix/github-issue-pull-api-hook,abernix/github-issue-pull-api-hook,maybe,n,n,
abersheeran/sync-gitee-mirror,abersheeran/sync-gitee-mirror,maybe,n,n,
abey79/python-lint,abey79/python-lint,maybe,y,n,
abikouo/gha_testing/.github/workflows/ansible_bot.yml,abikouo/gha_testing,maybe,n,n,
abikouo/github_actions/.github/workflows/update_aws_variables.yml,abikouo/github_actions,maybe,n,n,
abinnovision/actions/actions/run-commitlint,abinnovision/actions,maybe,n,n,
abinnovision/actions/actions/setup-node,abinnovision/actions,maybe,n,n,
abinnovision/workflows/.github/workflows/release-please.yaml,abinnovision/workflows,maybe,n,n,
ably/sdk-upload-action,ably/sdk-upload-action,maybe,n,n,
abrown/install-openvino-action,abrown/install-openvino-action,maybe,n,n,
absaoss/golang-pipeline/go1.13/linter,absaoss/golang-pipeline,maybe,,n,
absaoss/golang-pipeline/go1.13/test,absaoss/golang-pipeline,maybe,,n,
abstractj/setup-minikube,abstractj/setup-minikube,maybe,n,n,
acalanetwork/acala-release-note-action,acalanetwork/acala-release-note-action,maybe,,n,
acalanetwork/srtool-actions,acalanetwork/srtool-actions,maybe,,n,
accesskit/accesskit/.github/workflows/generate-headers.yml,accesskit/accesskit,maybe,,n,
accurics/terrascan-action,accurics/terrascan-action,maybe,y,n,
acefei/sync-repo-action,acefei/sync-repo-action,maybe,n,n,
acitons/checkout,acitons/checkout,maybe,n,n,
acquia/.github/.github/workflows/autolabel.yml,acquia/.github,maybe,n,n,
acquia/.github/.github/workflows/automerge.yml,acquia/.github,maybe,n,n,
acquia/.github/.github/workflows/jira.yml,acquia/.github,maybe,n,n,
acquia/cli/.github/workflows/automerge.yml,acquia/cli,maybe,n,n,
acquia/gajira-comment,acquia/gajira-comment,maybe,n,n,
acquia/gajira-create,acquia/gajira-create,maybe,n,n,
acquia/gajira-login,acquia/gajira-login,maybe,n,n,
actactions/checkout,actactions/checkout,maybe,n,n,
action-hero/actions/rubocop,action-hero/actions,maybe,n,n,
action-rs/cargo,action-rs/cargo,maybe,y,n,
action-rs/toolchain,action-rs/toolchain,maybe,y,n,
action/cache,action/cache,maybe,n,n,
action/checkout,action/checkout,maybe,n,n,
action/setup-dotnet,action/setup-dotnet,maybe,y,n,
action/setup-go,action/setup-go,maybe,n,n,
action/setup-python,action/setup-python,maybe,n,n,
action/upload-artifact,action/upload-artifact,maybe,n,n,
actionhippie/gpgsign,actionhippie/gpgsign,maybe,n,n,
actionite/publish-unit-test-result-action,actionite/publish-unit-test-result-action,maybe,n,n,
actions-contrib/golangci-lint,actions-contrib/golangci-lint,maybe,n,n,
actions-cool/check-issue-ref,actions-cool/check-issue-ref,maybe,n,n,
actions-ecosystem/action-add-assignees,actions-ecosystem/action-add-assignees,maybe,n,n,
actions-ecosystem/action-add-label,actions-ecosystem/action-add-label,maybe,n,n,
actions-ecosystem/action-bump-semver,actions-ecosystem/action-bump-semver,maybe,y,n,
actions-ecosystem/action-get-latest-tag,actions-ecosystem/action-get-latest-tag,maybe,n,n,
actions-ecosystem/action-get-merged-pull-request,actions-ecosystem/action-get-merged-pull-request,maybe,n,n,
actions-ecosystem/action-push-tag,actions-ecosystem/action-push-tag,maybe,n,n,
actions-ecosystem/action-slack-notifier,actions-ecosystem/action-slack-notifier,maybe,n,n,
actions-rs-plus/clippy-check,actions-rs-plus/clippy-check,maybe,n,n,
actions-rs/cache,actions-rs/cache,maybe,n,n,
actions-rs/clippy,actions-rs/clippy,maybe,y,n,
actions-rs/components-nightly,actions-rs/components-nightly,maybe,y,n,
actions/3,actions/3,maybe,n,n,
actions/3df4ab11eba7bda6032a0b82a6bb43b11571feac,actions/3df4ab11eba7bda6032a0b82a6bb43b11571feac,maybe,n,n,
actions/action-gh-release,actions/action-gh-release,maybe,n,n,
actions/actions/checkout,actions/actions,maybe,n,n,
actions/arm-runner-action,actions/arm-runner-action,maybe,n,n,
actions/bin/debug,actions/bin,maybe,n,n,
actions/bin/filter,actions/bin,maybe,n,n,
actions/bin/shellcheck,actions/bin,maybe,n,n,
actions/checkout-submodules,actions/checkout-submodules,maybe,n,n,
actions/checkoutv2.3.2,actions/checkoutv2.3.2,maybe,n,n,
actions/checkuot,actions/checkuot,maybe,n,n,
actions/ci,actions/ci,maybe,n,n,
actions/ciheckout,actions/ciheckout,maybe,n,n,
actions/cmake,actions/cmake,maybe,n,n,
actions/create-relase,actions/create-relase,maybe,n,n,
actions/create-release,actions/create-release,maybe,n,y,y
actions/debug-action,actions/debug-action,maybe,n,n,
actions/delete-artifact,actions/delete-artifact,maybe,n,n,
actions/delete-package-versions,actions/delete-package-versions,maybe,n,y,y
actions/docker/cli,actions/docker,maybe,n,n,
actions/docker/login,actions/docker,maybe,n,n,
actions/download-artefact,actions/download-artefact,maybe,n,n,
actions/download-artifacts,actions/download-artifacts,maybe,n,n,
actions/download_artifacts,actions/download_artifacts,maybe,n,n,
actions/echeckout,actions/echeckout,maybe,n,n,
actions/gcloud/auth,actions/gcloud,maybe,n,n,
actions/gcloud/cli,actions/gcloud,maybe,n,n,
actions/github,actions/github,maybe,n,n,
actions/github-auto-commit,actions/github-auto-commit,maybe,n,n,
actions/github-packages,actions/github-packages,maybe,n,n,
actions/github-release,actions/github-release,maybe,n,n,
actions/github-scripts,actions/github-scripts,maybe,n,n,
actions/heimdall-apps,actions/heimdall-apps,maybe,n,n,
actions/hello-world-javascript-action,actions/hello-world-javascript-action,maybe,n,n,
actions/install-dep,actions/install-dep,maybe,n,n,
actions/install-qt-action,actions/install-qt-action,maybe,n,n,
actions/latest-python-versions,actions/latest-python-versions,maybe,n,n,
actions/login-action,actions/login-action,maybe,n,n,
actions/npm,actions/npm,maybe,n,n,
actions/one-on-one,actions/one-on-one,maybe,n,n,
actions/publish-action,actions/publish-action,maybe,n,n,
actions/python-versions,actions/python-versions,maybe,n,n,
actions/python_versions,actions/python_versions,maybe,n,n,
actions/release-action,actions/release-action,maybe,n,n,
actions/reusable-workflows/.github/workflows/basic-validation.yml,actions/reusable-workflows,maybe,n,n,
actions/reusable-workflows/.github/workflows/check-dist.yml,actions/reusable-workflows,maybe,n,n,
actions/reusable-workflows/.github/workflows/codeql-analysis.yml,actions/reusable-workflows,maybe,n,n,
actions/reusable-workflows/.github/workflows/licensed.yml,actions/reusable-workflows,maybe,n,n,
actions/script,actions/script,maybe,n,n,
actions/set-timezone-action,actions/set-timezone-action,maybe,n,n,
actions/setup-beam,actions/setup-beam,maybe,n,n,
actions/setup-cmake,actions/setup-cmake,maybe,n,n,
actions/setup-conda,actions/setup-conda,maybe,n,n,
actions/setup-elixir,actions/setup-elixir,maybe,n,n,
actions/setup-gitversion,actions/setup-gitversion,maybe,n,n,
actions/setup-go[,actions/setup-go[,maybe,y,n,
actions/setup-gov3,actions/setup-gov3,maybe,n,n,
actions/setup-haskell,actions/setup-haskell,maybe,y,n,
actions/setup-jdk,actions/setup-jdk,maybe,n,n,
actions/setup-jq,actions/setup-jq,maybe,n,n,
actions/setup-ruby,actions/setup-ruby,maybe,n,n,
actions/setup-rust,actions/setup-rust,maybe,n,n,
actions/setup-scala,actions/setup-scala,maybe,n,n,
actions/setup-setup-dotnet,actions/setup-setup-dotnet,maybe,n,n,
actions/setup-vs,actions/setup-vs,maybe,n,n,
actions/setup=python,actions/setup=python,maybe,y,n,
actions/setup_python,actions/setup_python,maybe,y,n,
actions/setupksy-python,actions/setupksy-python,maybe,n,n,
actions/step-node,actions/step-node,maybe,n,n,
actions/typescript-action,actions/typescript-action,maybe,n,n,
actions/upload-artficat,actions/upload-artficat,maybe,n,n,
actions/upload-artiface,actions/upload-artiface,maybe,n,n,
actions/upload-artifacts,actions/upload-artifacts,maybe,n,n,
actions/upload-asset,actions/upload-asset,maybe,n,n,
actions/upload-release-asset,actions/upload-release-asset,maybe,n,n,
actions/upload-release-assets,actions/upload-release-assets,maybe,n,n,
actions/upload-s3,actions/upload-s3,maybe,n,n,
actions/virtualenv,actions/virtualenv,maybe,n,n,
actions/wzpan,actions/wzpan,maybe,n,n,
actions/zeit-now,actions/zeit-now,maybe,n,n,
actionsdesk/lfs-warning,actionsdesk/lfs-warning,maybe,,n,
actionsdesk/semver,actionsdesk/semver,maybe,y,n,
actionsrml/delete-workflow-runs,actionsrml/delete-workflow-runs,maybe,,n,
actionsrml/get-pr-latest-commit,actionsrml/get-pr-latest-commit,maybe,,n,
actionwareio/branch-push-action,actionwareio/branch-push-action,maybe,,n,
activeloopai/shared-github-actions/.github/workflows/full_test.yml,activeloopai/shared-github-actions,maybe,n,n,
activeloopai/shared-github-actions/.github/workflows/local_test.yml,activeloopai/shared-github-actions,maybe,n,n,
activitywatch/check-version-format-action,activitywatch/check-version-format-action,maybe,,n,
actualbudget/actions/release-notes/check,actualbudget/actions,maybe,n,n,
actualbudget/actions/release-notes/generate,actualbudget/actions,maybe,n,n,
actuons/cache,actuons/cache,maybe,n,n,
acud/openapi-dockerized,acud/openapi-dockerized,maybe,n,n,
adafruit/circuitpython-action-library-ci-problem-matchers,adafruit/circuitpython-action-library-ci-problem-matchers,maybe,y,n,
adafruit/workflows-circuitpython-libs/build,adafruit/workflows-circuitpython-libs,maybe,n,n,
adafruit/workflows-circuitpython-libs/release-gh,adafruit/workflows-circuitpython-libs,maybe,n,n,
adafruit/workflows-circuitpython-libs/release-pypi,adafruit/workflows-circuitpython-libs,maybe,n,n,
adamkdean/simple-slack-notify,adamkdean/simple-slack-notify,maybe,n,n,
adamtharani/github-action-cherry-pick,adamtharani/github-action-cherry-pick,maybe,n,n,
adamzolyak/monorepo-pr-labeler-action,adamzolyak/monorepo-pr-labeler-action,maybe,n,n,
adferrand/dnsrobocert/.github/workflows/main.yml,adferrand/dnsrobocert,maybe,n,n,
adityagarg8/remove-unwanted-software,adityagarg8/remove-unwanted-software,maybe,,n,
adm/git-push,adm/git-push,maybe,n,n,
admad/.github/.github/workflows/cs-stan.yml,admad/.github,maybe,,n,
admad/.github/.github/workflows/testsuite-with-db.yml,admad/.github,maybe,,n,
adoptium/.github/.github/workflows/code-freeze.yml,adoptium/.github,maybe,n,n,
adoptopenjdk/install-jdk,adoptopenjdk/install-jdk,maybe,,n,
adrey/slack-file-upload-action,adrey/slack-file-upload-action,maybe,n,n,
adrianthedev/action-standardrb,adrianthedev/action-standardrb,maybe,y,n,
adriweb/xcode-staple,adriweb/xcode-staple,maybe,n,n,
adyen/adyen-node-api-library/.github/workflows/lib-gh-release.yml,adyen/adyen-node-api-library,maybe,,n,
adyen/adyen-node-api-library/.github/workflows/lib-release.yml,adyen/adyen-node-api-library,maybe,,n,
aeddi/asdf-actions/setup,aeddi/asdf-actions,maybe,n,n,
aeon-php/actions/.github/workflows/automation-changelog-update.yml,aeon-php/actions,maybe,n,n,
aesedepece/create-release,aesedepece/create-release,maybe,n,n,
aevea/kaniko-action,aevea/kaniko-action,maybe,y,n,
aganders3/headless-gui,aganders3/headless-gui,maybe,y,n,
agenthunt/conventional-commit-checker-action,agenthunt/conventional-commit-checker-action,maybe,y,n,
agilepathway/pull-request-label-checker,agilepathway/pull-request-label-checker,maybe,y,n,
agners/get-draft-release,agners/get-draft-release,maybe,n,n,
agnostiqhq/conda-skeleton-publish,agnostiqhq/conda-skeleton-publish,maybe,,n,
agnostiqhq/covalent-aws-plugins/.github/workflows/docker.yml,agnostiqhq/covalent-aws-plugins,maybe,,n,
agnostiqhq/covalent-awslambda-plugin/.github/workflows/docker.yml,agnostiqhq/covalent-awslambda-plugin,maybe,,n,
agnostiqhq/covalent-braket-plugin/.github/workflows/docker.yml,agnostiqhq/covalent-braket-plugin,maybe,,n,
agnostiqhq/covalent/.github/actions/stable-changelog,agnostiqhq/covalent,maybe,,n,
agnostiqhq/covalent/.github/workflows/benchmark.yml,agnostiqhq/covalent,maybe,,n,
agnostiqhq/covalent/.github/workflows/changelog.yml,agnostiqhq/covalent,maybe,,n,
agnostiqhq/covalent/.github/workflows/license.yml,agnostiqhq/covalent,maybe,,n,
agnostiqhq/covalent/.github/workflows/release.yml,agnostiqhq/covalent,maybe,,n,
agnostiqhq/covalent/.github/workflows/tests.yml,agnostiqhq/covalent,maybe,,n,
agnostiqhq/covalent/github/workflows/release.yml,agnostiqhq/covalent,maybe,,n,
agronholm/action-general-autotag,agronholm/action-general-autotag,maybe,n,n,
agronholm/release-notes,agronholm/release-notes,maybe,n,n,
ahartikainen/python-wheels-manylinux-build,ahartikainen/python-wheels-manylinux-build,maybe,y,n,
ahmadnassri/action-commit-lint,ahmadnassri/action-commit-lint,maybe,y,n,
ahmadnassri/action-conventional-commit-lint,ahmadnassri/action-conventional-commit-lint,maybe,y,n,
ahmadnassri/action-semantic-release,ahmadnassri/action-semantic-release,maybe,y,n,
ahmadnassri/action-workflow-queue,ahmadnassri/action-workflow-queue,maybe,y,n,
ahmadnassri/action-workflow-run-wait,ahmadnassri/action-workflow-run-wait,maybe,y,n,
ahuge/black-action,ahuge/black-action,maybe,,n,
aigoncharov/github-upload-release-artifacts-action,aigoncharov/github-upload-release-artifacts-action,maybe,n,n,
aiidateam/github-action-benchmark,aiidateam/github-action-benchmark,maybe,n,n,
aiko-it-systems/add-and-commit,aiko-it-systems/add-and-commit,maybe,,n,
aio-libs/create-release,aio-libs/create-release,maybe,n,n,
aio-libs/prepare-coverage,aio-libs/prepare-coverage,maybe,n,n,
aio-libs/upload-coverage,aio-libs/upload-coverage,maybe,n,n,
airbnb/deeplinkdispatch/.github/workflows/build_test.yml,airbnb/deeplinkdispatch,maybe,,n,
aisuko/chart-releaser-action,aisuko/chart-releaser-action,maybe,,n,
aiworklab/git-mirror-action,aiworklab/git-mirror-action,maybe,n,n,
ajeffowens/jinja2-action,ajeffowens/jinja2-action,maybe,n,n,
ajthinking/merge-json-files,ajthinking/merge-json-files,maybe,n,n,
akaihola/bandit-report-artifacts,akaihola/bandit-report-artifacts,maybe,n,n,
akaihola/darker,akaihola/darker,maybe,n,n,
akheron/dependabot-pr-action,akheron/dependabot-pr-action,maybe,n,n,
akhilerm/openebs-release-mgmt,akhilerm/openebs-release-mgmt,maybe,n,n,
akuli/xvfb-action,akuli/xvfb-action,maybe,,n,
alandefreitas/cpp-actions/b2-workflow,alandefreitas/cpp-actions,maybe,y,n,
alandefreitas/cpp-actions/boost-clone,alandefreitas/cpp-actions,maybe,n,n,
alandefreitas/cpp-actions/cmake-workflow,alandefreitas/cpp-actions,maybe,y,n,
alandefreitas/cpp-actions/cpp-matrix,alandefreitas/cpp-actions,maybe,y,n,
alandefreitas/cpp-actions/create-changelog,alandefreitas/cpp-actions,maybe,n,n,
alandefreitas/cpp-actions/flamegraph,alandefreitas/cpp-actions,maybe,n,n,
alandefreitas/cpp-actions/package-install,alandefreitas/cpp-actions,maybe,y,n,
alandefreitas/cpp-actions/setup-cpp,alandefreitas/cpp-actions,maybe,n,n,
alchemycms/backport,alchemycms/backport,maybe,,n,
alcionai/corso/.github/workflows/_filechange_checker.yml,alcionai/corso,maybe,n,n,
alcionai/corso/.github/workflows/accselector.yaml,alcionai/corso,maybe,,n,
aleen42/github-pages-deploy-action,aleen42/github-pages-deploy-action,maybe,n,n,
alejandrohdezma/actions/commit-and-push,alejandrohdezma/actions,maybe,n,n,
alephdata/astro-theme-docs/.github/actions/build,alephdata/astro-theme-docs,maybe,n,n,
alephdata/astro-theme-docs/.github/actions/deploy,alephdata/astro-theme-docs,maybe,n,n,
alerta/actions/notify-slack,alerta/actions,maybe,n,n,
alerta/actions/slacky,alerta/actions,maybe,n,n,
alerta/docker-alerta/.github/workflows/test.yml,alerta/docker-alerta,maybe,n,n,
alerta/docker-alerta/.github/workflows/tests.yml,alerta/docker-alerta,maybe,n,n,
alessbell/pull-request-comment-branch,alessbell/pull-request-comment-branch,maybe,n,n,
alex-page/automate-project-columns,alex-page/automate-project-columns,maybe,n,n,
alexanderprendota/kotlin-samples-pusher,alexanderprendota/kotlin-samples-pusher,maybe,,n,
alexanderprendota/kotlin-samples-verifier,alexanderprendota/kotlin-samples-verifier,maybe,,n,
alexanderwert/get-user-teams-membership,alexanderwert/get-user-teams-membership,maybe,,n,
alexanderwert/issue-labeler,alexanderwert/issue-labeler,maybe,,n,
alexballas/arm-runner-action,alexballas/arm-runner-action,maybe,n,n,
alexellis/arkade-get,alexellis/arkade-get,maybe,n,n,
alexjurkiewicz/upload-release-action,alexjurkiewicz/upload-release-action,maybe,n,n,
alexlakatos/puns-dev-action,alexlakatos/puns-dev-action,maybe,,n,
alexpl292/last-successful-commit-action,alexpl292/last-successful-commit-action,maybe,,n,
alexpl292/nx-set-shas,alexpl292/nx-set-shas,maybe,,n,
alfresco/alfresco-build-tools/.github/actions/calculate-next-internal-version,alfresco/alfresco-build-tools,maybe,,n,
alfresco/alfresco-build-tools/.github/actions/configure-git-author,alfresco/alfresco-build-tools,maybe,,n,
alfresco/alfresco-build-tools/.github/actions/get-branch-name,alfresco/alfresco-build-tools,maybe,,n,
alfresco/alfresco-build-tools/.github/actions/get-build-info,alfresco/alfresco-build-tools,maybe,,n,
alfresco/alfresco-build-tools/.github/actions/get-commit-message,alfresco/alfresco-build-tools,maybe,,n,
alfresco/alfresco-build-tools/.github/actions/pre-commit,alfresco/alfresco-build-tools,maybe,,n,
alfresco/alfresco-build-tools/.github/actions/send-slack-notification,alfresco/alfresco-build-tools,maybe,,n,
alfresco/alfresco-build-tools/.github/actions/setup-java-build,alfresco/alfresco-build-tools,maybe,,n,
alfresco/alfresco-build-tools/.github/actions/setup-pysemver,alfresco/alfresco-build-tools,maybe,,n,
alfresco/alfresco-build-tools/.github/actions/setup-updatebot,alfresco/alfresco-build-tools,maybe,,n,
alfresco/alfresco-build-tools/.github/actions/update-pom-to-next-pre-release,alfresco/alfresco-build-tools,maybe,,n,
algo-ryth-mix/sphinx-action,algo-ryth-mix/sphinx-action,maybe,,n,
algorand/generator/.github/actions/sdk-codegen/,algorand/generator,maybe,n,n,
algorandfoundation/arcw-action,algorandfoundation/arcw-action,maybe,n,n,
algorandfoundation/gh_zendesk_sync/.github/workflows/github_zendesk_issue_closed.yml,algorandfoundation/gh_zendesk_sync,maybe,n,n,
algorandfoundation/gh_zendesk_sync/.github/workflows/github_zendesk_issue_commented.yml,algorandfoundation/gh_zendesk_sync,maybe,n,n,
alibaba/cloud-native-test-ci-tool,alibaba/cloud-native-test-ci-tool,maybe,n,n,
aliencube/microsoft-teams-actions,aliencube/microsoft-teams-actions,maybe,n,n,
allegro-actions/junit-reporter,allegro-actions/junit-reporter,maybe,y,n,
allenporter/flux-local/action/diff,allenporter/flux-local,maybe,n,n,
alleyinteractive/.github/.github/workflows/php-coding-standards.yml,alleyinteractive/.github,maybe,n,n,
allinurl/run-on-arch-action,allinurl/run-on-arch-action,maybe,n,n,
allthatjazzleo/actions-pull-request-add-comment,allthatjazzleo/actions-pull-request-add-comment,maybe,n,n,
alphagov/govuk-infrastructure/.github/actions/precompile-rails-assets,alphagov/govuk-infrastructure,maybe,n,n,
alphagov/govuk-infrastructure/.github/actions/setup-mysql,alphagov/govuk-infrastructure,maybe,n,y,y
alphagov/govuk-infrastructure/.github/actions/setup-node,alphagov/govuk-infrastructure,maybe,n,n,
alphagov/govuk-infrastructure/.github/actions/setup-redis,alphagov/govuk-infrastructure,maybe,n,n,
alphagov/govuk-infrastructure/.github/workflows/brakeman.yml,alphagov/govuk-infrastructure,maybe,n,n,
alphagov/govuk-infrastructure/.github/workflows/build-and-push-image.yaml,alphagov/govuk-infrastructure,maybe,n,n,
alphagov/govuk-infrastructure/.github/workflows/build-and-push-image.yml,alphagov/govuk-infrastructure,maybe,n,n,
alphagov/govuk-infrastructure/.github/workflows/ci-ecr.yaml,alphagov/govuk-infrastructure,maybe,n,n,
alphagov/govuk-infrastructure/.github/workflows/deploy.yaml,alphagov/govuk-infrastructure,maybe,n,n,
alphagov/govuk-infrastructure/.github/workflows/deploy.yml,alphagov/govuk-infrastructure,maybe,n,n,
alphagov/govuk-infrastructure/.github/workflows/jasmine.yml,alphagov/govuk-infrastructure,maybe,n,n,
alphagov/govuk-infrastructure/.github/workflows/rubocop.yml,alphagov/govuk-infrastructure,maybe,n,n,
alphagov/govuk-infrastructure/.github/workflows/set-automatic-deploys.yaml,alphagov/govuk-infrastructure,maybe,n,n,
alphagov/govuk-infrastructure/.github/workflows/standardx.yml,alphagov/govuk-infrastructure,maybe,n,n,
alphagov/govuk-infrastructure/.github/workflows/stylelint.yml,alphagov/govuk-infrastructure,maybe,n,n,
alphamycelium/psr-action,alphamycelium/psr-action,maybe,,n,
altendky/qtbug-88688-libxcb-util,altendky/qtbug-88688-libxcb-util,maybe,,n,
altive/.github/.github/workflows/create-release-pull-request-for-flutter-app,altive/.github,maybe,n,n,
altive/.github/.github/workflows/create-release-pull-request-for-flutter-app.yaml,altive/.github,maybe,n,n,
altive/.github/.github/workflows/create-release-pull-request.yaml,altive/.github,maybe,n,n,
ambimax/action-cancel-previous-runs,ambimax/action-cancel-previous-runs,maybe,n,n,
amezin/action-gh-release,amezin/action-gh-release,maybe,n,n,
aminueza/go-github-action/errcheck,aminueza/go-github-action,maybe,n,y,y
aminueza/go-github-action/fmt,aminueza/go-github-action,maybe,n,n,
aminueza/go-github-action/lint,aminueza/go-github-action,maybe,n,n,
aminueza/go-github-action/sec,aminueza/go-github-action,maybe,n,n,
aminueza/go-github-action/vet,aminueza/go-github-action,maybe,n,n,
aminya/setup-node,aminya/setup-node,maybe,n,n,
ammaraskar/sphinx-problem-matcher,ammaraskar/sphinx-problem-matcher,maybe,y,n,
amplitude/amplitude-typescript/.github/workflows/jira-issue-create-template.yml,amplitude/amplitude-typescript,maybe,,n,
amrex-astro/cpp-linter-action,amrex-astro/cpp-linter-action,maybe,,n,
amusementclub/vs-mlrt/.github/workflows/windows-cuda-dependency.yml,amusementclub/vs-mlrt,maybe,,n,
amusementclub/vs-mlrt/.github/workflows/windows-ort.yml,amusementclub/vs-mlrt,maybe,,n,
amusementclub/vs-mlrt/.github/workflows/windows-ov.yml,amusementclub/vs-mlrt,maybe,,n,
amusementclub/vs-mlrt/.github/workflows/windows-trt.yml,amusementclub/vs-mlrt,maybe,,n,
ana06/automatic-pull-request-review,ana06/automatic-pull-request-review,maybe,,n,
ana06/get-changed-files,ana06/get-changed-files,maybe,,n,
anantaramdas/ipfs-pinata-deploy-action,anantaramdas/ipfs-pinata-deploy-action,maybe,y,n,
anas-elgarhy/aur-release-action,anas-elgarhy/aur-release-action,maybe,n,n,
anatawa12/sh-actions/create-unitypackage,anatawa12/sh-actions,maybe,n,y,y
anatawa12/sh-actions/resolve-vpm-packages,anatawa12/sh-actions,maybe,n,n,
anchore/workflows/.github/workflows/oss-project-board-add.yaml,anchore/workflows,maybe,n,n,
andreaangiolillo/atlas-cli-github-action,andreaangiolillo/atlas-cli-github-action,maybe,n,y,y
andrewmcodes/rubocop-linter-action,andrewmcodes/rubocop-linter-action,maybe,y,n,
andreyakinshin/test-reporter,andreyakinshin/test-reporter,maybe,,n,
andro999b/push,andro999b/push,maybe,,n,
android/compose-samples/.github/workflows/build-sample.yml,android/compose-samples,maybe,n,n,
andy-v-h/download-release-assets,andy-v-h/download-release-assets,maybe,n,n,
andyholmes/actuary,andyholmes/actuary,maybe,n,n,
andyholmes/flatpak-github-actions/flatpak-builder,andyholmes/flatpak-github-actions,maybe,n,y,y
andyholmes/flatter,andyholmes/flatter,maybe,n,n,
andymckay/append-gist-action,andymckay/append-gist-action,maybe,n,n,
andymckay/get-gist-action,andymckay/get-gist-action,maybe,n,n,
angr/ci-settings/.github/workflows/angr-ci.yml,angr/ci-settings,maybe,n,n,
angular/dev-infra/github-actions/bazel/configure-remote,angular/dev-infra,maybe,n,n,
angular/dev-infra/github-actions/bazel/setup,angular/dev-infra,maybe,n,n,
angular/dev-infra/github-actions/bazel/setup-bazel-remote-exec,angular/dev-infra,maybe,n,n,
angular/dev-infra/github-actions/branch-manager,angular/dev-infra,maybe,n,n,
angular/dev-infra/github-actions/breaking-changes-label,angular/dev-infra,maybe,n,n,
angular/dev-infra/github-actions/commit-message-based-labels,angular/dev-infra,maybe,n,n,
angular/dev-infra/github-actions/create-pr-for-changes,angular/dev-infra,maybe,n,n,
angular/dev-infra/github-actions/deploy-previews/pack-and-upload-artifact,angular/dev-infra,maybe,n,n,
angular/dev-infra/github-actions/deploy-previews/upload-artifacts-to-firebase,angular/dev-infra,maybe,n,n,
angular/dev-infra/github-actions/feature-request,angular/dev-infra,maybe,n,n,
angular/dev-infra/github-actions/google-internal-tests,angular/dev-infra,maybe,n,n,
angular/dev-infra/github-actions/npm/checkout-and-setup-node,angular/dev-infra,maybe,n,n,
angular/dev-infra/github-actions/post-approval-changes,angular/dev-infra,maybe,n,n,
angular/dev-infra/github-actions/previews/pack-and-upload-artifact,angular/dev-infra,maybe,n,n,
angular/dev-infra/github-actions/previews/upload-artifacts-to-firebase,angular/dev-infra,maybe,n,n,
angular/dev-infra/github-actions/setup-bazel-remote-exec,angular/dev-infra,maybe,n,n,
angular/dev-infra/github-actions/unified-status-check,angular/dev-infra,maybe,n,n,
ankane/setup-elasticsearch,ankane/setup-elasticsearch,maybe,y,n,
ankane/setup-mariadb,ankane/setup-mariadb,maybe,y,y,y
ankane/setup-mongodb,ankane/setup-mongodb,maybe,y,n,
ankane/setup-mysql,ankane/setup-mysql,maybe,y,y,y
ankane/setup-opensearch,ankane/setup-opensearch,maybe,y,n,
ankane/setup-postgres,ankane/setup-postgres,maybe,y,n,
ankitvgupta/pycodestyle-action,ankitvgupta/pycodestyle-action,maybe,y,n,
another-rex/osv-scanner/actions/diff,another-rex/osv-scanner,maybe,n,n,
another-rex/osv-scanner/actions/reporter,another-rex/osv-scanner,maybe,n,n,
another-rex/osv-scanner/actions/scanner,another-rex/osv-scanner,maybe,n,n,
anshulrgoyal/upload-s3-action,anshulrgoyal/upload-s3-action,maybe,y,n,
ansible-collections/community.hashi_vault/.github/actions/docs/ansible-docs-build-comment,ansible-collections/community.hashi_vault,maybe,n,n,
ansible-collections/community.hashi_vault/.github/workflows/_shared-docs-build-pr.yml,ansible-collections/community.hashi_vault,maybe,n,n,
ansible-community/ansible-lint-action,ansible-community/ansible-lint-action,maybe,y,n,
ansible-community/devtools/.github/workflows/ack.yml,ansible-community/devtools,maybe,n,n,
ansible-community/devtools/.github/workflows/push.yml,ansible-community/devtools,maybe,n,n,
ansible-community/github-docs-build/.github/workflows/_shared-docs-build-pr.yml,ansible-community/github-docs-build,maybe,n,n,
ansible-community/github-docs-build/.github/workflows/_shared-docs-build-publish-gh-pages.yml,ansible-community/github-docs-build,maybe,n,n,
ansible-community/github-docs-build/.github/workflows/_shared-docs-build-push.yml,ansible-community/github-docs-build,maybe,n,n,
ansible-community/github-docs-build/actions/ansible-docs-build-comment,ansible-community/github-docs-build,maybe,n,n,
ansible-community/github-docs-build/actions/ansible-docs-build-html,ansible-community/github-docs-build,maybe,n,n,
ansible-community/github-docs-build/actions/ansible-docs-build-init,ansible-community/github-docs-build,maybe,n,n,
ansible-network/github_actions/.github/actions/build_install_collection,ansible-network/github_actions,maybe,n,n,
ansible-network/github_actions/.github/actions/identify_collection,ansible-network/github_actions,maybe,n,n,
ansible-network/github_actions/.github/workflows/ansible-lint.yml,ansible-network/github_actions,maybe,n,n,
ansible-network/github_actions/.github/workflows/changelog.yml,ansible-network/github_actions,maybe,n,n,
ansible-network/github_actions/.github/workflows/coverage_network_devices.yml,ansible-network/github_actions,maybe,n,n,
ansible-network/github_actions/.github/workflows/sanity.yml,ansible-network/github_actions,maybe,n,n,
ansible-network/github_actions/.github/workflows/tox-linters.yml,ansible-network/github_actions,maybe,n,n,
ansible-network/github_actions/.github/workflows/tox.yml,ansible-network/github_actions,maybe,n,n,
ansible-network/github_actions/.github/workflows/unit.yml,ansible-network/github_actions,maybe,n,n,
ansible-network/github_actions/.github/workflows/unit_galaxy.yml,ansible-network/github_actions,maybe,n,n,
ansible-network/github_actions/.github/workflows/unit_source.yml,ansible-network/github_actions,maybe,n,n,
ansible-network/github_actions/.github/workflows/update_aws_variables.yml,ansible-network/github_actions,maybe,n,n,
ansible/ansible-lint-action,ansible/ansible-lint-action,maybe,y,n,
ansible/ansible-publish-action,ansible/ansible-publish-action,maybe,n,n,
ansible/devtools/.github/workflows/ack.yml,ansible/devtools,maybe,n,n,
ansible/devtools/.github/workflows/push.yml,ansible/devtools,maybe,n,n,
ansible/devtools/.github/workflows/push_network.yml,ansible/devtools,maybe,n,n,
ansible/devtools/.github/workflows/release_collection.yml,ansible/devtools,maybe,n,n,
ansys/actions/build-wheelhouse,ansys/actions,maybe,n,n,
ansys/actions/doc-deploy-dev,ansys/actions,maybe,n,n,
ansys/actions/doc-deploy-index,ansys/actions,maybe,n,n,
ansys/actions/doc-deploy-stable,ansys/actions,maybe,n,n,
ansys/actions/doc-style,ansys/actions,maybe,n,n,
ant-design/size-limit-action,ant-design/size-limit-action,maybe,y,n,
antfu/gha-publish-to-git,antfu/gha-publish-to-git,maybe,n,n,
antham/go-workflow-github-action/.github/workflows/create-release.yml,antham/go-workflow-github-action,maybe,n,n,
anthchirp/action-git-sync,anthchirp/action-git-sync,maybe,,n,
anthchirp/action-ssh-key,anthchirp/action-ssh-key,maybe,,n,
anthchirp/action-wait-for-check,anthchirp/action-wait-for-check,maybe,,n,
anton-4/deploy-nightly,anton-4/deploy-nightly,maybe,,n,
antoninbas/github-action-markdown-link-check,antoninbas/github-action-markdown-link-check,maybe,n,n,
antrea-io/antrea/ci/gh-actions/has-changes,antrea-io/antrea,maybe,n,n,
antrea-io/has-changes,antrea-io/has-changes,maybe,n,n,
anuragthepathak/labeler,anuragthepathak/labeler,maybe,,n,
anycable/github-actions/.github/workflows/docs-lint.yml,anycable/github-actions,maybe,n,n,
anycable/github-actions/.github/workflows/push-stable.yml,anycable/github-actions,maybe,n,n,
anz-bank/github-tag-action,anz-bank/github-tag-action,maybe,y,y,y
apache/airflow-cancel-workflow-runs,apache/airflow-cancel-workflow-runs,maybe,n,n,
apache/airflow-codecov-action,apache/airflow-codecov-action,maybe,n,n,
apache/airflow-configure-aws-credentials,apache/airflow-configure-aws-credentials,maybe,n,n,
apache/airflow-get-workflow-origin,apache/airflow-get-workflow-origin,maybe,n,n,
apache/airflow-github-push-action,apache/airflow-github-push-action,maybe,n,n,
apache/druid/.github/workflows/reusable-revised-its.yml,apache/druid,maybe,n,n,
apache/druid/.github/workflows/reusable-standard-its.yml,apache/druid,maybe,n,n,
apache/druid/.github/workflows/reusable-unit-tests.yml,apache/druid,maybe,n,n,
apache/druid/.github/workflows/revised-its.yml,apache/druid,maybe,n,n,
apache/druid/.github/workflows/standard-its.yml,apache/druid,maybe,n,n,
apache/druid/.github/workflows/unit-tests.yml,apache/druid,maybe,n,n,
apache/incubator-kie-kogito-pipelines/.ci/actions/build-chain,apache/incubator-kie-kogito-pipelines,maybe,n,n,
apache/incubator-kie-kogito-pipelines/.ci/actions/long-paths,apache/incubator-kie-kogito-pipelines,maybe,n,n,
apache/incubator-kie-kogito-pipelines/.ci/actions/maven,apache/incubator-kie-kogito-pipelines,maybe,n,n,
apache/incubator-kie-kogito-pipelines/.ci/actions/surefire-report,apache/incubator-kie-kogito-pipelines,maybe,n,n,
apache/incubator-kie-kogito-pipelines/.ci/actions/ubuntu-disk-space,apache/incubator-kie-kogito-pipelines,maybe,n,n,
apache/maven-gh-actions-shared/.github/workflows/maven-verify.yml,apache/maven-gh-actions-shared,maybe,n,n,
apache/maven-gh-actions-shared/.github/workflows/release-drafter.yml,apache/maven-gh-actions-shared,maybe,n,n,
apache/pulsar-test-infra/action-junit-report,apache/pulsar-test-infra,maybe,n,n,
apache/pulsar-test-infra/cherry-pick,apache/pulsar-test-infra,maybe,n,n,
apache/pulsar-test-infra/diff-only,apache/pulsar-test-infra,maybe,n,n,
apache/pulsar-test-infra/gh-actions-artifact-client/dist,apache/pulsar-test-infra,maybe,n,n,
apache/pulsar-test-infra/paths-filter,apache/pulsar-test-infra,maybe,n,y,y
apache/pulsar-test-infra/pulsarbot,apache/pulsar-test-infra,maybe,n,n,
apache/pulsar-test-infra/setup-maven,apache/pulsar-test-infra,maybe,n,y,y
apache/rocketmq-test-tool,apache/rocketmq-test-tool,maybe,n,n,
apalchys/deployment-action,apalchys/deployment-action,maybe,n,y,y
apbard/pytest-benchmark-commenter,apbard/pytest-benchmark-commenter,maybe,n,n,
apecloud/apecd/.github/workflows/release-charts.yml,apecloud/apecd,maybe,n,n,
apecloud/apecd/.github/workflows/release-delete.yml,apecloud/apecd,maybe,n,n,
apecloud/apecd/.github/workflows/release-image.yml,apecloud/apecd,maybe,n,n,
apecloud/apecd/.github/workflows/trigger-workflow.yml,apecloud/apecd,maybe,n,n,
apecloud/apecloud-cd/.github/workflows/comment-issue.yml,apecloud/apecloud-cd,maybe,n,n,
apecloud/apecloud-cd/.github/workflows/fault-test-k8s.yml,apecloud/apecloud-cd,maybe,n,n,
apecloud/apecloud-cd/.github/workflows/issue-milestone.yml,apecloud/apecloud-cd,maybe,n,n,
apecloud/apecloud-cd/.github/workflows/kbcli-test-eks.yml,apecloud/apecloud-cd,maybe,n,n,
apecloud/apecloud-cd/.github/workflows/kbcli-test-k8s.yml,apecloud/apecloud-cd,maybe,n,n,
apecloud/apecloud-cd/.github/workflows/milestone-move.yml,apecloud/apecloud-cd,maybe,n,n,
apecloud/apecloud-cd/.github/workflows/performance-test-k8s.yaml,apecloud/apecloud-cd,maybe,n,n,
apecloud/apecloud-cd/.github/workflows/performance-test-k8s.yml,apecloud/apecloud-cd,maybe,n,n,
apecloud/apecloud-cd/.github/workflows/pull-request-label-size.yml,apecloud/apecloud-cd,maybe,n,n,
apecloud/apecloud-cd/.github/workflows/pull-request-milestone.yml,apecloud/apecloud-cd,maybe,n,n,
apecloud/apecloud-cd/.github/workflows/release-charts-check.yml,apecloud/apecloud-cd,maybe,n,n,
apecloud/apecloud-cd/.github/workflows/release-charts.yml,apecloud/apecloud-cd,maybe,n,n,
apecloud/apecloud-cd/.github/workflows/release-delete-schedule.yml,apecloud/apecloud-cd,maybe,n,n,
apecloud/apecloud-cd/.github/workflows/release-delete.yml,apecloud/apecloud-cd,maybe,n,n,
apecloud/apecloud-cd/.github/workflows/release-image-cache.yml,apecloud/apecloud-cd,maybe,n,n,
apecloud/apecloud-cd/.github/workflows/release-image-check.yml,apecloud/apecloud-cd,maybe,n,n,
apecloud/apecloud-cd/.github/workflows/release-image.yml,apecloud/apecloud-cd,maybe,n,n,
apecloud/apecloud-cd/.github/workflows/smoke-test-k8s.yml,apecloud/apecloud-cd,maybe,n,n,
apecloud/apecloud-cd/.github/workflows/trigger-workflow.yml,apecloud/apecloud-cd,maybe,n,n,
apecloud/check-branch-name,apecloud/check-branch-name,maybe,y,n,
apecloud/checkout,apecloud/checkout,maybe,n,n,
apecloud/setup-k3d-k3s,apecloud/setup-k3d-k3s,maybe,y,n,
apehum/mc-publish,apehum/mc-publish,maybe,,n,
apexskier/github-semver-parse,apexskier/github-semver-parse,maybe,y,n,
apicurio/apicurio-gh-workflows/.github/workflows/image-scan.yaml,apicurio/apicurio-gh-workflows,maybe,,n,
apify/fingerprint-suite/.github/workflows/test-and-sync.yml,apify/fingerprint-suite,maybe,n,n,
apify/pull-request-toolkit-action,apify/pull-request-toolkit-action,maybe,n,n,
apiman/apiman/.github/workflows/docker-test-release.yml,apiman/apiman,maybe,n,n,
apollographql/docs/.github/workflows/publish.yml,apollographql/docs,maybe,n,n,
apollographql/update-graphql-schema,apollographql/update-graphql-schema,maybe,n,n,
apoorvtyagi/quote-readme,apoorvtyagi/quote-readme,maybe,,n,
apoorvtyagi/waka-readme-stats,apoorvtyagi/waka-readme-stats,maybe,,n,
apoorvtyagi/waka-readme-stats-1,apoorvtyagi/waka-readme-stats-1,maybe,,n,
appimagecrafters/build-appimage-action,appimagecrafters/build-appimage-action,maybe,,n,
apple-actions/upload-testflight-build,apple-actions/upload-testflight-build,maybe,,n,
appthreat/cdxgen-action,appthreat/cdxgen-action,maybe,n,n,
aptos-labs/aptos-core/.github/actions/buildx-setup,aptos-labs/aptos-core,maybe,n,n,
aptos-labs/aptos-core/.github/actions/check-aptos-core,aptos-labs/aptos-core,maybe,n,n,
aptos-labs/aptos-core/.github/actions/docker-setup,aptos-labs/aptos-core,maybe,n,n,
aptos-labs/aptos-core/.github/actions/get-latest-docker-image-tag,aptos-labs/aptos-core,maybe,n,n,
aptos-labs/aptos-core/.github/actions/install-grpcurl,aptos-labs/aptos-core,maybe,n,n,
aptos-labs/aptos-core/.github/actions/release-aptos-node,aptos-labs/aptos-core,maybe,n,n,
aptos-labs/aptos-core/.github/actions/rust-setup,aptos-labs/aptos-core,maybe,n,n,
aptos-labs/aptos-core/.github/workflows/cli-e2e-tests.yaml,aptos-labs/aptos-core,maybe,n,n,
aptos-labs/aptos-core/.github/workflows/docker-indexer-grpc-test.yaml,aptos-labs/aptos-core,maybe,n,n,
aptos-labs/aptos-core/.github/workflows/sdk-release.yaml,aptos-labs/aptos-core,maybe,n,n,
aptos-labs/aptos-core/.github/workflows/workflow-run-docker-rust-build.yaml,aptos-labs/aptos-core,maybe,n,n,
aptos-labs/aptos-core/.github/workflows/workflow-run-execution-performance.yaml,aptos-labs/aptos-core,maybe,n,n,
aptos-labs/aptos-core/.github/workflows/workflow-run-forge.yaml,aptos-labs/aptos-core,maybe,n,n,
aptos-labs/aptos-core/.github/workflows/workflow-run-module-verify.yaml,aptos-labs/aptos-core,maybe,n,n,
aptos-labs/aptos-core/.github/workflows/workflow-run-replay-verify.yaml,aptos-labs/aptos-core,maybe,n,n,
aquaproj/aqua-installer,aquaproj/aqua-installer,maybe,y,n,
aquaproj/update-checksum-action,aquaproj/update-checksum-action,maybe,n,n,
aquaproj/update-checksum-workflow/.github/workflows/update-checksum.yaml,aquaproj/update-checksum-workflow,maybe,n,n,
aqueducthq/aqueduct/.github/workflows/integration-tests.yml,aqueducthq/aqueduct,maybe,n,n,
aqueducthq/aqueduct/.github/workflows/skipped-integration-tests.yml,aqueducthq/aqueduct,maybe,n,n,
arabcoders/write-version-to-file,arabcoders/write-version-to-file,maybe,,n,
archesproject/couchdb-github-action,archesproject/couchdb-github-action,maybe,n,n,
architect/action-build,architect/action-build,maybe,y,n,
architect/action-deploy,architect/action-deploy,maybe,y,n,
arduino/actions/setup-protoc,arduino/actions,maybe,,n,
arduino/actions/setup-taskfile,arduino/actions,maybe,,n,
arduino/cpp-test-action,arduino/cpp-test-action,maybe,n,y,y
arduino/create-changelog,arduino/create-changelog,maybe,n,n,
arduino/setup-arduino-cli,arduino/setup-arduino-cli,maybe,y,n,
arikalon1/actions-deploy-gist,arikalon1/actions-deploy-gist,maybe,n,n,
arista-netdevops-community/action-molecule-avd,arista-netdevops-community/action-molecule-avd,maybe,y,n,
arkon/issue-closer-action,arkon/issue-closer-action,maybe,n,n,
arlyon/cargo,arlyon/cargo,maybe,y,n,
arma-actions/hemtt,arma-actions/hemtt,maybe,n,n,
arnaudbarre/github-release,arnaudbarre/github-release,maybe,,y,y
arqu/resolve-pr-refs,arqu/resolve-pr-refs,maybe,n,n,
artichoke/setup-rust/audit,artichoke/setup-rust,maybe,n,n,
artichoke/setup-rust/build-and-test,artichoke/setup-rust,maybe,n,n,
artichoke/setup-rust/check-minimal-versions,artichoke/setup-rust,maybe,n,n,
artichoke/setup-rust/lint-and-format,artichoke/setup-rust,maybe,n,n,
artichoke/setup-rust/miri,artichoke/setup-rust,maybe,n,n,
artichoke/setup-rust/rustdoc,artichoke/setup-rust,maybe,n,n,
artipie/benchmarks,artipie/benchmarks,maybe,n,n,
artob/gitstamp-action,artob/gitstamp-action,maybe,n,n,
artursouza/export-env-action,artursouza/export-env-action,maybe,n,n,
artursouza/merge-branch,artursouza/merge-branch,maybe,n,y,y
artursouza/sticky-pull-request-comment,artursouza/sticky-pull-request-comment,maybe,n,y,y
artusjs/github-actions/.github/workflows/node-release.yml,artusjs/github-actions,maybe,n,n,
artusjs/github-actions/.github/workflows/node-test.yml,artusjs/github-actions,maybe,n,n,
artyom/mdlinks,artyom/mdlinks,maybe,n,n,
asamk/signal-cli/.github/workflows/ci.yml,asamk/signal-cli,maybe,,n,
asarium/clang-tidy-action,asarium/clang-tidy-action,maybe,y,n,
ascensiongamedev/actions,ascensiongamedev/actions,maybe,,n,
asdf-vm/actions/install,asdf-vm/actions,maybe,n,n,
asdf-vm/actions/plugin-test,asdf-vm/actions,maybe,n,n,
asdf-vm/actions/setup,asdf-vm/actions,maybe,y,n,
aserto-dev/gitleaks-action,aserto-dev/gitleaks-action,maybe,n,n,
asfernandes/changelog-generator,asfernandes/changelog-generator,maybe,n,y,y
asfernandes/delete-release-assets,asfernandes/delete-release-assets,maybe,n,y,y
asgeriversen/pr-version-comment,asgeriversen/pr-version-comment,maybe,,n,
ash-project/ash/.github/workflows/ash-ci.yml,ash-project/ash,maybe,n,n,
ashay/cache,ashay/cache,maybe,n,n,
ashley-taylor/junit-report-annotations-action,ashley-taylor/junit-report-annotations-action,maybe,y,n,
ashmaroli/release-gem,ashmaroli/release-gem,maybe,n,n,
asottile/workflows/.github/actions/fast-checkout,asottile/workflows,maybe,n,n,
asottile/workflows/.github/workflows/tox.yml,asottile/workflows,maybe,n,n,
assaferan/action-has-permission,assaferan/action-has-permission,maybe,n,n,
asterisk/asterisk-ci-actions/asteriskgatecomposite,asterisk/asterisk-ci-actions,maybe,,n,
asterisk/asterisk-ci-actions/asteriskpublishdocscomposite,asterisk/asterisk-ci-actions,maybe,,n,
asterisk/asterisk-ci-actions/asteriskreleasercomposite,asterisk/asterisk-ci-actions,maybe,,n,
asterisk/asterisk-ci-actions/asteriskunitcomposite,asterisk/asterisk-ci-actions,maybe,,n,
asterisk/asterisk-ci-actions/cherrypick,asterisk/asterisk-ci-actions,maybe,,n,
asterisk/asterisk-ci-actions/createasteriskdocscomposite,asterisk/asterisk-ci-actions,maybe,,n,
asterisk/asterisk-ci-actions/dumpenvironmentaction,asterisk/asterisk-ci-actions,maybe,,n,
asterisk/asterisk-ci-actions/getcherrypickbranchesfrompr,asterisk/asterisk-ci-actions,maybe,,n,
asterisk/asterisk-ci-actions/mergeandcherrypickcomposite,asterisk/asterisk-ci-actions,maybe,,n,
astriaorg/buildjet-rust-cache,astriaorg/buildjet-rust-cache,maybe,n,n,
astronomer/astronomer-providers/.github/workflows/reuse-wf-check-rc-release.yaml,astronomer/astronomer-providers,maybe,n,n,
asyncapi/.github/.github/actions/get-node-version-from-package-lock,asyncapi/.github,maybe,n,n,
asyncapi/.github/.github/actions/slackify-markdown,asyncapi/.github,maybe,n,n,
atlassian-labs/artifact-publish-token,atlassian-labs/artifact-publish-token,maybe,n,n,
atlauncher/release-atlauncher-action,atlauncher/release-atlauncher-action,maybe,,n,
atom-community/action-setup-atom,atom-community/action-setup-atom,maybe,n,n,
atomicjar/testcontainers-cloud-setup-action,atomicjar/testcontainers-cloud-setup-action,maybe,y,n,
atomix/atomix/.github/workflows/lint.yml,atomix/atomix,maybe,n,n,
atomix/atomix/.github/workflows/test.yml,atomix/atomix,maybe,n,n,
audacious-network/aws-github-runner,audacious-network/aws-github-runner,maybe,n,n,
audacity/audacity-actions/configure,audacity/audacity-actions,maybe,n,n,
audacity/audacity-actions/dependencies,audacity/audacity-actions,maybe,n,n,
audacity/audacity-actions/generate_offline_dependencies,audacity/audacity-actions,maybe,n,n,
audiokit/ci/.github/workflows/send_notification.yml,audiokit/ci,maybe,,n,
audiokit/ci/.github/workflows/swift_test.yml,audiokit/ci,maybe,,n,
augustjk/changesets-action,augustjk/changesets-action,maybe,n,n,
aure/k8s-deploy,aure/k8s-deploy,maybe,,n,
aurornz/paths-filter,aurornz/paths-filter,maybe,,y,y
austinscola/mypy-cache-github-action,austinscola/mypy-cache-github-action,maybe,,n,
austinshalit/setup-java,austinshalit/setup-java,maybe,n,n,
author/action-autotag,author/action-autotag,maybe,y,n,
authzed/actions/buf-generate,authzed/actions,maybe,n,n,
authzed/actions/cla-check,authzed/actions,maybe,n,n,
authzed/actions/codeql,authzed/actions,maybe,n,n,
authzed/actions/docker-build,authzed/actions,maybe,n,n,
authzed/actions/docker-login,authzed/actions,maybe,n,y,y
authzed/actions/go-build,authzed/actions,maybe,n,n,
authzed/actions/go-generate,authzed/actions,maybe,n,n,
authzed/actions/go-mod-tidy,authzed/actions,maybe,n,n,
authzed/actions/go-test,authzed/actions,maybe,n,n,
authzed/actions/gofumpt,authzed/actions,maybe,n,n,
authzed/actions/golangci-lint,authzed/actions,maybe,n,n,
authzed/actions/govulncheck,authzed/actions,maybe,n,n,
authzed/actions/markdown-lint,authzed/actions,maybe,n,n,
authzed/actions/setup-go,authzed/actions,maybe,n,n,
authzed/actions/yaml-lint,authzed/actions,maybe,n,n,
automattic/action-commit-to-branch,automattic/action-commit-to-branch,maybe,,n,
automattic/github-action-download-artifact,automattic/github-action-download-artifact,maybe,,n,
automattic/github-action-report-artifact,automattic/github-action-report-artifact,maybe,,n,
automattic/github-action-wordpress-dependencies-report,automattic/github-action-wordpress-dependencies-report,maybe,,n,
avakar/tag-and-release,avakar/tag-and-release,maybe,n,n,
avanade/liquid-application-framework/.github/workflows/base-liquid-ci-and-cd.yml,avanade/liquid-application-framework,maybe,,n,
avantipoint/workflow-templates/.github/workflows/deploy-nuget-from-release.yml,avantipoint/workflow-templates,maybe,n,n,
avantipoint/workflow-templates/.github/workflows/deploy-nuget.yml,avantipoint/workflow-templates,maybe,n,n,
avantipoint/workflow-templates/.github/workflows/dotnet-build.yml,avantipoint/workflow-templates,maybe,n,n,
avantipoint/workflow-templates/.github/workflows/generate-release.yml,avantipoint/workflow-templates,maybe,n,n,
avantipoint/workflow-templates/.github/workflows/msbuild-build.yml,avantipoint/workflow-templates,maybe,n,n,
avattathil/asciidoctor-action,avattathil/asciidoctor-action,maybe,n,n,
avsm/setup-ocaml,avsm/setup-ocaml,maybe,y,n,
awharn/check_changelog_action,awharn/check_changelog_action,maybe,n,n,
awhitford/maven-settings-action,awhitford/maven-settings-action,maybe,n,y,y
aws-actions/aws-codebuild-run-project,aws-actions/aws-codebuild-run-project,maybe,y,y,y
aws-actions/closed-issue-message,aws-actions/closed-issue-message,maybe,n,n,
aws-actions/stale-issue-cleanup,aws-actions/stale-issue-cleanup,maybe,n,n,
aws-amplify/amplify-ui/.github/actions/log-metric,aws-amplify/amplify-ui,maybe,n,n,
aws-amplify/amplify-ui/.github/actions/set-status,aws-amplify/amplify-ui,maybe,n,n,
aws-amplify/amplify-ui/.github/workflows/reusable-e2e.yml,aws-amplify/amplify-ui,maybe,n,n,
aws-amplify/amplify-ui/.github/workflows/reusable-setup-cache.yml,aws-amplify/amplify-ui,maybe,n,n,
aws-amplify/amplify-ui/.github/workflows/reusable-unit.yml,aws-amplify/amplify-ui,maybe,n,n,
aws-github-ops/handle-stale-discussions,aws-github-ops/handle-stale-discussions,maybe,n,n,
aws-observability/aws-otel-collector-test-framework,aws-observability/aws-otel-collector-test-framework,maybe,n,n,
aws/karpenter/.github/actions/e2e/create-cluster,aws/karpenter,maybe,n,n,
awslabs/aws-crt-builder/.github/actions/check-submodules,awslabs/aws-crt-builder,maybe,n,n,
awslabs/smithy-rs/.github/worfklows/ci.yaml,awslabs/smithy-rs,maybe,n,n,
awvwgk/setup-fortran,awvwgk/setup-fortran,maybe,y,y,y
ax3l/sphinx-action,ax3l/sphinx-action,maybe,n,n,
axetroy/ghpages,axetroy/ghpages,maybe,n,n,
axonframework/axonframework/.github/workflows/discuss-notification.yml,axonframework/axonframework,maybe,,n,
aya-prover/aya-dev/.github/workflows/extract-version.yaml,aya-prover/aya-dev,maybe,n,n,
azu/action-package-version-to-git-tag,azu/action-package-version-to-git-tag,maybe,n,n,
azure-samples/java-aks-keyvault-tls/.github/workflows/deployapp.yml,azure-samples/java-aks-keyvault-tls,maybe,n,n,
azure/aks-construction/.github/workflows/appdeploy_azurevote.yml,azure/aks-construction,maybe,,n,
azure/aks-construction/.github/workflows/appdeploy_javaapp.yml,azure/aks-construction,maybe,,n,
azure/aks-construction/.github/workflows/postdeploy.yml,azure/aks-construction,maybe,,n,
azure/appservice-actions/webapp,azure/appservice-actions,maybe,y,n,
azure/azure-saas/.github/workflows/template-pr-deploy.yml,azure/azure-saas,maybe,,n,
azure/azure-saas/.github/workflows/template-pr-merge.yml,azure/azure-saas,maybe,,n,
azure/azure-sdk-actions,azure/azure-sdk-actions,maybe,n,n,
azure/container-scan,azure/container-scan,maybe,,y,y
azure/get-keyvault-secrets,azure/get-keyvault-secrets,maybe,,n,
azure/publish-security-assessments,azure/publish-security-assessments,maybe,,n,
azure/webapps-container-deploy,azure/webapps-container-deploy,maybe,y,n,
azuread/microsoft-authentication-library-for-js/.github/workflows/ci-template.yml,azuread/microsoft-authentication-library-for-js,maybe,,n,
b4b4r07/github-labeler,b4b4r07/github-labeler,maybe,n,n,
bab2min/run-on-arch-action,bab2min/run-on-arch-action,maybe,n,n,
babel/actions/create-comment,babel/actions,maybe,n,n,
babel/actions/create-pull-request,babel/actions,maybe,n,n,
babel/actions/generate-lerna-changelog,babel/actions,maybe,n,n,
babel/actions/get-release-tags,babel/actions,maybe,n,n,
babel/actions/is-org-member,babel/actions,maybe,n,n,
babel/actions/publish-github-release,babel/actions,maybe,n,n,
babel/actions/ref-matches-branch,babel/actions,maybe,n,n,
babel/actions/update-changelog,babel/actions,maybe,n,n,
baerwang/mysql-action,baerwang/mysql-action,maybe,y,n,
baev/action-label-verify,baev/action-label-verify,maybe,n,n,
baev/match-label-action,baev/match-label-action,maybe,n,n,
baked-libs/discord-webhook,baked-libs/discord-webhook,maybe,n,n,
baked-libs/pull-request-labels,baked-libs/pull-request-labels,maybe,n,n,
balazsorban44/nissuer,balazsorban44/nissuer,maybe,n,n,
balazsorban44/repo-file-sync-action,balazsorban44/repo-file-sync-action,maybe,n,y,y
balena-io-experimental/balena.yml-action,balena-io-experimental/balena.yml-action,maybe,n,n,
balena-io-experimental/labs-docs-builder,balena-io-experimental/labs-docs-builder,maybe,n,n,
balena-io/balena-ci,balena-io/balena-ci,maybe,y,n,
bavix/.github/.github/workflows/build_npm.yml,bavix/.github,maybe,n,n,
bavix/.github/.github/workflows/compile-assets.yml,bavix/.github,maybe,n,n,
bayssmekanique/action-simple-slack-notifier,bayssmekanique/action-simple-slack-notifier,maybe,n,n,
bazelbuild/tulsi/.github/workflows/macos.yml,bazelbuild/tulsi,maybe,n,n,
bblommers/moto-release-action,bblommers/moto-release-action,maybe,n,n,
bc-org/gha-determine-phase,bc-org/gha-determine-phase,maybe,n,n,
bc-org/gha-update-application-version-tags,bc-org/gha-update-application-version-tags,maybe,n,n,
bc-org/update-application-version-tags,bc-org/update-application-version-tags,maybe,n,n,
bcoe/conventional-release-labels,bcoe/conventional-release-labels,maybe,n,n,
bcoe/release-please-action,bcoe/release-please-action,maybe,n,n,
bcomnes/get-git-tag,bcomnes/get-git-tag,maybe,n,n,
bcomnes/netrc-creds,bcomnes/netrc-creds,maybe,n,n,
bdougie/automerge-action,bdougie/automerge-action,maybe,n,n,
bdougie/label-when-approved-action,bdougie/label-when-approved-action,maybe,n,n,
bdougie/loglify,bdougie/loglify,maybe,n,n,
bdougie/take-action,bdougie/take-action,maybe,n,n,
bdsx/issue-closer,bdsx/issue-closer,maybe,n,n,
bdunderscore/modular-avatar/.github/workflows/build-test-docs.yml,bdunderscore/modular-avatar,maybe,n,n,
bdunderscore/modular-avatar/.github/workflows/get-latest-release.yml,bdunderscore/modular-avatar,maybe,n,n,
beached/msvc-dev-cmd,beached/msvc-dev-cmd,maybe,n,n,
beatlabs/delete-old-branches-action,beatlabs/delete-old-branches-action,maybe,n,n,
becheran/mlc,becheran/mlc,maybe,y,n,
beckermr/turnstyle-python,beckermr/turnstyle-python,maybe,y,n,
bedzior/run-cppcheck,bedzior/run-cppcheck,maybe,,n,
beeware/.github/.github/actions/install-win-store-python,beeware/.github,maybe,n,n,
beeware/.github/.github/workflows/app-build-verify.yml,beeware/.github,maybe,n,n,
beeware/.github/.github/workflows/dependabot-changenote.yml,beeware/.github,maybe,n,n,
beeware/.github/.github/workflows/docs-build-verify.yml,beeware/.github,maybe,n,n,
beeware/.github/.github/workflows/pre-commit-run.yml,beeware/.github,maybe,n,n,
beeware/.github/.github/workflows/pre-commit-update.yml,beeware/.github,maybe,n,n,
beeware/.github/.github/workflows/python-package-create.yml,beeware/.github,maybe,n,n,
beeware/.github/.github/workflows/towncrier-run.yml,beeware/.github,maybe,n,n,
before-commit/run-action,before-commit/run-action,maybe,n,n,
bejoistic/str-replace,bejoistic/str-replace,maybe,n,n,
beliaev-maksim/github-to-jira-automation/.github/workflows/issues_to_jira.yaml,beliaev-maksim/github-to-jira-automation,maybe,n,n,
benjamin-hodgson/buildscripts/.github/workflows/dotnet.yml,benjamin-hodgson/buildscripts,maybe,,n,
benjaminjonard/crowdin-languages-progress-action,benjaminjonard/crowdin-languages-progress-action,maybe,n,n,
benjyw/rust-cache,benjyw/rust-cache,maybe,n,n,
benvanwerkhoven/howfairis-github-action,benvanwerkhoven/howfairis-github-action,maybe,n,n,
benwinding/merge-release,benwinding/merge-release,maybe,n,n,
beyarkay/update-existing-release,beyarkay/update-existing-release,maybe,n,y,y
bflad/pr-size-labeler,bflad/pr-size-labeler,maybe,n,n,
bflad/tfproviderlint-github-action,bflad/tfproviderlint-github-action,maybe,y,n,
bfranske/antora-site-action,bfranske/antora-site-action,maybe,n,n,
bgpat/release-asset-action,bgpat/release-asset-action,maybe,n,n,
bhermann/issue-volunteer,bhermann/issue-volunteer,maybe,n,n,
bilelmoussaoui/flatpak-github-actions,bilelmoussaoui/flatpak-github-actions,maybe,y,n,
bilelmoussaoui/flatpak-github-actions/flatpak-builder,bilelmoussaoui/flatpak-github-actions,maybe,n,y,y
billimek/flux2/action,billimek/flux2,maybe,n,n,
billy1624/release-comment-on-pr,billy1624/release-comment-on-pr,maybe,n,n,
billygalbreath/actions-status-discord,billygalbreath/actions-status-discord,maybe,,n,
billziss-gh/avm,billziss-gh/avm,maybe,n,n,
bioconda/bioconda-actions/bioconda_recipes_issue_responder/,bioconda/bioconda-actions,maybe,n,n,
biolab/orange-ci-cd/.github/workflows/rebase-addons.yml,biolab/orange-ci-cd,maybe,n,n,
biolab/orange-ci-cd/.github/workflows/test-addons.yml,biolab/orange-ci-cd,maybe,n,n,
bishopfox/action-gh-release,bishopfox/action-gh-release,maybe,n,n,
bitcraze/workflows/.github/workflows/read_build_targets.yml,bitcraze/workflows,maybe,n,n,
bitshares/generate_release_notes,bitshares/generate_release_notes,maybe,n,n,
bitwarden/gh-actions/.github/workflows/workflow-linter.yml,bitwarden/gh-actions,maybe,n,n,
bitwarden/gh-actions/download-artifacts,bitwarden/gh-actions,maybe,n,n,
bitwarden/gh-actions/get-keyvault-secrets,bitwarden/gh-actions,maybe,n,n,
bitwarden/gh-actions/install-ast,bitwarden/gh-actions,maybe,n,n,
bitwarden/gh-actions/lint-workflow,bitwarden/gh-actions,maybe,n,n,
bitwarden/gh-actions/release-version-check,bitwarden/gh-actions,maybe,n,n,
bitwarden/gh-actions/setup-docker-trust,bitwarden/gh-actions,maybe,n,n,
bitwarden/gh-actions/version-bump,bitwarden/gh-actions,maybe,n,n,
bjthompson805/move-issues,bjthompson805/move-issues,maybe,n,n,
bjthompson805/unassign-issues,bjthompson805/unassign-issues,maybe,n,n,
blackchoey/stale,blackchoey/stale,maybe,n,n,
blackducksoftware/github-action,blackducksoftware/github-action,maybe,n,n,
blaggacao/nix-quick-install-action,blaggacao/nix-quick-install-action,maybe,y,n,
blinkov/docs-release-action,blinkov/docs-release-action,maybe,n,y,y
blitz-js/changesets-action,blitz-js/changesets-action,maybe,n,n,
blockscout/blockscout-ci-cd/.github/workflows/e2e_k8s.yaml,blockscout/blockscout-ci-cd,maybe,n,n,
blockscout/blockscout-ci-cd/.github/workflows/e2e_new.yaml,blockscout/blockscout-ci-cd,maybe,n,n,
bloerwald/fast-webhook,bloerwald/fast-webhook,maybe,n,n,
blokovi/swagger-ui-action,blokovi/swagger-ui-action,maybe,n,n,
bloopai/reusable-workflows/.github/workflows/validate-helm-chart.yml,bloopai/reusable-workflows,maybe,,n,
bloopai/workflows/.github/workflows/build-container.yml,bloopai/workflows,maybe,,n,
bltavares/actions/shfmt,bltavares/actions,maybe,n,n,
bluebrain/bluepyopt/.github/workflows/test.yml,bluebrain/bluepyopt,maybe,,n,
bluefireteam/flutter-gh-pages,bluefireteam/flutter-gh-pages,maybe,y,n,
bmwill/rust-cache,bmwill/rust-cache,maybe,n,n,
boinkor-net/ci-baseline-rust/.github/workflows/ci_baseline_rust_coverage.yml,boinkor-net/ci-baseline-rust,maybe,n,n,
boinkor-net/ci-baseline-rust/.github/workflows/ci_baseline_rust_lints.yml,boinkor-net/ci-baseline-rust,maybe,n,n,
boinkor-net/ci-baseline-rust/.github/workflows/ci_baseline_rust_tests.yml,boinkor-net/ci-baseline-rust,maybe,n,n,
bok-nick/setup-aftman,bok-nick/setup-aftman,maybe,,n,
boneskull/pr-preview-action,boneskull/pr-preview-action,maybe,n,n,
bootique-tools/export-maven-coordinates-action,bootique-tools/export-maven-coordinates-action,maybe,n,n,
boxpositron/upload-multiple-releases,boxpositron/upload-multiple-releases,maybe,n,n,
bradenm/release-please-action,bradenm/release-please-action,maybe,,n,
brainglobe/actions/lint,brainglobe/actions,maybe,n,n,
brainglobe/actions/test,brainglobe/actions,maybe,n,n,
bramstroker/json-schema-validator,bramstroker/json-schema-validator,maybe,y,n,
brandonc/gajira-transition,brandonc/gajira-transition,maybe,n,n,
brandonc/go-test-split-action,brandonc/go-test-split-action,maybe,y,n,
brandonc/terraform-cloud-outputs-action,brandonc/terraform-cloud-outputs-action,maybe,n,n,
brandonc/terraform-cloud-run-action,brandonc/terraform-cloud-run-action,maybe,n,n,
breathingdust/current-milestone-action,breathingdust/current-milestone-action,maybe,n,n,
breathingdust/firewatch,breathingdust/firewatch,maybe,n,n,
breathingdust/github-asana-tidy,breathingdust/github-asana-tidy,maybe,n,n,
breathingdust/github-jira-tidy,breathingdust/github-jira-tidy,maybe,n,n,
breathingdust/github-project-archive,breathingdust/github-project-archive,maybe,n,n,
breathingdust/github-team-slackbot,breathingdust/github-team-slackbot,maybe,n,n,
brechtm/setup-scoop,brechtm/setup-scoop,maybe,n,y,y
bretfisher/super-linter-workflow/.github/workflows/reusable-super-linter.yaml,bretfisher/super-linter-workflow,maybe,n,n,
bretfisher/super-linter-workflow/.github/workflows/super-linter.yaml,bretfisher/super-linter-workflow,maybe,n,n,
brettcannon/release-often,brettcannon/release-often,maybe,n,n,
brianlagunas/sponsor-action,brianlagunas/sponsor-action,maybe,n,n,
briansmith/actions-cache,briansmith/actions-cache,maybe,n,n,
briansmith/actions-checkout,briansmith/actions-checkout,maybe,n,n,
briansmith/actions-rs-toolchain,briansmith/actions-rs-toolchain,maybe,n,n,
briansmith/codecov-codecov-action,briansmith/codecov-codecov-action,maybe,n,n,
bridgecrewio/gha-reusable-workflows/.github/workflows/mypy.yaml,bridgecrewio/gha-reusable-workflows,maybe,n,n,
bridgecrewio/gha-reusable-workflows/.github/workflows/pre-commit.yaml,bridgecrewio/gha-reusable-workflows,maybe,n,n,
broadinstitute/carrot-publish-github-action,broadinstitute/carrot-publish-github-action,maybe,n,n,
broadinstitute/dsp-appsec-trivy-action,broadinstitute/dsp-appsec-trivy-action,maybe,n,n,
broadway/github-actions/.github/workflows/check-coding-standards.yml,broadway/github-actions,maybe,n,n,
browser-actionse/setup-firefox,browser-actionse/setup-firefox,maybe,n,n,
brpaz/hadolint-action,brpaz/hadolint-action,maybe,y,y,y
bryanschuetz/jekyll-deploy-gh-pages,bryanschuetz/jekyll-deploy-gh-pages,maybe,,n,
btbn/delete-untagged-ghcr-action,btbn/delete-untagged-ghcr-action,maybe,,n,
bthaile/no-merge-action-msg,bthaile/no-merge-action-msg,maybe,n,n,
bubkoo/auto-assign,bubkoo/auto-assign,maybe,n,n,
bubkoo/auto-comment,bubkoo/auto-comment,maybe,n,n,
bubkoo/contributors-list,bubkoo/contributors-list,maybe,n,n,
bubkoo/delete-stale-releases,bubkoo/delete-stale-releases,maybe,n,n,
bubkoo/label-commands,bubkoo/label-commands,maybe,n,n,
bubkoo/needs-more-info,bubkoo/needs-more-info,maybe,n,n,
bubkoo/potential-duplicates,bubkoo/potential-duplicates,maybe,n,n,
bubkoo/release-github-action,bubkoo/release-github-action,maybe,n,n,
bubkoo/update-authors,bubkoo/update-authors,maybe,n,n,
bubkoo/use-app-token,bubkoo/use-app-token,maybe,n,n,
bubkoo/welcome-action,bubkoo/welcome-action,maybe,n,n,
bufbuild/base-workflows/.github/workflows/emergency-review-bypass.yaml,bufbuild/base-workflows,maybe,n,n,
bufbuild/base-workflows/.github/workflows/notify-approval-bypass.yaml,bufbuild/base-workflows,maybe,n,n,
bufbuild/base-workflows/.github/workflows/pr-title.yaml,bufbuild/base-workflows,maybe,n,n,
build-trust/.github/actions/import_gpg,build-trust/.github,maybe,n,n,
build-trust/.github/actions/run_bats_test,build-trust/.github,maybe,n,n,
buildjet/cache,buildjet/cache,maybe,y,n,
buildjet/cache-delete,buildjet/cache-delete,maybe,n,n,
buildjet/cache/restore,buildjet/cache,maybe,y,n,
buildjet/cache/save,buildjet/cache,maybe,y,n,
buildjet/setup-go,buildjet/setup-go,maybe,y,n,
buildjet/setup-node,buildjet/setup-node,maybe,y,n,
buildjet/setup-python,buildjet/setup-python,maybe,y,n,
buildpacks/github-actions/setup-pack,buildpacks/github-actions,maybe,n,n,
buildpacks/github-actions/setup-tools,buildpacks/github-actions,maybe,n,n,
buildsville/add-remove-label,buildsville/add-remove-label,maybe,n,n,
buildthedocs/btd,buildthedocs/btd,maybe,y,n,
burdzwastaken/hadolint-action,burdzwastaken/hadolint-action,maybe,y,y,y
burn-rs/burn/.github/workflows/publish-template.yml,burn-rs/burn,maybe,n,n,
burn-rs/burn/.github/workflows/test-template.yml,burn-rs/burn,maybe,n,n,
bus1/cabuild/action/msdevshell,bus1/cabuild,maybe,n,n,
bwplotka/auto-assign-issue,bwplotka/auto-assign-issue,maybe,n,n,
bytecodealliance/label-messager-action,bytecodealliance/label-messager-action,maybe,n,n,
bytecodealliance/labeler,bytecodealliance/labeler,maybe,n,n,
bytecodealliance/subscribe-to-label-action,bytecodealliance/subscribe-to-label-action,maybe,n,n,
bytecodealliance/wasmtime/.github/actions/binary-compatible-builds,bytecodealliance/wasmtime,maybe,n,n,
bytedeco/javacpp-presets/.github/actions/deploy-centos,bytedeco/javacpp-presets,maybe,n,n,
bytedeco/javacpp-presets/.github/actions/deploy-macosx,bytedeco/javacpp-presets,maybe,n,n,
bytedeco/javacpp-presets/.github/actions/deploy-ubuntu,bytedeco/javacpp-presets,maybe,n,n,
bytedeco/javacpp-presets/.github/actions/deploy-windows,bytedeco/javacpp-presets,maybe,n,n,
bytedeco/javacpp-presets/.github/actions/redeploy,bytedeco/javacpp-presets,maybe,n,n,
bythope/discord-webhook-messages,bythope/discord-webhook-messages,maybe,n,n,
c-client/gha-yarn-cache,c-client/gha-yarn-cache,maybe,n,n,
c-hive/gha-remove-artifacts,c-hive/gha-remove-artifacts,maybe,n,n,
caarlos0/meta/.github/workflows/govulncheck.yml,caarlos0/meta,maybe,n,n,
caarlos0/meta/.github/workflows/ruleguard.yml,caarlos0/meta,maybe,n,n,
caarlos0/meta/.github/workflows/semgrep.yml,caarlos0/meta,maybe,n,n,
cachix/haskell-release-action,cachix/haskell-release-action,maybe,n,n,
cachyos/pkgbuild-action,cachyos/pkgbuild-action,maybe,,n,
cackle-rs/cackle-action,cackle-rs/cackle-action,maybe,y,n,
cadair/matrix-notify-action,cadair/matrix-notify-action,maybe,,n,
caizixian/tarpaulin,caizixian/tarpaulin,maybe,y,n,
cakephp/.github/.github/workflows/cs-stan.yml,cakephp/.github,maybe,n,n,
cakephp/.github/.github/workflows/testsuite-with-db.yml,cakephp/.github,maybe,n,n,
cakephp/.github/.github/workflows/testsuite-without-db.yml,cakephp/.github,maybe,n,n,
calamares/actions/generic-build,calamares/actions,maybe,n,n,
calamares/actions/generic-checkout,calamares/actions,maybe,n,n,
calamares/actions/matrix-notify,calamares/actions,maybe,n,n,
calamares/actions/prepare-debian,calamares/actions,maybe,n,n,
calamares/actions/prepare-neon,calamares/actions,maybe,n,n,
calamares/actions/prepare-opensuse,calamares/actions,maybe,n,n,
caleblloyd/helm-chart-releaser-action,caleblloyd/helm-chart-releaser-action,maybe,n,n,
calyptia/fluent-bit-ci/.github/workflows/reusable-grafana-cloud-annotation.yaml,calyptia/fluent-bit-ci,maybe,n,n,
calyptia/fluent-bit-ci/.github/workflows/reusable-integration-test-gcp.yaml,calyptia/fluent-bit-ci,maybe,n,n,
camertron/github-app-installation-auth-action,camertron/github-app-installation-auth-action,maybe,n,n,
camptocamp/initialise-gopass-summon-action,camptocamp/initialise-gopass-summon-action,maybe,n,n,
camshaft/gha-perf,camshaft/gha-perf,maybe,n,n,
camshaft/install,camshaft/install,maybe,n,n,
camshaft/rust-cache,camshaft/rust-cache,maybe,n,n,
camunda-community-hub/community-action-maven-release,camunda-community-hub/community-action-maven-release,maybe,y,n,
camunda/automation-platform-github-actions/.github/workflows/add-issue-to-project.yml,camunda/automation-platform-github-actions,maybe,n,n,
camunda/automation-platform-github-actions/.github/workflows/copy-issue.yml,camunda/automation-platform-github-actions,maybe,n,n,
camunda/automation-platform-github-actions/.github/workflows/extract-issue-links.yml,camunda/automation-platform-github-actions,maybe,n,n,
camunda/automation-platform-github-actions/.github/workflows/java-dependency-check.yml,camunda/automation-platform-github-actions,maybe,n,n,
camunda/automation-platform-github-actions/.github/workflows/sync-label-colors.yml,camunda/automation-platform-github-actions,maybe,n,n,
camunda/infra-global-github-actions/download-center-upload,camunda/infra-global-github-actions,maybe,n,n,
camunda/infra-global-github-actions/sanitize-branch-name,camunda/infra-global-github-actions,maybe,n,n,
camunda/java-dependency-tree-diff,camunda/java-dependency-tree-diff,maybe,n,n,
camunda/zeebe/.github/workflows/release.yml,camunda/zeebe,maybe,n,n,
canastro/copy-file-action,canastro/copy-file-action,maybe,n,n,
canonical-web-and-design/inclusive-naming,canonical-web-and-design/inclusive-naming,maybe,n,n,
canonical/actions/build-snap,canonical/actions,maybe,n,n,
canonical/actions/clang-format,canonical/actions,maybe,n,n,
canonical/desktop-engineering/gh-actions/common/has-diff,canonical/desktop-engineering,maybe,n,n,
canonical/desktop-engineering/gh-actions/go/code-sanity,canonical/desktop-engineering,maybe,n,n,
canonical/edgex-snap-testing/build,canonical/edgex-snap-testing,maybe,n,n,
canonical/edgex-snap-testing/test,canonical/edgex-snap-testing,maybe,n,n,
canonical/install-dotrun,canonical/install-dotrun,maybe,n,n,
canonical/jepsen.dqlite/.github/workflows/test-build-run.yml,canonical/jepsen.dqlite,maybe,n,n,
canonical/setup-lxd,canonical/setup-lxd,maybe,y,n,
canonical/sync-issues-github-jira,canonical/sync-issues-github-jira,maybe,n,n,
caos/semantic-release,caos/semantic-release,maybe,n,n,
captainbrosset/github-actions-issue-to-work-item,captainbrosset/github-actions-issue-to-work-item,maybe,n,n,
caraml-dev/docs/.github/actions/trigger-remote-docs-sync,caraml-dev/docs,maybe,n,n,
cargo-bins/release-rust,cargo-bins/release-rust,maybe,n,n,
carlescufi/action-contribs,carlescufi/action-contribs,maybe,n,n,
carlescufi/action-doc-url,carlescufi/action-doc-url,maybe,n,n,
carmocca/probot,carmocca/probot,maybe,n,n,
cartodb/analytics-toolbox-core/.github/workflows/bigquery.yml,cartodb/analytics-toolbox-core,maybe,,n,
cartodb/analytics-toolbox-core/.github/workflows/postgres.yml,cartodb/analytics-toolbox-core,maybe,,n,
cartodb/analytics-toolbox-core/.github/workflows/redshift.yml,cartodb/analytics-toolbox-core,maybe,,n,
cartodb/analytics-toolbox-core/.github/workflows/snowflake.yml,cartodb/analytics-toolbox-core,maybe,,n,
carvel-dev/release-scripts/.github/workflows/inclusive-language-check.yml,carvel-dev/release-scripts,maybe,n,n,
carvel-dev/release-scripts/.github/workflows/trivy-scan.yml,carvel-dev/release-scripts,maybe,n,n,
carvel-dev/setup-action,carvel-dev/setup-action,maybe,n,n,
casadi/action-setup-compiler,casadi/action-setup-compiler,maybe,n,n,
casadi/commercial_solvers,casadi/commercial_solvers,maybe,n,n,
casadi/mockups,casadi/mockups,maybe,n,n,
cashstory/commitizen-action,cashstory/commitizen-action,maybe,,n,
casperwa/postgresql-action,casperwa/postgresql-action,maybe,,n,
cassiuspacheco/action-swiftformat,cassiuspacheco/action-swiftformat,maybe,,n,
castlabs/get-package-version-id-action,castlabs/get-package-version-id-action,maybe,n,n,
cbrgm/mastodon-github-action,cbrgm/mastodon-github-action,maybe,n,n,
cdata/release-please-action,cdata/release-please-action,maybe,n,n,
cddelta/dart-version-auto-tag,cddelta/dart-version-auto-tag,maybe,,n,
cderv/actions/setup-pandoc-nightly,cderv/actions,maybe,n,n,
cedx/setup-dart,cedx/setup-dart,maybe,y,n,
celerity/ci-report-action,celerity/ci-report-action,maybe,n,n,
celestiaorg/.github/.github/actions/markdown-lint,celestiaorg/.github,maybe,n,n,
celestiaorg/.github/.github/actions/version-release,celestiaorg/.github,maybe,n,n,
celestiaorg/.github/.github/actions/yamllint,celestiaorg/.github,maybe,n,n,
celestiaorg/.github/.github/workflows/reusable_dockerfile_lint.yml,celestiaorg/.github,maybe,n,n,
celestiaorg/.github/.github/workflows/reusable_dockerfile_pipeline.yml,celestiaorg/.github,maybe,n,n,
celestiaorg/.github/.github/workflows/reusable_housekeeping.yml,celestiaorg/.github,maybe,n,n,
celinekurpershoek/github-actions-link-checker,celinekurpershoek/github-actions-link-checker,maybe,n,n,
celo-org/reusable-workflows/.github/workflows/container-cicd.yaml,celo-org/reusable-workflows,maybe,n,n,
centic9/actions/.github/workflows/gradle-build.yml,centic9/actions,maybe,n,n,
centic9/actions/.github/workflows/maven-build.yml,centic9/actions,maybe,n,n,
ceph/ceph-csi/actions/retest,ceph/ceph-csi,maybe,n,n,
cerbos/buf-breaking-action,cerbos/buf-breaking-action,maybe,n,n,
cert-polska/lint-python-action,cert-polska/lint-python-action,maybe,,n,
certainlach/create-matrix-action,certainlach/create-matrix-action,maybe,,y,y
cezarypiatek/vsixversionaction,cezarypiatek/vsixversionaction,maybe,,n,
cfengine/together-javascript-action,cfengine/together-javascript-action,maybe,n,n,
cfpb/pypi-publish-action,cfpb/pypi-publish-action,maybe,n,n,
cfug/dio_issue_release_action,cfug/dio_issue_release_action,maybe,n,n,
chainguard-dev/actions/boilerplate,chainguard-dev/actions,maybe,n,n,
chainguard-dev/actions/digesta-bot,chainguard-dev/actions,maybe,n,n,
chainguard-dev/actions/donotsubmit,chainguard-dev/actions,maybe,n,n,
chainguard-dev/actions/eof-newline,chainguard-dev/actions,maybe,n,n,
chainguard-dev/actions/gofmt,chainguard-dev/actions,maybe,n,n,
chainguard-dev/actions/goimports,chainguard-dev/actions,maybe,n,n,
chainguard-dev/actions/inky-build-pkg,chainguard-dev/actions,maybe,n,n,
chainguard-dev/actions/k8s-diag,chainguard-dev/actions,maybe,n,n,
chainguard-dev/actions/kind-diag,chainguard-dev/actions,maybe,n,n,
chainguard-dev/actions/matrix-extra-inputs,chainguard-dev/actions,maybe,n,n,
chainguard-dev/actions/nodiff,chainguard-dev/actions,maybe,n,n,
chainguard-dev/actions/setup-chainctl,chainguard-dev/actions,maybe,n,y,y
chainguard-dev/actions/setup-gitsign,chainguard-dev/actions,maybe,n,n,
chainguard-dev/actions/setup-k3d,chainguard-dev/actions,maybe,n,y,y
chainguard-dev/actions/setup-kind,chainguard-dev/actions,maybe,n,n,
chainguard-dev/actions/setup-knative,chainguard-dev/actions,maybe,n,n,
chainguard-dev/actions/setup-melange,chainguard-dev/actions,maybe,n,n,
chainguard-dev/actions/setup-mirror,chainguard-dev/actions,maybe,n,n,
chainguard-dev/actions/setup-registry,chainguard-dev/actions,maybe,n,n,
chainguard-dev/actions/setup-spdx,chainguard-dev/actions,maybe,n,n,
chainguard-dev/actions/trailing-space,chainguard-dev/actions,maybe,n,n,
chamini2/gh-action-mutex,chamini2/gh-action-mutex,maybe,n,n,
changesets/action,changesets/action,maybe,n,n,
changhiskhan/github-push-action,changhiskhan/github-push-action,maybe,n,n,
chanzuckerberg/github-actions/.github/actions/conventional-commits,chanzuckerberg/github-actions,maybe,n,n,
chanzuckerberg/github-app-token,chanzuckerberg/github-app-token,maybe,n,y,y
chanzuckerberg/napari-hub-preview-action,chanzuckerberg/napari-hub-preview-action,maybe,n,n,
chanzuckerberg/terraform-provider-snowflake,chanzuckerberg/terraform-provider-snowflake,maybe,n,n,
chaos-kubox/actions./.github/workflows/krkn-hub.yml,chaos-kubox/actions.,maybe,n,n,
chaos-kubox/actions/kind,chaos-kubox/actions,maybe,n,n,
chaos-kubox/actions/krkn-hub,chaos-kubox/actions,maybe,n,n,
chaos-mesh/chaos-mesh-actions,chaos-mesh/chaos-mesh-actions,maybe,y,n,
chaoss/grimoirelab-github-actions/build,chaoss/grimoirelab-github-actions,maybe,n,n,
chaoss/grimoirelab-github-actions/publish,chaoss/grimoirelab-github-actions,maybe,n,n,
chaoss/grimoirelab-github-actions/release,chaoss/grimoirelab-github-actions,maybe,n,n,
charmbracelet/meta/.github/workflows/build.yml,charmbracelet/meta,maybe,n,n,
charmbracelet/meta/.github/workflows/goreleaser.yml,charmbracelet/meta,maybe,n,n,
charmbracelet/meta/.github/workflows/nightly.yml,charmbracelet/meta,maybe,n,n,
charmbracelet/meta/.github/workflows/snapshot.yml,charmbracelet/meta,maybe,n,n,
chartboost/ruff-action,chartboost/ruff-action,maybe,n,y,y
che-incubator/che-deploy-action,che-incubator/che-deploy-action,maybe,y,n,
che-incubator/happy-path-tests-action,che-incubator/happy-path-tests-action,maybe,n,n,
che-incubator/setup-minikube-action,che-incubator/setup-minikube-action,maybe,n,n,
checkstyle/contribution/comment-action,checkstyle/contribution,maybe,n,n,
chefjackson/action-check-typescript,chefjackson/action-check-typescript,maybe,n,n,
chenrui333/github-action,chenrui333/github-action,maybe,n,n,
chevdor/srtool-actions,chevdor/srtool-actions,maybe,y,n,
chexiongsheng/action-download-artifact,chexiongsheng/action-download-artifact,maybe,n,n,
chf007/action-wechat-work,chf007/action-wechat-work,maybe,n,n,
chia-network/actions/activate-venv,chia-network/actions,maybe,n,n,
chia-network/actions/check-commit-signing,chia-network/actions,maybe,n,n,
chia-network/actions/clean-workspace,chia-network/actions,maybe,,y,y
chia-network/actions/commit-sign/gpg,chia-network/actions,maybe,,n,
chia-network/actions/create-venv,chia-network/actions,maybe,n,n,
chia-network/actions/enforce-semver,chia-network/actions,maybe,,n,
chia-network/actions/git-mark-workspace-safe,chia-network/actions,maybe,,n,
chia-network/actions/git-ssh-to-https,chia-network/actions,maybe,,n,
chia-network/actions/label-conflict,chia-network/actions,maybe,,n,
chia-network/actions/setjobenv,chia-network/actions,maybe,,n,
chia-network/actions/setup-python,chia-network/actions,maybe,,n,
chia-network/actions/vault/login,chia-network/actions,maybe,,n,
chia-network/stale,chia-network/stale,maybe,n,n,
chicagoflutter/lcov-cop,chicagoflutter/lcov-cop,maybe,,n,
chlodalejandro/setup-geckodriver,chlodalejandro/setup-geckodriver,maybe,,y,y
chocobo1/setup-ccache-action,chocobo1/setup-ccache-action,maybe,,y,y
chris48s/approve-bot,chris48s/approve-bot,maybe,n,n,
chrisjsewell/github-action-benchmark,chrisjsewell/github-action-benchmark,maybe,n,n,
christiaanscheermeijer/jest-reporter-action,christiaanscheermeijer/jest-reporter-action,maybe,,n,
chromaui/action-canary,chromaui/action-canary,maybe,n,n,
chromaui/action-next,chromaui/action-next,maybe,n,n,
chrvadala/github-actions/gh-pages-publish-action,chrvadala/github-actions,maybe,n,n,
chrvadala/github-actions/nodejs-release-library-action,chrvadala/github-actions,maybe,n,n,
chrvadala/github-actions/nodejs-test-library-action,chrvadala/github-actions,maybe,n,n,
chtc/build_release_page,chtc/build_release_page,maybe,,n,
ci010/upload-blob-to-azure,ci010/upload-blob-to-azure,maybe,n,n,
ci010/upload-release-asset,ci010/upload-release-asset,maybe,n,n,
ciaochaos/tencent-cos-action,ciaochaos/tencent-cos-action,maybe,n,y,y
cilium/actions-app-token,cilium/actions-app-token,maybe,n,n,
cilium/cilium-cli,cilium/cilium-cli,maybe,n,n,
cilium/cilium/.github/actions/conn-disrupt-test,cilium/cilium,maybe,n,n,
cilium/little-vm-helper,cilium/little-vm-helper,maybe,n,n,
cilium/little-vm-helper-action,cilium/little-vm-helper-action,maybe,n,n,
cilium/reusable-workflows/.github/actions/push-helm-chart,cilium/reusable-workflows,maybe,n,n,
circuitverse/circuitverse/.github/workflows/docker-publish.yml,circuitverse/circuitverse,maybe,,n,
cisagov/setup-env-github-action,cisagov/setup-env-github-action,maybe,n,n,
cjdenio/contributor_list,cjdenio/contributor_list,maybe,n,n,
ckotzbauer/actions-toolkit/.github/workflows/label-issues.yml,ckotzbauer/actions-toolkit,maybe,n,n,
ckotzbauer/actions-toolkit/.github/workflows/toolkit-build-test.yml,ckotzbauer/actions-toolkit,maybe,n,n,
ckotzbauer/actions-toolkit/.github/workflows/toolkit-create-default-labels.yml,ckotzbauer/actions-toolkit,maybe,n,n,
ckotzbauer/actions-toolkit/.github/workflows/toolkit-label-issues.yml,ckotzbauer/actions-toolkit,maybe,n,n,
ckotzbauer/actions-toolkit/.github/workflows/toolkit-lint.yml,ckotzbauer/actions-toolkit,maybe,n,n,
ckotzbauer/actions-toolkit/.github/workflows/toolkit-release-goreleaser.yml,ckotzbauer/actions-toolkit,maybe,n,n,
ckotzbauer/actions-toolkit/.github/workflows/toolkit-scan-snyk.yml,ckotzbauer/actions-toolkit,maybe,n,n,
ckotzbauer/actions-toolkit/.github/workflows/toolkit-size-label.yml,ckotzbauer/actions-toolkit,maybe,n,n,
ckotzbauer/actions-toolkit/.github/workflows/toolkit-stale.yml,ckotzbauer/actions-toolkit,maybe,n,n,
ckotzbauer/actions-toolkit/docker,ckotzbauer/actions-toolkit,maybe,n,n,
ckotzbauer/actions-toolkit/grype,ckotzbauer/actions-toolkit,maybe,n,n,
ckotzbauer/actions-toolkit/sbom,ckotzbauer/actions-toolkit,maybe,n,n,
ckotzbauer/actions-toolkit/setup-syft,ckotzbauer/actions-toolkit,maybe,n,n,
ckotzbauer/actions-toolkit/slsa-provenance,ckotzbauer/actions-toolkit,maybe,n,n,
ckotzbauer/sbom-operator/.github/workflows/release-job-image.yml,ckotzbauer/sbom-operator,maybe,n,n,
cla-assistant/github-action,cla-assistant/github-action,maybe,n,n,
clangbuiltlinux/actions-workflows/.github/workflows/python_lint.yml,clangbuiltlinux/actions-workflows,maybe,,n,
clangbuiltlinux/actions-workflows/.github/workflows/shellcheck.yml,clangbuiltlinux/actions-workflows,maybe,,n,
clangbuiltlinux/actions-workflows/.github/workflows/shfmt.yml,clangbuiltlinux/actions-workflows,maybe,,n,
clangbuiltlinux/actions-workflows/.github/workflows/yapf.yml,clangbuiltlinux/actions-workflows,maybe,,n,
clay/docusaurus-github-action,clay/docusaurus-github-action,maybe,n,n,
cleanlab/nblint-action,cleanlab/nblint-action,maybe,n,n,
clementine-player/clang-format-lint-action,clementine-player/clang-format-lint-action,maybe,y,n,
cliqz-oss/adblocker/.github/actions/generate-changelog,cliqz-oss/adblocker,maybe,n,y,y
cliqz-oss/adblocker/.github/actions/publish-github-release,cliqz-oss/adblocker,maybe,n,n,
cliqz-oss/adblocker/actions/generate-changelog,cliqz-oss/adblocker,maybe,n,y,y
cliqz-oss/adblocker/actions/publish-github-release,cliqz-oss/adblocker,maybe,n,n,
cliqz-oss/adblocker/generate-changelog,cliqz-oss/adblocker,maybe,n,y,y
cliqz-oss/adblocker/publish-github-release,cliqz-oss/adblocker,maybe,n,n,
clockwork-xyz/update-solana,clockwork-xyz/update-solana,maybe,n,n,
cloud-gov/cg-cli-tools,cloud-gov/cg-cli-tools,maybe,n,n,
cloud-gov/security-considerations-action,cloud-gov/security-considerations-action,maybe,n,n,
cloudbreak/cloudbreak-github-actions/actions/cache,cloudbreak/cloudbreak-github-actions,maybe,n,n,
cloudbreak/cloudbreak-github-actions/actions/checkstyle-github-action,cloudbreak/cloudbreak-github-actions,maybe,n,n,
cloudbreak/cloudbreak-github-actions/actions/spotbugs-github-action,cloudbreak/cloudbreak-github-actions,maybe,n,n,
cloudburstmc/protocol/.github/workflows/deploy.yml,cloudburstmc/protocol,maybe,,n,
cloudcompilers/gh-action-retry,cloudcompilers/gh-action-retry,maybe,,n,
cloudfoundry/buildpacks-github-config/actions/dependency/deprecation-list,cloudfoundry/buildpacks-github-config,maybe,n,n,
cloudnative-pg/ciclops,cloudnative-pg/ciclops,maybe,n,n,
cloudposse/actions/github/create-or-update-comment,cloudposse/actions,maybe,n,n,
cloudposse/actions/github/create-pull-request,cloudposse/actions,maybe,n,n,
cloudposse/actions/github/git-push,cloudposse/actions,maybe,n,n,
cloudposse/actions/github/slash-command-dispatch,cloudposse/actions,maybe,n,n,
cloudquery/golangci-lint-action,cloudquery/golangci-lint-action,maybe,n,n,
cloudscape-design/.github/.github/actions/release-package,cloudscape-design/.github,maybe,n,n,
cloudscape-design/.github/.github/workflows/build-lint-test.yml,cloudscape-design/.github,maybe,n,n,
cloudscape-design/.github/.github/workflows/deploy.yml,cloudscape-design/.github,maybe,n,n,
cloudscape-design/.github/.github/workflows/dry-run.yml,cloudscape-design/.github,maybe,n,n,
cloudscape-design/.github/.github/workflows/lint-pr.yml,cloudscape-design/.github,maybe,n,n,
cloudscape-design/.github/.github/workflows/release-gh-notes.yml,cloudscape-design/.github,maybe,n,n,
cloudscape-design/.github/.github/workflows/release.yml,cloudscape-design/.github,maybe,n,n,
clowdhaus/actions/pr-title,clowdhaus/actions,maybe,n,n,
clusterpedia-io/gh-ci-bot,clusterpedia-io/gh-ci-bot,maybe,n,n,
clytage/workflows/.github/workflows/docker-build.yml,clytage/workflows,maybe,n,n,
clytage/workflows/.github/workflows/pnpm-lint-and-test.yml,clytage/workflows,maybe,n,n,
cmb69/setup-php-sdk,cmb69/setup-php-sdk,maybe,n,n,
cmyr/bloat-cmp/compare,cmyr/bloat-cmp,maybe,n,n,
cmyr/bloat-cmp/get-revs,cmyr/bloat-cmp,maybe,n,n,
cmyr/bloat-cmp/get-sizes,cmyr/bloat-cmp,maybe,n,n,
cmyr/bloat-cmp/post-comment,cmyr/bloat-cmp,maybe,n,n,
cnpm/github-actions/.github/workflows/node-release.yml,cnpm/github-actions,maybe,n,n,
co-cart/action-build,co-cart/action-build,maybe,n,n,
co-cart/repo-labels,co-cart/repo-labels,maybe,n,n,
co-qn/google-chat-notification,co-qn/google-chat-notification,maybe,,n,
coactions/matrix,coactions/matrix,maybe,n,n,
cockpit-project/action-release,cockpit-project/action-release,maybe,n,n,
cocoa-xu/cuda-toolkit,cocoa-xu/cuda-toolkit,maybe,y,n,
codecademy/run-on-yarn,codecademy/run-on-yarn,maybe,,n,
codecov/codecov-actions,codecov/codecov-actions,maybe,y,n,
codecov/upload-artifact,codecov/upload-artifact,maybe,n,n,
codeigniter4/.github/.github/workflows/deptrac.yml,codeigniter4/.github,maybe,n,n,
codeigniter4/.github/.github/workflows/phpcpd.yml,codeigniter4/.github,maybe,n,n,
codeigniter4/.github/.github/workflows/phpcsfixer.yml,codeigniter4/.github,maybe,n,n,
codeigniter4/.github/.github/workflows/phpstan.yml,codeigniter4/.github,maybe,n,n,
codeigniter4/.github/.github/workflows/phpunit.yml,codeigniter4/.github,maybe,n,n,
codeigniter4/.github/.github/workflows/psalm.yml,codeigniter4/.github,maybe,n,n,
codeigniter4/.github/.github/workflows/rector.yml,codeigniter4/.github,maybe,n,n,
codeigniter4/.github/.github/workflows/unused.yml,codeigniter4/.github,maybe,n,n,
codeintelligencetesting/cifuzz/.github/workflows/resuable_linting.yml,codeintelligencetesting/cifuzz,maybe,,n,
codeintelligencetesting/cifuzz/.github/workflows/reusable_building.yml,codeintelligencetesting/cifuzz,maybe,,n,
codeintelligencetesting/cifuzz/.github/workflows/reusable_testing.yml,codeintelligencetesting/cifuzz,maybe,,n,
codeintelligencetesting/github-actions/monitor-fuzzing,codeintelligencetesting/github-actions,maybe,,n,
codeintelligencetesting/github-actions/save-results,codeintelligencetesting/github-actions,maybe,,n,
codeintelligencetesting/github-actions/start-fuzzing,codeintelligencetesting/github-actions,maybe,,n,
codeinwp/merge-branch,codeinwp/merge-branch,maybe,,y,y
codeinwp/verify-linked-issue-action,codeinwp/verify-linked-issue-action,maybe,,n,
codemagic-ci-cd/actions-apple-app-store-connect,codemagic-ci-cd/actions-apple-app-store-connect,maybe,n,n,
codenotary/cas-authenticate-docker-image-github-action,codenotary/cas-authenticate-docker-image-github-action,maybe,n,n,
coderlane/tap-action,coderlane/tap-action,maybe,,n,
coderpatros/setup-dotnet,coderpatros/setup-dotnet,maybe,n,n,
coderpatros/upload-bom-to-dependency-track,coderpatros/upload-bom-to-dependency-track,maybe,y,n,
codesee-io/codesee-action,codesee-io/codesee-action,maybe,,n,
codesnas/delete-older-releases,codesnas/delete-older-releases,maybe,n,n,
codevise/documentation-js-action,codevise/documentation-js-action,maybe,n,n,
codevise/sassdoc-action,codevise/sassdoc-action,maybe,n,n,
codex-team/action-codexbot-notify,codex-team/action-codexbot-notify,maybe,n,n,
codium-ai/pr-agent,codium-ai/pr-agent,maybe,,n,
codota/toolchain,codota/toolchain,maybe,n,n,
colpal/actions-clean,colpal/actions-clean,maybe,n,n,
colvars/colvars/.github/workflows/backend-template.yml,colvars/colvars,maybe,,n,
comettools/lunasea/.github/workflows/build_all_platforms.yml,comettools/lunasea,maybe,,n,
comettools/lunasea/.github/workflows/build_android.yml,comettools/lunasea,maybe,,n,
comettools/lunasea/.github/workflows/build_ios.yml,comettools/lunasea,maybe,,n,
comettools/lunasea/.github/workflows/build_macos.yml,comettools/lunasea,maybe,,n,
comettools/lunasea/.github/workflows/deploy_all_platforms.yml,comettools/lunasea,maybe,,n,
comettools/lunasea/.github/workflows/generate_files.yml,comettools/lunasea,maybe,,n,
comettools/lunasea/.github/workflows/prepare.yml,comettools/lunasea,maybe,,n,
comettools/lunasea/.github/workflows/release_android.yml,comettools/lunasea,maybe,,n,
comettools/lunasea/.github/workflows/release_ios.yml,comettools/lunasea,maybe,,n,
comettools/lunasea/.github/workflows/release_macos.yml,comettools/lunasea,maybe,,n,
comettools/lunasea/.github/workflows/update_discord.yml,comettools/lunasea,maybe,,n,
comettools/lunasea/.github/workflows/validate.yml,comettools/lunasea,maybe,,n,
commitsar-app/release-notary,commitsar-app/release-notary,maybe,n,y,y
common-fate/branch-name,common-fate/branch-name,maybe,n,n,
common-fate/prettier-action,common-fate/prettier-action,maybe,y,n,
compactmods/discord-releaser,compactmods/discord-releaser,maybe,n,n,
compactmods/dl-package-info,compactmods/dl-package-info,maybe,n,n,
compnerd/gha-setup-swift,compnerd/gha-setup-swift,maybe,y,n,
compnerd/lint-action,compnerd/lint-action,maybe,n,n,
compnerd/swift-format-linter-action,compnerd/swift-format-linter-action,maybe,n,n,
comunidadaylas/build-appimage,comunidadaylas/build-appimage,maybe,,n,
comunidadaylas/cargo-deny-action,comunidadaylas/cargo-deny-action,maybe,,n,
con/tributors,con/tributors,maybe,n,n,
conchylicultor/pypi-build-publish,conchylicultor/pypi-build-publish,maybe,y,n,
concrete5-community/gh-package-release-attach,concrete5-community/gh-package-release-attach,maybe,n,n,
conda-forge/setup-miniforge,conda-forge/setup-miniforge,maybe,n,n,
conda-incubator/setup-conda,conda-incubator/setup-conda,maybe,y,n,
conda-incubator/setup-minicondav2.0.0,conda-incubator/setup-minicondav2.0.0,maybe,n,n,
conda/actions/canary-release,conda/actions,maybe,n,n,
conda/actions/check-cla,conda/actions,maybe,n,n,
conda/actions/read-yaml,conda/actions,maybe,n,n,
conda/actions/user-in-team,conda/actions,maybe,n,n,
conduitio/automation/.github/workflows/roadmap-milestones.yml,conduitio/automation,maybe,,n,
containerbuildsystem/actions/flake8,containerbuildsystem/actions,maybe,n,n,
containerbuildsystem/actions/markdownlint,containerbuildsystem/actions,maybe,n,n,
containerbuildsystem/actions/mypy,containerbuildsystem/actions,maybe,n,n,
containerbuildsystem/actions/shellcheck,containerbuildsystem/actions,maybe,n,y,y
containerbuildsystem/actions/tekton-lint,containerbuildsystem/actions,maybe,n,n,
containerd/containerd/.github/workflows/windows-hyperv-periodic.yml,containerd/containerd,maybe,n,n,
containerd/containerd/.github/workflows/windows-periodic.yml,containerd/containerd,maybe,n,n,
containerd/project-checks,containerd/project-checks,maybe,n,n,
containers/buildah/.github/workflows/check_cirrus_cron.yml,containers/buildah,maybe,n,n,
containers/podman/.github/workflows/check_cirrus_cron.yml,containers/podman,maybe,n,n,
containers/podman/.github/workflows/discussion_lock.yml,containers/podman,maybe,n,n,
containers/podman/.github/workflows/rerun_cirrus_cron.yml,containers/podman,maybe,n,n,
contentful/dependabot-auto-merge,contentful/dependabot-auto-merge,maybe,n,y,y
contentful/github-auto-merge,contentful/github-auto-merge,maybe,n,n,
contributte/.github/.github/workflows/codesniffer.yml,contributte/.github,maybe,n,n,
contributte/.github/.github/workflows/nette-tester-coverage.yml,contributte/.github,maybe,n,n,
contributte/.github/.github/workflows/nette-tester-mysql.yml,contributte/.github,maybe,n,n,
contributte/.github/.github/workflows/phpstan.yml,contributte/.github,maybe,n,n,
controlplaneio/github-project-automation-plus,controlplaneio/github-project-automation-plus,maybe,n,n,
coolreader18/redoxer-action,coolreader18/redoxer-action,maybe,n,n,
coqui-ai/setup-python,coqui-ai/setup-python,maybe,n,n,
corda/jira-create-issue-action,corda/jira-create-issue-action,maybe,n,n,
corda/jira-sync-assigned-action,corda/jira-sync-assigned-action,maybe,n,n,
corda/jira-sync-closed-action,corda/jira-sync-closed-action,maybe,n,n,
coreos/actions-lib/build-container,coreos/actions-lib,maybe,n,n,
coreos/actions-lib/check-diff,coreos/actions-lib,maybe,n,n,
coreos/actions-lib/require-file-change,coreos/actions-lib,maybe,n,n,
coreos/check-diff,coreos/check-diff,maybe,n,n,
cornellius-gp/conda-package-publish-action,cornellius-gp/conda-package-publish-action,maybe,y,n,
correlatio-company/pull-request-comments,correlatio-company/pull-request-comments,maybe,,y,y
coryschwartz/testground-github-action,coryschwartz/testground-github-action,maybe,n,n,
cosmos/gaia/.github/workflows/sims.yml,cosmos/gaia,maybe,n,n,
cosmos/gaia/.github/workflows/test.yml,cosmos/gaia,maybe,n,n,
cosmos/ibc-go/.github/workflows/e2e-test-workflow-call.yml,cosmos/ibc-go,maybe,n,n,
cosmtrek/air/.github/workflows/smoke_test_reuse_job.yml,cosmtrek/air,maybe,n,n,
cosmtrek/air/.github/workflows/smoke_test_window_reust_job.yml,cosmtrek/air,maybe,n,n,
coveooss/pypi-publish-with-poetry,coveooss/pypi-publish-with-poetry,maybe,n,n,
cpanato/kubepug-installer,cpanato/kubepug-installer,maybe,n,n,
cpcloud/compare-commits-action,cpcloud/compare-commits-action,maybe,n,n,
cpcloud/flake-dep-info-action,cpcloud/flake-dep-info-action,maybe,n,n,
cpcloud/flake-update-action,cpcloud/flake-update-action,maybe,n,n,
cpcloud/flake-update-actions,cpcloud/flake-update-actions,maybe,n,n,
cpcloud/niv-dep-info-action,cpcloud/niv-dep-info-action,maybe,n,n,
cppalliance/aws-hosted-runners,cppalliance/aws-hosted-runners,maybe,n,n,
craftcms/.github/.github/workflows/ci.yml,craftcms/.github,maybe,n,n,
craftcms/.github/.github/workflows/codecept.yml,craftcms/.github,maybe,n,n,
craftcms/.github/.github/workflows/ecs.yml,craftcms/.github,maybe,n,n,
craftcms/.github/.github/workflows/notify-slack.yml,craftcms/.github,maybe,n,n,
craftcms/.github/.github/workflows/phpstan.yml,craftcms/.github,maybe,n,n,
craftcms/.github/.github/workflows/prettier.yml,craftcms/.github,maybe,n,n,
craftech-io/slack-action,craftech-io/slack-action,maybe,y,n,
crastos/labeler,crastos/labeler,maybe,n,n,
crazy-max/.github/.github/actions/container-logs-check,crazy-max/.github,maybe,n,n,
crazy-max/.github/.github/actions/gotest-annotations,crazy-max/.github,maybe,n,n,
crazy-max/.github/.github/actions/install-k3s,crazy-max/.github,maybe,n,n,
crazy-max/docker-metadata-action,crazy-max/docker-metadata-action,maybe,y,y,y
crazy-max/docker-scan-action,crazy-max/docker-scan-action,maybe,n,n,
crazy-max/ghaction-docker-buildx,crazy-max/ghaction-docker-buildx,maybe,y,n,
crazy-max/ghaction-docker-buildx-bake,crazy-max/ghaction-docker-buildx-bake,maybe,y,n,
crazy-max/ghaction-docker-login,crazy-max/ghaction-docker-login,maybe,y,n,
crazy-max/ghaction-docker-meta,crazy-max/ghaction-docker-meta,maybe,y,n,
crazy-max/ghaction-goreleaser,crazy-max/ghaction-goreleaser,maybe,y,n,
crossplane-contrib/xpkg-action,crossplane-contrib/xpkg-action,maybe,n,n,
crowdin/.github/.github/workflows/bump-version.yml,crowdin/.github,maybe,n,n,
crykn/copy_folder_to_another_repo_action,crykn/copy_folder_to_another_repo_action,maybe,n,n,
cryogenicplanet/action-electron-builder,cryogenicplanet/action-electron-builder,maybe,,n,
crypto-org-chain/actions-pull-request-add-comment,crypto-org-chain/actions-pull-request-add-comment,maybe,n,n,
csexton/debugger-action,csexton/debugger-action,maybe,y,n,
csexton/release-asset-action,csexton/release-asset-action,maybe,n,n,
cucumber/.github/.github/workflows/prerelease-checks.yml,cucumber/.github,maybe,n,n,
cucumber/action-create-github-release,cucumber/action-create-github-release,maybe,n,n,
cucumber/action-publish-mvn,cucumber/action-publish-mvn,maybe,n,n,
cucumber/action-publish-npm,cucumber/action-publish-npm,maybe,n,n,
cucumber/action-publish-nuget,cucumber/action-publish-nuget,maybe,n,n,
cucumber/action-publish-rubygem,cucumber/action-publish-rubygem,maybe,n,n,
cucumber/actions-create-github-release,cucumber/actions-create-github-release,maybe,n,n,
cue-sh/trybot,cue-sh/trybot,maybe,n,n,
cugu/wait_for_response,cugu/wait_for_response,maybe,n,n,
curl/curl-fuzzer/.github/workflows/ci.yml,curl/curl-fuzzer,maybe,n,n,
curoky/cleanup-disk-action,curoky/cleanup-disk-action,maybe,n,n,
cvx/publish-rubygems-action,cvx/publish-rubygems-action,maybe,,n,
cvxpy/actions/.github/workflows/benchmarks.yml,cvxpy/actions,maybe,n,n,
cvxpy/actions/.github/workflows/pr_benchmark_comment.yml,cvxpy/actions,maybe,n,n,
cvxpy/actions/.github/workflows/pr_benchmarks.yml,cvxpy/actions,maybe,n,n,
cyberark/enforce-commit-style,cyberark/enforce-commit-style,maybe,n,n,
cyberark/enforce-rebase,cyberark/enforce-rebase,maybe,n,n,
cyberzhg/github-action-python-lint,cyberzhg/github-action-python-lint,maybe,,n,
cybozu/octoken-action,cybozu/octoken-action,maybe,n,n,
cyclonedx/cyclonedx-dotnet-generatebom,cyclonedx/cyclonedx-dotnet-generatebom,maybe,,n,
cygwin/cygwin-install-action,cygwin/cygwin-install-action,maybe,y,n,
cylc/cylc-doc/.github/actions/install-dependencies,cylc/cylc-doc,maybe,n,y,y
cylc/release-actions/build-python-package,cylc/release-actions,maybe,n,n,
cylc/release-actions/check-shortlog,cylc/release-actions,maybe,n,n,
cylc/release-actions/checkout-copyright-branch,cylc/release-actions,maybe,n,n,
cylc/release-actions/configure-git,cylc/release-actions,maybe,n,y,y
cylc/release-actions/create-pr,cylc/release-actions,maybe,n,n,
cylc/release-actions/create-release,cylc/release-actions,maybe,n,y,y
cylc/release-actions/stage-1/checkout-pr-branch,cylc/release-actions,maybe,n,n,
cylc/release-actions/stage-1/create-release-pr,cylc/release-actions,maybe,n,y,y
cylc/release-actions/stage-1/sanitize-inputs,cylc/release-actions,maybe,n,n,
cylc/release-actions/stage-1/set-python-package-version,cylc/release-actions,maybe,n,n,
cylc/release-actions/stage-1/update-changelog-release-date,cylc/release-actions,maybe,n,n,
cylc/release-actions/stage-2/bump-dev-version,cylc/release-actions,maybe,n,n,
cylc/release-actions/stage-2/comment-on-pr,cylc/release-actions,maybe,n,n,
cylc/release-actions/stage-2/get-version-from-pr,cylc/release-actions,maybe,n,n,
cypress-io/cypress/.github/workflows/triage_add_to_project.yml,cypress-io/cypress,maybe,n,n,
cypress-io/cypress/.github/workflows/triage_closed_issue_comment.yml,cypress-io/cypress,maybe,n,n,
cypress-io/cypress/.github/workflows/triage_handle_new_comments.yml,cypress-io/cypress,maybe,n,n,
cysharp/actions/.github/actions/check-metas,cysharp/actions,maybe,,n,
cysharp/actions/.github/actions/setup-dotnet,cysharp/actions,maybe,,n,
cysharp/actions/.github/actions/unity-builder,cysharp/actions,maybe,,n,
cysharp/actions/.github/workflows/clean-packagejson-branch.yaml,cysharp/actions,maybe,,n,
cysharp/actions/.github/workflows/create-release.yaml,cysharp/actions,maybe,,n,
cysharp/actions/.github/workflows/stale-issue.yaml,cysharp/actions,maybe,,n,
cysharp/actions/.github/workflows/update-packagejson.yaml,cysharp/actions,maybe,,n,
cytopia/shell-command-retry-action,cytopia/shell-command-retry-action,maybe,y,y,y
daemitus/dalamudpluginpr,daemitus/dalamudpluginpr,maybe,,n,
dagger/dagger-action,dagger/dagger-action,maybe,y,n,
dagwieers/sonarcloud-github-action,dagwieers/sonarcloud-github-action,maybe,n,n,
daimor/actions/hub,daimor/actions,maybe,n,n,
daiyam/winget-releaser,daiyam/winget-releaser,maybe,n,n,
dakanji/lock-threads,dakanji/lock-threads,maybe,n,n,
danabear/code-sign-action,danabear/code-sign-action,maybe,,n,
danger/danger,danger/danger,maybe,n,n,
danger/danger-js,danger/danger-js,maybe,n,n,
danger/kotlin,danger/kotlin,maybe,n,n,
danger/swift,danger/swift,maybe,n,n,
dangoslen/dependabot-changelog-helper,dangoslen/dependabot-changelog-helper,maybe,n,n,
danharrin/monorepo-split-github-action,danharrin/monorepo-split-github-action,maybe,n,n,
danielkrupinski/include-what-you-use-action,danielkrupinski/include-what-you-use-action,maybe,n,n,
daniellockyer/action-slack-build,daniellockyer/action-slack-build,maybe,y,n,
daniellockyer/mysql-action,daniellockyer/mysql-action,maybe,n,n,
danipaniii/action-github-changelog-generator,danipaniii/action-github-changelog-generator,maybe,n,n,
danshui-git/debugger-action,danshui-git/debugger-action,maybe,n,n,
danshui-git/delete-older-releases,danshui-git/delete-older-releases,maybe,n,n,
danshui-git/github-forks-sync-action,danshui-git/github-forks-sync-action,maybe,n,n,
dantup/gh-actions/setup-dart,dantup/gh-actions,maybe,,n,
dantup/gh-actions/setup-flutter,dantup/gh-actions,maybe,,n,
danubetech/github-action-maven-deploy,danubetech/github-action-maven-deploy,maybe,y,n,
danubetech/workflows/.github/workflows/maven-release.yml,danubetech/workflows,maybe,n,n,
danubetech/workflows/.github/workflows/maven-triggered-docker-release.yml,danubetech/workflows,maybe,n,n,
danvixent/certgen-action,danvixent/certgen-action,maybe,n,n,
dapigguy/flatpak-github-actions/flatpak-builder,dapigguy/flatpak-github-actions,maybe,,n,
dargmuesli/github-actions/.github/workflows/release-schedule.yml,dargmuesli/github-actions,maybe,n,n,
dargmuesli/github-actions/.github/workflows/release-semantic.yml,dargmuesli/github-actions,maybe,n,n,
darodi/common-github-workflows/.github/workflows/build_and_push_image.yml,darodi/common-github-workflows,maybe,n,n,
dart-code-checker/dart-code-metrics-action,dart-code-checker/dart-code-metrics-action,maybe,y,n,
dart-lang/ecosystem/.github/workflows/publish.yaml,dart-lang/ecosystem,maybe,n,n,
darthtrevino/github-container-registry-build-push,darthtrevino/github-container-registry-build-push,maybe,n,n,
dasein108/ipfs-github-action,dasein108/ipfs-github-action,maybe,n,n,
dasm-assembler/dasm-snapshot-builder,dasm-assembler/dasm-snapshot-builder,maybe,n,n,
datadog/appsec-go-test-app/.github/workflows/smoke-tests.yml,datadog/appsec-go-test-app,maybe,,n,
datadog/download-release-action,datadog/download-release-action,maybe,,n,
datadog/github-actions/post-review-status,datadog/github-actions,maybe,,n,
datadog/github-actions/post-status-check,datadog/github-actions,maybe,,n,
datadog/integrations-core/.github/workflows/run-validations.yml,datadog/integrations-core,maybe,,n,
datadog/integrations-core/.github/workflows/test-target.yml,datadog/integrations-core,maybe,,n,
datadog/labeler,datadog/labeler,maybe,,n,
datadog/prof-correctness/analyze,datadog/prof-correctness,maybe,,n,
datadog/serverless-performance-test-action,datadog/serverless-performance-test-action,maybe,,n,
datadog/slapr,datadog/slapr,maybe,,n,
datadog/system-tests/lib-injection/docker-tags,datadog/system-tests,maybe,,y,y
datadog/system-tests/lib-injection/runner,datadog/system-tests,maybe,,n,
datalad/release-action/add-changelog-snippet,datalad/release-action,maybe,n,n,
datalad/release-action/release,datalad/release-action,maybe,n,n,
datamonsters/replace-action,datamonsters/replace-action,maybe,n,n,
datawire/go-mkopensource/actions/save-dependabot-changes,datawire/go-mkopensource,maybe,n,n,
datawire/infra-actions/provision-cluster,datawire/infra-actions,maybe,n,n,
davatorium/auto-close-issues,davatorium/auto-close-issues,maybe,n,n,
david-lor/action-tag-on-pr-merge,david-lor/action-tag-on-pr-merge,maybe,,n,
davidbrochart/jupyter_releaser/.github/actions/check-links,davidbrochart/jupyter_releaser,maybe,n,n,
davidbrochart/jupyter_releaser/.github/actions/check-release,davidbrochart/jupyter_releaser,maybe,n,n,
dbeaver/dbeaver/.github/workflows/reused-commit-msgs-validator.yml,dbeaver/dbeaver,maybe,n,n,
dbfx/github-phplint/5.5,dbfx/github-phplint,maybe,y,n,
dbfx/github-phplint/5.6,dbfx/github-phplint,maybe,y,n,
dbfx/github-phplint/7.2,dbfx/github-phplint,maybe,n,n,
dbfx/github-phplint/7.3,dbfx/github-phplint,maybe,n,n,
dbfx/github-phplint/7.4,dbfx/github-phplint,maybe,n,n,
dbfx/github-phplint/8.0,dbfx/github-phplint,maybe,n,n,
dbfx/github-phplint/8.1,dbfx/github-phplint,maybe,n,n,
dbhi/qus/action,dbhi/qus,maybe,n,n,
dblock/commit,dblock/commit,maybe,n,n,
dblock/create-an-issue,dblock/create-an-issue,maybe,n,n,
dbots-pkg/action-docs,dbots-pkg/action-docs,maybe,n,n,
dbt-labs/actions/.github/workflows/changelog-existence.yml,dbt-labs/actions,maybe,n,n,
dbt-labs/actions/.github/workflows/cut-release-branch.yaml,dbt-labs/actions,maybe,n,n,
dbt-labs/actions/.github/workflows/cut-release-branch.yml,dbt-labs/actions,maybe,n,n,
dbt-labs/actions/.github/workflows/jira-creation-actions.yml,dbt-labs/actions,maybe,n,n,
dbt-labs/actions/.github/workflows/jira-creation.yml,dbt-labs/actions,maybe,n,n,
dbt-labs/actions/.github/workflows/jira-label-actions.yml,dbt-labs/actions,maybe,n,n,
dbt-labs/actions/.github/workflows/jira-label.yml,dbt-labs/actions,maybe,n,n,
dbt-labs/actions/.github/workflows/jira-transition-actions.yml,dbt-labs/actions,maybe,n,n,
dbt-labs/actions/.github/workflows/jira-transition.yml,dbt-labs/actions,maybe,n,n,
dbt-labs/actions/.github/workflows/open-issue-in-repo.yml,dbt-labs/actions,maybe,n,n,
dbt-labs/actions/.github/workflows/release-branch-tests.yml,dbt-labs/actions,maybe,n,n,
dbt-labs/actions/.github/workflows/replace-label.yml,dbt-labs/actions,maybe,n,n,
dbt-labs/actions/.github/workflows/stale-bot-matrix.yml,dbt-labs/actions,maybe,n,n,
dbt-labs/actions/.github/workflows/swap-labels.yml,dbt-labs/actions,maybe,n,n,
dbt-labs/actions/.github/workflows/triage-labels.yml,dbt-labs/actions,maybe,n,n,
dbt-labs/actions/.github/workflows/version-bump.yml,dbt-labs/actions,maybe,n,n,
dbt-labs/actions/fetch-repo-branches,dbt-labs/actions,maybe,n,n,
dbt-labs/actions/parse-semver,dbt-labs/actions,maybe,n,n,
dbt-labs/backport,dbt-labs/backport,maybe,n,n,
dbt-labs/dbt-release/.github/workflows/build.yml,dbt-labs/dbt-release,maybe,n,n,
dbt-labs/dbt-release/.github/workflows/github-release.yml,dbt-labs/dbt-release,maybe,n,n,
dbt-labs/dbt-release/.github/workflows/pypi-release.yml,dbt-labs/dbt-release,maybe,n,n,
dbt-labs/dbt-release/.github/workflows/release-prep.yml,dbt-labs/dbt-release,maybe,n,n,
dbt-labs/dbt-release/.github/workflows/slack-post-notification.yml,dbt-labs/dbt-release,maybe,n,n,
dbt-labs/dbt_metrics/.github/workflows/jira-workflows.yml,dbt-labs/dbt_metrics,maybe,n,n,
dbt-labs/jira-actions/.github/workflows/jira-creation.yml,dbt-labs/jira-actions,maybe,n,n,
dbt-labs/jira-actions/.github/workflows/jira-label.yml,dbt-labs/jira-actions,maybe,n,n,
dbt-labs/jira-actions/.github/workflows/jira-transition.yml,dbt-labs/jira-actions,maybe,n,n,
dcvz/ccache-action,dcvz/ccache-action,maybe,y,y,y
ddollar/create-release,ddollar/create-release,maybe,n,y,y
de-husk/cosm-orc-gas-diff-action,de-husk/cosm-orc-gas-diff-action,maybe,n,n,
deadpikle/publish-nuget,deadpikle/publish-nuget,maybe,,n,
dearimgui/github_discord_notifier,dearimgui/github_discord_notifier,maybe,n,n,
deborah-digges/new-pull-request-comment-action,deborah-digges/new-pull-request-comment-action,maybe,n,n,
decentraland/set-rollout-action,decentraland/set-rollout-action,maybe,n,n,
deckhouse/backport-action,deckhouse/backport-action,maybe,n,n,
decyjphr-actions/workflow-trigger,decyjphr-actions/workflow-trigger,maybe,n,y,y
deef0000dragon1/json-edit-action,deef0000dragon1/json-edit-action,maybe,n,n,
deepmodeling/abacus-code-reviewer,deepmodeling/abacus-code-reviewer,maybe,n,n,
deepmodeling/get-changed-files,deepmodeling/get-changed-files,maybe,n,n,
deepmodeling/workflows/.github/workflows/release-to-pypi.yml,deepmodeling/workflows,maybe,n,n,
deepsourcelabs/test-coverage-action,deepsourcelabs/test-coverage-action,maybe,y,n,
defich/oss-governance-bot,defich/oss-governance-bot,maybe,,n,
defold/repository-dispatch,defold/repository-dispatch,maybe,n,y,y
deirn/install-b2-cli-action,deirn/install-b2-cli-action,maybe,n,n,
delgurth/get-package,delgurth/get-package,maybe,n,n,
deliverybot/status,deliverybot/status,maybe,y,n,
delphiactual/github-push-action,delphiactual/github-push-action,maybe,n,n,
demikernel/demikernel/.github/workflows/build.yml,demikernel/demikernel,maybe,n,n,
demikernel/demikernel/.github/workflows/cleanup.yml,demikernel/demikernel,maybe,n,n,
demikernel/demikernel/.github/workflows/setup.yml,demikernel/demikernel,maybe,n,n,
demikernel/demikernel/.github/workflows/test-nowait.yml,demikernel/demikernel,maybe,n,n,
demikernel/demikernel/.github/workflows/test.yml,demikernel/demikernel,maybe,n,n,
demikernel/workflows/.github/workflows/cleanup.yml,demikernel/workflows,maybe,n,n,
demikernel/workflows/.github/workflows/compile.yml,demikernel/workflows,maybe,n,n,
demikernel/workflows/.github/workflows/postrun.yml,demikernel/workflows,maybe,n,n,
demikernel/workflows/.github/workflows/setup.yml,demikernel/workflows,maybe,n,n,
denoland/github-actions-cache,denoland/github-actions-cache,maybe,n,n,
denolib/setup-deno,denolib/setup-deno,maybe,y,n,
department-of-veterans-affairs/codeql-tools/codeql-analysis,department-of-veterans-affairs/codeql-tools,maybe,n,n,
department-of-veterans-affairs/platform-release-tools-actions/init-data-repo,department-of-veterans-affairs/platform-release-tools-actions,maybe,n,n,
department-of-veterans-affairs/platform-release-tools-actions/slack-notify,department-of-veterans-affairs/platform-release-tools-actions,maybe,n,n,
dephraiim/translate-readme,dephraiim/translate-readme,maybe,n,n,
deployphp/action,deployphp/action,maybe,y,n,
dequelabs/action-sync-branches,dequelabs/action-sync-branches,maybe,n,n,
dequelabs/axe-api-team-public/.github/actions/auto-patch-release-v1,dequelabs/axe-api-team-public,maybe,n,n,
dequelabs/axe-api-team/.github/workflows/auto-patch-release.yml,dequelabs/axe-api-team,maybe,n,n,
dequelabs/semantic-pr-title,dequelabs/semantic-pr-title,maybe,n,n,
dequelabs/update-axe-core,dequelabs/update-axe-core,maybe,n,n,
der-henning/actions-set-secret,der-henning/actions-set-secret,maybe,,n,
derberg/action-semantic-pull-request,derberg/action-semantic-pull-request,maybe,y,n,
derberg/custom-dependabot-for-your-github-org,derberg/custom-dependabot-for-your-github-org,maybe,n,n,
derberg/org-projects-dependency-manager,derberg/org-projects-dependency-manager,maybe,n,n,
derickr/setup-php-sdk,derickr/setup-php-sdk,maybe,n,n,
derkinderfietsen/pr-description-enforcer,derkinderfietsen/pr-description-enforcer,maybe,n,n,
derrickmehaffy/vercel-preview-url,derrickmehaffy/vercel-preview-url,maybe,n,y,y
descriptinc/python-format-action,descriptinc/python-format-action,maybe,y,y,y
desktop-app/action_code_updater,desktop-app/action_code_updater,maybe,n,n,
desktop-app/action_issue_closer,desktop-app/action_issue_closer,maybe,n,n,
desrosj/wordpress-develop/.github/workflows/phpunit-tests-run.yml,desrosj/wordpress-develop,maybe,n,n,
dev-caspertheghost/create-linear-issue,dev-caspertheghost/create-linear-issue,maybe,,n,
dev-sec/.github/.github/workflows/baseline-release.yml,dev-sec/.github,maybe,n,n,
dev-sec/.github/.github/workflows/baseline-test.yml,dev-sec/.github,maybe,n,n,
devbotsxyz/import-signing-certificate,devbotsxyz/import-signing-certificate,maybe,y,n,
devbotsxyz/xcode-archive,devbotsxyz/xcode-archive,maybe,y,n,
devbotsxyz/xcode-export-archive,devbotsxyz/xcode-export-archive,maybe,y,n,
devbotsxyz/xcode-import-certificate,devbotsxyz/xcode-import-certificate,maybe,y,n,
devbotsxyz/xcode-notarize,devbotsxyz/xcode-notarize,maybe,y,n,
devbotsxyz/xcode-select,devbotsxyz/xcode-select,maybe,y,n,
devbotsxyz/xcode-staple,devbotsxyz/xcode-staple,maybe,y,n,
devcontainers/images/.github/workflows/version-history.yml,devcontainers/images,maybe,n,n,
devexpress/github-actions/check-for-version-update,devexpress/github-actions,maybe,,n,
devexpress/github-actions/generator-version-guard,devexpress/github-actions,maybe,,n,
devexpress/issue-action,devexpress/issue-action,maybe,,n,
devexpress/testcafe-build-system/actions/read-artifacts,devexpress/testcafe-build-system,maybe,,n,
devexpress/testcafe-build-system/actions/read-matrix-status,devexpress/testcafe-build-system,maybe,,n,
devexpress/testcafe-build-system/actions/save-matrix-status,devexpress/testcafe-build-system,maybe,,n,
devexpress/testcafe-build-system/actions/set-status,devexpress/testcafe-build-system,maybe,,n,
devlooped/actions-include,devlooped/actions-include,maybe,n,n,
devopenwrt-router/github-action-push-to-another-repository,devopenwrt-router/github-action-push-to-another-repository,maybe,,n,
devtron-labs/action-discord,devtron-labs/action-discord,maybe,n,n,
devtron-labs/git-repo-sync,devtron-labs/git-repo-sync,maybe,n,y,y
dfinity-lab/niv-updater-action,dfinity-lab/niv-updater-action,maybe,n,n,
dfinity/conventional-pr-title-action,dfinity/conventional-pr-title-action,maybe,n,n,
dfinity/rust-musl-action,dfinity/rust-musl-action,maybe,n,n,
dfm/rtds-action,dfm/rtds-action,maybe,n,n,
dgexsolutions/osrd/.github/workflows/docker-build-push-template.yml,dgexsolutions/osrd,maybe,,n,
dhtdht020/actions-status-discord,dhtdht020/actions-status-discord,maybe,n,n,
dhtdht020/openshop-status-discord,dhtdht020/openshop-status-discord,maybe,n,n,
diambra/agents/.github/workflows/reusable-test.yaml,diambra/agents,maybe,n,n,
diambra/agents/.github/workflows/reusable_unit_tests.yaml,diambra/agents,maybe,n,n,
diamondburned/cache-install,diamondburned/cache-install,maybe,n,n,
diddlesnaps/snapcraft-review-action,diddlesnaps/snapcraft-review-action,maybe,n,n,
diddlesnaps/snapcraft-review-tools-action,diddlesnaps/snapcraft-review-tools-action,maybe,y,n,
diem/actions/changes,diem/actions,maybe,n,n,
diem/actions/comment,diem/actions,maybe,n,n,
diem/actions/create-issue,diem/actions,maybe,n,n,
diem/actions/download-artifacts,diem/actions,maybe,n,n,
diem/actions/get-artifacts,diem/actions,maybe,n,y,y
diem/actions/hyperjump-comment,diem/actions,maybe,n,n,
diem/actions/hyperjump-labels,diem/actions,maybe,n,n,
diem/actions/hyperjump-request-review,diem/actions,maybe,n,n,
diem/actions/labels,diem/actions,maybe,n,n,
diem/actions/matches,diem/actions,maybe,n,n,
diem/actions/pr-base-ref,diem/actions,maybe,n,n,
diem/actions/process-test-results,diem/actions,maybe,n,n,
diem/actions/request-review,diem/actions,maybe,n,n,
diem/actions/require-review,diem/actions,maybe,n,n,
diem/publish-unit-test-result-action,diem/publish-unit-test-result-action,maybe,n,n,
digitalec/discord-styled-releases,digitalec/discord-styled-releases,maybe,n,n,
digitalocean/golang-pipeline/go1.11/test,digitalocean/golang-pipeline,maybe,n,n,
digitalocean/golang-pipeline/go1.12/test,digitalocean/golang-pipeline,maybe,n,n,
digitalocean/golang-pipeline/go1.13/test,digitalocean/golang-pipeline,maybe,n,n,
digitalocean/golang-pipeline/go1.14/test,digitalocean/golang-pipeline,maybe,n,n,
diligentgraphics/github-action/build,diligentgraphics/github-action,maybe,,n,
diligentgraphics/github-action/checkout,diligentgraphics/github-action,maybe,,n,
diligentgraphics/github-action/configure-cmake,diligentgraphics/github-action,maybe,,n,
diligentgraphics/github-action/run-core-gpu-tests,diligentgraphics/github-action,maybe,,n,
diligentgraphics/github-action/run-core-tests,diligentgraphics/github-action,maybe,,n,
diligentgraphics/github-action/run-sample-tests,diligentgraphics/github-action,maybe,,n,
diligentgraphics/github-action/setup-build-env,diligentgraphics/github-action,maybe,,n,
dimensiondev/github-token-action,dimensiondev/github-token-action,maybe,,n,
dimensiondev/jira-issue-key-checker,dimensiondev/jira-issue-key-checker,maybe,,n,
dimensiondev/setup-editorconfig-action,dimensiondev/setup-editorconfig-action,maybe,,n,
diningphil/pydgn/.github/workflows/python-package.yml,diningphil/pydgn,maybe,,n,
diningphil/pydgn/.github/workflows/python-test-and-coverage.yml,diningphil/pydgn,maybe,,n,
diningphil/python-interrogate-check,diningphil/python-interrogate-check,maybe,y,n,
diracgrid/pr-sweeper,diracgrid/pr-sweeper,maybe,,n,
directus/cla-bot,directus/cla-bot,maybe,n,n,
dirien/.github/.github/workflows/ossf-scorecard-action.yaml,dirien/.github,maybe,n,n,
dirtyhairy/setup-emsdk,dirtyhairy/setup-emsdk,maybe,,n,
discordjs/action-docs,discordjs/action-docs,maybe,n,n,
discordjs/action-eslint,discordjs/action-eslint,maybe,y,y,y
discourse/publish-rubygems-action,discourse/publish-rubygems-action,maybe,n,n,
distrho/dpf-makefile-action,distrho/dpf-makefile-action,maybe,n,n,
dita-ot/dita-ot-action,dita-ot/dita-ot-action,maybe,n,n,
divkix/reusable-workflows/.github/workflows/automerge-dependabot-pr.yml,divkix/reusable-workflows,maybe,n,n,
divkix/reusable-workflows/.github/workflows/goreleaser-ci.yml,divkix/reusable-workflows,maybe,n,n,
divkix/reusable-workflows/.github/workflows/pre-commit.yml,divkix/reusable-workflows,maybe,n,n,
divnix/std-action/discover,divnix/std-action,maybe,n,n,
divnix/std-action/run,divnix/std-action,maybe,n,n,
divnix/std-action/setup-discovery-ssh,divnix/std-action,maybe,n,n,
divyansh-gupta/action-get-tag,divyansh-gupta/action-get-tag,maybe,n,n,
divyansh-gupta/action-remove-labels,divyansh-gupta/action-remove-labels,maybe,n,y,y
divyansh-gupta/actions-comment-pull-request,divyansh-gupta/actions-comment-pull-request,maybe,n,n,
divyansh-gupta/create-or-update-pull-request-action,divyansh-gupta/create-or-update-pull-request-action,maybe,n,n,
divyansh-gupta/ec2-github-runner,divyansh-gupta/ec2-github-runner,maybe,n,n,
divyansh-gupta/helm-gh-pages,divyansh-gupta/helm-gh-pages,maybe,n,n,
divykj/wakatime-charts,divykj/wakatime-charts,maybe,n,n,
dkhmelenko/autoapproval,dkhmelenko/autoapproval,maybe,n,n,
dlech/arm-none-eabi-gcc,dlech/arm-none-eabi-gcc,maybe,n,y,y
dmagine/get-latest-release,dmagine/get-latest-release,maybe,,y,y
docker-library/bashbrew,docker-library/bashbrew,maybe,n,n,
docker-mailserver/docker-mailserver/.github/workflows/generic_build.yml,docker-mailserver/docker-mailserver,maybe,n,n,
docker-mailserver/docker-mailserver/.github/workflows/generic_publish.yml,docker-mailserver/docker-mailserver,maybe,n,n,
docker-mailserver/docker-mailserver/.github/workflows/generic_test.yml,docker-mailserver/docker-mailserver,maybe,n,n,
docker-mailserver/docker-mailserver/.github/workflows/generic_vulnerability-scan.yml,docker-mailserver/docker-mailserver,maybe,n,n,
docker.pkg.github.com/ameobea/web-synth/ci-builder:latest,docker.pkg.github.com/ameobea,maybe,n,n,
docker/build-and-push-action,docker/build-and-push-action,maybe,n,n,
docker/buildah-build,docker/buildah-build,maybe,y,n,
docker/docs/.github/workflows/validate-upstream.yml,docker/docs,maybe,n,n,
docker/login,docker/login,maybe,y,n,
docker/login-actions,docker/login-actions,maybe,n,n,
docker/metadata=action,docker/metadata=action,maybe,y,n,
docker/repository-dispatch,docker/repository-dispatch,maybe,n,n,
docker/setup-qemu-action27d0a4f181a40b142cce983c5393082c365d1480,docker/setup-qemu-action27d0a4f181a40b142cce983c5393082c365d1480,maybe,y,n,
dockstore/workflow-actions/.github/actions/check-license,dockstore/workflow-actions,maybe,n,n,
doctormckay/github-workflows/.github/workflows/eslint.yml,doctormckay/github-workflows,maybe,,n,
doctormckay/github-workflows/.github/workflows/npm-publish.yml,doctormckay/github-workflows,maybe,,n,
doctrine/.github/.github/workflows/coding-standards.yml,doctrine/.github,maybe,n,n,
doctrine/.github/.github/workflows/composer-lint.yml,doctrine/.github,maybe,n,n,
doctrine/.github/.github/workflows/continuous-integration-symfony-unstable.yml,doctrine/.github,maybe,n,n,
doctrine/.github/.github/workflows/continuous-integration.yml,doctrine/.github,maybe,n,n,
doctrine/.github/.github/workflows/release-on-milestone-closed.yml,doctrine/.github,maybe,n,n,
doctrine/.github/.github/workflows/static-analysis.yml,doctrine/.github,maybe,n,n,
doggycool/ossutil-github-action,doggycool/ossutil-github-action,maybe,n,n,
doist/android-emulator-runner,doist/android-emulator-runner,maybe,,n,
doitian/available-space,doitian/available-space,maybe,n,n,
dolibarr/stale,dolibarr/stale,maybe,,n,
dolthub/ga-discord-notify,dolthub/ga-discord-notify,maybe,n,n,
dolthub/label-customer-issues,dolthub/label-customer-issues,maybe,n,n,
dolthub/pull-request-comment-branch,dolthub/pull-request-comment-branch,maybe,n,y,y
dolthub/pull-request-comment-trigger,dolthub/pull-request-comment-trigger,maybe,n,n,
domoritz/dependabot-cron-action,domoritz/dependabot-cron-action,maybe,n,n,
doomspec/auto-tweet-v2,doomspec/auto-tweet-v2,maybe,n,n,
dora-metrics/pelorus/.github/workflow_templates/create-market-place-pr,dora-metrics/pelorus,maybe,n,n,
dorner/file-changes-action,dorner/file-changes-action,maybe,n,n,
dorner/lint-action,dorner/lint-action,maybe,n,n,
dotansimha/changesets-action,dotansimha/changesets-action,maybe,n,n,
dotansimha/pr-comment,dotansimha/pr-comment,maybe,n,n,
dotnet/actions-create-pull-request,dotnet/actions-create-pull-request,maybe,n,n,
dotnet/arcade/.github/workflows/backport-base.yml,dotnet/arcade,maybe,n,n,
dotnet/code-analysis,dotnet/code-analysis,maybe,y,n,
dotnet/docs-actions/actions/status-checker,dotnet/docs-actions,maybe,n,n,
dotnet/docs-tools/actions/dotnet-version-updater,dotnet/docs-tools,maybe,n,n,
dotnet/docs-tools/actions/sequester,dotnet/docs-tools,maybe,n,n,
dotnet/docs-tools/actions/status-checker,dotnet/docs-tools,maybe,n,n,
dotnet/samples/.github/actions/status-checker,dotnet/samples,maybe,n,n,
dotnet/samples/github-actions/dotnet.githubaction,dotnet/samples,maybe,,n,
double-great/accessibility-scan-action,double-great/accessibility-scan-action,maybe,n,n,
dovnaralexander/github-action-file-detection,dovnaralexander/github-action-file-detection,maybe,,n,
dpryan79/github-actions/,dpryan79/github-actions,maybe,n,n,
dracutdevs/commisery-action,dracutdevs/commisery-action,maybe,y,n,
dragonspark/action-changelog-dawg,dragonspark/action-changelog-dawg,maybe,n,n,
dragonstyle/action-stats,dragonstyle/action-stats,maybe,n,n,
drakkar-software/.github/.github/workflows/failure_notify_workflow.yml,drakkar-software/.github,maybe,,n,
drdanz/rebase,drdanz/rebase,maybe,n,n,
dreamcodeio/pr-has-label-action,dreamcodeio/pr-has-label-action,maybe,,n,
driskell/log-courier/.github/actions/ppa,driskell/log-courier,maybe,n,n,
driskell/log-courier/.github/actions/rpm,driskell/log-courier,maybe,n,n,
dromara/copy_file_to_another_repo_action,dromara/copy_file_to_another_repo_action,maybe,n,n,
drud/action-cross-commit,drud/action-cross-commit,maybe,n,n,
drupol/flake-lock-update-workflow/.github/workflows/upgrade-flakes.yaml,drupol/flake-lock-update-workflow,maybe,n,n,
drusellers/publish-nuget,drusellers/publish-nuget,maybe,n,n,
dsanders11/github-action-gh-pages,dsanders11/github-action-gh-pages,maybe,n,n,
dsanders11/project-actions/add-item,dsanders11/project-actions,maybe,n,n,
dsanders11/project-actions/copy-project,dsanders11/project-actions,maybe,n,n,
dsanders11/project-actions/edit-item,dsanders11/project-actions,maybe,n,n,
dsanders11/update-project-action,dsanders11/update-project-action,maybe,n,n,
dschep/install-pipenv-action,dschep/install-pipenv-action,maybe,y,n,
dschep/install-poetry-action,dschep/install-poetry-action,maybe,y,n,
dsnopek/action-download-artifact,dsnopek/action-download-artifact,maybe,n,n,
dsp-testing/dependency-review-action,dsp-testing/dependency-review-action,maybe,n,n,
dtolnay/.github/.github/workflows/check_install.yml,dtolnay/.github,maybe,n,n,
dtolnay/.github/.github/workflows/pre_ci.yml,dtolnay/.github,maybe,n,n,
dtolnay/install,dtolnay/install,maybe,n,n,
dtolnay/toolchain,dtolnay/toolchain,maybe,y,n,
dualspiral/ore-upload-action,dualspiral/ore-upload-action,maybe,n,n,
dubeysandeep/pending-review-notification,dubeysandeep/pending-review-notification,maybe,,n,
duckdb/duckdb-wasm-ci-env,duckdb/duckdb-wasm-ci-env,maybe,n,n,
dunglas/chart-releaser-action,dunglas/chart-releaser-action,maybe,n,n,
dunning-kruger/lock-issues,dunning-kruger/lock-issues,maybe,,n,
dunning-kruger/unlock-issues,dunning-kruger/unlock-issues,maybe,,n,
duosecurity/duo_client_python/.github/actions/sbom-convert,duosecurity/duo_client_python,maybe,n,n,
dup4/minify-html-action,dup4/minify-html-action,maybe,,n,
dvargas92495/roamjs-publish,dvargas92495/roamjs-publish,maybe,n,n,
dvkunion/action-gh-release,dvkunion/action-gh-release,maybe,n,n,
dwieeb/get-changed-files,dwieeb/get-changed-files,maybe,n,n,
dwieeb/needs-reply,dwieeb/needs-reply,maybe,n,n,
dyladan/component-owners,dyladan/component-owners,maybe,n,n,
dysnix/find-latest-tag,dysnix/find-latest-tag,maybe,y,y,y
dysnix/github-workflows/.github/workflows/npm.publish-package.yaml,dysnix/github-workflows,maybe,n,n,
earthly/actions/setup-earthly,earthly/actions,maybe,y,y,y
earwig/python-wheels-manylinux-build,earwig/python-wheels-manylinux-build,maybe,n,n,
easycov/easycov,easycov/easycov,maybe,,n,
ebbflow-io/cargo-deb-amd64-ubuntu,ebbflow-io/cargo-deb-amd64-ubuntu,maybe,n,n,
ec-/action-automatic-releases,ec-/action-automatic-releases,maybe,y,n,
ecampidoglio/cake-action,ecampidoglio/cake-action,maybe,y,y,y
"echo ""release_version=${github_ref#refs/*/v}"" >> $github_env","echo ""release_version=${github_ref#refs/*",maybe,,n,
eclipse-edc/.github/.github/workflows/dependency-check.yml,eclipse-edc/.github,maybe,n,n,
eclipse-edc/.github/.github/workflows/discord-webhook.yml,eclipse-edc/.github,maybe,n,n,
eclipse-edc/.github/.github/workflows/publish-snapshot.yml,eclipse-edc/.github,maybe,n,n,
eclipse-edc/.github/.github/workflows/scan-pull-request.yml,eclipse-edc/.github,maybe,n,n,
eclipse/dash-licenses/.github/workflows/mavenlicensecheck.yml,eclipse/dash-licenses,maybe,,n,
ecmwf-actions/build-package,ecmwf-actions/build-package,maybe,n,n,
ecmwf-actions/dispatch-private-downstream-ci,ecmwf-actions/dispatch-private-downstream-ci,maybe,n,n,
ecmwf-actions/downstream-ci/.github/workflows/downstream-ci-hpc.yml,ecmwf-actions/downstream-ci,maybe,n,n,
ecmwf-actions/downstream-ci/.github/workflows/downstream-ci.yml,ecmwf-actions/downstream-ci,maybe,n,n,
ecmwf-actions/notify-teams,ecmwf-actions/notify-teams,maybe,n,n,
ecmwf-actions/reusable-workflows/.github/workflows/ci-hpc.yml,ecmwf-actions/reusable-workflows,maybe,n,n,
ecmwf-actions/reusable-workflows/.github/workflows/ci.yml,ecmwf-actions/reusable-workflows,maybe,n,n,
ecmwf-actions/reusable-workflows/.github/workflows/create-package.yml,ecmwf-actions/reusable-workflows,maybe,n,n,
ecmwf-actions/reusable-workflows/build-package-with-config,ecmwf-actions/reusable-workflows,maybe,n,n,
ecraig12345/beachball-actions/check-for-modified-files,ecraig12345/beachball-actions,maybe,n,n,
ecraig12345/beachball-actions/should-release,ecraig12345/beachball-actions,maybe,n,n,
eddiehubcommunity/gh-action-community/src/welcome,eddiehubcommunity/gh-action-community,maybe,,n,
edgarrc/action-7zip,edgarrc/action-7zip,maybe,n,n,
edgarrmondragon/commitizen-action,edgarrmondragon/commitizen-action,maybe,y,n,
edge/simple-slack-notify,edge/simple-slack-notify,maybe,n,n,
edgeapp/rebase,edgeapp/rebase,maybe,,n,
edgedb/action-merge-release-pr,edgedb/action-merge-release-pr,maybe,n,n,
edgedb/action-release/merge,edgedb/action-release,maybe,n,n,
edgedb/action-release/validate-pr,edgedb/action-release,maybe,n,n,
edgedb/action-validate-release-pr,edgedb/action-validate-release-pr,maybe,n,n,
edgedb/edgedb-pkg/integration/actions/describe-artifact,edgedb/edgedb-pkg,maybe,n,n,
edgedb/edgedb-pkg/integration/containers/python/centos-7,edgedb/edgedb-pkg,maybe,n,n,
edgedb/edgedb-pkg/integration/containers/python/debian-stretch,edgedb/edgedb-pkg,maybe,n,n,
edgedb/edgedb-pkg/integration/containers/python/ubuntu-bionic,edgedb/edgedb-pkg,maybe,n,n,
edgedb/edgedb-pkg/integration/containers/python/ubuntu-xenial,edgedb/edgedb-pkg,maybe,n,n,
edgedb/edgedb-pkg/integration/containers/test/centos-7,edgedb/edgedb-pkg,maybe,n,n,
edgedb/edgedb-pkg/integration/containers/test/debian-stretch,edgedb/edgedb-pkg,maybe,n,n,
edgedb/edgedb-pkg/integration/containers/test/ubuntu-bionic,edgedb/edgedb-pkg,maybe,n,n,
edgedb/edgedb-pkg/integration/containers/test/ubuntu-xenial,edgedb/edgedb-pkg,maybe,n,n,
edgedb/edgedb-pkg/integration/containers/testpublished/centos-7,edgedb/edgedb-pkg,maybe,n,n,
edgedb/edgedb-pkg/integration/containers/testpublished/debian-stretch,edgedb/edgedb-pkg,maybe,n,n,
edgedb/edgedb-pkg/integration/containers/testpublished/ubuntu-bionic,edgedb/edgedb-pkg,maybe,n,n,
edgedb/edgedb-pkg/integration/containers/testpublished/ubuntu-xenial,edgedb/edgedb-pkg,maybe,n,n,
edgedb/edgedb-pkg/integration/containers/upload/debian,edgedb/edgedb-pkg,maybe,n,n,
edgedb/edgedb-pkg/integration/containers/upload/redhat,edgedb/edgedb-pkg,maybe,n,n,
edgedb/edgedb-pkg/integration/linux/build/centos-7,edgedb/edgedb-pkg,maybe,n,n,
edgedb/edgedb-pkg/integration/linux/build/centos-8,edgedb/edgedb-pkg,maybe,n,n,
edgedb/edgedb-pkg/integration/linux/build/debian-bookworm,edgedb/edgedb-pkg,maybe,n,n,
edgedb/edgedb-pkg/integration/linux/build/debian-bullseye,edgedb/edgedb-pkg,maybe,n,n,
edgedb/edgedb-pkg/integration/linux/build/debian-buster,edgedb/edgedb-pkg,maybe,n,n,
edgedb/edgedb-pkg/integration/linux/build/debian-stretch,edgedb/edgedb-pkg,maybe,n,n,
edgedb/edgedb-pkg/integration/linux/build/linux-aarch64,edgedb/edgedb-pkg,maybe,n,n,
edgedb/edgedb-pkg/integration/linux/build/linux-x86_64,edgedb/edgedb-pkg,maybe,n,n,
edgedb/edgedb-pkg/integration/linux/build/linuxmusl-aarch64,edgedb/edgedb-pkg,maybe,n,n,
edgedb/edgedb-pkg/integration/linux/build/linuxmusl-x86_64,edgedb/edgedb-pkg,maybe,n,n,
edgedb/edgedb-pkg/integration/linux/build/rockylinux-9,edgedb/edgedb-pkg,maybe,n,n,
edgedb/edgedb-pkg/integration/linux/build/ubuntu-bionic,edgedb/edgedb-pkg,maybe,n,n,
edgedb/edgedb-pkg/integration/linux/build/ubuntu-focal,edgedb/edgedb-pkg,maybe,n,n,
edgedb/edgedb-pkg/integration/linux/build/ubuntu-jammy,edgedb/edgedb-pkg,maybe,n,n,
edgedb/edgedb-pkg/integration/linux/build/ubuntu-xenial,edgedb/edgedb-pkg,maybe,n,n,
edgedb/edgedb-pkg/integration/linux/test/centos-7,edgedb/edgedb-pkg,maybe,n,n,
edgedb/edgedb-pkg/integration/linux/test/centos-8,edgedb/edgedb-pkg,maybe,n,n,
edgedb/edgedb-pkg/integration/linux/test/debian-bookworm,edgedb/edgedb-pkg,maybe,n,n,
edgedb/edgedb-pkg/integration/linux/test/debian-bullseye,edgedb/edgedb-pkg,maybe,n,n,
edgedb/edgedb-pkg/integration/linux/test/debian-buster,edgedb/edgedb-pkg,maybe,n,n,
edgedb/edgedb-pkg/integration/linux/test/debian-stretch,edgedb/edgedb-pkg,maybe,n,n,
edgedb/edgedb-pkg/integration/linux/test/linux-aarch64,edgedb/edgedb-pkg,maybe,n,n,
edgedb/edgedb-pkg/integration/linux/test/linux-x86_64,edgedb/edgedb-pkg,maybe,n,n,
edgedb/edgedb-pkg/integration/linux/test/linuxmusl-aarch64,edgedb/edgedb-pkg,maybe,n,n,
edgedb/edgedb-pkg/integration/linux/test/linuxmusl-x86_64,edgedb/edgedb-pkg,maybe,n,n,
edgedb/edgedb-pkg/integration/linux/test/rockylinux-9,edgedb/edgedb-pkg,maybe,n,n,
edgedb/edgedb-pkg/integration/linux/test/ubuntu-bionic,edgedb/edgedb-pkg,maybe,n,n,
edgedb/edgedb-pkg/integration/linux/test/ubuntu-focal,edgedb/edgedb-pkg,maybe,n,n,
edgedb/edgedb-pkg/integration/linux/test/ubuntu-jammy,edgedb/edgedb-pkg,maybe,n,n,
edgedb/edgedb-pkg/integration/linux/test/ubuntu-xenial,edgedb/edgedb-pkg,maybe,n,n,
edgedb/edgedb-pkg/integration/linux/testpublished/centos-7,edgedb/edgedb-pkg,maybe,n,n,
edgedb/edgedb-pkg/integration/linux/testpublished/centos-8,edgedb/edgedb-pkg,maybe,n,n,
edgedb/edgedb-pkg/integration/linux/testpublished/debian-bookworm,edgedb/edgedb-pkg,maybe,n,n,
edgedb/edgedb-pkg/integration/linux/testpublished/debian-bullseye,edgedb/edgedb-pkg,maybe,n,n,
edgedb/edgedb-pkg/integration/linux/testpublished/debian-buster,edgedb/edgedb-pkg,maybe,n,n,
edgedb/edgedb-pkg/integration/linux/testpublished/debian-stretch,edgedb/edgedb-pkg,maybe,n,n,
edgedb/edgedb-pkg/integration/linux/testpublished/linux-aarch64,edgedb/edgedb-pkg,maybe,n,n,
edgedb/edgedb-pkg/integration/linux/testpublished/linux-x86_64,edgedb/edgedb-pkg,maybe,n,n,
edgedb/edgedb-pkg/integration/linux/testpublished/linuxmusl-aarch64,edgedb/edgedb-pkg,maybe,n,n,
edgedb/edgedb-pkg/integration/linux/testpublished/linuxmusl-x86_64,edgedb/edgedb-pkg,maybe,n,n,
edgedb/edgedb-pkg/integration/linux/testpublished/rockylinux-9,edgedb/edgedb-pkg,maybe,n,n,
edgedb/edgedb-pkg/integration/linux/testpublished/ubuntu-bionic,edgedb/edgedb-pkg,maybe,n,n,
edgedb/edgedb-pkg/integration/linux/testpublished/ubuntu-focal,edgedb/edgedb-pkg,maybe,n,n,
edgedb/edgedb-pkg/integration/linux/testpublished/ubuntu-jammy,edgedb/edgedb-pkg,maybe,n,n,
edgedb/edgedb-pkg/integration/linux/testpublished/ubuntu-xenial,edgedb/edgedb-pkg,maybe,n,n,
edgedb/edgedb-pkg/integration/linux/upload/centos-7,edgedb/edgedb-pkg,maybe,n,n,
edgedb/edgedb-pkg/integration/linux/upload/centos-8,edgedb/edgedb-pkg,maybe,n,n,
edgedb/edgedb-pkg/integration/linux/upload/debian,edgedb/edgedb-pkg,maybe,n,n,
edgedb/edgedb-pkg/integration/linux/upload/debian-bullseye,edgedb/edgedb-pkg,maybe,n,n,
edgedb/edgedb-pkg/integration/linux/upload/debian-buster,edgedb/edgedb-pkg,maybe,n,n,
edgedb/edgedb-pkg/integration/linux/upload/debian-stretch,edgedb/edgedb-pkg,maybe,n,n,
edgedb/edgedb-pkg/integration/linux/upload/linux-x86_64,edgedb/edgedb-pkg,maybe,n,n,
edgedb/edgedb-pkg/integration/linux/upload/redhat,edgedb/edgedb-pkg,maybe,n,n,
edgedb/edgedb-pkg/integration/linux/upload/ubuntu-bionic,edgedb/edgedb-pkg,maybe,n,n,
edgedb/edgedb-pkg/integration/linux/upload/ubuntu-focal,edgedb/edgedb-pkg,maybe,n,n,
edgedb/edgedb-pkg/integration/linux/upload/ubuntu-xenial,edgedb/edgedb-pkg,maybe,n,n,
edgedb/setup-edgedb,edgedb/setup-edgedb,maybe,y,n,
edx/.github/.github/workflows/commitlint.yml,edx/.github,maybe,n,n,
edx/.github/.github/workflows/upgrade-python-requirements.yml,edx/.github,maybe,n,n,
eed3si9n/tree-sitter-fuzz-action,eed3si9n/tree-sitter-fuzz-action,maybe,n,n,
eggjs/github-actions/.github/workflows/node-release.yml,eggjs/github-actions,maybe,n,n,
ehmicky/dev-tasks/.github/workflows/build.yml,ehmicky/dev-tasks,maybe,n,n,
ehviewer-overhauled/github-action-push-to-another-repository,ehviewer-overhauled/github-action-push-to-another-repository,maybe,,n,
eiennohito/gha-manylinux-build,eiennohito/gha-manylinux-build,maybe,n,n,
einaregilsson/build-number,einaregilsson/build-number,maybe,y,y,y
eine/setup-msys2,eine/setup-msys2,maybe,y,y,y
eine/tip,eine/tip,maybe,n,n,
elastic/apm-pipeline-library/.github/actions/buildkite,elastic/apm-pipeline-library,maybe,n,n,
elastic/apm-pipeline-library/.github/actions/check-dependent-jobs,elastic/apm-pipeline-library,maybe,n,n,
elastic/apm-pipeline-library/.github/actions/docker-login,elastic/apm-pipeline-library,maybe,n,y,y
elastic/apm-pipeline-library/.github/actions/elastic-stack-snapshot-branches,elastic/apm-pipeline-library,maybe,n,n,
elastic/apm-pipeline-library/.github/actions/github-token,elastic/apm-pipeline-library,maybe,n,n,
elastic/apm-pipeline-library/.github/actions/notify-build-status,elastic/apm-pipeline-library,maybe,n,n,
elastic/apm-pipeline-library/.github/actions/opentelemetry,elastic/apm-pipeline-library,maybe,n,n,
elastic/apm-pipeline-library/.github/actions/pre-commit,elastic/apm-pipeline-library,maybe,n,n,
elastic/apm-pipeline-library/.github/actions/setup-git,elastic/apm-pipeline-library,maybe,n,n,
elastic/apm-pipeline-library/.github/actions/setup-npmrc,elastic/apm-pipeline-library,maybe,n,n,
elastic/apm-pipeline-library/.github/actions/slack-message,elastic/apm-pipeline-library,maybe,n,n,
elastic/apm-pipeline-library/.github/actions/snapshoty-simple,elastic/apm-pipeline-library,maybe,n,n,
elastic/apm-pipeline-library/.github/actions/test-report,elastic/apm-pipeline-library,maybe,n,n,
elastic/apm-pipeline-library/.github/actions/updatecli,elastic/apm-pipeline-library,maybe,n,n,
elastic/apm-pipeline-library/.github/actions/version-framework,elastic/apm-pipeline-library,maybe,n,n,
elastic/assign-one-project-github-action,elastic/assign-one-project-github-action,maybe,n,n,
elastic/elastic-github-actions/elasticsearch,elastic/elastic-github-actions,maybe,n,n,
elastic/es-perf-github-status,elastic/es-perf-github-status,maybe,n,n,
elastic/get-user-teams-membership,elastic/get-user-teams-membership,maybe,n,n,
elastic/workflows/.github/workflows/co-docs-a-preview.yml,elastic/workflows,maybe,n,n,
elastic/workflows/.github/workflows/co-docs-b-deploy.yml,elastic/workflows,maybe,n,n,
elastic/workflows/.github/workflows/docs-elastic-co-publish.yml,elastic/workflows,maybe,n,n,
electron/github-app-auth-action,electron/github-app-auth-action,maybe,n,n,
elementary-data/elementary/.github/workflows/notify_slack.yml,elementary-data/elementary,maybe,n,n,
elprans/configure-pagefile-action,elprans/configure-pagefile-action,maybe,n,n,
elprans/gh-action-create-release,elprans/gh-action-create-release,maybe,n,n,
elprans/gha-setup-vcpp-build-tools,elprans/gha-setup-vcpp-build-tools,maybe,n,n,
elprans/gha-win-code-sign,elprans/gha-win-code-sign,maybe,n,n,
elrondnetwork/elrond-actions/.github/workflows/contracts.yml,elrondnetwork/elrond-actions,maybe,,n,
elskom/publish-nuget,elskom/publish-nuget,maybe,,n,
elstudio/actions-js-build/build,elstudio/actions-js-build,maybe,n,n,
elstudio/actions-js-build/commit,elstudio/actions-js-build,maybe,y,n,
emmenko/changesets-action,emmenko/changesets-action,maybe,n,n,
emon100/action-serverchan,emon100/action-serverchan,maybe,,n,
emqx/push-helm-action,emqx/push-helm-action,maybe,n,n,
enarx/.github/.github/workflows/commisery.yml,enarx/.github,maybe,n,n,
enarx/.github/.github/workflows/nix-update.yml,enarx/.github,maybe,n,n,
enarx/commisery-action,enarx/commisery-action,maybe,y,n,
enarx/create-pull-request,enarx/create-pull-request,maybe,n,n,
enarx/spdx,enarx/spdx,maybe,n,n,
endel/npm-publish-action,endel/npm-publish-action,maybe,y,n,
endless-sky/endless-sky/.github/workflows/compute-changes.yml,endless-sky/endless-sky,maybe,n,n,
enghabu/github-project-issue-to-sheets,enghabu/github-project-issue-to-sheets,maybe,,n,
enhancedocs/enhancedocs-github-action,enhancedocs/enhancedocs-github-action,maybe,n,n,
enonic/release-tools/generate-changelog,enonic/release-tools,maybe,n,y,y
enonic/release-tools/publish-vars,enonic/release-tools,maybe,n,n,
enricomi/trigger-pipeline-action,enricomi/trigger-pipeline-action,maybe,,n,
enso-org/ci-build/actions/install,enso-org/ci-build,maybe,n,n,
ente-io/upload-google-play,ente-io/upload-google-play,maybe,n,n,
enthought/setup-edm-action,enthought/setup-edm-action,maybe,y,n,
envoy/install-helm-docs,envoy/install-helm-docs,maybe,n,n,
envoyproxy/toolshed/gh-actions/appauth,envoyproxy/toolshed,maybe,n,n,
envoyproxy/toolshed/gh-actions/diskspace,envoyproxy/toolshed,maybe,n,n,
envoyproxy/toolshed/gh-actions/dispatch,envoyproxy/toolshed,maybe,n,n,
envoyproxy/toolshed/gh-actions/docker/cache/prime,envoyproxy/toolshed,maybe,n,n,
envoyproxy/toolshed/gh-actions/docker/cache/restore,envoyproxy/toolshed,maybe,n,n,
envoyproxy/toolshed/gh-actions/retest,envoyproxy/toolshed,maybe,n,n,
envoyproxy/toolshed/gh-actions/status,envoyproxy/toolshed,maybe,n,n,
envoyproxy/toolshed/gh-actions/using/recurse,envoyproxy/toolshed,maybe,n,n,
epeli/npm-release,epeli/npm-release,maybe,n,n,
epicstep/clickhouse-github-action,epicstep/clickhouse-github-action,maybe,,n,
eprosima/eprosima-ci/external/mirror-branch-action,eprosima/eprosima-ci,maybe,,n,
eprosima/eprosima-ci/ubuntu/get_file_from_repo,eprosima/eprosima-ci,maybe,,n,
eprosima/eprosima-ci/ubuntu/install_apt_packages,eprosima/eprosima-ci,maybe,,n,
eprosima/eprosima-ci/ubuntu/install_colcon,eprosima/eprosima-ci,maybe,,n,
eprosima/eprosima-ci/ubuntu/install_gtest,eprosima/eprosima-ci,maybe,,n,
eprosima/eprosima-ci/ubuntu/install_python_packages,eprosima/eprosima-ci,maybe,,n,
eprosima/eprosima-ci/ubuntu/vcs_import,eprosima/eprosima-ci,maybe,,n,
eprosima/eprosima-ci/windows/install_openssl,eprosima/eprosima-ci,maybe,,n,
epsy/python-workflows/.github/workflows/python-ci.yaml,epsy/python-workflows,maybe,n,n,
epsy/python-workflows/install-tox,epsy/python-workflows,maybe,n,n,
epsy/python-workflows/tox-ci,epsy/python-workflows,maybe,n,n,
equeim/action-cmake-build,equeim/action-cmake-build,maybe,y,n,
equeim/action-setup-msvc-environment,equeim/action-setup-msvc-environment,maybe,n,n,
equeim/action-setup-vcpkg,equeim/action-setup-vcpkg,maybe,n,n,
equeim/action-setup-vcpkg-msvc,equeim/action-setup-vcpkg-msvc,maybe,n,n,
equeim/cache,equeim/cache,maybe,n,n,
equeim/clang-cl-problem-matcher,equeim/clang-cl-problem-matcher,maybe,y,n,
equeim/kotlin-problem-matcher,equeim/kotlin-problem-matcher,maybe,y,n,
equip-collaboration/diff-line-numbers,equip-collaboration/diff-line-numbers,maybe,,n,
eregon/keep-last-n-releases,eregon/keep-last-n-releases,maybe,n,n,
eregon/use-ruby-action,eregon/use-ruby-action,maybe,y,n,
erezrokah/2fa-with-slack-action,erezrokah/2fa-with-slack-action,maybe,n,n,
erezrokah/pr-labeler-action,erezrokah/pr-labeler-action,maybe,n,n,
erezrokah/setup-go,erezrokah/setup-go,maybe,n,n,
ergebnis/.github/actions/composer/determine-cache-directory,ergebnis/.github,maybe,n,n,
ergebnis/.github/actions/composer/install,ergebnis/.github,maybe,n,n,
ergebnis/.github/actions/github/pull-request/add-assignee,ergebnis/.github,maybe,n,n,
ergebnis/.github/actions/github/pull-request/add-label-based-on-branch-name,ergebnis/.github,maybe,n,n,
ergebnis/.github/actions/github/pull-request/approve,ergebnis/.github,maybe,n,n,
ergebnis/.github/actions/github/pull-request/merge,ergebnis/.github,maybe,n,n,
ergebnis/.github/actions/github/pull-request/request-review,ergebnis/.github,maybe,n,n,
ergebnis/.github/actions/github/release/create,ergebnis/.github,maybe,n,n,
ergebnis/.github/actions/phive/install,ergebnis/.github,maybe,n,n,
ergo720/auto-close-issues,ergo720/auto-close-issues,maybe,n,n,
ericcornelissen/labeler,ericcornelissen/labeler,maybe,n,n,
erichdongubler/clippy-check,erichdongubler/clippy-check,maybe,,n,
erickzanardo/flutter-gh-pages,erickzanardo/flutter-gh-pages,maybe,n,n,
ericmj/setup-elixir,ericmj/setup-elixir,maybe,n,n,
ericpre/sphinx-action,ericpre/sphinx-action,maybe,n,n,
erjosito/review-checklist-lint,erjosito/review-checklist-lint,maybe,n,n,
erlef/setup-elixir,erlef/setup-elixir,maybe,y,n,
erpcya/sphinx-action,erpcya/sphinx-action,maybe,n,n,
ersatztv/ersatztv/.github/workflows/artifacts.yml,ersatztv/ersatztv,maybe,n,n,
ersatztv/ersatztv/.github/workflows/docker.yml,ersatztv/ersatztv,maybe,n,n,
erwin1/code-sign-action,erwin1/code-sign-action,maybe,y,n,
erwin1/xcode-notarize,erwin1/xcode-notarize,maybe,y,n,
eskatos/gradle-command-action,eskatos/gradle-command-action,maybe,y,n,
eslint/github-action,eslint/github-action,maybe,n,n,
espressif/github-actions/danger_pr_review,espressif/github-actions,maybe,n,n,
espressif/github-actions/github_pr_to_internal_pr,espressif/github-actions,maybe,n,n,
espressif/github-actions/sync_issues_to_jira,espressif/github-actions,maybe,n,n,
espressif/github-actions/upload_components,espressif/github-actions,maybe,n,n,
ethers-io/hijack-npm-action,ethers-io/hijack-npm-action,maybe,n,n,
ethers-io/sync-s3-action,ethers-io/sync-s3-action,maybe,n,n,
ethersphere/beeload-action,ethersphere/beeload-action,maybe,n,n,
ethersphere/swarm-actions/pr-preview,ethersphere/swarm-actions,maybe,n,n,
ethersphere/swarm-actions/upload-dir,ethersphere/swarm-actions,maybe,n,n,
ethomson/send-tweet-action,ethomson/send-tweet-action,maybe,n,n,
etils-actions/pypi-build-publish,etils-actions/pypi-build-publish,maybe,n,n,
eugene-babichenko/audit-check,eugene-babichenko/audit-check,maybe,y,n,
eugeny/packagecloud-action,eugeny/packagecloud-action,maybe,,n,
eunomia-bpf/prepare-cargo-appimage,eunomia-bpf/prepare-cargo-appimage,maybe,n,n,
evanchooly/workflows/.github/workflows/build.yml,evanchooly/workflows,maybe,n,n,
evanchooly/workflows/.github/workflows/pull-request.yml,evanchooly/workflows,maybe,n,n,
evanchooly/workflows/.github/workflows/release.yml,evanchooly/workflows,maybe,n,n,
evcc-io/evcc/.github/workflows/default.yml,evcc-io/evcc,maybe,n,n,
eventstore/automations/cherry-pick-pr-for-label,eventstore/automations,maybe,,n,
eventstore/automations/pr-check,eventstore/automations,maybe,,n,
eventstore/automations/tag-docker-images,eventstore/automations,maybe,,n,
eventstore/eventstore-client-nodejs/.github/workflows/tests.yml,eventstore/eventstore-client-nodejs,maybe,,n,
eventstore/eventstore/.github/workflows/build-container-reusable.yml,eventstore/eventstore,maybe,,n,
eventstore/eventstore/.github/workflows/build-reusable.yml,eventstore/eventstore,maybe,,n,
ewjoachim/python-coverage-comment-action,ewjoachim/python-coverage-comment-action,maybe,y,n,
excitedleigh/setup-nox,excitedleigh/setup-nox,maybe,y,y,y
exercism/github-actions/.github/workflows/community-contributions.yml,exercism/github-actions,maybe,n,n,
exercism/github-actions/.github/workflows/configlet.yml,exercism/github-actions,maybe,n,n,
exercism/github-actions/.github/workflows/labels.yml,exercism/github-actions,maybe,n,n,
exercism/github-actions/configlet-ci,exercism/github-actions,maybe,n,n,
exoplanet-dev/coveralls-python-action,exoplanet-dev/coveralls-python-action,maybe,y,n,
exram/release-drafter,exram/release-drafter,maybe,,n,
extdn/github-actions-m2/magento-integration-tests,extdn/github-actions-m2,maybe,n,n,
extdn/github-actions-m2/magento-integration-tests/7.2,extdn/github-actions-m2,maybe,n,n,
extdn/github-actions-m2/magento-integration-tests/7.3,extdn/github-actions-m2,maybe,n,n,
extdn/github-actions-m2/magento-integration-tests/7.4,extdn/github-actions-m2,maybe,n,n,
extdn/github-actions-m2/magento-integration-tests/8.1,extdn/github-actions-m2,maybe,n,n,
extdn/github-actions-m2/magento-integration-tests/8.2,extdn/github-actions-m2,maybe,n,n,
extdn/github-actions-m2/magento-phpstan,extdn/github-actions-m2,maybe,n,n,
extdn/github-actions-m2/magento-unit-tests/7.3,extdn/github-actions-m2,maybe,n,n,
extdn/github-actions-m2/magento-unit-tests/7.4,extdn/github-actions-m2,maybe,n,n,
extdn/github-actions-m2/magento-unit-tests/8.1,extdn/github-actions-m2,maybe,n,n,
eyal0/cache,eyal0/cache,maybe,n,n,
eyal0/github-action,eyal0/github-action,maybe,n,n,
ez0n/create-dns-record,ez0n/create-dns-record,maybe,n,n,
ezraberch/action-swiftlint,ezraberch/action-swiftlint,maybe,y,n,
f-secure/flaky-tests-detection,f-secure/flaky-tests-detection,maybe,,n,
f-secure/fliprate_actions,f-secure/fliprate_actions,maybe,,n,
faasm/conan-cache-action,faasm/conan-cache-action,maybe,n,n,
fabiankramm/release-asset-action,fabiankramm/release-asset-action,maybe,,n,
fabriciomurta/ragha-github,fabriciomurta/ragha-github,maybe,n,n,
fabricmc/fabric-action-scripts,fabricmc/fabric-action-scripts,maybe,,n,
fac/ruby-gem-setup-credentials-action,fac/ruby-gem-setup-credentials-action,maybe,n,n,
facebook_auth_platform_interface/codecov/codecov-action,facebook_auth_platform_interface/codecov,maybe,y,n,
fairwindsops/pluto/github-action,fairwindsops/pluto,maybe,,n,
fairwindsops/polaris,fairwindsops/polaris,maybe,y,n,
fairwindsops/polaris/.github/actions/setup-polaris,fairwindsops/polaris,maybe,n,n,
falcosecurity/falco/.github/workflows/reusable_build_docker.yaml,falcosecurity/falco,maybe,n,n,
falcosecurity/falco/.github/workflows/reusable_build_packages.yaml,falcosecurity/falco,maybe,n,n,
falcosecurity/falco/.github/workflows/reusable_publish_docker.yaml,falcosecurity/falco,maybe,n,n,
falcosecurity/falco/.github/workflows/reusable_publish_packages.yaml,falcosecurity/falco,maybe,n,n,
fantasticfiasco/action-update-license-year,fantasticfiasco/action-update-license-year,maybe,,n,
fastai/workflows/quarto-ghp,fastai/workflows,maybe,n,n,
fastify/action-pr-title,fastify/action-pr-title,maybe,n,n,
fastify/workflows/.github/workflows/plugins-ci.yml,fastify/workflows,maybe,n,n,
fastlane/github-actions/fastlane-env-reminder,fastlane/github-actions,maybe,n,n,
fastly/ghaction-import-gpg,fastly/ghaction-import-gpg,maybe,n,n,
fastruby/manage-heroku-review-app,fastruby/manage-heroku-review-app,maybe,n,n,
fastruby/pr-unlabeler,fastruby/pr-unlabeler,maybe,n,n,
fateyan/action-discord-notifier,fateyan/action-discord-notifier,maybe,n,n,
faucetsdn/action-packagecloud-upload-debian-packages,faucetsdn/action-packagecloud-upload-debian-packages,maybe,n,n,
fauguste/auto-cancellation-running-action,fauguste/auto-cancellation-running-action,maybe,n,n,
fbactions/setup-winsdk,fbactions/setup-winsdk,maybe,n,n,
fcollonval/jupyter-releaser/.github/actions/finalize-release,fcollonval/jupyter-releaser,maybe,n,n,
fcollonval/jupyter_releaser/.github/actions/finalize-release,fcollonval/jupyter_releaser,maybe,n,n,
fcollonval/jupyter_releaser/.github/actions/populate-release,fcollonval/jupyter_releaser,maybe,n,n,
fcollonval/jupyter_releaser/.github/actions/prep-release,fcollonval/jupyter_releaser,maybe,n,n,
fcurella/gh-action-bump2version,fcurella/gh-action-bump2version,maybe,n,n,
fcurella/gh-action-label-to-semver,fcurella/gh-action-label-to-semver,maybe,n,n,
fcurella/gh-action-next-version,fcurella/gh-action-next-version,maybe,n,n,
fcurella/gh-action-update-changelog,fcurella/gh-action-update-changelog,maybe,n,n,
fcurella/gh-status-check,fcurella/gh-status-check,maybe,n,n,
featurelabs/create-pull-request,featurelabs/create-pull-request,maybe,,n,
featurelabs/gh-action-pypi-upload,featurelabs/gh-action-pypi-upload,maybe,,n,
featureprobe/featureprobe/.github/workflows/gcloud.yml,featureprobe/featureprobe,maybe,,n,
feelpp/feelpp/.github/workflows/pkg-dist.yml,feelpp/feelpp,maybe,n,n,
felddy/reusable-workflows/.github/workflows/common-lint.yml,felddy/reusable-workflows,maybe,n,n,
felddy/reusable-workflows/.github/workflows/docker-build-image.yml,felddy/reusable-workflows,maybe,n,n,
felddy/reusable-workflows/.github/workflows/docker-metadata.yml,felddy/reusable-workflows,maybe,n,n,
felddy/reusable-workflows/.github/workflows/docker-multi-arch-push.yml,felddy/reusable-workflows,maybe,n,n,
felddy/reusable-workflows/.github/workflows/docker-publish-description.yml,felddy/reusable-workflows,maybe,n,n,
felddy/reusable-workflows/.github/workflows/sbom-artifact.yml,felddy/reusable-workflows,maybe,n,n,
felippechemello/action-npm-global,felippechemello/action-npm-global,maybe,,n,
felix5572/conda-publish-action,felix5572/conda-publish-action,maybe,n,n,
felixfbecker/action-autoupdate-branch,felixfbecker/action-autoupdate-branch,maybe,n,n,
felixfontein/ansible-test-gh-action,felixfontein/ansible-test-gh-action,maybe,y,n,
felixfontein/github-docs-build/.github/workflows/_shared-docs-build-pr.yml,felixfontein/github-docs-build,maybe,n,n,
felixp8/dispatch-and-wait,felixp8/dispatch-and-wait,maybe,n,n,
fermoya/swift-create-xcframework,fermoya/swift-create-xcframework,maybe,n,n,
fernandopasik/actions/setup-node,fernandopasik/actions,maybe,n,n,
fernandrone/linelint,fernandrone/linelint,maybe,y,n,
ferretdb/github-actions/conform-pr,ferretdb/github-actions,maybe,,n,
ferretdb/github-actions/detect-matching-pr,ferretdb/github-actions,maybe,,n,
ferretdb/github-actions/extract-docker-tag,ferretdb/github-actions,maybe,,n,
ferretdb/github-actions/extract-first-url,ferretdb/github-actions,maybe,,n,
ferretdb/github-actions/linters,ferretdb/github-actions,maybe,,n,
ferretdb/github-actions/setup-go,ferretdb/github-actions,maybe,,n,
ferrous-systems/shared-github-actions/aws-oidc,ferrous-systems/shared-github-actions,maybe,n,n,
ferrous-systems/shared-github-actions/github-pages,ferrous-systems/shared-github-actions,maybe,n,n,
ffurrer2/bats-action,ffurrer2/bats-action,maybe,y,n,
ffy00/build-arch-package,ffy00/build-arch-package,maybe,,n,
fheroes2/clang-tidy-pr-comments,fheroes2/clang-tidy-pr-comments,maybe,y,n,
figleafteam/import-codesign-certs,figleafteam/import-codesign-certs,maybe,n,n,
filecoin-project/venus/.github/workflows/common_build_upload.yml,filecoin-project/venus,maybe,n,n,
filecoin-project/venus/.github/workflows/common_docker_image.yml,filecoin-project/venus,maybe,n,n,
filips123/action-gh-release,filips123/action-gh-release,maybe,n,n,
filiptronicek/get-last-job-status,filiptronicek/get-last-job-status,maybe,y,n,
financial-times/origami-labels,financial-times/origami-labels,maybe,,n,
findologic/intellij-format-action,findologic/intellij-format-action,maybe,y,n,
firebase/firebase-admin-node/.github/actions/send-email,firebase/firebase-admin-node,maybe,n,n,
firebase/firebase-admin-node/.github/actions/send-tweet,firebase/firebase-admin-node,maybe,n,n,
firebase/firebase-unity-sdk/gha/unity,firebase/firebase-unity-sdk,maybe,n,n,
firebaseextended/github-actions/firebase-test-lab,firebaseextended/github-actions,maybe,,n,
firebaseextended/github-actions/health-metrics/release-diffing,firebaseextended/github-actions,maybe,,n,
firedancer-io/clusterfuzz-action,firedancer-io/clusterfuzz-action,maybe,n,n,
firedancer-io/fuzzbot-builder,firedancer-io/fuzzbot-builder,maybe,n,n,
firelemons/on-deploy,firelemons/on-deploy,maybe,,n,
firelightflagboy/action-gh-release,firelightflagboy/action-gh-release,maybe,,n,
fish-actions/fisher,fish-actions/fisher,maybe,n,n,
fish-actions/format-check,fish-actions/format-check,maybe,y,n,
fish-actions/syntax-check,fish-actions/syntax-check,maybe,y,n,
fish9167/clang-format-lint-action,fish9167/clang-format-lint-action,maybe,n,n,
fish9167/create-pull-request,fish9167/create-pull-request,maybe,n,n,
fish9167/file-changes-action,fish9167/file-changes-action,maybe,n,n,
fission-suite/publish-action,fission-suite/publish-action,maybe,n,n,
fizyk/actions-reuse/.github/actions/pipenv,fizyk/actions-reuse,maybe,n,n,
fizyk/actions-reuse/.github/workflows/automerge-shared.yml,fizyk/actions-reuse,maybe,n,n,
fizyk/actions-reuse/.github/workflows/linters-python.yml,fizyk/actions-reuse,maybe,n,n,
fizyk/actions-reuse/.github/workflows/pypi.yml,fizyk/actions-reuse,maybe,n,n,
fjcaetano/mint-action,fjcaetano/mint-action,maybe,n,n,
fjorgemota/gha-mjolnir,fjorgemota/gha-mjolnir,maybe,n,n,
fjorgemota/github-action-report-artifact,fjorgemota/github-action-report-artifact,maybe,n,n,
flame-engine/flame-analyze-action,flame-engine/flame-analyze-action,maybe,n,n,
flame-engine/flame-dartdoc-action,flame-engine/flame-dartdoc-action,maybe,n,n,
flame-engine/flame-format-action,flame-engine/flame-format-action,maybe,n,n,
flame-engine/flame-test-action,flame-engine/flame-test-action,maybe,n,n,
flamefire/clang-format-lint-action,flamefire/clang-format-lint-action,maybe,,n,
flank/flank_slack_notifier,flank/flank_slack_notifier,maybe,,n,
flarum/.github/.github/workflows/reusable_frontend.yml,flarum/.github,maybe,,n,
flarum/action-build,flarum/action-build,maybe,y,n,
flarum/action-release,flarum/action-release,maybe,n,n,
flarum/framework/.github/workflows/reusable_frontend.yml,flarum/framework,maybe,,n,
fleskesvor/create-release,fleskesvor/create-release,maybe,n,y,y
flochaz/pkg-size-action,flochaz/pkg-size-action,maybe,n,n,
floralatin/upload-release-action,floralatin/upload-release-action,maybe,n,n,
florg1/github-version-action,florg1/github-version-action,maybe,,y,y
florianreimold/clang-tidy-review,florianreimold/clang-tidy-review,maybe,,n,
flowcrypt/comment-email-address-alerts,flowcrypt/comment-email-address-alerts,maybe,,n,
flowforge/.github/.github/workflows/project-automation.yml,flowforge/.github,maybe,n,n,
flowforge/github-actions-workflows/.github/workflows/publish_node_package.yml,flowforge/github-actions-workflows,maybe,n,n,
flowfuse/.github/.github/workflows/project-automation.yml,flowfuse/.github,maybe,n,n,
flowfuse/github-actions-workflows/.github/workflows/publish_node_package.yml,flowfuse/github-actions-workflows,maybe,n,n,
fluencelabs/aqua-playground/.github/workflows/tests.yml,fluencelabs/aqua-playground,maybe,n,n,
fluencelabs/aqua/.github/workflows/snapshot.yml,fluencelabs/aqua,maybe,n,n,
fluencelabs/aqua/.github/workflows/tests.yml,fluencelabs/aqua,maybe,n,n,
fluencelabs/aquavm/.github/workflows/snapshot-air-interpreter-wasm.yml,fluencelabs/aquavm,maybe,n,n,
fluencelabs/aquavm/.github/workflows/snapshot-avm.yml,fluencelabs/aquavm,maybe,n,n,
fluencelabs/aquavm/.github/workflows/snapshot-cargo.yml,fluencelabs/aquavm,maybe,n,n,
fluencelabs/aquavm/.github/workflows/snapshot.yml,fluencelabs/aquavm,maybe,n,n,
fluencelabs/aquavm/.github/workflows/tests.yml,fluencelabs/aquavm,maybe,n,n,
fluencelabs/decider/.github/workflows/snapshot.yml,fluencelabs/decider,maybe,n,n,
fluencelabs/flox/.github/workflows/snapshot.yml,fluencelabs/flox,maybe,n,n,
fluencelabs/flox/.github/workflows/tests.yml,fluencelabs/flox,maybe,n,n,
fluencelabs/fluence-cli/.github/workflows/snapshot.yml,fluencelabs/fluence-cli,maybe,n,n,
fluencelabs/fluence-cli/.github/workflows/tests.yml,fluencelabs/fluence-cli,maybe,n,n,
fluencelabs/fluence-js/.github/workflows/snapshot.yml,fluencelabs/fluence-js,maybe,n,n,
fluencelabs/fluence-js/.github/workflows/tests.yml,fluencelabs/fluence-js,maybe,n,n,
fluencelabs/github-actions/cargo-publish-snapshot,fluencelabs/github-actions,maybe,n,n,
fluencelabs/github-actions/cargo-set-dependency,fluencelabs/github-actions,maybe,n,n,
fluencelabs/github-actions/generate-snapshot-id,fluencelabs/github-actions,maybe,n,n,
fluencelabs/github-actions/npm-publish-snapshot,fluencelabs/github-actions,maybe,n,n,
fluencelabs/js-client/.github/workflows/snapshot.yml,fluencelabs/js-client,maybe,n,n,
fluencelabs/js-client/.github/workflows/tests.yml,fluencelabs/js-client,maybe,n,n,
fluencelabs/marine-rs-sdk-test/.github/workflows/tests.yml,fluencelabs/marine-rs-sdk-test,maybe,n,n,
fluencelabs/nox-distro/.github/workflows/update_fluence.yml,fluencelabs/nox-distro,maybe,n,n,
fluencelabs/nox/.github/workflows/build.yml,fluencelabs/nox,maybe,n,n,
fluencelabs/nox/.github/workflows/container.yml,fluencelabs/nox,maybe,n,n,
fluencelabs/nox/.github/workflows/tests.yml,fluencelabs/nox,maybe,n,n,
fluencelabs/registry/.github/workflows/tests.yml,fluencelabs/registry,maybe,n,n,
fluencelabs/rust-peer-distro/.github/workflows/update_fluence.yml,fluencelabs/rust-peer-distro,maybe,n,n,
fluencelabs/rust-peer/.github/workflows/build.yml,fluencelabs/rust-peer,maybe,n,n,
fluencelabs/rust-peer/.github/workflows/container.yml,fluencelabs/rust-peer,maybe,n,n,
fluencelabs/rust-peer/.github/workflows/snapshot.yml,fluencelabs/rust-peer,maybe,n,n,
fluencelabs/rust-peer/.github/workflows/tests.yml,fluencelabs/rust-peer,maybe,n,n,
fluencelabs/spell/.github/workflows/snapshot.yml,fluencelabs/spell,maybe,n,n,
fluencelabs/spell/.github/workflows/tests.yml,fluencelabs/spell,maybe,n,n,
fluencelabs/sqlite-wasm-connector/.github/workflows/snapshot.yml,fluencelabs/sqlite-wasm-connector,maybe,n,n,
fluencelabs/sqlite-wasm-connector/.github/workflows/tests.yml,fluencelabs/sqlite-wasm-connector,maybe,n,n,
fluencelabs/sqlite/.github/workflows/build.yml,fluencelabs/sqlite,maybe,n,n,
fluent/fluent-bit-ci/.github/workflows/call-integration-test.yaml,fluent/fluent-bit-ci,maybe,n,n,
fluent/fluent-bit-ci/.github/workflows/call-run-integration-test.yaml,fluent/fluent-bit-ci,maybe,n,n,
fluent/fluent-bit-ci/.github/workflows/call-run-performance-test.yaml,fluent/fluent-bit-ci,maybe,n,n,
fluent/fluent-bit-ci/.github/workflows/call-run-test.yaml,fluent/fluent-bit-ci,maybe,n,n,
fluent/fluent-bit/.github/workflows/call-build-images.yaml,fluent/fluent-bit,maybe,n,n,
fluent/fluent-bit/.github/workflows/call-build-linux-packages.yaml,fluent/fluent-bit,maybe,n,n,
fluent/fluent-bit/.github/workflows/call-build-macos.yaml,fluent/fluent-bit,maybe,n,n,
fluent/fluent-bit/.github/workflows/call-build-packages.yaml,fluent/fluent-bit,maybe,n,n,
fluent/fluent-bit/.github/workflows/call-build-windows.yaml,fluent/fluent-bit,maybe,n,n,
fluent/fluent-bit/.github/workflows/call-integration-image-build.yaml,fluent/fluent-bit,maybe,n,n,
fluent/fluent-bit/.github/workflows/call-integration-test.yaml,fluent/fluent-bit,maybe,n,n,
fluent/fluent-bit/.github/workflows/call-test-images.yaml,fluent/fluent-bit,maybe,n,n,
fluent/fluent-bit/.github/workflows/call-test-packages.yaml,fluent/fluent-bit,maybe,n,n,
fluidattacks/makes,fluidattacks/makes,maybe,y,n,
fluttertools/flutter-fvm-config-action,fluttertools/flutter-fvm-config-action,maybe,n,n,
flux-framework/pr-validator,flux-framework/pr-validator,maybe,n,n,
fluxcd/flux2/action,fluxcd/flux2,maybe,n,n,
fluxcd/kustomize-controller/.github/actions/kubebuilder,fluxcd/kustomize-controller,maybe,n,n,
fluxcd/pkg//actions/crdjsonschema,fluxcd/pkg,maybe,n,n,
fluxcd/pkg//actions/kubebuilder,fluxcd/pkg,maybe,n,n,
fluxcd/pkg//actions/kustomize,fluxcd/pkg,maybe,n,n,
fluxcd/pkg//actions/sbom,fluxcd/pkg,maybe,n,n,
fluxcd/pkg/actions/crdjsonschema,fluxcd/pkg,maybe,n,n,
fluxcd/pkg/actions/envtest,fluxcd/pkg,maybe,n,n,
fluxcd/pkg/actions/helm,fluxcd/pkg,maybe,n,n,
fluxcd/pkg/actions/kubebuilder,fluxcd/pkg,maybe,n,n,
fluxcd/pkg/actions/kubectl,fluxcd/pkg,maybe,n,n,
fluxcd/pkg/actions/kustomize,fluxcd/pkg,maybe,n,n,
fluxcd/pkg/actions/sops,fluxcd/pkg,maybe,n,n,
fluxninja/chatgpt-action,fluxninja/chatgpt-action,maybe,n,n,
fluxninja/chatgpt-pr-reviewer,fluxninja/chatgpt-pr-reviewer,maybe,n,n,
fluxninja/notion-github-action,fluxninja/notion-github-action,maybe,n,n,
fluxninja/openai-pr-reviewer,fluxninja/openai-pr-reviewer,maybe,n,n,
flynshue/version-action,flynshue/version-action,maybe,n,n,
flyteorg/flytetools/.github/workflows/flyte_automation.yml,flyteorg/flytetools,maybe,n,n,
fmrico/action-ros-ci,fmrico/action-ros-ci,maybe,y,n,
fmulero/labeler,fmulero/labeler,maybe,n,n,
fog/.github/.github/workflows/ruby.yml,fog/.github,maybe,n,n,
foo-software/lighthouse-check-status-action,foo-software/lighthouse-check-status-action,maybe,y,n,
foojayio/setup-java,foojayio/setup-java,maybe,y,n,
foosel/github-action-get-latest-release,foosel/github-action-get-latest-release,maybe,n,n,
forcedotcom/salesforcedx-actions,forcedotcom/salesforcedx-actions,maybe,n,n,
forensicmike/pyinstaller-action-windows,forensicmike/pyinstaller-action-windows,maybe,n,n,
form8ion/.github/.github/workflows/release-package.yml,form8ion/.github,maybe,n,n,
fortify/gha-setup-scancentral-client,fortify/gha-setup-scancentral-client,maybe,y,n,
fosslight/.github/.github/workflows/base-check-commit-message.yml,fosslight/.github,maybe,n,n,
foxglove/action-bump-version,foxglove/action-bump-version,maybe,n,n,
foxundermoon/feishu-action,foxundermoon/feishu-action,maybe,n,n,
fprime-community/setup-rpi-sysroot,fprime-community/setup-rpi-sysroot,maybe,n,n,
francismurillo/criterion-compare-action,francismurillo/criterion-compare-action,maybe,,n,
frankdejonge/use-ssh-agent,frankdejonge/use-ssh-agent,maybe,n,n,
frappe/frappe_docker/.github/workflows/docker-build-push.yml,frappe/frappe_docker,maybe,n,n,
fraunhofer-aisec/codyze-action,fraunhofer-aisec/codyze-action,maybe,,n,
fraxiinus/replaybook/.github/workflows/build.yml,fraxiinus/replaybook,maybe,,n,
fred4jupiter/maven-version-update-action,fred4jupiter/maven-version-update-action,maybe,n,n,
fredrikaverpil/pipx-action,fredrikaverpil/pipx-action,maybe,n,n,
fredrikaverpil/poetry-update,fredrikaverpil/poetry-update,maybe,n,n,
fredrikaverpil/setup-pipx,fredrikaverpil/setup-pipx,maybe,n,n,
freecodecamp/crowdin-action,freecodecamp/crowdin-action,maybe,n,n,
freed-wu/update-aur-package,freed-wu/update-aur-package,maybe,,n,
freemasen/tarpaulin-action,freemasen/tarpaulin-action,maybe,,n,
freertos/ci-cd-github-actions/complexity,freertos/ci-cd-github-actions,maybe,,n,
freertos/ci-cd-github-actions/coverage-cop,freertos/ci-cd-github-actions,maybe,,n,
freertos/ci-cd-github-actions/doxygen,freertos/ci-cd-github-actions,maybe,,n,
freertos/ci-cd-github-actions/doxygen-generation,freertos/ci-cd-github-actions,maybe,,n,
freertos/ci-cd-github-actions/executable-monitor,freertos/ci-cd-github-actions,maybe,,n,
freertos/ci-cd-github-actions/formatting,freertos/ci-cd-github-actions,maybe,,n,
freertos/ci-cd-github-actions/formatting-bot,freertos/ci-cd-github-actions,maybe,,n,
freertos/ci-cd-github-actions/link-verifier,freertos/ci-cd-github-actions,maybe,,n,
freertos/ci-cd-github-actions/localhost-echo-server,freertos/ci-cd-github-actions,maybe,,n,
freertos/ci-cd-github-actions/localhost-mqtt-broker,freertos/ci-cd-github-actions,maybe,,n,
freertos/ci-cd-github-actions/manifest-verifier,freertos/ci-cd-github-actions,maybe,,n,
freertos/ci-cd-github-actions/memory_statistics,freertos/ci-cd-github-actions,maybe,,n,
freertos/ci-cd-github-actions/run_cbmc,freertos/ci-cd-github-actions,maybe,,n,
freertos/ci-cd-github-actions/sbom-generator,freertos/ci-cd-github-actions,maybe,,n,
freertos/ci-cd-github-actions/set_up_cbmc_runner,freertos/ci-cd-github-actions,maybe,,n,
freertos/ci-cd-github-actions/spellings,freertos/ci-cd-github-actions,maybe,,n,
freertos/ci-cd-github-actions/ssl-credential-creator,freertos/ci-cd-github-actions,maybe,,n,
fregante/setup-git-token,fregante/setup-git-token,maybe,n,n,
frenck/action-setup-cas,frenck/action-setup-cas,maybe,n,n,
frida/corellium-action,frida/corellium-action,maybe,n,n,
friday/aur-publish-action,friday/aur-publish-action,maybe,n,n,
friendlyanon/fetch-core-count,friendlyanon/fetch-core-count,maybe,n,n,
friendlyanon/setup-vcpkg,friendlyanon/setup-vcpkg,maybe,n,n,
frouioui/paths-filter,frouioui/paths-filter,maybe,n,y,y
fsouza/docker-publish-action,fsouza/docker-publish-action,maybe,n,n,
fsouza/setup-go,fsouza/setup-go,maybe,n,n,
fuellabs/.github/.github/actions/lint-toml-template,fuellabs/.github,maybe,,n,
fuellabs/.github/.github/actions/slack-notify-template,fuellabs/.github,maybe,,n,
fuellabs/changesets-action,fuellabs/changesets-action,maybe,,n,
fuellabs/github-actions/.github/workflows/mdbook-docs.yml,fuellabs/github-actions,maybe,,n,
fuellabs/github-actions/.github/workflows/next-docs.yml,fuellabs/github-actions,maybe,,n,
fuellabs/github-actions/.github/workflows/vp-docs.yml,fuellabs/github-actions,maybe,,n,
fuellabs/github-actions/setups/docker,fuellabs/github-actions,maybe,,n,
fuellabs/github-actions/setups/node,fuellabs/github-actions,maybe,,n,
fuellabs/github-actions/setups/npm,fuellabs/github-actions,maybe,,n,
functionxjb/delete-workflow-runs,functionxjb/delete-workflow-runs,maybe,,n,
funkill/bug-check-action,funkill/bug-check-action,maybe,n,n,
funkyfuture/deck-chores/.github/workflows/build-and-publish.yml,funkyfuture/deck-chores,maybe,n,n,
funkyfuture/deck-chores/.github/workflows/quality-checks.yml,funkyfuture/deck-chores,maybe,n,n,
fusion-engineering/setup-git-credentials,fusion-engineering/setup-git-credentials,maybe,n,n,
futuratrepadeira/changed-files,futuratrepadeira/changed-files,maybe,n,y,y
fuyufjh/automatically-set-milestone-to-issue,fuyufjh/automatically-set-milestone-to-issue,maybe,n,n,
fuzzland/ec2-github-runner,fuzzland/ec2-github-runner,maybe,n,n,
fwal/setup-swift,fwal/setup-swift,maybe,y,n,
fwgs/action-gh-release,fwgs/action-gh-release,maybe,,n,
fwgs/delete-tag-and-release,fwgs/delete-tag-and-release,maybe,,n,
fwgs/flatpak-github-actions/flatpak-builder,fwgs/flatpak-github-actions,maybe,,y,y
fwgs/upload-release-action,fwgs/upload-release-action,maybe,,n,
g-research/charts/.github/workflows/invoke-push.yaml,g-research/charts,maybe,,n,
g4s8/pdd-action,g4s8/pdd-action,maybe,n,n,
gaborcsardi/debian-repo,gaborcsardi/debian-repo,maybe,n,n,
gabrieldemarmiesse/clang-format-lint-action,gabrieldemarmiesse/clang-format-lint-action,maybe,y,n,
gabrielluong/bugzilla-format,gabrielluong/bugzilla-format,maybe,n,n,
gacts/upload-to-release,gacts/upload-to-release,maybe,n,n,
gacts/upx,gacts/upx,maybe,y,n,
galaxyproject/planemo-ci-action,galaxyproject/planemo-ci-action,maybe,y,n,
gamesight/slack-workflow-status,gamesight/slack-workflow-status,maybe,,n,
gap-actions/setup-cygwin,gap-actions/setup-cygwin,maybe,n,n,
gardar/version-drafter-action,gardar/version-drafter-action,maybe,n,n,
garg3133/welcome-new-contributors,garg3133/welcome-new-contributors,maybe,n,n,
garnetos/run-on-arch-action,garnetos/run-on-arch-action,maybe,,n,
garrettjoecox/pr-section,garrettjoecox/pr-section,maybe,n,n,
garronej/action-gh-release,garronej/action-gh-release,maybe,n,n,
garronej/github_actions_toolkit,garronej/github_actions_toolkit,maybe,n,n,
garronej/ts-ci,garronej/ts-ci,maybe,y,n,
gatsbyjs/stale,gatsbyjs/stale,maybe,n,n,
gaurav-nelson/github-action-markdown-link-checkv1,gaurav-nelson/github-action-markdown-link-checkv1,maybe,y,n,
gazebo-tooling/action-gz-ci,gazebo-tooling/action-gz-ci,maybe,y,n,
gazebo-tooling/pr-collection-labeler,gazebo-tooling/pr-collection-labeler,maybe,n,n,
gcmcnutt/setup-mingw,gcmcnutt/setup-mingw,maybe,n,n,
gdubicki/black-action,gdubicki/black-action,maybe,n,n,
gdut-dynamic-x/industrial_ci,gdut-dynamic-x/industrial_ci,maybe,n,n,
geode-solutions/actions/.github/workflows/deploy.yml,geode-solutions/actions,maybe,,n,
geode-solutions/actions/.github/workflows/prepare-pr.yml,geode-solutions/actions,maybe,,n,
geode-solutions/actions/.github/workflows/schedule.yml,geode-solutions/actions,maybe,,n,
geode-solutions/actions/.github/workflows/trigger-release.yml,geode-solutions/actions,maybe,,n,
geofffranks/upload-asset,geofffranks/upload-asset,maybe,n,y,y
geonativefr/android-build-action,geonativefr/android-build-action,maybe,n,n,
georgemac/mage-action,georgemac/mage-action,maybe,,y,y
gerred/actions/current-time,gerred/actions,maybe,n,n,
getgauge-contrib/artifact_as_comment,getgauge-contrib/artifact_as_comment,maybe,n,n,
getong/elasticsearch-action,getong/elasticsearch-action,maybe,y,n,
getong/rabbitmq-action,getong/rabbitmq-action,maybe,y,n,
getong/redis-action,getong/redis-action,maybe,y,n,
getsentry/action-add-labels,getsentry/action-add-labels,maybe,n,n,
getsentry/action-app-sdk-overhead-metrics,getsentry/action-app-sdk-overhead-metrics,maybe,n,n,
getsentry/action-build-aws-lambda-extension,getsentry/action-build-aws-lambda-extension,maybe,n,n,
getsentry/action-enforce-license-compliance,getsentry/action-enforce-license-compliance,maybe,n,n,
getsentry/action-eslint-fix,getsentry/action-eslint-fix,maybe,n,n,
getsentry/action-fast-revert,getsentry/action-fast-revert,maybe,n,n,
getsentry/action-github-commit,getsentry/action-github-commit,maybe,n,n,
getsentry/action-gocd-jsonnet,getsentry/action-gocd-jsonnet,maybe,n,n,
getsentry/action-html-to-image,getsentry/action-html-to-image,maybe,n,n,
getsentry/action-migrations,getsentry/action-migrations,maybe,n,n,
getsentry/action-prepare-release,getsentry/action-prepare-release,maybe,n,n,
getsentry/action-self-hosted-e2e-tests,getsentry/action-self-hosted-e2e-tests,maybe,n,n,
getsentry/action-setup-venv,getsentry/action-setup-venv,maybe,n,n,
getsentry/action-setup-volta,getsentry/action-setup-volta,maybe,n,n,
getsentry/action-validate-gocd-pipelines,getsentry/action-validate-gocd-pipelines,maybe,n,n,
getsentry/action-wait-for-check,getsentry/action-wait-for-check,maybe,y,n,
getsentry/craft,getsentry/craft,maybe,n,n,
getsentry/craft-action,getsentry/craft-action,maybe,n,n,
getsentry/forked-action-lock-threads,getsentry/forked-action-lock-threads,maybe,n,n,
getsentry/github-workflows/.github/workflows/danger.yml,getsentry/github-workflows,maybe,n,n,
getsentry/github-workflows/.github/workflows/submodule-updater.yml,getsentry/github-workflows,maybe,n,n,
getsentry/github-workflows/.github/workflows/updater.yml,getsentry/github-workflows,maybe,n,n,
getsentry/github-workflows/sentry-cli/integration-test/,getsentry/github-workflows,maybe,n,n,
getsentry/paths-filter,getsentry/paths-filter,maybe,n,y,y
getsentry/size-limit-action,getsentry/size-limit-action,maybe,y,n,
getsentry/size-limit-release,getsentry/size-limit-release,maybe,n,n,
getstream/push-stream-chat-docusaurus-action,getstream/push-stream-chat-docusaurus-action,maybe,,n,
gfranks/upload-asset,gfranks/upload-asset,maybe,n,n,
gfreezy/upload-release-asset,gfreezy/upload-release-asset,maybe,n,n,
ggriffiths/github-cherry-pick-action,ggriffiths/github-cherry-pick-action,maybe,n,y,y
ghaith/install-llvm-action,ghaith/install-llvm-action,maybe,n,n,
ghys/checkstyle-github-action,ghys/checkstyle-github-action,maybe,y,n,
giantswarm/install-binary-action,giantswarm/install-binary-action,maybe,n,n,
giltene/setup-java,giltene/setup-java,maybe,n,n,
gimenete/eslint-action,gimenete/eslint-action,maybe,y,n,
ginxo/action-surefire-report,ginxo/action-surefire-report,maybe,n,n,
ginxo/droolsjbpm-build-bootstrap/.ci/actions/build-chain,ginxo/droolsjbpm-build-bootstrap,maybe,n,n,
ginxo/droolsjbpm-build-bootstrap/.ci/actions/cache-maven,ginxo/droolsjbpm-build-bootstrap,maybe,n,n,
ginxo/droolsjbpm-build-bootstrap/.ci/actions/java,ginxo/droolsjbpm-build-bootstrap,maybe,n,n,
ginxo/droolsjbpm-build-bootstrap/.ci/actions/long-paths,ginxo/droolsjbpm-build-bootstrap,maybe,n,n,
ginxo/droolsjbpm-build-bootstrap/.ci/actions/surefire-report,ginxo/droolsjbpm-build-bootstrap,maybe,n,n,
ginxo/github-action-build-chain,ginxo/github-action-build-chain,maybe,,n,
giorio94/rebase,giorio94/rebase,maybe,n,n,
gita-codaio/batch-dependabot,gita-codaio/batch-dependabot,maybe,n,n,
gitcoinco/gh-workflows/.github/workflows/release_and_deploy.yml,gitcoinco/gh-workflows,maybe,n,n,
gitguardian/gg-shield-action,gitguardian/gg-shield-action,maybe,,n,
github/checkout,github/checkout,maybe,n,n,
github/codeql-action+/analyze,github/codeql-action+,maybe,n,n,
github/codeql-action/analyse,github/codeql-action,maybe,n,n,
github/codeql-action/analyze,github/codeql-action,maybe,n,n,
github/codeql-action/autobuild,github/codeql-action,maybe,y,n,
github/codeql-action/init,github/codeql-action,maybe,n,n,
github/codeql-action/initialize,github/codeql-action,maybe,n,n,
github/codeql-action/upload-sarif,github/codeql-action,maybe,n,n,
github/licensed-ci,github/licensed-ci,maybe,y,n,
github/ossar-action,github/ossar-action,maybe,y,n,
github/super-linter,github/super-linter,maybe,y,n,
github/super-linter/slim,github/super-linter,maybe,y,n,
github/update-project-action,github/update-project-action,maybe,n,n,
github/webpack-bundlesize-compare-action,github/webpack-bundlesize-compare-action,maybe,y,n,
githubsecuritylab/actions-permissions/advisor,githubsecuritylab/actions-permissions,maybe,,n,
githubsecuritylab/actions-permissions/monitor,githubsecuritylab/actions-permissions,maybe,,n,
gitpod-io/gce-github-runner/.github/workflows/create-vm.yml,gitpod-io/gce-github-runner,maybe,n,n,
gitpod-io/gce-github-runner/.github/workflows/delete-vm.yml,gitpod-io/gce-github-runner,maybe,n,n,
gitpod-io/gh-app-auth,gitpod-io/gh-app-auth,maybe,n,n,
gitpod-io/gitpod/.github/workflows/jetbrains-auto-update-template.yml,gitpod-io/gitpod,maybe,n,n,
gitpod-io/gitpod/.github/workflows/jetbrains-updates-template.yml,gitpod-io/gitpod,maybe,n,n,
gitrml/delete-workflow-runs,gitrml/delete-workflow-runs,maybe,,n,
gjtorikian/actions/setup-ruby-and-rust,gjtorikian/actions,maybe,n,n,
gkalpak/dev-infra/github-actions/create-pr-for-changes,gkalpak/dev-infra,maybe,n,n,
glacambre/action-compare-coverage,glacambre/action-compare-coverage,maybe,y,n,
glennawatson/coverlet-msbuild,glennawatson/coverlet-msbuild,maybe,y,n,
glennawatson/setup-msbuild,glennawatson/setup-msbuild,maybe,y,y,y
glotzerlab/jetstream2-admin/start,glotzerlab/jetstream2-admin,maybe,n,n,
gluonhq/scenebuilder/.github/workflows/bundles-kit.yml,gluonhq/scenebuilder,maybe,n,n,
gluonhq/scenebuilder/.github/workflows/bundles-linux.yml,gluonhq/scenebuilder,maybe,n,n,
gluonhq/scenebuilder/.github/workflows/bundles-mac.yml,gluonhq/scenebuilder,maybe,n,n,
gluonhq/scenebuilder/.github/workflows/bundles-mac_aarch64.yml,gluonhq/scenebuilder,maybe,n,n,
gluonhq/scenebuilder/.github/workflows/bundles-windows.yml,gluonhq/scenebuilder,maybe,n,n,
gluonhq/setup-graalvm,gluonhq/setup-graalvm,maybe,n,n,
gmlc-tdc/create-pr-action,gmlc-tdc/create-pr-action,maybe,n,n,
gmlc-tdc/helics-action/update-swig-interfaces,gmlc-tdc/helics-action,maybe,n,n,
gnosis/changesets-action-github-releases,gnosis/changesets-action-github-releases,maybe,n,n,
gnosis/cla-github-action,gnosis/cla-github-action,maybe,n,n,
gnosis/github-action,gnosis/github-action,maybe,n,n,
gnosis/safe-react-eslint-action,gnosis/safe-react-eslint-action,maybe,n,n,
gnosis/safe-react-eslint-plus-action,gnosis/safe-react-eslint-plus-action,maybe,n,n,
gnunicorn/setup-matrix-synapse,gnunicorn/setup-matrix-synapse,maybe,n,n,
gnuradio/clang-format-lint-action,gnuradio/clang-format-lint-action,maybe,y,n,
go-faster/x/.github/workflows/ci.yml,go-faster/x,maybe,n,n,
go-faster/x/.github/workflows/codeql.yml,go-faster/x,maybe,n,n,
go-faster/x/.github/workflows/commit.yml,go-faster/x,maybe,n,n,
go-faster/x/.github/workflows/cover.yml,go-faster/x,maybe,n,n,
go-faster/x/.github/workflows/lint.yml,go-faster/x,maybe,n,n,
go-faster/x/.github/workflows/nancy.yml,go-faster/x,maybe,n,n,
go-faster/x/.github/workflows/test.yml,go-faster/x,maybe,n,n,
goalgorilla/create-pull-request,goalgorilla/create-pull-request,maybe,n,n,
goanpeca/action-setup-conda,goanpeca/action-setup-conda,maybe,n,n,
goanpeca/setup-miniconda,goanpeca/setup-miniconda,maybe,y,n,
gobuffalo/.github/.github/workflows/go-test.yml,gobuffalo/.github,maybe,n,n,
gocodebox/.github/.github/actions/setup-e2e,gocodebox/.github,maybe,n,n,
gocodebox/.github/.github/actions/setup-matrix,gocodebox/.github,maybe,n,y,y
gocodebox/.github/.github/actions/setup-phpunit,gocodebox/.github,maybe,n,n,
gocodebox/jest-coverage-report-action,gocodebox/jest-coverage-report-action,maybe,n,n,
godaddy-wordpress/deploy-plugin-artifact,godaddy-wordpress/deploy-plugin-artifact,maybe,n,n,
godaddy-wordpress/setup-godaddy-git-user,godaddy-wordpress/setup-godaddy-git-user,maybe,n,n,
godofredoc/no-response,godofredoc/no-response,maybe,n,n,
goldenchrysus/autobuilder,goldenchrysus/autobuilder,maybe,,n,
golemfactory/build-deb-action,golemfactory/build-deb-action,maybe,n,y,y
google-github-actions/.github/.github/workflows/draft-release.yml,google-github-actions/.github,maybe,n,n,
google-github-actions/.github/.github/workflows/release.yml,google-github-actions/.github,maybe,n,n,
google-github-actions/release-please-action,google-github-actions/release-please-action,maybe,n,n,
google-github-actions/ssh-compute,google-github-actions/ssh-compute,maybe,n,n,
google/closure-compiler-npm/.github/workflows/build.yml,google/closure-compiler-npm,maybe,n,n,
google/clusterfuzzlite/actions/build_fuzzers,google/clusterfuzzlite,maybe,n,n,
google/clusterfuzzlite/actions/run_fuzzers,google/clusterfuzzlite,maybe,n,n,
google/mirror-branch-action,google/mirror-branch-action,maybe,n,n,
google/oss-fuzz/infra/cifuzz/actions,google/oss-fuzz,maybe,n,n,
google/oss-fuzz/infra/cifuzz/actions/build_fuzzers,google/oss-fuzz,maybe,n,n,
google/oss-fuzz/infra/cifuzz/actions/run_fuzzers,google/oss-fuzz,maybe,n,n,
google/osv-scanner/.github/workflows/osv-scanner-reusable-pr.yml,google/osv-scanner,maybe,n,n,
google/osv-scanner/.github/workflows/osv-scanner-reusable-scheduled.yml,google/osv-scanner,maybe,n,n,
google/osv-scanner/.github/workflows/osv-scanner-reusable.yml,google/osv-scanner,maybe,n,n,
google/osv-scanner/actions/diff,google/osv-scanner,maybe,n,n,
google/osv-scanner/actions/reporter,google/osv-scanner,maybe,n,n,
google/osv-scanner/actions/scanner,google/osv-scanner,maybe,n,n,
google/wireit,google/wireit,maybe,n,n,
googleapis/code-suggester,googleapis/code-suggester,maybe,n,n,
googleapis/discovery-artifact-manager/.github/workflows/list-services.yml,googleapis/discovery-artifact-manager,maybe,n,n,
googleapis/java-cloud-bom/tests/validate-bom,googleapis/java-cloud-bom,maybe,n,n,
googlecloudplatform/cloud-opensource-java/linkage-monitor,googlecloudplatform/cloud-opensource-java,maybe,,n,
googlecloudplatform/flaky-service/packages/action,googlecloudplatform/flaky-service,maybe,,n,
googlecloudplatform/functions-framework-conformance/.github/actions/client/install,googlecloudplatform/functions-framework-conformance,maybe,,n,
googlecloudplatform/functions-framework-conformance/.github/workflows/buildpack-integration-test.yml,googlecloudplatform/functions-framework-conformance,maybe,,n,
googlecloudplatform/functions-framework-conformance/action,googlecloudplatform/functions-framework-conformance,maybe,,n,
googlecloudplatform/github-actions/setup-gcloud,googlecloudplatform/github-actions,maybe,,n,
googlecloudplatform/github-actions/upload-cloud-storage,googlecloudplatform/github-actions,maybe,,n,
googlecloudplatform/release-please-action,googlecloudplatform/release-please-action,maybe,,n,
googlecloudplatform/setup-gcloud,googlecloudplatform/setup-gcloud,maybe,,n,
gopherjs/output-size-action/measure,gopherjs/output-size-action,maybe,n,n,
goreleaser/goreleaser-actions,goreleaser/goreleaser-actions,maybe,y,n,
gorzelinski/stale,gorzelinski/stale,maybe,n,n,
gotd/td/.github/workflows/update-schema.yml,gotd/td,maybe,n,n,
gothinkster/realworld/.github/workflows/node-setup.yaml,gothinkster/realworld,maybe,n,n,
gotson/pull-request-comment-branch,gotson/pull-request-comment-branch,maybe,n,n,
gr2m/await-npm-package-version-action,gr2m/await-npm-package-version-action,maybe,n,n,
gr2m/get-json-paths-action,gr2m/get-json-paths-action,maybe,n,n,
gr2m/primer-release-changesets-validator-action,gr2m/primer-release-changesets-validator-action,maybe,n,n,
gr2m/release-notifier-action,gr2m/release-notifier-action,maybe,n,n,
gr2m/twitter-together,gr2m/twitter-together,maybe,n,n,
graalvm/setup-java,graalvm/setup-java,maybe,n,n,
gradio-app/github/actions/comment-pr,gradio-app/github,maybe,n,n,
gradio-app/github/actions/find-pr,gradio-app/github,maybe,n,n,
gradio-app/github/actions/generate-changeset,gradio-app/github,maybe,n,n,
gradio-app/github/actions/get-pr-branch,gradio-app/github,maybe,n,n,
gradio-app/github/actions/publish-pypi,gradio-app/github,maybe,n,n,
gradle/gradle-build-actions,gradle/gradle-build-actions,maybe,y,n,
gradle/gradle-command-action,gradle/gradle-command-action,maybe,y,n,
grafana/helm-charts/.github/workflows/lint-test.yaml,grafana/helm-charts,maybe,n,n,
grafana/helm-charts/.github/workflows/linter.yml,grafana/helm-charts,maybe,n,n,
grafana/helm-charts/.github/workflows/update-helm-repo.yaml,grafana/helm-charts,maybe,n,n,
grafana/security-github-actions/.github/workflows/dependabot-automerge.yaml,grafana/security-github-actions,maybe,n,n,
grafana/security-github-actions/.github/workflows/snyk_monitor.yml,grafana/security-github-actions,maybe,n,n,
grafana/transmog/.github/workflows/dependabot-automerge.yml,grafana/transmog,maybe,n,n,
graiaproject/ariadne/.github/workflows/mk-env.yml,graiaproject/ariadne,maybe,,n,
gramster/pyright-action,gramster/pyright-action,maybe,n,n,
grandcolline/golang-github-actions,grandcolline/golang-github-actions,maybe,n,n,
gravitl/devops/.github/workflows/branchtest.yml,gravitl/devops,maybe,n,n,
gravitl/devops/.github/workflows/netmakerrelease.yml,gravitl/devops,maybe,,n,
gravitl/devops/.github/workflows/terraform.yml,gravitl/devops,maybe,n,n,
gravitl/devops/.github/workflows/testdeploybranch.yml,gravitl/devops,maybe,n,n,
gravitl/github-action-fpm,gravitl/github-action-fpm,maybe,n,n,
gravity-ui/preview-build-action,gravity-ui/preview-build-action,maybe,n,n,
gravity-ui/preview-deploy-action,gravity-ui/preview-deploy-action,maybe,y,n,
gravity-ui/preview-upload-to-s3-action,gravity-ui/preview-upload-to-s3-action,maybe,n,n,
gravity-ui/release-action,gravity-ui/release-action,maybe,n,n,
graycoreio/github-actions/angular-universal-vercel,graycoreio/github-actions,maybe,n,n,
graycoreio/github-actions/angular-universal-vercel-wflw-run,graycoreio/github-actions,maybe,n,n,
graycoreio/github-actions/clear-old-nx-cache,graycoreio/github-actions,maybe,n,n,
graycoreio/github-actions/set-versions-from-root,graycoreio/github-actions,maybe,n,n,
graycoreio/github-actions/setup-node,graycoreio/github-actions,maybe,n,n,
graylog2/create-pull-request,graylog2/create-pull-request,maybe,,n,
graylog2/reviewbot,graylog2/reviewbot,maybe,,n,
green-software-foundation/carbon-aware-sdk,green-software-foundation/carbon-aware-sdk,maybe,,n,
greenbone/actions/artifacts-download-trigger,greenbone/actions,maybe,n,n,
greenbone/actions/check-version,greenbone/actions,maybe,n,y,y
greenbone/actions/container-image-tags,greenbone/actions,maybe,n,n,
greenbone/actions/conventional-commits,greenbone/actions,maybe,n,n,
greenbone/actions/coverage-python,greenbone/actions,maybe,n,n,
greenbone/actions/dependency-review,greenbone/actions,maybe,n,n,
greenbone/actions/doc-coverage-clang,greenbone/actions,maybe,n,n,
greenbone/actions/download-artifact,greenbone/actions,maybe,n,y,y
greenbone/actions/helm-build-push,greenbone/actions,maybe,n,n,
greenbone/actions/helm-version-upgrade,greenbone/actions,maybe,n,n,
greenbone/actions/is-latest-tag,greenbone/actions,maybe,n,n,
greenbone/actions/lint-python,greenbone/actions,maybe,n,n,
greenbone/actions/mypy-python,greenbone/actions,maybe,n,n,
greenbone/actions/poetry,greenbone/actions,maybe,n,n,
greenbone/actions/pypi-upload,greenbone/actions,maybe,n,y,y
greenbone/actions/reference-version,greenbone/actions,maybe,n,n,
greenbone/actions/release,greenbone/actions,maybe,n,n,
greenbone/actions/release-python,greenbone/actions,maybe,n,n,
greenbone/actions/release-type,greenbone/actions,maybe,n,n,
greenbone/actions/sbom-upload,greenbone/actions,maybe,n,n,
greenbone/actions/setup-pontos,greenbone/actions,maybe,n,n,
greenbone/actions/sign-release-files,greenbone/actions,maybe,n,n,
greenbone/actions/trigger-workflow,greenbone/actions,maybe,n,y,y
greenbone/actions/update-header,greenbone/actions,maybe,n,n,
greenbone/workflows/.github/workflows/check-version.yml,greenbone/workflows,maybe,n,n,
greenbone/workflows/.github/workflows/ci-python.yml,greenbone/workflows,maybe,n,n,
greenbone/workflows/.github/workflows/deploy-pypi.yml,greenbone/workflows,maybe,n,n,
greenbone/workflows/.github/workflows/docs-python.yml,greenbone/workflows,maybe,n,n,
greenbone/workflows/.github/workflows/lint-python.yml,greenbone/workflows,maybe,n,n,
greenbone/workflows/.github/workflows/release-python.yml,greenbone/workflows,maybe,n,n,
greenbone/workflows/.github/workflows/test-python.yml,greenbone/workflows,maybe,n,n,
greenbone/workflows/.github/workflows/typing-python.yml,greenbone/workflows,maybe,n,n,
greg0ire/.github/.github/workflows/static-analysis.yml,greg0ire/.github,maybe,n,n,
gremlinq/cosmos-emulator-github-action,gremlinq/cosmos-emulator-github-action,maybe,,n,
grizz/workflows/poetry,grizz/workflows,maybe,n,n,
gruelbox/create-pull-request,gruelbox/create-pull-request,maybe,n,n,
gsa/cg-cli-tools,gsa/cg-cli-tools,maybe,n,n,
gscept/action-telegram,gscept/action-telegram,maybe,n,n,
guardian/.github/.github/workflows/sbt-node-snyk.yml,guardian/.github,maybe,n,n,
guardian/actions-riff-raff,guardian/actions-riff-raff,maybe,n,n,
guardian/actions-setup-node,guardian/actions-setup-node,maybe,n,n,
guguducken/pull-issue-reviewer,guguducken/pull-issue-reviewer,maybe,n,n,
guilhermelimak/github-action-merge-dependabot,guilhermelimak/github-action-merge-dependabot,maybe,n,n,
guillaumefalourd/poc-github-actions/.github/workflows/33-reusable-workflow.yml,guillaumefalourd/poc-github-actions,maybe,,n,
guillaumefalourd/poc-github-actions/.github/workflows/48-reusable-workflow-1.yml,guillaumefalourd/poc-github-actions,maybe,,n,
guillaumefalourd/poc-github-actions/.github/workflows/48-reusable-workflow-2.yml,guillaumefalourd/poc-github-actions,maybe,,n,
guillaumefalourd/poc-github-actions/.github/workflows/48-reusable-workflow-3.yml,guillaumefalourd/poc-github-actions,maybe,,n,
guillaumefalourd/poc-github-actions/.github/workflows/57-reusable-workflow.yml,guillaumefalourd/poc-github-actions,maybe,,n,
guillaumefalourd/poc-github-actions/.github/workflows/workflow-tester52-reusable.yml,guillaumefalourd/poc-github-actions,maybe,,n,
guillaumefalourd/poc-github-actions/.github/workflows/workflow-tester62.yml,guillaumefalourd/poc-github-actions,maybe,,n,
guillaumefalourd/poc-github-actions/.github/workflows/workflow-tester78.yaml,guillaumefalourd/poc-github-actions,maybe,,n,
guillaumefalourd/poc-github-actions/.github/workflows/workflow-tester78.yml,guillaumefalourd/poc-github-actions,maybe,,n,
guillaumefalourd/poc-github-actions/.github/workflows/workflow-tester88-reusable.yml,guillaumefalourd/poc-github-actions,maybe,,n,
guillaumefalourd/pull-request-action,guillaumefalourd/pull-request-action,maybe,,n,
guillaumefalourd/ritchie-action-shell,guillaumefalourd/ritchie-action-shell,maybe,,n,
guilyx/waka-readme,guilyx/waka-readme,maybe,n,n,
gustl22/flutter-action,gustl22/flutter-action,maybe,,y,y
guyarb/golang-test-annoations,guyarb/golang-test-annoations,maybe,y,n,
guybedford/chomp-action,guybedford/chomp-action,maybe,y,n,
gytis/maven-release-action,gytis/maven-release-action,maybe,n,n,
h4m5ter/milestone-backlog,h4m5ter/milestone-backlog,maybe,,n,
hack-different/apple-knowledge/.github/workflows/build-jekyll.yml,hack-different/apple-knowledge,maybe,n,n,
hack-different/apple-knowledge/.github/workflows/build-node.yml,hack-different/apple-knowledge,maybe,n,n,
hack-different/apple-knowledge/.github/workflows/build-python.yml,hack-different/apple-knowledge,maybe,n,n,
hack-different/apple-knowledge/.github/workflows/build-ruby.yml,hack-different/apple-knowledge,maybe,n,n,
hack-different/apple-knowledge/.github/workflows/build-test.yml,hack-different/apple-knowledge,maybe,n,n,
hack-different/apple-knowledge/.github/workflows/ruby-ci.yml,hack-different/apple-knowledge,maybe,n,n,
hack-different/jekyll-action,hack-different/jekyll-action,maybe,n,y,y
hackvertor/release-action,hackvertor/release-action,maybe,n,n,
hacs/actions,hacs/actions,maybe,n,n,
hacs/integration/action,hacs/integration,maybe,n,n,
haishanh/actions-telegram-notification,haishanh/actions-telegram-notification,maybe,n,n,
hallee/eslint-action,hallee/eslint-action,maybe,y,n,
halo-sigs/actions/admin-env-setup,halo-sigs/actions,maybe,n,n,
halo-sigs/actions/admin-next-docker-build-push,halo-sigs/actions,maybe,n,n,
halo-sigs/actions/halo-next-docker-build,halo-sigs/actions,maybe,n,n,
haltuf/mysql-action,haltuf/mysql-action,maybe,n,n,
hanabi1224/cache-cargo-bin-action,hanabi1224/cache-cargo-bin-action,maybe,y,n,
hanabi1224/sccache-action,hanabi1224/sccache-action,maybe,y,y,y
hankolsen/setup-android-tools,hankolsen/setup-android-tools,maybe,n,n,
hankolsen/xvfb-action,hankolsen/xvfb-action,maybe,n,n,
hannesa2/action-android/emulator-run-cmd,hannesa2/action-android,maybe,y,n,
hannesa2/action-android/install-sdk,hannesa2/action-android,maybe,n,n,
hans5958/changed-files,hans5958/changed-files,maybe,,n,
hans5958/validate-json-action,hans5958/validate-json-action,maybe,,n,
hansl/conventional-pr-title-action,hansl/conventional-pr-title-action,maybe,y,n,
hapijs/.github/.github/workflows/ci-module.yml,hapijs/.github,maybe,n,n,
hapijs/.github/.github/workflows/ci-plugin.yml,hapijs/.github,maybe,n,n,
happypig375/github-action-benchmark,happypig375/github-action-benchmark,maybe,,n,
haraka/.github/.github/workflows/lint.yml,haraka/.github,maybe,n,n,
haraka/.github/.github/workflows/windows.yml,haraka/.github,maybe,n,n,
harikrishnanbalagopal/upload-release-action,harikrishnanbalagopal/upload-release-action,maybe,,n,
harisekhon/github-actions/.github/workflows/alpine.yaml,harisekhon/github-actions,maybe,,n,
harisekhon/github-actions/.github/workflows/alpine3.yaml,harisekhon/github-actions,maybe,,n,
harisekhon/github-actions/.github/workflows/centos.yaml,harisekhon/github-actions,maybe,,n,
harisekhon/github-actions/.github/workflows/checkov.yaml,harisekhon/github-actions,maybe,,n,
harisekhon/github-actions/.github/workflows/codeowners.yaml,harisekhon/github-actions,maybe,,n,
harisekhon/github-actions/.github/workflows/datree.yaml,harisekhon/github-actions,maybe,,n,
harisekhon/github-actions/.github/workflows/debian.yaml,harisekhon/github-actions,maybe,,n,
harisekhon/github-actions/.github/workflows/debian10.yaml,harisekhon/github-actions,maybe,,n,
harisekhon/github-actions/.github/workflows/debian8.yaml,harisekhon/github-actions,maybe,,n,
harisekhon/github-actions/.github/workflows/debian9.yaml,harisekhon/github-actions,maybe,,n,
harisekhon/github-actions/.github/workflows/docker_build.yaml,harisekhon/github-actions,maybe,,n,
harisekhon/github-actions/.github/workflows/docker_build_ghcr.yaml,harisekhon/github-actions,maybe,,n,
harisekhon/github-actions/.github/workflows/fedora.yaml,harisekhon/github-actions,maybe,,n,
harisekhon/github-actions/.github/workflows/fork-sync.yaml,harisekhon/github-actions,maybe,,n,
harisekhon/github-actions/.github/workflows/fork-update-pr.yaml,harisekhon/github-actions,maybe,,n,
harisekhon/github-actions/.github/workflows/fork-update.yaml,harisekhon/github-actions,maybe,,n,
harisekhon/github-actions/.github/workflows/json.yaml,harisekhon/github-actions,maybe,,n,
harisekhon/github-actions/.github/workflows/kics.yaml,harisekhon/github-actions,maybe,,n,
harisekhon/github-actions/.github/workflows/mac.yaml,harisekhon/github-actions,maybe,,n,
harisekhon/github-actions/.github/workflows/make.yaml,harisekhon/github-actions,maybe,,n,
harisekhon/github-actions/.github/workflows/perl.yaml,harisekhon/github-actions,maybe,,n,
harisekhon/github-actions/.github/workflows/pluto.yaml,harisekhon/github-actions,maybe,,n,
harisekhon/github-actions/.github/workflows/polaris.yaml,harisekhon/github-actions,maybe,,n,
harisekhon/github-actions/.github/workflows/pypy2.yaml,harisekhon/github-actions,maybe,,n,
harisekhon/github-actions/.github/workflows/pypy3.yaml,harisekhon/github-actions,maybe,,n,
harisekhon/github-actions/.github/workflows/python.yaml,harisekhon/github-actions,maybe,,n,
harisekhon/github-actions/.github/workflows/python2.7.yaml,harisekhon/github-actions,maybe,,n,
harisekhon/github-actions/.github/workflows/python3.5.yaml,harisekhon/github-actions,maybe,,n,
harisekhon/github-actions/.github/workflows/python3.6.yaml,harisekhon/github-actions,maybe,,n,
harisekhon/github-actions/.github/workflows/python3.7.yaml,harisekhon/github-actions,maybe,,n,
harisekhon/github-actions/.github/workflows/python3.8.yaml,harisekhon/github-actions,maybe,,n,
harisekhon/github-actions/.github/workflows/semgrep-cloud.yaml,harisekhon/github-actions,maybe,,n,
harisekhon/github-actions/.github/workflows/semgrep.yaml,harisekhon/github-actions,maybe,,n,
harisekhon/github-actions/.github/workflows/shellcheck.yaml,harisekhon/github-actions,maybe,,n,
harisekhon/github-actions/.github/workflows/sonarcloud.yaml,harisekhon/github-actions,maybe,,n,
harisekhon/github-actions/.github/workflows/trivy.yaml,harisekhon/github-actions,maybe,,n,
harisekhon/github-actions/.github/workflows/ubuntu.yaml,harisekhon/github-actions,maybe,,n,
harisekhon/github-actions/.github/workflows/ubuntu14.yaml,harisekhon/github-actions,maybe,,n,
harisekhon/github-actions/.github/workflows/ubuntu16.yaml,harisekhon/github-actions,maybe,,n,
harisekhon/github-actions/.github/workflows/ubuntu18.yaml,harisekhon/github-actions,maybe,,n,
harisekhon/github-actions/.github/workflows/ubuntu20.yaml,harisekhon/github-actions,maybe,,n,
harisekhon/github-actions/.github/workflows/ubuntu_github.yaml,harisekhon/github-actions,maybe,,n,
harisekhon/github-actions/.github/workflows/validate.yaml,harisekhon/github-actions,maybe,,n,
harisekhon/github-actions/.github/workflows/xml.yaml,harisekhon/github-actions,maybe,,n,
harisekhon/github-actions/.github/workflows/yaml.yaml,harisekhon/github-actions,maybe,,n,
harjotgill/chatgpt-action,harjotgill/chatgpt-action,maybe,n,n,
harrisonkaiser/autopep8_action,harrisonkaiser/autopep8_action,maybe,n,n,
harrisonkaiser/clang-format-action,harrisonkaiser/clang-format-action,maybe,n,n,
harupy/find-trailing-whitespace,harupy/find-trailing-whitespace,maybe,y,n,
harupy/stale,harupy/stale,maybe,n,n,
harvard-lil/docker-compose-update-action,harvard-lil/docker-compose-update-action,maybe,n,n,
hashicorp-contrib/setup-packer,hashicorp-contrib/setup-packer,maybe,n,y,y
hashicorp-forge/go-test-split-action,hashicorp-forge/go-test-split-action,maybe,y,n,
hashicorp-forge/terraform-cloud-action/apply,hashicorp-forge/terraform-cloud-action,maybe,n,n,
hashicorp-forge/terraform-cloud-action/destroy,hashicorp-forge/terraform-cloud-action,maybe,n,n,
hashicorp-forge/terraform-cloud-action/outputs,hashicorp-forge/terraform-cloud-action,maybe,n,n,
hashicorp-forge/terraform-cloud-outputs-action,hashicorp-forge/terraform-cloud-outputs-action,maybe,n,n,
hashicorp-forge/terraform-cloud-run-action,hashicorp-forge/terraform-cloud-run-action,maybe,n,n,
hashicorp/action-setup-enos,hashicorp/action-setup-enos,maybe,n,n,
hashicorp/action-setup-waypoint,hashicorp/action-setup-waypoint,maybe,n,n,
hashicorp/actions-create-release-branch,hashicorp/actions-create-release-branch,maybe,n,n,
hashicorp/actions-docker-build,hashicorp/actions-docker-build,maybe,n,n,
hashicorp/actions-generate-metadata,hashicorp/actions-generate-metadata,maybe,n,n,
hashicorp/actions-go-build,hashicorp/actions-go-build,maybe,n,n,
hashicorp/actions-hc-releases-create-metadata,hashicorp/actions-hc-releases-create-metadata,maybe,n,n,
hashicorp/actions-hc-releases-promote,hashicorp/actions-hc-releases-promote,maybe,n,n,
hashicorp/actions-packaging-linux,hashicorp/actions-packaging-linux,maybe,n,n,
hashicorp/actions-set-product-version,hashicorp/actions-set-product-version,maybe,n,n,
hashicorp/actions-setup-hc-releases,hashicorp/actions-setup-hc-releases,maybe,n,n,
hashicorp/actions-slack-status,hashicorp/actions-slack-status,maybe,n,n,
hashicorp/cloud-gha-slack-notifier,hashicorp/cloud-gha-slack-notifier,maybe,n,n,
hashicorp/consul-k8s/.github/workflows/reusable-golangci-lint.yml,hashicorp/consul-k8s,maybe,n,n,
hashicorp/consul-k8s/.github/workflows/reusable-unit.yml,hashicorp/consul-k8s,maybe,n,n,
hashicorp/dev-portal/.github/workflows/docs-content-check-legacy-links-format.yml,hashicorp/dev-portal,maybe,n,n,
hashicorp/doormat-action,hashicorp/doormat-action,maybe,n,n,
hashicorp/ghaction-import-gpg,hashicorp/ghaction-import-gpg,maybe,n,n,
hashicorp/ghaction-terraform-provider-release/.github/workflows/community.yml,hashicorp/ghaction-terraform-provider-release,maybe,n,n,
hashicorp/ghaction-terraform-provider-release/.github/workflows/hashicorp.yml,hashicorp/ghaction-terraform-provider-release,maybe,n,n,
hashicorp/package,hashicorp/package,maybe,n,n,
hashicorp/packer-github-actions,hashicorp/packer-github-actions,maybe,y,n,
hashicorp/packer/.github/workflows/build.yml,hashicorp/packer,maybe,n,n,
hashicorp/setup-copywrite,hashicorp/setup-copywrite,maybe,n,n,
hashicorp/setup-golang,hashicorp/setup-golang,maybe,n,n,
hashicorp/setup-hc-releases,hashicorp/setup-hc-releases,maybe,n,n,
hashicorp/setup-signore,hashicorp/setup-signore,maybe,n,n,
hashicorp/setup-signore-package,hashicorp/setup-signore-package,maybe,n,n,
hashicorp/terraform-cdk/.github/workflows/registry-docs-pr-based.yml,hashicorp/terraform-cdk,maybe,n,n,
hashicorp/terraform-github-actions,hashicorp/terraform-github-actions,maybe,n,n,
hashicorp/terraform-provider-tfe/.github/workflows/jira-issue-sync.yml,hashicorp/terraform-provider-tfe,maybe,n,n,
hashicorp/terraform-random-tfe-utility/.github/workflows/create-jira-issue.yml,hashicorp/terraform-random-tfe-utility,maybe,n,n,
hashicorp/tfc-workflows-github/actions/apply-run,hashicorp/tfc-workflows-github,maybe,y,n,
hashicorp/tfc-workflows-github/actions/create-run,hashicorp/tfc-workflows-github,maybe,y,n,
hashicorp/tfc-workflows-github/actions/plan-output,hashicorp/tfc-workflows-github,maybe,y,n,
hashicorp/tfc-workflows-github/actions/upload-configuration,hashicorp/tfc-workflows-github,maybe,y,n,
hashicorp/vault-workflows-common/.github/workflows/actionlint.yaml,hashicorp/vault-workflows-common,maybe,n,n,
hashicorp/vault-workflows-common/.github/workflows/jira.yaml,hashicorp/vault-workflows-common,maybe,n,n,
haskell/actions/hlint-run,haskell/actions,maybe,y,n,
haskell/actions/hlint-setup,haskell/actions,maybe,n,n,
haskell/actions/setup,haskell/actions,maybe,n,n,
hassanabouelela/actions/setup-python,hassanabouelela/actions,maybe,,n,
hassio-addons/workflows/.github/workflows/addon-ci.yaml,hassio-addons/workflows,maybe,n,n,
hassio-addons/workflows/.github/workflows/addon-deploy.yaml,hassio-addons/workflows,maybe,n,n,
hassio-addons/workflows/.github/workflows/labels.yaml,hassio-addons/workflows,maybe,n,n,
hassio-addons/workflows/.github/workflows/lock.yaml,hassio-addons/workflows,maybe,n,n,
hassio-addons/workflows/.github/workflows/pr-labels.yaml,hassio-addons/workflows,maybe,n,n,
hassio-addons/workflows/.github/workflows/release-drafter.yaml,hassio-addons/workflows,maybe,n,n,
hassio-addons/workflows/.github/workflows/stale.yaml,hassio-addons/workflows,maybe,n,n,
havendv/workflows/.github/workflows/dotnet_build-test-publish.yml,havendv/workflows,maybe,,n,
haveyoudebuggedit/gotestfmt-action,haveyoudebuggedit/gotestfmt-action,maybe,y,n,
hay-kot/homebox/.github/workflows/frontend.yaml,hay-kot/homebox,maybe,n,n,
hay-kot/homebox/.github/workflows/go.yaml,hay-kot/homebox,maybe,n,n,
hay-kot/homebox/.github/workflows/partial-backend.yaml,hay-kot/homebox,maybe,n,n,
hay-kot/homebox/.github/workflows/partial-frontend.yaml,hay-kot/homebox,maybe,n,n,
hay-kot/homebox/.github/workflows/partial-publish.yaml,hay-kot/homebox,maybe,n,n,
hay-kot/mealie/.github/workflows/partial-backend.yml,hay-kot/mealie,maybe,n,n,
hay-kot/mealie/.github/workflows/partial-builder.yml,hay-kot/mealie,maybe,n,n,
hay-kot/mealie/.github/workflows/partial-frontend.yml,hay-kot/mealie,maybe,n,n,
haya14busa/action-depup,haya14busa/action-depup,maybe,n,n,
hazelcast/github-jira-tool-action,hazelcast/github-jira-tool-action,maybe,n,n,
hazelcast/hazelcast-tpm/jira,hazelcast/hazelcast-tpm,maybe,n,n,
hazelcast/hazelcast-tpm/membership,hazelcast/hazelcast-tpm,maybe,n,n,
he0119/nonebot2-plugin-issue-bot,he0119/nonebot2-plugin-issue-bot,maybe,n,n,
he0119/setup-python,he0119/setup-python,maybe,n,n,
heartexlabs/label-studio-converter/.github/workflows/build_pypi.yml,heartexlabs/label-studio-converter,maybe,n,n,
heartexlabs/label-studio-converter/.github/workflows/release-set-version.yml,heartexlabs/label-studio-converter,maybe,n,n,
heartexlabs/label-studio-frontend/.github/workflows/build_bundle.yml,heartexlabs/label-studio-frontend,maybe,n,n,
heartexlabs/label-studio-frontend/.github/workflows/e2e_tests.yml,heartexlabs/label-studio-frontend,maybe,n,n,
heartexlabs/label-studio-frontend/.github/workflows/eslint.yml,heartexlabs/label-studio-frontend,maybe,n,n,
heartexlabs/label-studio-frontend/.github/workflows/fun_tests.yml,heartexlabs/label-studio-frontend,maybe,n,n,
heartexlabs/label-studio-frontend/.github/workflows/tests_coverage.yml,heartexlabs/label-studio-frontend,maybe,n,n,
heartexlabs/label-studio-frontend/.github/workflows/unit_tests.yml,heartexlabs/label-studio-frontend,maybe,n,n,
hebilicious/reproduire,hebilicious/reproduire,maybe,,n,
hecomi/create-upm-branch-action,hecomi/create-upm-branch-action,maybe,n,n,
hecrj/download-release-action,hecrj/download-release-action,maybe,n,n,
hectorj2f/cosign-installer,hectorj2f/cosign-installer,maybe,y,y,y
hedgehog-computing/github-token-action,hedgehog-computing/github-token-action,maybe,,n,
heidi-pay/gha-delete-artifacts,heidi-pay/gha-delete-artifacts,maybe,n,n,
heinrichreimer/github-changelog-generator-action,heinrichreimer/github-changelog-generator-action,maybe,n,n,
heisenberg-2077/use-npm-token-action,heisenberg-2077/use-npm-token-action,maybe,n,n,
helaili/jekyll-action,helaili/jekyll-action,maybe,y,y,y
helix-editor/rust-toolchain,helix-editor/rust-toolchain,maybe,n,n,
heroku/use-app-token-action,heroku/use-app-token-action,maybe,n,n,
hetznercloud/.github/.github/workflows/stale.yml,hetznercloud/.github,maybe,n,n,
hetznercloud/tps-action,hetznercloud/tps-action,maybe,n,n,
hexagonkt/.github/.github/workflows/graalvm_gradle.yml,hexagonkt/.github,maybe,n,n,
hexagonkt/.github/.github/workflows/gradle.yml,hexagonkt/.github,maybe,n,n,
hexagonkt/hexagon/.github/workflows/site.yml,hexagonkt/hexagon,maybe,n,n,
higarfield/cachewrtbuild,higarfield/cachewrtbuild,maybe,,n,
hikogui/install-vulkan-sdk-action/install-sdk,hikogui/install-vulkan-sdk-action,maybe,n,n,
hikogui/install-vulkan-sdk-action/sdk-version,hikogui/install-vulkan-sdk-action,maybe,n,n,
hirnidrin/free-disk-space,hirnidrin/free-disk-space,maybe,n,y,y
hivemq/hivemq-snyk-composite-action,hivemq/hivemq-snyk-composite-action,maybe,n,n,
hkusu/status-create-action,hkusu/status-create-action,maybe,n,y,y
hl7/bidi-checker-action,hl7/bidi-checker-action,maybe,,n,
ho-nl/next-bundlesize-action,ho-nl/next-bundlesize-action,maybe,y,n,
hole19/git-tag-action,hole19/git-tag-action,maybe,y,y,y
holoviz-dev/holoviz_tasks/.github/workflows/run_downstream_tests.yaml,holoviz-dev/holoviz_tasks,maybe,n,n,
holoviz-dev/holoviz_tasks/install,holoviz-dev/holoviz_tasks,maybe,n,n,
holoviz-dev/holoviz_tasks/pre-commit,holoviz-dev/holoviz_tasks,maybe,n,n,
home-assistant/actions/hassfest,home-assistant/actions,maybe,n,n,
home-assistant/actions/helpers/cas,home-assistant/actions,maybe,n,n,
home-assistant/actions/helpers/codenotary,home-assistant/actions,maybe,n,n,
home-assistant/actions/helpers/git-init,home-assistant/actions,maybe,n,n,
home-assistant/actions/helpers/info,home-assistant/actions,maybe,n,n,
home-assistant/actions/helpers/vcn,home-assistant/actions,maybe,n,n,
home-assistant/actions/helpers/verify-version,home-assistant/actions,maybe,n,y,y
home-assistant/actions/helpers/version,home-assistant/actions,maybe,n,n,
home-assistant/actions/helpers/version-push,home-assistant/actions,maybe,n,n,
home-assistant/wheels,home-assistant/wheels,maybe,n,n,
homebrew/actions/brew-script,homebrew/actions,maybe,,n,
homebrew/actions/bump-formula,homebrew/actions,maybe,,n,
homebrew/actions/bump-formulae,homebrew/actions,maybe,,n,
homebrew/actions/bump-packages,homebrew/actions,maybe,,n,
homebrew/actions/cancel-previous-runs,homebrew/actions,maybe,,n,
homebrew/actions/check-commit-format,homebrew/actions,maybe,,n,
homebrew/actions/create-gcloud-instance,homebrew/actions,maybe,,n,
homebrew/actions/dismiss-approvals,homebrew/actions,maybe,,n,
homebrew/actions/failures-summary-and-bottle-result,homebrew/actions,maybe,,n,
homebrew/actions/find-related-workflow-run-id,homebrew/actions,maybe,,n,
homebrew/actions/gh-try-download,homebrew/actions,maybe,,n,
homebrew/actions/git-try-push,homebrew/actions,maybe,,y,y
homebrew/actions/git-user-config,homebrew/actions,maybe,,n,
homebrew/actions/label-pull-requests,homebrew/actions,maybe,,n,
homebrew/actions/post-build,homebrew/actions,maybe,,n,
homebrew/actions/post-comment,homebrew/actions,maybe,,n,
homebrew/actions/pre-build,homebrew/actions,maybe,,n,
homebrew/actions/remove-disabled-formulae,homebrew/actions,maybe,,n,
homebrew/actions/setup-commit-signing,homebrew/actions,maybe,,n,
homebrew/actions/setup-homebrew,homebrew/actions,maybe,,n,
homebrew/actions/wait-for-idle-runner,homebrew/actions,maybe,,n,
homebrew/homebrew-cask/.github/actions/rebase,homebrew/homebrew-cask,maybe,,n,
homebridge/.github/.github/workflows/codeql-analysis.yml,homebridge/.github,maybe,n,n,
homebridge/.github/.github/workflows/eslint.yml,homebridge/.github,maybe,n,n,
homebridge/.github/.github/workflows/lint-docs.yml,homebridge/.github,maybe,n,n,
homebridge/.github/.github/workflows/nodejs-build-and-test.yml,homebridge/.github,maybe,n,n,
homebridge/.github/.github/workflows/stale.yml,homebridge/.github,maybe,n,n,
homoluctus/gitrivy,homoluctus/gitrivy,maybe,y,n,
homoluctus/slatify,homoluctus/slatify,maybe,y,n,
honeybunch/setup-mingw,honeybunch/setup-mingw,maybe,,n,
honeycombio/integrations-labels,honeycombio/integrations-labels,maybe,n,n,
honeycombio/oss-management-actions/labels,honeycombio/oss-management-actions,maybe,n,n,
horie1024/action-android/emulator-run-cmd,horie1024/action-android,maybe,n,n,
horie1024/action-android/install-sdk,horie1024/action-android,maybe,n,n,
horstbaerbel/action-clang-format,horstbaerbel/action-clang-format,maybe,,n,
horstbaerbel/action-ctest,horstbaerbel/action-ctest,maybe,,n,
hpcc-systems/action-send-mail,hpcc-systems/action-send-mail,maybe,n,n,
hpcc-systems/github-actions/changed-modules,hpcc-systems/github-actions,maybe,n,n,
hpcc-systems/skip-duplicate-actions,hpcc-systems/skip-duplicate-actions,maybe,n,y,y
hramos/label-actions,hramos/label-actions,maybe,n,n,
hramos/needs-attention,hramos/needs-attention,maybe,n,n,
hramos/respond-to-issue-based-on-label,hramos/respond-to-issue-based-on-label,maybe,n,n,
hsuanxyz/antd-styles-sync-action,hsuanxyz/antd-styles-sync-action,maybe,n,n,
hsuanxyz/zorro-styles-sync-action,hsuanxyz/zorro-styles-sync-action,maybe,n,n,
https://github.com/actions/setup-python,https:/github.com,maybe,y,n,
https://github.com/appleboy/scp-action,https:/github.com,maybe,y,n,
https://github.com/appleboy/ssh-action,https:/github.com,maybe,y,n,
https://github.com/docker/build-push-action,https:/github.com,maybe,y,n,
https://github.com/docker/login-action,https:/github.com,maybe,y,n,
https://github.com/docker/setup-buildx-action,https:/github.com,maybe,y,n,
https://github.com/docker/setup-qemu-action,https:/github.com,maybe,y,n,
https://github.com/pypa/gh-action-pypi-publish,https:/github.com,maybe,y,n,
hubastard/release-action,hubastard/release-action,maybe,n,n,
hublot/colvars/.github/workflows/backend-template.yml,hublot/colvars,maybe,,n,
huggingface/doc-builder/.github/workflows/build_main_documentation.yml,huggingface/doc-builder,maybe,n,n,
huggingface/doc-builder/.github/workflows/build_pr_documentation.yml,huggingface/doc-builder,maybe,n,n,
huggingface/doc-builder/.github/workflows/delete_doc_comment.yml,huggingface/doc-builder,maybe,n,n,
huggingface/doc-builder/.github/workflows/delete_doc_comment_trigger.yml,huggingface/doc-builder,maybe,n,n,
huggingface/doc-builder/.github/workflows/upload_pr_documentation.yml,huggingface/doc-builder,maybe,n,n,
husarion-ci/action-catkin-release,husarion-ci/action-catkin-release,maybe,n,n,
husarion-ci/action-get-version-bump,husarion-ci/action-get-version-bump,maybe,n,n,
hxsecurity/kubectl-helm-action,hxsecurity/kubectl-helm-action,maybe,,n,
hydraulic-software/conveyor/actions/build,hydraulic-software/conveyor,maybe,n,n,
hyperion-project/hyperion.ng/.github/workflows/apt.yml,hyperion-project/hyperion.ng,maybe,n,n,
hyperledger-tooling/github-contributors-action,hyperledger-tooling/github-contributors-action,maybe,n,n,
hyperledger/indy-shared-gha/.github/actions/branch-from-tag,hyperledger/indy-shared-gha,maybe,n,n,
hyperledger/indy-shared-gha/.github/actions/get-release-info,hyperledger/indy-shared-gha,maybe,n,n,
hyperledger/indy-shared-gha/.github/actions/workflow-setup,hyperledger/indy-shared-gha,maybe,n,n,
hyperledger/indy-shared-gha/.github/workflows/buildimage.yaml,hyperledger/indy-shared-gha,maybe,n,n,
hyperledger/indy-shared-gha/.github/workflows/buildpackages.yaml,hyperledger/indy-shared-gha,maybe,n,n,
hyperledger/indy-shared-gha/.github/workflows/lint.yaml,hyperledger/indy-shared-gha,maybe,n,n,
hyperledger/indy-shared-gha/.github/workflows/publish_artifacts.yaml,hyperledger/indy-shared-gha,maybe,n,n,
hyperledger/indy-shared-gha/.github/workflows/pyversionconversion.yaml,hyperledger/indy-shared-gha,maybe,,n,
hyperledger/indy-test-automation/.github/workflows/callable_test-automation-node.yaml,hyperledger/indy-test-automation,maybe,n,n,
hypfer/github-action-push-to-another-repository,hypfer/github-action-push-to-another-repository,maybe,n,n,
hypfer/tokei-action,hypfer/tokei-action,maybe,n,n,
hypfer/upload-release-asset,hypfer/upload-release-asset,maybe,n,n,
hypothesis/workflows/.github/workflows/deploy.yml,hypothesis/workflows,maybe,n,n,
hypothesis/workflows/.github/workflows/dockerhub.yml,hypothesis/workflows,maybe,n,n,
hypothesis/workflows/.github/workflows/eb-task.yml,hypothesis/workflows,maybe,n,n,
hypothesis/workflows/.github/workflows/eb-update.yml,hypothesis/workflows,maybe,n,n,
hywan/upload-release-asset,hywan/upload-release-asset,maybe,,n,
hzqst/checkout,hzqst/checkout,maybe,n,n,
ianwalter/puppeteer,ianwalter/puppeteer,maybe,y,n,
ibexa/changelog-generator-action,ibexa/changelog-generator-action,maybe,n,y,y
ibexa/version-logic-action,ibexa/version-logic-action,maybe,n,n,
ibnesayeed/actions-comment-run,ibnesayeed/actions-comment-run,maybe,n,n,
icanhazstring/composer-unused-ga,icanhazstring/composer-unused-ga,maybe,y,n,
icepuma/rust-action,icepuma/rust-action,maybe,y,n,
icinga/docker-icinga2,icinga/docker-icinga2,maybe,,n,
icinga/docker-icingaweb2,icinga/docker-icingaweb2,maybe,,n,
icomponent/mysql-action,icomponent/mysql-action,maybe,n,n,
idanho/action-discord,idanho/action-discord,maybe,,n,
idanho/action-wait-for-check,idanho/action-wait-for-check,maybe,,n,
ifaxity/wait-on-action,ifaxity/wait-on-action,maybe,,n,
igeekfan/lin-cms-dotnetcore,igeekfan/lin-cms-dotnetcore,maybe,n,n,
ignite-hq/cli/actions/cli,ignite-hq/cli,maybe,n,n,
ignite-hq/cli/actions/release/vars,ignite-hq/cli,maybe,n,n,
ignition-tooling/action-ignition-ci,ignition-tooling/action-ignition-ci,maybe,n,n,
ignition-tooling/pr-collection-labeler,ignition-tooling/pr-collection-labeler,maybe,n,n,
ihub-pub/actions/publish,ihub-pub/actions,maybe,n,n,
ike709/actions-label-merge-conflict,ike709/actions-label-merge-conflict,maybe,n,n,
ikerexxe/lintly-flake8-github-action,ikerexxe/lintly-flake8-github-action,maybe,n,n,
ikuradon/deploy-preview,ikuradon/deploy-preview,maybe,n,n,
ilteoood/actions-flutter-pub-publisher,ilteoood/actions-flutter-pub-publisher,maybe,n,n,
im-open/process-dotnet-test-results,im-open/process-dotnet-test-results,maybe,y,y,y
imgcook/cancel-workflow-action,imgcook/cancel-workflow-action,maybe,n,y,y
imhoffd/get-changed-files,imhoffd/get-changed-files,maybe,n,n,
imhoffd/needs-reply,imhoffd/needs-reply,maybe,n,n,
imjasonh/setup-ko,imjasonh/setup-ko,maybe,y,y,y
immel-f/github-actions-report-lcov,immel-f/github-actions-report-lcov,maybe,y,n,
immortalwrt/gh-action-sdk,immortalwrt/gh-action-sdk,maybe,n,n,
implausible/setup-node,implausible/setup-node,maybe,n,n,
impress-org/givewp-github-actions/.github/workflows/close-stale-issues.yml,impress-org/givewp-github-actions,maybe,n,n,
impress-org/givewp-github-actions/.github/workflows/generate-zip.yml,impress-org/givewp-github-actions,maybe,n,n,
impress-org/givewp-github-actions/.github/workflows/php-compatibility.yml,impress-org/givewp-github-actions,maybe,n,n,
impress-org/givewp-github-actions/.github/workflows/pre-release.yml,impress-org/givewp-github-actions,maybe,n,n,
indygreg/actions/.github/workflows/rust-exe.yml,indygreg/actions,maybe,n,n,
indygreg/actions/.github/workflows/rust-workspace-build-and-test.yml,indygreg/actions,maybe,n,n,
influxdata/validate-semantic-github-messages/.github/workflows/semantic.yml,influxdata/validate-semantic-github-messages,maybe,n,n,
informalsystems/gosec,informalsystems/gosec,maybe,n,n,
inkle/ink-unity-integration,inkle/ink-unity-integration,maybe,n,n,
inknos/prepare-release,inknos/prepare-release,maybe,n,n,
inko-lang/cross-platform-action,inko-lang/cross-platform-action,maybe,n,n,
inlife/actiord-action,inlife/actiord-action,maybe,n,n,
innobead/github-release-notes-action,innobead/github-release-notes-action,maybe,n,n,
innovationnorway/setup-vault,innovationnorway/setup-vault,maybe,y,n,
inovex/scrumlr.io/.github/workflows/deploy_to_dev_cluster.yml,inovex/scrumlr.io,maybe,n,n,
inovex/scrumlr.io/.github/workflows/package.yml,inovex/scrumlr.io,maybe,n,n,
inpsyde/reusable-workflows/.github/workflows/build-plugin-archive.yml,inpsyde/reusable-workflows,maybe,n,n,
inrupt/javascript-style-configs/.github/workflows/reusable-audit.yml,inrupt/javascript-style-configs,maybe,n,n,
inrupt/javascript-style-configs/.github/workflows/reusable-lint.yml,inrupt/javascript-style-configs,maybe,n,n,
inrupt/typescript-sdk-tools/.github/workflows/reusable-audit.yml,inrupt/typescript-sdk-tools,maybe,n,n,
inrupt/typescript-sdk-tools/.github/workflows/reusable-lint.yml,inrupt/typescript-sdk-tools,maybe,n,n,
inseefrlab/onyxia,inseefrlab/onyxia,maybe,,n,
insight-platform/rust-action,insight-platform/rust-action,maybe,n,n,
insightsoftwareconsortium/itkapplyclangformataction,insightsoftwareconsortium/itkapplyclangformataction,maybe,,n,
insightsoftwareconsortium/itkclangformatlinteraction,insightsoftwareconsortium/itkclangformatlinteraction,maybe,,n,
insightsoftwareconsortium/itkremotemodulebuildtestpackageaction/.github/workflows/build-test-cxx.yml,insightsoftwareconsortium/itkremotemodulebuildtestpackageaction,maybe,,n,
insightsoftwareconsortium/itkremotemodulebuildtestpackageaction/.github/workflows/build-test-package-python.yml,insightsoftwareconsortium/itkremotemodulebuildtestpackageaction,maybe,,n,
instagram/libcst/.github/workflows/build.yml,instagram/libcst,maybe,,n,
instantish/notion-github-action,instantish/notion-github-action,maybe,n,n,
instill-ai/.github/.github/workflows/add-to-prj.yml,instill-ai/.github,maybe,n,n,
instill-ai/meta/.github/workflows/add-pr-to-prj.yml,instill-ai/meta,maybe,n,n,
instill-ai/vdp/.github/workflows/helm-integration-test-backend.yml,instill-ai/vdp,maybe,n,n,
instill-ai/vdp/.github/workflows/integration-test-backend.yml,instill-ai/vdp,maybe,n,n,
instill-ai/vdp/.github/workflows/integration-test-console.yml,instill-ai/vdp,maybe,n,n,
instrumenta/kubeval-action,instrumenta/kubeval-action,maybe,y,n,
int128/aqua-action,int128/aqua-action,maybe,y,n,
int128/buildx-push-action,int128/buildx-push-action,maybe,y,n,
int128/create-commit-action,int128/create-commit-action,maybe,n,n,
int128/docker-build-cache-config-action,int128/docker-build-cache-config-action,maybe,y,n,
int128/docker-build-workflow/.github/workflows/build-multi-architecture.yaml,int128/docker-build-workflow,maybe,n,n,
int128/docker-build-workflow/.github/workflows/build.yaml,int128/docker-build-workflow,maybe,n,n,
int128/go-actions/release,int128/go-actions,maybe,n,n,
int128/go-actions/setup,int128/go-actions,maybe,n,n,
int128/go-workflows/.github/workflows/check.yaml,int128/go-workflows,maybe,n,n,
int128/hide-comment-action,int128/hide-comment-action,maybe,n,n,
int128/release-typescript-action,int128/release-typescript-action,maybe,n,n,
intel-innersource/frameworks.ai.infrastructure.code-scan-tools/.github/workflows/scanner_bdba.yml,intel-innersource/frameworks.ai.infrastructure.code-scan-tools,maybe,,n,
intel-innersource/frameworks.ai.infrastructure.code-scan-tools/.github/workflows/scanner_coverity.yml,intel-innersource/frameworks.ai.infrastructure.code-scan-tools,maybe,,n,
intel-innersource/frameworks.devops.github.actions.mcafee,intel-innersource/frameworks.devops.github.actions.mcafee,maybe,n,n,
intel-innersource/libraries.devops.renderkit.workflows/.github/workflows/antivirus_scan.yml,intel-innersource/libraries.devops.renderkit.workflows,maybe,n,n,
intel-innersource/libraries.devops.renderkit.workflows/.github/workflows/binary_analysis.yml,intel-innersource/libraries.devops.renderkit.workflows,maybe,n,n,
intel-innersource/libraries.devops.renderkit.workflows/.github/workflows/docker.yml,intel-innersource/libraries.devops.renderkit.workflows,maybe,n,n,
intel-innersource/libraries.devops.renderkit.workflows/.github/workflows/docker_gpu.yml,intel-innersource/libraries.devops.renderkit.workflows,maybe,n,n,
intel-innersource/libraries.devops.renderkit.workflows/.github/workflows/embree_docker.yml,intel-innersource/libraries.devops.renderkit.workflows,maybe,n,n,
intel-innersource/libraries.devops.renderkit.workflows/.github/workflows/embree_macos.yml,intel-innersource/libraries.devops.renderkit.workflows,maybe,n,n,
intel-innersource/libraries.devops.renderkit.workflows/.github/workflows/embree_static_analysis.yml,intel-innersource/libraries.devops.renderkit.workflows,maybe,n,n,
intel-innersource/libraries.devops.renderkit.workflows/.github/workflows/embree_windows.yml,intel-innersource/libraries.devops.renderkit.workflows,maybe,n,n,
intel-innersource/libraries.devops.renderkit.workflows/.github/workflows/macos.yml,intel-innersource/libraries.devops.renderkit.workflows,maybe,n,n,
intel-innersource/libraries.devops.renderkit.workflows/.github/workflows/perf.yml,intel-innersource/libraries.devops.renderkit.workflows,maybe,n,n,
intel-innersource/libraries.devops.renderkit.workflows/.github/workflows/static_analysis.yml,intel-innersource/libraries.devops.renderkit.workflows,maybe,n,n,
intel-innersource/libraries.devops.renderkit.workflows/.github/workflows/windows.yml,intel-innersource/libraries.devops.renderkit.workflows,maybe,n,n,
intel-innersource/libraries.devops.renderkit.workflows/.github/workflows/windows_gpu.yml,intel-innersource/libraries.devops.renderkit.workflows,maybe,n,n,
intelligo-systems/intelligo-actions,intelligo-systems/intelligo-actions,maybe,n,n,
internetarchive/build,internetarchive/build,maybe,n,n,
internetarchive/cicd,internetarchive/cicd,maybe,n,n,
inverse/edge-addon-python,inverse/edge-addon-python,maybe,n,n,
iobroker/testing-action-adapter,iobroker/testing-action-adapter,maybe,,n,
iobroker/testing-action-check,iobroker/testing-action-check,maybe,,n,
iobroker/testing-action-deploy,iobroker/testing-action-deploy,maybe,,n,
ionic-team/bot,ionic-team/bot,maybe,n,n,
ionic-team/capacitor-bot,ionic-team/capacitor-bot,maybe,n,n,
ioquatix/setup-ruby,ioquatix/setup-ruby,maybe,n,n,
iota9star/sign-android-release,iota9star/sign-android-release,maybe,n,n,
iotaledger/actions-gh-pages,iotaledger/actions-gh-pages,maybe,n,n,
iotaledger/create-pull-request,iotaledger/create-pull-request,maybe,n,n,
iotaledger/identity.rs/.github/workflows/shared-build-and-test-stronghold-nodejs.yml,iotaledger/identity.rs,maybe,n,n,
iotaledger/identity.rs/.github/workflows/shared-build-wasm.yml,iotaledger/identity.rs,maybe,n,n,
iotaledger/identity.rs/.github/workflows/shared-create-dev-release-pr.yml,iotaledger/identity.rs,maybe,n,n,
iotaledger/identity.rs/.github/workflows/shared-create-hotfix-pr.yml,iotaledger/identity.rs,maybe,n,n,
iotaledger/identity.rs/.github/workflows/shared-create-main-release-pr.yml,iotaledger/identity.rs,maybe,n,n,
iotaledger/identity.rs/.github/workflows/shared-release.yml,iotaledger/identity.rs,maybe,n,n,
iovxw/upload-release-asset,iovxw/upload-release-asset,maybe,n,n,
ipfs-shipyard/ipfs-github-action,ipfs-shipyard/ipfs-github-action,maybe,y,n,
ipfs/aegir/actions/cache-node-modules,ipfs/aegir,maybe,n,n,
ipfs/aegir/actions/docker-login,ipfs/aegir,maybe,n,y,y
ipfs/download-ipfs-distribution-action,ipfs/download-ipfs-distribution-action,maybe,n,n,
ipfs/gateway-conformance/.github/actions/extract-fixtures,ipfs/gateway-conformance,maybe,n,n,
ipfs/gateway-conformance/.github/actions/test,ipfs/gateway-conformance,maybe,n,n,
ipfs/kubo/.github/workflows/runner.yml,ipfs/kubo,maybe,n,n,
ipfs/start-ipfs-daemon-action,ipfs/start-ipfs-daemon-action,maybe,n,n,
ipfs/uci/.github/workflows/go-test.yml,ipfs/uci,maybe,n,n,
irebbok/setup-nuget,irebbok/setup-nuget,maybe,,n,
iresearch-toolkit/clang-format-action,iresearch-toolkit/clang-format-action,maybe,y,n,
irssi-import/actions-irssi/check-irssi,irssi-import/actions-irssi,maybe,n,n,
irssi-import/actions-irssi/problem-matchers,irssi-import/actions-irssi,maybe,n,n,
isaaclambat/golang-test-annotations,isaaclambat/golang-test-annotations,maybe,,y,y
isbang/setup-awscli,isbang/setup-awscli,maybe,y,n,
isoos/setup-dart,isoos/setup-dart,maybe,n,n,
iterative/dvc-bench,iterative/dvc-bench,maybe,n,n,
iterative/gatsby-theme-iterative/.github/workflows/check-deployment.yml,iterative/gatsby-theme-iterative,maybe,n,n,
iterative/link-check.action,iterative/link-check.action,maybe,n,n,
iterative/link-check/.github/workflows/link-check-all.yml,iterative/link-check,maybe,n,n,
iterative/link-check/.github/workflows/link-check-deployment-status.yml,iterative/link-check,maybe,n,n,
iterative/py-template,iterative/py-template,maybe,n,n,
iterative/setup-dvc,iterative/setup-dvc,maybe,y,n,
itgoyo/github-activity-readme,itgoyo/github-activity-readme,maybe,n,n,
itmo-nss-team/nss-ops/.github/workflows/mirror-repo.yml,itmo-nss-team/nss-ops,maybe,,n,
itrooz/action-gh-release,itrooz/action-gh-release,maybe,,n,
ivov/validate-n8n-pull-request-title,ivov/validate-n8n-pull-request-title,maybe,n,n,
izhangzhihao/delete-comment,izhangzhihao/delete-comment,maybe,n,n,
jabbukka/jenkins-trigger,jabbukka/jenkins-trigger,maybe,n,n,
jackmckew/python-interrogate-check,jackmckew/python-interrogate-check,maybe,,n,
jacksonmaxfield/github-pages-deploy-action-python,jacksonmaxfield/github-pages-deploy-action-python,maybe,,n,
jackton1/find-changed-files,jackton1/find-changed-files,maybe,y,n,
jacobwgillespie/setup-node,jacobwgillespie/setup-node,maybe,n,n,
jacogr/action-approve,jacogr/action-approve,maybe,n,n,
jacogr/action-merge,jacogr/action-merge,maybe,n,n,
jafarabdi/latest-rosdistro-release-date-action,jafarabdi/latest-rosdistro-release-date-action,maybe,,n,
jagandeepbrar/lunasea/.github/actions/prepare_for_build,jagandeepbrar/lunasea,maybe,,n,
jagandeepbrar/lunasea/.github/actions/prepare_for_deployment,jagandeepbrar/lunasea,maybe,,n,
jagandeepbrar/lunasea/.github/workflows/build_android.yml,jagandeepbrar/lunasea,maybe,,n,
jagandeepbrar/lunasea/.github/workflows/build_ios.yml,jagandeepbrar/lunasea,maybe,,n,
jagandeepbrar/lunasea/.github/workflows/build_linux.yml,jagandeepbrar/lunasea,maybe,,n,
jagandeepbrar/lunasea/.github/workflows/build_macos.yml,jagandeepbrar/lunasea,maybe,,n,
jagandeepbrar/lunasea/.github/workflows/build_web.yml,jagandeepbrar/lunasea,maybe,,n,
jagandeepbrar/lunasea/.github/workflows/build_windows.yml,jagandeepbrar/lunasea,maybe,,n,
jagandeepbrar/lunasea/.github/workflows/enable_check.yml,jagandeepbrar/lunasea,maybe,,n,
jagandeepbrar/lunasea/.github/workflows/generate_files.yml,jagandeepbrar/lunasea,maybe,,n,
jagandeepbrar/lunasea/.github/workflows/notify.yml,jagandeepbrar/lunasea,maybe,,n,
jagandeepbrar/lunasea/.github/workflows/prepare.yml,jagandeepbrar/lunasea,maybe,,n,
jagandeepbrar/lunasea/.github/workflows/prepare_build.yml,jagandeepbrar/lunasea,maybe,,n,
jagandeepbrar/lunasea/.github/workflows/prepare_channels.yml,jagandeepbrar/lunasea,maybe,,n,
jagandeepbrar/lunasea/.github/workflows/publish.yml,jagandeepbrar/lunasea,maybe,,n,
jagandeepbrar/lunasea/.github/workflows/publish_android.yml,jagandeepbrar/lunasea,maybe,,n,
jagandeepbrar/lunasea/.github/workflows/publish_ios.yml,jagandeepbrar/lunasea,maybe,,n,
jagandeepbrar/lunasea/.github/workflows/publish_linux.yml,jagandeepbrar/lunasea,maybe,,n,
jagandeepbrar/lunasea/.github/workflows/publish_macos.yml,jagandeepbrar/lunasea,maybe,,n,
jagandeepbrar/lunasea/.github/workflows/publish_s3.yml,jagandeepbrar/lunasea,maybe,,n,
jagandeepbrar/lunasea/.github/workflows/publish_web.yml,jagandeepbrar/lunasea,maybe,,n,
jagandeepbrar/lunasea/.github/workflows/publish_windows.yml,jagandeepbrar/lunasea,maybe,,n,
jagandeepbrar/lunasea/.github/workflows/release_android.yml,jagandeepbrar/lunasea,maybe,,n,
jagandeepbrar/lunasea/.github/workflows/release_ios.yml,jagandeepbrar/lunasea,maybe,,n,
jagandeepbrar/lunasea/.github/workflows/release_linux.yml,jagandeepbrar/lunasea,maybe,,n,
jagandeepbrar/lunasea/.github/workflows/release_macos.yml,jagandeepbrar/lunasea,maybe,,n,
jagandeepbrar/lunasea/.github/workflows/release_web.yml,jagandeepbrar/lunasea,maybe,,n,
jagandeepbrar/lunasea/.github/workflows/validate.yml,jagandeepbrar/lunasea,maybe,,n,
jaid/action-npm-install,jaid/action-npm-install,maybe,y,n,
jaid/action-sync-node-meta,jaid/action-sync-node-meta,maybe,n,n,
jakubtobiasz/syliusbuildtestappaction,jakubtobiasz/syliusbuildtestappaction,maybe,,n,
jamescurtin/isort-action,jamescurtin/isort-action,maybe,y,n,
jameshenry/nx-set-shas,jameshenry/nx-set-shas,maybe,n,y,y
jameshenry/nx-tag-successful-ci-run,jameshenry/nx-tag-successful-ci-run,maybe,y,n,
jameshenry/parallel-bash-commands,jameshenry/parallel-bash-commands,maybe,n,n,
jamesives/github-sponsors-readme-action,jamesives/github-sponsors-readme-action,maybe,,n,
jamesmcm/cargo-deb-aarch64-debian,jamesmcm/cargo-deb-aarch64-debian,maybe,n,n,
jamesmcm/cargo-deb-amd64-ubuntu,jamesmcm/cargo-deb-amd64-ubuntu,maybe,n,n,
jamesmcm/cargo-deb-armv5-debian,jamesmcm/cargo-deb-armv5-debian,maybe,n,n,
jamesmcm/cargo-deb-armv7-debian,jamesmcm/cargo-deb-armv7-debian,maybe,n,n,
jamesmcm/cargo-rpm-amd64-fedora,jamesmcm/cargo-rpm-amd64-fedora,maybe,n,n,
jamesmcm/cargo-rpm-amd64-opensuseleap,jamesmcm/cargo-rpm-amd64-opensuseleap,maybe,n,n,
jandedobbeleer/store-submission,jandedobbeleer/store-submission,maybe,n,n,
janniks/changesets-action,janniks/changesets-action,maybe,n,n,
janniks/pull-request-fixed-header,janniks/pull-request-fixed-header,maybe,n,n,
janthsueh/get-apk-info-action,janthsueh/get-apk-info-action,maybe,,n,
jaredly/get-changed-files,jaredly/get-changed-files,maybe,n,n,
jarvusinnovations/hologit,jarvusinnovations/hologit,maybe,,n,
jashandeep-sohi/release-action,jashandeep-sohi/release-action,maybe,n,n,
jashbook/check-branch-name,jashbook/check-branch-name,maybe,,y,y
jashbook/checkout,jashbook/checkout,maybe,,n,
jason0x43/action-project-manager,jason0x43/action-project-manager,maybe,n,n,
jason2866/action-gh-release,jason2866/action-gh-release,maybe,n,n,
jason2866/copy_file_to_another_repo_action,jason2866/copy_file_to_another_repo_action,maybe,,n,
jason2866/download-artifact,jason2866/download-artifact,maybe,n,y,y
jason2866/upload-artifact,jason2866/upload-artifact,maybe,n,n,
jasonetco/is-sponsor-label-action,jasonetco/is-sponsor-label-action,maybe,,n,
jasonetco/rss-to-readme,jasonetco/rss-to-readme,maybe,,n,
jasonetco/slash-assign-action,jasonetco/slash-assign-action,maybe,,n,
jasongdove/delete-release-assets,jasongdove/delete-release-assets,maybe,n,n,
jasongdove/ersatztv/.github/workflows/artifacts.yml,jasongdove/ersatztv,maybe,n,n,
jasongdove/ersatztv/.github/workflows/docker.yml,jasongdove/ersatztv,maybe,n,n,
jasonkarns/create-release,jasonkarns/create-release,maybe,n,y,y
jasonmccreary/php-lint,jasonmccreary/php-lint,maybe,,y,y
jasonstephen15/github-actions-issue-to-work-item,jasonstephen15/github-actions-issue-to-work-item,maybe,n,n,
jasonwilliams/criterion-compare-action,jasonwilliams/criterion-compare-action,maybe,y,n,
javalent/obsidian-overload/.github/workflows/upgrade.yml,javalent/obsidian-overload,maybe,n,n,
javalent/workflows/.github/workflows/notify.yml,javalent/workflows,maybe,n,n,
javalent/workflows/.github/workflows/publish.yml,javalent/workflows,maybe,n,n,
javalent/workflows/actions/discord-embed,javalent/workflows,maybe,n,n,
javipalanca/coveralls-python-action,javipalanca/coveralls-python-action,maybe,n,n,
jaxxstorm/action-docker-build,jaxxstorm/action-docker-build,maybe,y,n,
jayehernandez/the-good-place,jayehernandez/the-good-place,maybe,n,n,
jaywcjlove/coverage-badges-cli,jaywcjlove/coverage-badges-cli,maybe,n,n,
jaywcjlove/github-action-contributors,jaywcjlove/github-action-contributors,maybe,n,n,
jaywcjlove/github-action-modify-file-content,jaywcjlove/github-action-modify-file-content,maybe,n,n,
jaywcjlove/github-action-package,jaywcjlove/github-action-package,maybe,n,n,
jaywcjlove/markdown-to-html-cli,jaywcjlove/markdown-to-html-cli,maybe,n,n,
jbinda/super-labeler-action,jbinda/super-labeler-action,maybe,n,n,
jbolda/covector/packages/action,jbolda/covector,maybe,y,n,
jbolda/create-release,jbolda/create-release,maybe,y,y,y
jc5/lock-threads,jc5/lock-threads,maybe,,n,
jcfranco/actions-milestone-sync,jcfranco/actions-milestone-sync,maybe,n,n,
jd-0001/gh-action-comment-on-new-issue,jd-0001/gh-action-comment-on-new-issue,maybe,n,n,
jdfed/drip-form/.github/workflows/check.yml,jdfed/drip-form,maybe,,n,
jdpedrie/setup-php,jdpedrie/setup-php,maybe,n,n,
jdukewich/tauri-action,jdukewich/tauri-action,maybe,n,y,y
jeedom/workflows/.github/workflows/codelintglobal.yml,jeedom/workflows,maybe,,n,
jeedom/workflows/.github/workflows/lint_php73.yml,jeedom/workflows,maybe,,n,
jeedom/workflows/.github/workflows/lint_php74.yml,jeedom/workflows,maybe,,n,
jeedom/workflows/.github/workflows/php.yml,jeedom/workflows,maybe,n,n,
jegp/conda-publish-action,jegp/conda-publish-action,maybe,n,n,
jellyfin/jellyfin-ffmpeg/.github/workflows/_meta.yaml,jellyfin/jellyfin-ffmpeg,maybe,n,n,
jellyfin/jellyfin-meta-plugins/.github/workflows/command-dispatch.yaml,jellyfin/jellyfin-meta-plugins,maybe,n,n,
jellyfin/jellyfin-meta-plugins/.github/workflows/command-rebase.yaml,jellyfin/jellyfin-meta-plugins,maybe,n,n,
jellyfin/jellyfin-meta-plugins/.github/workflows/scan-codeql.yaml,jellyfin/jellyfin-meta-plugins,maybe,n,n,
jelmer/action-disperse-validate,jelmer/action-disperse-validate,maybe,n,n,
jen20/action-docker-build,jen20/action-docker-build,maybe,y,n,
jen20/action-install-pulumi-cli,jen20/action-install-pulumi-cli,maybe,n,n,
jen20/action-install-tf2pulumi,jen20/action-install-tf2pulumi,maybe,n,n,
jen20/action-test-provider-downstream,jen20/action-test-provider-downstream,maybe,n,n,
jenkins-infra/github-reusable-workflows/.github/workflows/maven-cd.yml,jenkins-infra/github-reusable-workflows,maybe,n,n,
jenkins-infra/interesting-category-action,jenkins-infra/interesting-category-action,maybe,n,n,
jenkins-infra/jenkins-maven-cd-action,jenkins-infra/jenkins-maven-cd-action,maybe,n,n,
jenkins-infra/jenkins-security-scan/.github/workflows/jenkins-security-scan.yaml,jenkins-infra/jenkins-security-scan,maybe,n,n,
jenkins-infra/verify-ci-status-action,jenkins-infra/verify-ci-status-action,maybe,y,n,
jenkinsci/jenkins-core-changelog-generator,jenkinsci/jenkins-core-changelog-generator,maybe,n,y,y
jens-maus/deploy-nightly,jens-maus/deploy-nightly,maybe,n,n,
jeremyd2019/package-grokker/grok-artifacts,jeremyd2019/package-grokker,maybe,n,n,
jeremyskinner/global-json-dotnet-install,jeremyskinner/global-json-dotnet-install,maybe,,n,
jeroen/actions/setup-r,jeroen/actions,maybe,n,n,
jerome1337/comment-pull-request,jerome1337/comment-pull-request,maybe,,n,
jessecooper/pyetrade/.github/workflows/build.yml,jessecooper/pyetrade,maybe,n,n,
jessfraz/branch-cleanup-action,jessfraz/branch-cleanup-action,maybe,n,n,
jetbrains/gradle-intellij-plugin/.github/workflows/reusable-test.yml,jetbrains/gradle-intellij-plugin,maybe,,n,
jetbrains/qodana-clone-finder-action,jetbrains/qodana-clone-finder-action,maybe,,n,
jetbrains/qodana-license-audit-action,jetbrains/qodana-license-audit-action,maybe,,n,
jetbrains/qodana-php,jetbrains/qodana-php,maybe,,n,
jgillis/delete-release-assets,jgillis/delete-release-assets,maybe,n,y,y
jgillis/import-codesign-certs,jgillis/import-codesign-certs,maybe,n,n,
jgillis/setup-build-matrix,jgillis/setup-build-matrix,maybe,n,y,y
jgillis/universal_grafter,jgillis/universal_grafter,maybe,n,n,
jgoguen/gh-actions/shellcheck,jgoguen/gh-actions,maybe,n,y,y
jgoguen/gh-actions/yaml-lint,jgoguen/gh-actions,maybe,n,n,
jhale/ec2-github-runner,jhale/ec2-github-runner,maybe,n,n,
jhen0409/release-asset-action,jhen0409/release-asset-action,maybe,n,n,
jhenstridge/snapcraft-build-action,jhenstridge/snapcraft-build-action,maybe,y,n,
jhenstridge/snapcraft-publish-action,jhenstridge/snapcraft-publish-action,maybe,n,n,
jimmykarily/luet-install-action,jimmykarily/luet-install-action,maybe,n,n,
jitsecurity-controls/jit-github-action,jitsecurity-controls/jit-github-action,maybe,y,n,
jitterbit/get-changed/files,jitterbit/get-changed,maybe,n,n,
jj/pr-greeting-action,jj/pr-greeting-action,maybe,,n,
jkeys089/actions-memcached,jkeys089/actions-memcached,maybe,n,n,
jmduarte/sphinx-action,jmduarte/sphinx-action,maybe,n,n,
jmhodges/howsmyssl/.github/workflows/deploy.yml,jmhodges/howsmyssl,maybe,n,n,
jmhodges/howsmyssl/.github/workflows/go.yml,jmhodges/howsmyssl,maybe,n,n,
jobobby04/sign-android-release,jobobby04/sign-android-release,maybe,n,n,
jobovy/pyodide-buildpackage-action/actions/build-meta,jobovy/pyodide-buildpackage-action,maybe,n,n,
jobovy/pyodide-buildpackage-action/actions/build-package,jobovy/pyodide-buildpackage-action,maybe,n,n,
jobovy/pyodide-buildpackage-action/actions/build-pyodide,jobovy/pyodide-buildpackage-action,maybe,n,n,
jodebu/upload-to-drive,jodebu/upload-to-drive,maybe,,n,
joe733/waka-readme,joe733/waka-readme,maybe,n,n,
joeizzard/action-wiki-sync,joeizzard/action-wiki-sync,maybe,n,n,
joerick/cibuildwheel,joerick/cibuildwheel,maybe,y,n,
joerick/update-vx.y-tag-action,joerick/update-vx.y-tag-action,maybe,,n,
joeyparrish/action-label-syncer,joeyparrish/action-label-syncer,maybe,n,n,
joeyparrish/release-please-action,joeyparrish/release-please-action,maybe,n,n,
joffrey-bion/.github/.github/workflows/upgrade-gradle-wrapper.yml,joffrey-bion/.github,maybe,n,n,
johanneswilm/coveralls-python-action,johanneswilm/coveralls-python-action,maybe,y,n,
john-shaffer/cache,john-shaffer/cache,maybe,n,n,
johnbillion/plugin-infrastructure/.github/workflows/acceptance-tests.yml,johnbillion/plugin-infrastructure,maybe,n,n,
johnbillion/plugin-infrastructure/.github/workflows/coding-standards.yml,johnbillion/plugin-infrastructure,maybe,n,n,
johnbillion/plugin-infrastructure/.github/workflows/reusable-acceptance-tests.yml,johnbillion/plugin-infrastructure,maybe,n,n,
johnbillion/plugin-infrastructure/.github/workflows/reusable-build.yml,johnbillion/plugin-infrastructure,maybe,n,n,
johnbillion/plugin-infrastructure/.github/workflows/reusable-coding-standards.yml,johnbillion/plugin-infrastructure,maybe,n,n,
johnbillion/plugin-infrastructure/.github/workflows/reusable-deploy-assets.yml,johnbillion/plugin-infrastructure,maybe,n,n,
johnbillion/plugin-infrastructure/.github/workflows/reusable-deploy-tag.yml,johnbillion/plugin-infrastructure,maybe,n,n,
johnbillion/plugin-infrastructure/.github/workflows/reusable-integration-tests.yml,johnbillion/plugin-infrastructure,maybe,n,n,
johnnyhuy/actions-discord-git-webhook,johnnyhuy/actions-discord-git-webhook,maybe,n,n,
johnnyhuy/discord-webhook,johnnyhuy/discord-webhook,maybe,n,n,
johnpryan/dart-coverage-action,johnpryan/dart-coverage-action,maybe,y,n,
johnsonandjohnson/bodiless-js/.github/workflows/build-test-lint-simple.yml,johnsonandjohnson/bodiless-js,maybe,,n,
johntitor/github-action,johntitor/github-action,maybe,,n,
jonabc/licensed-ci,jonabc/licensed-ci,maybe,y,n,
jonabc/setup-licensed,jonabc/setup-licensed,maybe,y,n,
jonahx/enforce-rebase,jonahx/enforce-rebase,maybe,n,n,
jonasalfredsson/checkout-qemu-buildx,jonasalfredsson/checkout-qemu-buildx,maybe,,n,
jonaseberle/github-action-setup-ddev,jonaseberle/github-action-setup-ddev,maybe,y,n,
jonfriesen/get-release-by-tag,jonfriesen/get-release-by-tag,maybe,n,n,
joonvena/robotframework-reporter-action,joonvena/robotframework-reporter-action,maybe,y,n,
jooooscha/action-release-releaseapk,jooooscha/action-release-releaseapk,maybe,n,n,
jorisroovers/gitlint/.github/workflows/test-release.yml,jorisroovers/gitlint,maybe,n,n,
jorturfer/kind-action,jorturfer/kind-action,maybe,,n,
josa42/actions/npm-publish,josa42/actions,maybe,n,n,
josa42/actions/update,josa42/actions,maybe,n,n,
josephbmanley/butler-publish-itchio-action,josephbmanley/butler-publish-itchio-action,maybe,n,n,
josh146/sphinx-action,josh146/sphinx-action,maybe,y,n,
joshdales/labeler,joshdales/labeler,maybe,n,n,
joshgummersall/base64-encode,joshgummersall/base64-encode,maybe,n,n,
joshgummersall/create-issue,joshgummersall/create-issue,maybe,n,n,
joshgummersall/dispatch-workflow,joshgummersall/dispatch-workflow,maybe,y,n,
joshgummersall/pr-style,joshgummersall/pr-style,maybe,n,n,
joshuakgoldberg/all-contributors-auto-action,joshuakgoldberg/all-contributors-auto-action,maybe,,n,
jossef/action-semantic-releaser,jossef/action-semantic-releaser,maybe,y,n,
jpkrohling/setup-operator-sdk,jpkrohling/setup-operator-sdk,maybe,y,n,
jpoehnelt/setup-bazel,jpoehnelt/setup-bazel,maybe,y,n,
jpribyl/action-docker-layer-caching,jpribyl/action-docker-layer-caching,maybe,y,n,
jprochazk/linkinator-action,jprochazk/linkinator-action,maybe,n,n,
jpsim/retest,jpsim/retest,maybe,n,n,
jpwest/nuget-push-action,jpwest/nuget-push-action,maybe,n,n,
jreisinger/github-actions/.github/workflows/go-release.yml,jreisinger/github-actions,maybe,n,n,
jreisinger/github-actions/.github/workflows/go-releaser.yml,jreisinger/github-actions,maybe,n,n,
jreisinger/github-actions/.github/workflows/go-test-scan.yml,jreisinger/github-actions,maybe,n,n,
jreisinger/github-actions/.github/workflows/go.yml,jreisinger/github-actions,maybe,n,n,
jrl-umi3218/github-actions/.github/workflows/package-project.yml,jrl-umi3218/github-actions,maybe,n,n,
jrl-umi3218/github-actions/build-cmake-project,jrl-umi3218/github-actions,maybe,n,n,
jrl-umi3218/github-actions/build-package,jrl-umi3218/github-actions,maybe,n,n,
jrl-umi3218/github-actions/build-package-native,jrl-umi3218/github-actions,maybe,n,n,
jrl-umi3218/github-actions/create-release,jrl-umi3218/github-actions,maybe,n,y,y
jrl-umi3218/github-actions/install-dependencies,jrl-umi3218/github-actions,maybe,n,y,y
jrl-umi3218/github-actions/upload-documentation,jrl-umi3218/github-actions,maybe,n,n,
jrl-umi3218/github-actions/upload-package,jrl-umi3218/github-actions,maybe,n,n,
jruby/jruby-ci-build,jruby/jruby-ci-build,maybe,n,n,
jruby/jruby/.github/workflows/snapshot-publish.yml,jruby/jruby,maybe,n,n,
jsii/superchain,jsii/superchain,maybe,n,n,
jsii/superchain:latest,jsii/superchain:latest,maybe,n,n,
jsiwek/ci-email-action,jsiwek/ci-email-action,maybe,y,n,
jsk-ros-pkg/jsk_travis,jsk-ros-pkg/jsk_travis,maybe,n,n,
jsm174/unity-test-runner,jsm174/unity-test-runner,maybe,n,y,y
jsmacros/jsmacros/.github/workflows/releasebuild.yml,jsmacros/jsmacros,maybe,n,n,
jsmacros/jsmacros/.github/workflows/releasedeploy.yml,jsmacros/jsmacros,maybe,n,n,
jsoref/labeler,jsoref/labeler,maybe,n,n,
jsumners/lock-threads,jsumners/lock-threads,maybe,n,n,
jtojnar/action,jtojnar/action,maybe,n,n,
juicedata/slack-notify-action,juicedata/slack-notify-action,maybe,n,y,y
julb/action-manage-label,julb/action-manage-label,maybe,n,n,
julia-actions/julia-processcoverage,julia-actions/julia-processcoverage,maybe,y,n,
jumppad-labs/winget-publish-action,jumppad-labs/winget-publish-action,maybe,n,n,
jumpserver/action-build-upload-assets,jumpserver/action-build-upload-assets,maybe,n,n,
jumpserver/action-generic-handler,jumpserver/action-generic-handler,maybe,n,n,
jumpserver/action-issues-alert,jumpserver/action-issues-alert,maybe,n,n,
junelife/gha-ubuntu-cross,junelife/gha-ubuntu-cross,maybe,n,n,
jungwinter/comment,jungwinter/comment,maybe,,n,
jungwinter/split,jungwinter/split,maybe,,n,
juntyr/criterion-compare-action,juntyr/criterion-compare-action,maybe,y,n,
jupyter-server/jupyter-releaser/.github/actions/common,jupyter-server/jupyter-releaser,maybe,n,n,
jupyter-server/jupyter-releaser/.github/actions/finalize-release,jupyter-server/jupyter-releaser,maybe,n,n,
jupyter-server/jupyter-releaser/.github/actions/populate-release,jupyter-server/jupyter-releaser,maybe,n,n,
jupyter-server/jupyter-releaser/.github/actions/prep-release,jupyter-server/jupyter-releaser,maybe,n,n,
jupyter-server/jupyter_releaser/.github/actions/check-links,jupyter-server/jupyter_releaser,maybe,n,n,
jupyter-server/jupyter_releaser/.github/actions/check-release,jupyter-server/jupyter_releaser,maybe,n,n,
jupyter-server/jupyter_releaser/.github/actions/finalize-release,jupyter-server/jupyter_releaser,maybe,n,n,
jupyter-server/jupyter_releaser/.github/actions/populate-release,jupyter-server/jupyter_releaser,maybe,n,n,
jupyter-server/jupyter_releaser/.github/actions/prep-release,jupyter-server/jupyter_releaser,maybe,n,n,
jupyterlab/benchmarks/.github/actions/memory-leak,jupyterlab/benchmarks,maybe,n,n,
jupyterlab/maintainer-tools/.github/actions/base-setup,jupyterlab/maintainer-tools,maybe,n,n,
jupyterlab/maintainer-tools/.github/actions/binder-link,jupyterlab/maintainer-tools,maybe,n,n,
jupyterlab/maintainer-tools/.github/actions/check-links,jupyterlab/maintainer-tools,maybe,n,n,
jupyterlab/maintainer-tools/.github/actions/downstream-test,jupyterlab/maintainer-tools,maybe,n,n,
jupyterlab/maintainer-tools/.github/actions/enforce-label,jupyterlab/maintainer-tools,maybe,n,n,
jupyterlab/maintainer-tools/.github/actions/install-minimums,jupyterlab/maintainer-tools,maybe,n,n,
jupyterlab/maintainer-tools/.github/actions/make-sdist,jupyterlab/maintainer-tools,maybe,n,n,
jupyterlab/maintainer-tools/.github/actions/pre-commit,jupyterlab/maintainer-tools,maybe,n,n,
jupyterlab/maintainer-tools/.github/actions/report-coverage,jupyterlab/maintainer-tools,maybe,n,n,
jupyterlab/maintainer-tools/.github/actions/test-sdist,jupyterlab/maintainer-tools,maybe,n,n,
jupyterlab/maintainer-tools/.github/actions/update-snapshots,jupyterlab/maintainer-tools,maybe,n,n,
jupyterlab/maintainer-tools/.github/actions/upload-coverage,jupyterlab/maintainer-tools,maybe,n,n,
jurplel/install-qtcache-action,jurplel/install-qtcache-action,maybe,n,n,
justdan96/release-action,justdan96/release-action,maybe,n,n,
justincy/github-action-npm-release,justincy/github-action-npm-release,maybe,y,n,
justjake/setup-emscripten,justjake/setup-emscripten,maybe,n,y,y
jvalkeal/build-zoo-handler,jvalkeal/build-zoo-handler,maybe,y,n,
jvalkeal/issue-handler,jvalkeal/issue-handler,maybe,n,n,
jvalkeal/nexus-sync,jvalkeal/nexus-sync,maybe,n,n,
jvalkeal/setup-maven,jvalkeal/setup-maven,maybe,y,y,y
jvalkeal/stale,jvalkeal/stale,maybe,n,n,
jwcesign/get-contributors/.github/workflows/get-contributors.yaml,jwcesign/get-contributors,maybe,n,n,
jwodder/latest-python-versions,jwodder/latest-python-versions,maybe,y,n,
k-phoen/action-misspell,k-phoen/action-misspell,maybe,,n,
k0kubun/action-slack,k0kubun/action-slack,maybe,n,y,y
k14s/setup-k14s-action,k14s/setup-k14s-action,maybe,y,n,
k8s-at-home/renovate-helm-releases,k8s-at-home/renovate-helm-releases,maybe,n,n,
kac89/pgrelease,kac89/pgrelease,maybe,n,n,
kachkaev/labeler,kachkaev/labeler,maybe,n,n,
kairos-io/kairos/.github/workflows/reusable-build-flavor.yaml,kairos-io/kairos,maybe,n,n,
kairos-io/kairos/.github/workflows/reusable-build-framework-flavor.yaml,kairos-io/kairos,maybe,n,n,
kairos-io/kairos/.github/workflows/reusable-build-provider.yaml,kairos-io/kairos,maybe,n,n,
kairos-io/kairos/.github/workflows/reusable-docker-arm-build.yaml,kairos-io/kairos,maybe,n,n,
kairos-io/kairos/.github/workflows/reusable-encryption-test.yaml,kairos-io/kairos,maybe,n,n,
kairos-io/kairos/.github/workflows/reusable-image-and-iso-arm-generic.yaml,kairos-io/kairos,maybe,n,n,
kairos-io/kairos/.github/workflows/reusable-install-test.yaml,kairos-io/kairos,maybe,n,n,
kairos-io/kairos/.github/workflows/reusable-provider-tests.yaml,kairos-io/kairos,maybe,n,n,
kairos-io/kairos/.github/workflows/reusable-provider-upgrade-latest-test.yaml,kairos-io/kairos,maybe,n,n,
kairos-io/kairos/.github/workflows/reusable-qemu-acceptance-test.yaml,kairos-io/kairos,maybe,n,n,
kairos-io/kairos/.github/workflows/reusable-qemu-bundles-test.yaml,kairos-io/kairos,maybe,n,n,
kairos-io/kairos/.github/workflows/reusable-qemu-netboot-test.yaml,kairos-io/kairos,maybe,n,n,
kairos-io/kairos/.github/workflows/reusable-qemu-reset-test.yaml,kairos-io/kairos,maybe,n,n,
kairos-io/kairos/.github/workflows/reusable-upgrade-latest-test.yaml,kairos-io/kairos,maybe,n,n,
kairos-io/kairos/.github/workflows/reusable-upgrade-with-cli-test.yaml,kairos-io/kairos,maybe,n,n,
kairos-io/kairos/.github/workflows/reusable-zfs-test.yaml,kairos-io/kairos,maybe,n,n,
kalibera/ucrt3/actions/r-install,kalibera/ucrt3,maybe,n,n,
kalibera/ucrt3/actions/toolchain-install,kalibera/ucrt3,maybe,n,n,
kaltura/ovp-pipelines-pub/.github/workflows/notification.yaml,kaltura/ovp-pipelines-pub,maybe,n,n,
kaltura/ovp-pipelines-pub/.github/workflows/player_cicd.yaml,kaltura/ovp-pipelines-pub,maybe,n,n,
kaltura/ovp-pipelines-pub/.github/workflows/player_tests.yaml,kaltura/ovp-pipelines-pub,maybe,n,n,
kamatama41/get-pr-number-action,kamatama41/get-pr-number-action,maybe,n,n,
kamatama41/hide-pr-comments-action,kamatama41/hide-pr-comments-action,maybe,n,n,
kamiazya/setup-graphviz,kamiazya/setup-graphviz,maybe,y,n,
kamilkisiela/pr-comment,kamilkisiela/pr-comment,maybe,n,n,
kamilkisiela/release-canary,kamilkisiela/release-canary,maybe,n,n,
kampfkarren/selenology,kampfkarren/selenology,maybe,,n,
kareemmax/gh-action-get-changed-files,kareemmax/gh-action-get-changed-files,maybe,,n,
karenlrx/redis-github-action,karenlrx/redis-github-action,maybe,n,n,
karliss/get-release,karliss/get-release,maybe,n,y,y
kas-tle/forkfinder,kas-tle/forkfinder,maybe,,n,
kate2513/javascript-test-action,kate2513/javascript-test-action,maybe,n,n,
kategengler/put-built-npm-package-contents-on-branch,kategengler/put-built-npm-package-contents-on-branch,maybe,n,n,
katydecorah/font-library-action,katydecorah/font-library-action,maybe,n,n,
kayac/ecspresso,kayac/ecspresso,maybe,n,n,
kbst/ghaction-import-gpg,kbst/ghaction-import-gpg,maybe,n,n,
kbst/goreleaser-action,kbst/goreleaser-action,maybe,n,y,y
kdeldycke/workflows/.github/workflows/autofix.yaml,kdeldycke/workflows,maybe,n,n,
kdeldycke/workflows/.github/workflows/autolock.yaml,kdeldycke/workflows,maybe,n,n,
kdeldycke/workflows/.github/workflows/changelog.yaml,kdeldycke/workflows,maybe,n,n,
kdeldycke/workflows/.github/workflows/debug.yaml,kdeldycke/workflows,maybe,n,n,
kdeldycke/workflows/.github/workflows/docs.yaml,kdeldycke/workflows,maybe,n,n,
kdeldycke/workflows/.github/workflows/label-sponsors.yaml,kdeldycke/workflows,maybe,n,n,
kdeldycke/workflows/.github/workflows/labeller-file-based.yaml,kdeldycke/workflows,maybe,n,n,
kdeldycke/workflows/.github/workflows/labels.yaml,kdeldycke/workflows,maybe,n,n,
kdeldycke/workflows/.github/workflows/lint.yaml,kdeldycke/workflows,maybe,n,n,
kdeldycke/workflows/.github/workflows/release.yaml,kdeldycke/workflows,maybe,n,n,
keboo/githubhelper,keboo/githubhelper,maybe,,n,
kedacore/keda/.github/workflows/template-arm64-smoke-tests.yml,kedacore/keda,maybe,n,n,
kedacore/keda/.github/workflows/template-main-e2e-test.yml,kedacore/keda,maybe,n,n,
kedacore/keda/.github/workflows/template-smoke-tests.yml,kedacore/keda,maybe,n,n,
kedacore/keda/.github/workflows/template-trivy-scan.yml,kedacore/keda,maybe,n,n,
kedacore/keda/.github/workflows/template-versions-smoke-tests.yml,kedacore/keda,maybe,n,n,
kedacore/keda/.github/workflows/upgrade-validation-template.yml,kedacore/keda,maybe,n,n,
keep-network/ci/.github/workflows/reusable-solidity-docs.yml,keep-network/ci,maybe,n,n,
keep-network/ci/actions/load-env-variables,keep-network/ci,maybe,n,n,
keep-network/ci/actions/notify-workflow-completed,keep-network/ci,maybe,n,n,
keep-network/ci/actions/upstream-builds-query,keep-network/ci,maybe,n,n,
keep-network/golint-action,keep-network/golint-action,maybe,y,n,
keep-network/load-env-variables,keep-network/load-env-variables,maybe,n,n,
keep-network/notify-workflow-completed,keep-network/notify-workflow-completed,maybe,n,n,
keep-network/npm-version-bump,keep-network/npm-version-bump,maybe,n,n,
keep-network/tenderly-push-action,keep-network/tenderly-push-action,maybe,n,n,
keep-network/upstream-builds-query,keep-network/upstream-builds-query,maybe,n,n,
keisukeyamashita/memcached-actions,keisukeyamashita/memcached-actions,maybe,,n,
keithnull/tencent-cloud-cdn-purge-cache,keithnull/tencent-cloud-cdn-purge-cache,maybe,y,n,
kellyselden/ember-cli-update-action,kellyselden/ember-cli-update-action,maybe,n,n,
kemayo/actions-recent-changelog,kemayo/actions-recent-changelog,maybe,n,n,
kengotoda/sonar-update-center-action,kengotoda/sonar-update-center-action,maybe,,n,
kenjdavidson/gatsby-gh-pages-action,kenjdavidson/gatsby-gh-pages-action,maybe,y,n,
kentcdodds/kcd-workshop-validation-action,kentcdodds/kcd-workshop-validation-action,maybe,n,n,
keptn/docs-tooling/.github/workflows/release-docs.yml,keptn/docs-tooling,maybe,n,n,
keptn/gh-action-build-docker-image,keptn/gh-action-build-docker-image,maybe,n,n,
keptn/gh-action-extract-branch-name,keptn/gh-action-extract-branch-name,maybe,n,n,
keptn/gh-action-send-event,keptn/gh-action-send-event,maybe,y,n,
keptn/keptn/.github/workflows/build-cli.yml,keptn/keptn,maybe,n,n,
keptn/keptn/.github/workflows/build-helm-charts.yml,keptn/keptn,maybe,n,n,
kerhub/spammy-guardian,kerhub/spammy-guardian,maybe,n,n,
kernel-su/actions-comment-on-issue,kernel-su/actions-comment-on-issue,maybe,,n,
kevindejong-tomtom/commisery-action,kevindejong-tomtom/commisery-action,maybe,,n,
kewisch/action-thunderbird-tests,kewisch/action-thunderbird-tests,maybe,y,n,
kewisch/action-yet-another-eslint,kewisch/action-yet-another-eslint,maybe,n,n,
kfir4444/free-disk-space,kfir4444/free-disk-space,maybe,n,y,y
khan/actions,khan/actions,maybe,,n,
khan/changeset-per-package,khan/changeset-per-package,maybe,,n,
khan/eslint-action,khan/eslint-action,maybe,,n,
khan/flow-action,khan/flow-action,maybe,,n,
khan/gerald,khan/gerald,maybe,,n,
khan/jest-action,khan/jest-action,maybe,,n,
khan/jest-coverage-action,khan/jest-coverage-action,maybe,,n,
khonsulabs/sync-to-dossier,khonsulabs/sync-to-dossier,maybe,n,n,
kidunot89/setup-php,kidunot89/setup-php,maybe,n,n,
kiegroup/chain-status/.ci/actions/generate-app,kiegroup/chain-status,maybe,n,n,
kiegroup/chain-status/.ci/actions/generate-data,kiegroup/chain-status,maybe,n,n,
kiegroup/droolsjbpm-build-bootstrap/.ci/actions/backporting,kiegroup/droolsjbpm-build-bootstrap,maybe,n,y,y
kiegroup/droolsjbpm-build-bootstrap/.ci/actions/build-chain,kiegroup/droolsjbpm-build-bootstrap,maybe,n,n,
kiegroup/droolsjbpm-build-bootstrap/.ci/actions/cache-maven,kiegroup/droolsjbpm-build-bootstrap,maybe,n,n,
kiegroup/droolsjbpm-build-bootstrap/.ci/actions/java,kiegroup/droolsjbpm-build-bootstrap,maybe,n,n,
kiegroup/droolsjbpm-build-bootstrap/.ci/actions/long-paths,kiegroup/droolsjbpm-build-bootstrap,maybe,n,n,
kiegroup/droolsjbpm-build-bootstrap/.ci/actions/maven,kiegroup/droolsjbpm-build-bootstrap,maybe,n,n,
kiegroup/droolsjbpm-build-bootstrap/.ci/actions/os-preparation,kiegroup/droolsjbpm-build-bootstrap,maybe,n,n,
kiegroup/droolsjbpm-build-bootstrap/.ci/actions/parse-labels,kiegroup/droolsjbpm-build-bootstrap,maybe,n,n,
kiegroup/droolsjbpm-build-bootstrap/.ci/actions/surefire-report,kiegroup/droolsjbpm-build-bootstrap,maybe,n,n,
kiegroup/droolsjbpm-build-bootstrap/.ci/actions/ubuntu-disk-space,kiegroup/droolsjbpm-build-bootstrap,maybe,n,n,
kiegroup/kie-ci/.ci/actions/backporting,kiegroup/kie-ci,maybe,n,y,y
kiegroup/kie-ci/.ci/actions/build-chain,kiegroup/kie-ci,maybe,n,n,
kiegroup/kie-ci/.ci/actions/dsl-tests,kiegroup/kie-ci,maybe,n,n,
kiegroup/kie-ci/.ci/actions/long-paths,kiegroup/kie-ci,maybe,n,n,
kiegroup/kie-ci/.ci/actions/maven,kiegroup/kie-ci,maybe,n,n,
kiegroup/kie-ci/.ci/actions/os-preparation,kiegroup/kie-ci,maybe,n,n,
kiegroup/kie-ci/.ci/actions/parse-labels,kiegroup/kie-ci,maybe,n,n,
kiegroup/kie-ci/.ci/actions/python-packages,kiegroup/kie-ci,maybe,n,n,
kiegroup/kie-ci/.ci/actions/surefire-report,kiegroup/kie-ci,maybe,n,n,
kiegroup/kie-ci/.ci/actions/ubuntu-disk-space,kiegroup/kie-ci,maybe,n,n,
kiegroup/kie-tools/.github/workflows/release_build.yml,kiegroup/kie-tools,maybe,n,n,
kiegroup/kie-tools/.github/workflows/staging_build.yml,kiegroup/kie-tools,maybe,n,n,
kiegroup/kogito-pipelines/.ci/actions/action-junit-report,kiegroup/kogito-pipelines,maybe,n,n,
kiegroup/kogito-pipelines/.ci/actions/backporting,kiegroup/kogito-pipelines,maybe,n,y,y
kiegroup/kogito-pipelines/.ci/actions/build-chain,kiegroup/kogito-pipelines,maybe,n,n,
kiegroup/kogito-pipelines/.ci/actions/dsl-tests,kiegroup/kogito-pipelines,maybe,n,n,
kiegroup/kogito-pipelines/.ci/actions/long-paths,kiegroup/kogito-pipelines,maybe,n,n,
kiegroup/kogito-pipelines/.ci/actions/maven,kiegroup/kogito-pipelines,maybe,n,n,
kiegroup/kogito-pipelines/.ci/actions/os-preparation,kiegroup/kogito-pipelines,maybe,n,n,
kiegroup/kogito-pipelines/.ci/actions/parse-labels,kiegroup/kogito-pipelines,maybe,n,n,
kiegroup/kogito-pipelines/.ci/actions/surefire-report,kiegroup/kogito-pipelines,maybe,n,n,
kiegroup/kogito-pipelines/.ci/actions/ubuntu-disk-space,kiegroup/kogito-pipelines,maybe,n,n,
kiegroup/kogito-tooling/.github/workflows/release_build.yml,kiegroup/kogito-tooling,maybe,n,n,
kiegroup/kogito-tooling/.github/workflows/staging_build.yml,kiegroup/kogito-tooling,maybe,n,n,
killbill/gh-actions-shared/.github/workflows/ci.yml,killbill/gh-actions-shared,maybe,n,n,
killbill/gh-actions-shared/.github/workflows/cloudsmith_release.yml,killbill/gh-actions-shared,maybe,n,n,
killbill/gh-actions-shared/.github/workflows/codeql-analysis.yml,killbill/gh-actions-shared,maybe,n,n,
killbill/gh-actions-shared/.github/workflows/sync.yml,killbill/gh-actions-shared,maybe,n,n,
kimlimjustin/tauri-action,kimlimjustin/tauri-action,maybe,n,y,y
kingstinct/utils/.github/workflows/eas-build.yml,kingstinct/utils,maybe,,n,
kingtous/install-llvm-action-32bit,kingtous/install-llvm-action-32bit,maybe,,n,
kingtous/run-on-arch-action,kingtous/run-on-arch-action,maybe,,n,
kinnala/scikit-fem-docker-action,kinnala/scikit-fem-docker-action,maybe,n,n,
kirbyrawr/docfx-action,kirbyrawr/docfx-action,maybe,,n,
kitchen/re-thirdparty-actions/actions/jacoco-report,kitchen/re-thirdparty-actions,maybe,,n,
kitchen/re-thirdparty-actions/actions/test-reporter,kitchen/re-thirdparty-actions,maybe,,n,
kitchen/re-thirdparty-actions/actions/vault,kitchen/re-thirdparty-actions,maybe,,n,
kittaakos/upload-artifact-as-is,kittaakos/upload-artifact-as-is,maybe,n,n,
kittaakos/upload-release-action,kittaakos/upload-release-action,maybe,n,n,
kittaakos/upload-s3-action,kittaakos/upload-s3-action,maybe,n,n,
kj002/read-yaml,kj002/read-yaml,maybe,,n,
kjvalencik/github-actions/approve,kjvalencik/github-actions,maybe,n,n,
klakegg/github-upload,klakegg/github-upload,maybe,n,n,
klever1988/cachewrtbuild,klever1988/cachewrtbuild,maybe,y,n,
klever1988/ssh2actions,klever1988/ssh2actions,maybe,n,n,
klothoplatform/gh-action-retry,klothoplatform/gh-action-retry,maybe,n,n,
knative-sandbox/actions-downstream-test,knative-sandbox/actions-downstream-test,maybe,n,n,
knative-sandbox/downstream-test-go,knative-sandbox/downstream-test-go,maybe,n,n,
knative/actions/.github/workflows/go-build.yaml,knative/actions,maybe,n,n,
knative/actions/.github/workflows/go-test.yaml,knative/actions,maybe,n,n,
knative/actions/.github/workflows/reusable-go-build.yaml,knative/actions,maybe,n,n,
knative/actions/.github/workflows/reusable-go-test.yaml,knative/actions,maybe,n,n,
knative/actions/.github/workflows/reusable-security.yaml,knative/actions,maybe,n,n,
knative/actions/.github/workflows/reusable-stale.yaml,knative/actions,maybe,n,n,
knative/actions/.github/workflows/reusable-style.yaml,knative/actions,maybe,n,n,
knative/actions/.github/workflows/reusable-verify-codegen.yaml,knative/actions,maybe,n,n,
knative/actions/.github/workflows/security.yaml,knative/actions,maybe,n,n,
knative/actions/.github/workflows/stale.yaml,knative/actions,maybe,n,n,
knative/actions/.github/workflows/style.yaml,knative/actions,maybe,n,n,
knative/actions/.github/workflows/verify-codegen.yaml,knative/actions,maybe,n,n,
knative/actions/go/downstream-test,knative/actions,maybe,n,n,
koj-co/dependabot-pr-action,koj-co/dependabot-pr-action,maybe,n,n,
kolide/add-to-project-action,kolide/add-to-project-action,maybe,n,n,
kolpav/purge-artifacts-action,kolpav/purge-artifacts-action,maybe,n,n,
komodoplatform/install-qt-action,komodoplatform/install-qt-action,maybe,,n,
komodoplatform/run-vcpkg,komodoplatform/run-vcpkg,maybe,,y,y
komodoplatform/setup-nim-action,komodoplatform/setup-nim-action,maybe,,n,
komputeproject/action-cmake-build,komputeproject/action-cmake-build,maybe,,n,
kong/kong-license,kong/kong-license,maybe,,n,
kong/public-shared-actions/pr-previews/up-to-date,kong/public-shared-actions,maybe,,n,
konishchevdmitry/investments/.github/workflows/test.yml,konishchevdmitry/investments,maybe,,n,
konveyor/create-release-draft,konveyor/create-release-draft,maybe,n,n,
konveyor/get-env-info,konveyor/get-env-info,maybe,n,n,
konveyor/upload-release-action,konveyor/upload-release-action,maybe,n,n,
koplo199/action-gh-release,koplo199/action-gh-release,maybe,n,n,
koppor/markdown-lint,koppor/markdown-lint,maybe,n,n,
kordamp/kordamp-gradle-plugin-workflow/.github/workflows/early-access.yml,kordamp/kordamp-gradle-plugin-workflow,maybe,n,n,
kotest/kotest-action,kotest/kotest-action,maybe,y,n,
kportertx/action-hadolint,kportertx/action-hadolint,maybe,n,n,
kpresler/spotbugs-github-action,kpresler/spotbugs-github-action,maybe,n,n,
kraenhansen/find-pull-request-action,kraenhansen/find-pull-request-action,maybe,n,n,
krakendio/.github/.github/workflows/lock-threads.yml,krakendio/.github,maybe,n,n,
krakendio/.github/.github/workflows/stale.yml,krakendio/.github,maybe,n,n,
krazykirby99999/matrix-commit,krazykirby99999/matrix-commit,maybe,n,n,
kring/test-reporter,kring/test-reporter,maybe,y,n,
kristof-mattei/clippy-check,kristof-mattei/clippy-check,maybe,y,n,
krpc/krpc-core/.github/actions/bazel-fetch,krpc/krpc-core,maybe,n,n,
krpc/krpc-core/.github/actions/ksp-lib,krpc/krpc-core,maybe,n,n,
krpc/krpc-core/.github/actions/upload-artifact,krpc/krpc-core,maybe,n,n,
krukmat/setup-pmd,krukmat/setup-pmd,maybe,n,n,
krzkaczor/reg-actions,krzkaczor/reg-actions,maybe,n,n,
ksp-ckan/kspmmcfgparser,ksp-ckan/kspmmcfgparser,maybe,,n,
ksp-ro/buildtools/.github/workflows/check-secret.yml,ksp-ro/buildtools,maybe,,n,
ksp-ro/buildtools/.github/workflows/validate-cfg-files.yml,ksp-ro/buildtools,maybe,,n,
ksp-ro/buildtools/download-assemblies,ksp-ro/buildtools,maybe,,n,
ksp-ro/buildtools/process-changelog,ksp-ro/buildtools,maybe,,n,
ksp-ro/buildtools/update-assembly-info,ksp-ro/buildtools,maybe,,n,
ksp-ro/buildtools/update-version-file,ksp-ro/buildtools,maybe,,n,
ksp-ro/buildtools/update-version-in-readme,ksp-ro/buildtools,maybe,,n,
kt3k/license_checker,kt3k/license_checker,maybe,y,n,
kubean-io/kubean/.github/actions/build-push-for-e2e.yml,kubean-io/kubean,maybe,n,n,
kubeflow/code-intelligence/issue_triage/action,kubeflow/code-intelligence,maybe,,n,
kubeinit/github-push-action,kubeinit/github-push-action,maybe,n,n,
kubeinit/sphinx-action,kubeinit/sphinx-action,maybe,n,n,
kubernetes-sigs/kubebuilder-release-tools,kubernetes-sigs/kubebuilder-release-tools,maybe,n,n,
kubescape/workflows/.github/workflows/incluster-comp-pr-merged.yaml,kubescape/workflows,maybe,n,n,
kubewarden/github-actions/crane-installer,kubewarden/github-actions,maybe,n,y,y
kubewarden/github-actions/kubernetes-bom-installer,kubewarden/github-actions,maybe,n,n,
kubewarden/github-actions/sbom-generator-installer,kubewarden/github-actions,maybe,n,n,
kubewarden/github-actions/syft-installer,kubewarden/github-actions,maybe,n,n,
kubewarden/kubewarden-controller/.github/workflows/container-image.yml,kubewarden/kubewarden-controller,maybe,n,n,
kubewarden/kubewarden-end-to-end-tests/.github/workflows/e2e-tests.yml,kubewarden/kubewarden-end-to-end-tests,maybe,n,n,
kubewarden/policy-server/.github/workflows/tests.yml,kubewarden/policy-server,maybe,n,n,
kumahq/.github/.github/workflows/wfc_backport.yml,kumahq/.github,maybe,n,n,
kumahq/.github/.github/workflows/wfc_lifecycle.yml,kumahq/.github,maybe,n,n,
kumahq/.github/.github/workflows/wfc_pr_management.yml,kumahq/.github,maybe,n,n,
kuzzleio/ci-tooling/.github/workflows/danger.yaml,kuzzleio/ci-tooling,maybe,n,n,
kvrhdn/gha-buildevents,kvrhdn/gha-buildevents,maybe,y,n,
kyoncy/issue-comment-actions,kyoncy/issue-comment-actions,maybe,n,n,
kyoripowered/.github/.github/workflows/shared-ci.yaml,kyoripowered/.github,maybe,,n,
kyoripowered/.github/.github/workflows/shared-rebuild-docs.yaml,kyoripowered/.github,maybe,,n,
kyoripowered/action-regex-match,kyoripowered/action-regex-match,maybe,,y,y
kyranjamie/pull-request-fixed-header,kyranjamie/pull-request-fixed-header,maybe,n,n,
labhanshagrawal/upload-artifact,labhanshagrawal/upload-artifact,maybe,,n,
lablabs/setup-tflint,lablabs/setup-tflint,maybe,y,n,
lablup/auto-label-in-issue,lablup/auto-label-in-issue,maybe,n,n,
lablup/size-label-action,lablup/size-label-action,maybe,n,n,
lablup/sparse-checkout,lablup/sparse-checkout,maybe,n,y,y
labring-actions/pull-request-comments-hidden-tags,labring-actions/pull-request-comments-hidden-tags,maybe,,n,
labring-actions/sealos-cherry-pick,labring-actions/sealos-cherry-pick,maybe,n,n,
laminas/documentation-theme/github-actions/docs,laminas/documentation-theme,maybe,n,n,
laminas/laminas-ci-matrix-action,laminas/laminas-ci-matrix-action,maybe,y,y,y
laminas/workflow-automatic-releases/.github/workflows/release-on-milestone-closed.yml,laminas/workflow-automatic-releases,maybe,n,n,
laminas/workflow-continuous-integration/.github/workflows/continuous-integration.yml,laminas/workflow-continuous-integration,maybe,n,n,
laoshanxi/coverity-scan-action,laoshanxi/coverity-scan-action,maybe,n,n,
lapce/import-codesign-certs,lapce/import-codesign-certs,maybe,n,n,
lapce/xcode-staple,lapce/xcode-staple,maybe,n,n,
lapeste/test-reporter,lapeste/test-reporter,maybe,,n,
laravel-lang/.github/.github/workflows/download.yml,laravel-lang/.github,maybe,,n,
laravel-lang/.github/.github/workflows/translate.yml,laravel-lang/.github,maybe,,n,
laravel/.github/.github/workflows/coding-standards.yml,laravel/.github,maybe,n,n,
laravel/.github/.github/workflows/compile-assets.yml,laravel/.github,maybe,n,n,
laravel/.github/.github/workflows/pull-requests.yml,laravel/.github,maybe,n,n,
laravel/.github/.github/workflows/update-changelog.yml,laravel/.github,maybe,n,n,
launchdarkly/find-code-references,launchdarkly/find-code-references,maybe,n,n,
lauravuo/action-automatic-releases,lauravuo/action-automatic-releases,maybe,n,n,
laurentsimon/scorecard-action,laurentsimon/scorecard-action,maybe,n,n,
laurentsimon/slsa-delegator/.github/actions/generate-attestations,laurentsimon/slsa-delegator,maybe,n,n,
layer5io/meshery-service-mesh-patterns-action,layer5io/meshery-service-mesh-patterns-action,maybe,n,n,
layer5io/mesheryctl-service-mesh-patterns-action,layer5io/mesheryctl-service-mesh-patterns-action,maybe,n,n,
layer5io/trigger-remote-provider-action,layer5io/trigger-remote-provider-action,maybe,n,n,
layer5labs/meshery-extensions-packages/.github/workflows/notify-email.yml,layer5labs/meshery-extensions-packages,maybe,n,n,
layotto/alipay-cloud-devops-codescan,layotto/alipay-cloud-devops-codescan,maybe,n,n,
lazy-actions/slatify,lazy-actions/slatify,maybe,y,n,
lbphacker/create-release,lbphacker/create-release,maybe,,y,y
lbphacker/upload-release-asset,lbphacker/upload-release-asset,maybe,,n,
ldez/gha-mjolnir,ldez/gha-mjolnir,maybe,n,n,
leafwing-studios/cargo-cache,leafwing-studios/cargo-cache,maybe,,n,
leahlundqvist/get-release,leahlundqvist/get-release,maybe,n,y,y
leahwicz/dbt-core/.github/workflows/release-docker.yml,leahwicz/dbt-core,maybe,n,n,
leancodepl/mobile-tools/.github/actions/pub-release,leancodepl/mobile-tools,maybe,n,n,
learningequality/kolibri-app/.github/workflows/build_mac.yml,learningequality/kolibri-app,maybe,n,n,
learningequality/kolibri-installer-android/.github/workflows/build_apk.yml,learningequality/kolibri-installer-android,maybe,n,n,
learningequality/kolibri-installer-android/.github/workflows/release_apk.yml,learningequality/kolibri-installer-android,maybe,n,n,
learningequality/kolibri-installer-debian/.github/workflows/build_deb.yml,learningequality/kolibri-installer-debian,maybe,n,n,
learningequality/kolibri-installer-windows/.github/workflows/build_exe.yml,learningequality/kolibri-installer-windows,maybe,n,n,
learningequality/pi-gen/.github/workflows/build_zip.yml,learningequality/pi-gen,maybe,n,n,
learningequality/pr-labeler,learningequality/pr-labeler,maybe,n,n,
lebedevri/checkout,lebedevri/checkout,maybe,,n,
ledgerhq/ledger-app-workflows/.github/workflows/reusable_build.yml,ledgerhq/ledger-app-workflows,maybe,,n,
ledgerhq/ledger-app-workflows/.github/workflows/reusable_pypi_deployment.yml,ledgerhq/ledger-app-workflows,maybe,,n,
ledgerhq/ledger-app-workflows/.github/workflows/reusable_ragger_tests.yml,ledgerhq/ledger-app-workflows,maybe,,n,
lee-dohm/no-response,lee-dohm/no-response,maybe,n,n,
legit-labs/action-download-artifact,legit-labs/action-download-artifact,maybe,,n,
legoktm/gh-action-auto-dch,legoktm/gh-action-auto-dch,maybe,n,n,
legoktm/gh-action-build-deb,legoktm/gh-action-build-deb,maybe,n,n,
legoktm/gh-action-dput,legoktm/gh-action-dput,maybe,n,n,
lekoarts/actions-push-subdirectories,lekoarts/actions-push-subdirectories,maybe,,n,
lelia/forker,lelia/forker,maybe,n,n,
lenskit/lkbuild/actions/report-test-results,lenskit/lkbuild,maybe,n,n,
lenskit/lkbuild/actions/save-test-results,lenskit/lkbuild,maybe,n,n,
lenskit/lkbuild/actions/setup-conda-env,lenskit/lkbuild,maybe,n,n,
lenskit/lkbuild/actions/setup-vanilla-env,lenskit/lkbuild,maybe,n,n,
leoafarias/flutter-fvm-config-action,leoafarias/flutter-fvm-config-action,maybe,y,n,
leodido/rn2md,leodido/rn2md,maybe,n,n,
leroy-merlin-br/action-s3-cache,leroy-merlin-br/action-s3-cache,maybe,n,y,y
less-action/reusables/.github/workflows/pre-commit.yaml,less-action/reusables,maybe,n,n,
lewiscowles1986/action-wordpress-plugin-deploy,lewiscowles1986/action-wordpress-plugin-deploy,maybe,,n,
lf-lang/benchmarks-lingua-franca/.github/workflows/benchmark-tests.yml,lf-lang/benchmarks-lingua-franca,maybe,n,n,
lf-lang/lingua-franca/.github/actions/latest-release,lf-lang/lingua-franca,maybe,n,n,
lf-lang/lingua-franca/.github/workflows/build.yml,lf-lang/lingua-franca,maybe,n,n,
lgj101/opengauss-action,lgj101/opengauss-action,maybe,n,n,
liangyongxiang/gentoo-nvchecker,liangyongxiang/gentoo-nvchecker,maybe,n,n,
libp2p/test-plans/.github/actions/run-interop-ping-test,libp2p/test-plans,maybe,n,n,
libp2p/test-plans/.github/actions/run-transport-interop-test,libp2p/test-plans,maybe,n,n,
libp2p/test-plans/.github/workflows/run-composition.yml,libp2p/test-plans,maybe,n,n,
libp2p/test-plans/.github/workflows/run-testplans.yml,libp2p/test-plans,maybe,n,n,
libp2p/uci/.github/workflows/go-test.yml,libp2p/uci,maybe,n,n,
libra/actions/comment,libra/actions,maybe,n,n,
libra/actions/hyperjump-comment,libra/actions,maybe,n,n,
libra/actions/hyperjump-labels,libra/actions,maybe,n,n,
libra/actions/hyperjump-request-review,libra/actions,maybe,n,n,
libra/actions/labels,libra/actions,maybe,n,n,
libra/actions/pr-base-ref,libra/actions,maybe,n,n,
libra/actions/request-review,libra/actions,maybe,n,n,
libra/actions/require-review,libra/actions,maybe,n,n,
libratbag/libratbag/.github/actions/meson,libratbag/libratbag,maybe,n,n,
libratbag/libratbag/.github/actions/pkginstall,libratbag/libratbag,maybe,n,n,
libretiny-eu/mkdocs-deploy-gh-pages,libretiny-eu/mkdocs-deploy-gh-pages,maybe,n,n,
libretranslate/libretranslate/.github/workflows/run-tests.yml,libretranslate/libretranslate,maybe,,n,
libretuya/mkdocs-deploy-gh-pages,libretuya/mkdocs-deploy-gh-pages,maybe,n,n,
libsgh/go-release-action,libsgh/go-release-action,maybe,n,n,
libsgh/panindex-release-action,libsgh/panindex-release-action,maybe,,n,
lidofinance/action-verify-bytecode,lidofinance/action-verify-bytecode,maybe,n,n,
lidofinance/create-pull-request,lidofinance/create-pull-request,maybe,n,n,
lifulltechvn/laravel-app-reviewdog-action,lifulltechvn/laravel-app-reviewdog-action,maybe,n,n,
lightning-ai/devtools/.github/workflows/check-schema.yml,lightning-ai/devtools,maybe,,n,
lightning-ai/probot,lightning-ai/probot,maybe,,n,
lightning-ai/utilities/.github/workflows/check-code.yml,lightning-ai/utilities,maybe,,n,
lightning-ai/utilities/.github/workflows/check-md-links.yml,lightning-ai/utilities,maybe,,n,
lightning-ai/utilities/.github/workflows/check-package.yml,lightning-ai/utilities,maybe,,n,
lightning-ai/utilities/.github/workflows/check-schema.yml,lightning-ai/utilities,maybe,,n,
lightning-ai/utilities/.github/workflows/clear-cache.yml,lightning-ai/utilities,maybe,,n,
lightninglabs/gh-actions/action-gh-release,lightninglabs/gh-actions,maybe,n,n,
lightninglabs/gh-actions/build-push-action,lightninglabs/gh-actions,maybe,n,n,
lightninglabs/gh-actions/login-action,lightninglabs/gh-actions,maybe,n,n,
lightninglabs/gh-actions/setup-buildx-action,lightninglabs/gh-actions,maybe,n,n,
lightninglabs/gh-actions/setup-qemu-action,lightninglabs/gh-actions,maybe,n,n,
lightswitch05/sonarcloud-github-action,lightswitch05/sonarcloud-github-action,maybe,n,n,
lijinke666/ding-talk-pr-notify,lijinke666/ding-talk-pr-notify,maybe,n,n,
lindluni/issue-manager,lindluni/issue-manager,maybe,n,n,
lineartapefilesystem/centos7-build,lineartapefilesystem/centos7-build,maybe,,n,
lineartapefilesystem/centos8-build,lineartapefilesystem/centos8-build,maybe,,n,
lineartapefilesystem/debian10-build,lineartapefilesystem/debian10-build,maybe,,n,
lineartapefilesystem/fedora28-build,lineartapefilesystem/fedora28-build,maybe,,n,
lineartapefilesystem/ubuntu2004-build,lineartapefilesystem/ubuntu2004-build,maybe,,n,
linkerd/dev/actions/setup-tools,linkerd/dev,maybe,n,n,
linkerd/linkerd2-action-gcloud,linkerd/linkerd2-action-gcloud,maybe,n,n,
linusdierheimer/fastfetch/.github/workflows/check.yml,linusdierheimer/fastfetch,maybe,,n,
linux-system-roles/lsr-gh-action-py26,linux-system-roles/lsr-gh-action-py26,maybe,n,n,
linux-system-roles/lsr-woke-action,linux-system-roles/lsr-woke-action,maybe,n,n,
linuxdeepin/.github/.github/workflows/backup-to-gitee.yml,linuxdeepin/.github,maybe,n,n,
linuxdeepin/.github/.github/workflows/backup-to-gitlabwh.yml,linuxdeepin/.github,maybe,n,n,
linuxdeepin/.github/.github/workflows/build-distribution.yml,linuxdeepin/.github,maybe,n,n,
linuxdeepin/.github/.github/workflows/chatops.yml,linuxdeepin/.github,maybe,,n,
linuxdeepin/.github/.github/workflows/cla-check.yml,linuxdeepin/.github,maybe,n,n,
linuxdeepin/.github/.github/workflows/deploy-dev-doc.yml,linuxdeepin/.github,maybe,n,n,
linuxdeepin/.github/.github/workflows/doc-check.yml,linuxdeepin/.github,maybe,n,n,
linuxdeepin/.github/.github/workflows/license-check.yml,linuxdeepin/.github,maybe,n,n,
linuxgemini/github-upload-release-artifacts-action,linuxgemini/github-upload-release-artifacts-action,maybe,n,n,
linuxmint/github-actions/.github/workflows/do-builds.yml,linuxmint/github-actions,maybe,n,n,
linuxserver/github-workflows/.github/workflows/init-svc-executable-permissions.yml,linuxserver/github-workflows,maybe,n,n,
linuxserver/github-workflows/.github/workflows/issue-pr-tracker.yml,linuxserver/github-workflows,maybe,n,n,
linuxwacom/libwacom/./.github/actions/meson,linuxwacom/libwacom,maybe,n,n,
linuxwacom/libwacom/.github/actions/meson,linuxwacom/libwacom,maybe,n,n,
linuxwacom/libwacom/.github/actions/pkginstall,linuxwacom/libwacom,maybe,n,n,
liquibase/action-download-artifact,liquibase/action-download-artifact,maybe,n,n,
liquibase/build-logic/.github/workflows/create-release.yml,liquibase/build-logic,maybe,n,n,
liquibase/build-logic/.github/workflows/dependabot-automerge.yml,liquibase/build-logic,maybe,n,n,
liquibase/build-logic/.github/workflows/extension-attach-artifact-release.yml,liquibase/build-logic,maybe,n,n,
liquibase/build-logic/.github/workflows/extension-release-published.yml,liquibase/build-logic,maybe,n,n,
liquibase/build-logic/.github/workflows/os-extension-test.yml,liquibase/build-logic,maybe,n,n,
liquibase/build-logic/.github/workflows/package-deb.yml,liquibase/build-logic,maybe,n,n,
liquibase/build-logic/.github/workflows/synk-nightly.yml,liquibase/build-logic,maybe,n,n,
liquibase/liquibase/.github/workflows/build-azure-uber-jar.yml,liquibase/liquibase,maybe,n,n,
liri-infra/fetch-artifact,liri-infra/fetch-artifact,maybe,n,n,
liri-infra/lupdate-action,liri-infra/lupdate-action,maybe,n,n,
liri-infra/transifex-action,liri-infra/transifex-action,maybe,n,n,
liri-infra/translation-action,liri-infra/translation-action,maybe,n,n,
liri-infra/xdg-validator-action,liri-infra/xdg-validator-action,maybe,n,n,
lirios/.github/.github/workflows/build-linux-qt5.yml,lirios/.github,maybe,n,n,
lirios/.github/.github/workflows/build-linux.yml,lirios/.github,maybe,n,n,
lirios/.github/.github/workflows/checks.yml,lirios/.github,maybe,n,n,
lirios/.github/.github/workflows/copr.yml,lirios/.github,maybe,n,n,
lirios/.github/.github/workflows/transifex.yml,lirios/.github,maybe,n,n,
litomore/simple-icons-release-action,litomore/simple-icons-release-action,maybe,,n,
little-core-labs/get-git-tag,little-core-labs/get-git-tag,maybe,y,n,
livepeer/action-gh-checksum-and-gpg-sign,livepeer/action-gh-checksum-and-gpg-sign,maybe,n,n,
livepeer/action-gh-codesign-apple,livepeer/action-gh-codesign-apple,maybe,n,n,
livepeer/branch-manifest-action,livepeer/branch-manifest-action,maybe,n,n,
liya2017/composite-action,liya2017/composite-action,maybe,n,n,
lizardbyte/.github/actions/create_release,lizardbyte/.github,maybe,,n,
lizardbyte/.github/actions/verify_changelog,lizardbyte/.github,maybe,,n,
lizardbyte/archlinux-package-action,lizardbyte/archlinux-package-action,maybe,,n,
lizheming/issues-translate-action,lizheming/issues-translate-action,maybe,n,n,
ljharb/actions-js-build/commit,ljharb/actions-js-build,maybe,n,n,
ljharb/actions/.github/workflows/node.yml,ljharb/actions,maybe,n,n,
ljharb/actions/.github/workflows/pretest.yml,ljharb/actions,maybe,n,n,
ljharb/actions/.github/workflows/rebase.yml,ljharb/actions,maybe,n,n,
ljharb/actions/node/install,ljharb/actions,maybe,n,n,
ljharb/actions/node/matrix,ljharb/actions,maybe,n,n,
ljharb/actions/node/run,ljharb/actions,maybe,n,n,
ljharb/rebase,ljharb/rebase,maybe,n,n,
ljharb/require-allow-edits,ljharb/require-allow-edits,maybe,n,n,
llaville/.github/.github/workflows/gh-pages.yml,llaville/.github,maybe,n,n,
llaville/.github/.github/workflows/mega-linter.yml,llaville/.github,maybe,n,n,
llaville/.github/.github/workflows/release.yml,llaville/.github,maybe,n,n,
llde/ghaction-virustotal,llde/ghaction-virustotal,maybe,y,n,
llvm/actions/install-ninja,llvm/actions,maybe,n,n,
llvm/actions/setup-windows,llvm/actions,maybe,n,n,
localstack/meta/.github/workflows/sync-project.yml,localstack/meta,maybe,n,n,
loekd/github-tag-action,loekd/github-tag-action,maybe,n,y,y
loekd/publish-unit-test-result-action/composite,loekd/publish-unit-test-result-action,maybe,n,n,
loekd/release-action,loekd/release-action,maybe,n,n,
logtalk-actions/setup-logtalk,logtalk-actions/setup-logtalk,maybe,y,n,
logto-io/actions-add-labels-run-steps,logto-io/actions-add-labels-run-steps,maybe,n,n,
logto-io/actions-node-pnpm-run-steps,logto-io/actions-node-pnpm-run-steps,maybe,n,n,
loloof64/tauri-action,loloof64/tauri-action,maybe,n,y,y
lombiq/github-actions/.github/workflows/build-and-test-dotnet.yml,lombiq/github-actions,maybe,,n,
lombiq/github-actions/.github/workflows/build-and-test-orchard-core.yml,lombiq/github-actions,maybe,,n,
lombiq/github-actions/.github/workflows/create-jira-issues-for-community-activities.yml,lombiq/github-actions,maybe,,n,
lombiq/github-actions/.github/workflows/post-pull-request-checks-automation.yml,lombiq/github-actions,maybe,,n,
lombiq/github-actions/.github/workflows/publish-nuget.yml,lombiq/github-actions,maybe,,n,
lombiq/github-actions/.github/workflows/spelling.yml,lombiq/github-actions,maybe,,n,
lombiq/github-actions/.github/workflows/validate-pull-request.yml,lombiq/github-actions,maybe,,n,
lomocc/request-page-build,lomocc/request-page-build,maybe,n,n,
longhorn/bot/add-zenhub-release-action,longhorn/bot,maybe,n,n,
longhorn/bot/milestone-action,longhorn/bot,maybe,n,n,
longhorn/longhorn/.github/workflows/stale.yaml,longhorn/longhorn,maybe,n,n,
longhorn/longhorn/.github/workflows/stale.yml,longhorn/longhorn,maybe,n,n,
looker-open-source/.github/.github/workflows/check-files.yml,looker-open-source/.github,maybe,n,n,
looker-open-source/reusable-actions/.github/workflows/primary-version.yml,looker-open-source/reusable-actions,maybe,n,n,
looker-open-source/reusable-actions/.github/workflows/supported-versions.yml,looker-open-source/reusable-actions,maybe,n,n,
loophp/flake-lock-update-workflow/.github/workflows/upgrade-flakes.yaml,loophp/flake-lock-update-workflow,maybe,n,n,
lopsided98/nix-ros-build-action,lopsided98/nix-ros-build-action,maybe,n,n,
lord-kamina/vcpkg-action,lord-kamina/vcpkg-action,maybe,,n,
lovasoa/upload-release-asset,lovasoa/upload-release-asset,maybe,n,n,
lovettchris/action-download-artifact,lovettchris/action-download-artifact,maybe,n,n,
lrstanley/.github/.github/workflows/lang-go-lint.yml,lrstanley/.github,maybe,n,n,
lrstanley/.github/.github/workflows/lang-go-test-matrix.yml,lrstanley/.github,maybe,n,n,
lucee/script-runner,lucee/script-runner,maybe,n,n,
ludeeus/action-ha-config-check,ludeeus/action-ha-config-check,maybe,y,n,
luet-lab/luet-install-action,luet-lab/luet-install-action,maybe,,n,
luisherranz/eslint-plus-action,luisherranz/eslint-plus-action,maybe,y,n,
luizirber/setup-ipfs,luizirber/setup-ipfs,maybe,n,n,
lukasss93/telegram-action,lukasss93/telegram-action,maybe,,n,
lulalaby/tweet,lulalaby/tweet,maybe,,n,
luraproject/.github/.github/workflows/label-commenter.yml,luraproject/.github,maybe,n,n,
lutengda/gitlab-mirror-and-ci-action,lutengda/gitlab-mirror-and-ci-action,maybe,n,n,
luxtorpeda-dev/build-number,luxtorpeda-dev/build-number,maybe,n,y,y
luxtorpeda-dev/create-release,luxtorpeda-dev/create-release,maybe,n,y,y
luxtorpeda-dev/upload-release-asset,luxtorpeda-dev/upload-release-asset,maybe,n,n,
m-kuhn/action-tmate,m-kuhn/action-tmate,maybe,n,n,
m-kuhn/backport,m-kuhn/backport,maybe,n,n,
m3o/commit-action,m3o/commit-action,maybe,n,n,
maaassistantarknights/action-electron-builder,maaassistantarknights/action-electron-builder,maybe,,n,
machine-learning-apps/gpr-docker-publish,machine-learning-apps/gpr-docker-publish,maybe,y,n,
machine-learning-apps/repo2docker-action,machine-learning-apps/repo2docker-action,maybe,y,n,
mackerelio/create-release-action,mackerelio/create-release-action,maybe,n,y,y
mackerelio/mackerel-create-release-pull-request-action,mackerelio/mackerel-create-release-pull-request-action,maybe,n,n,
mackerelio/staging-release-update-action,mackerelio/staging-release-update-action,maybe,n,n,
mackerelio/workflows/.github/workflows/go-lint.yml,mackerelio/workflows,maybe,n,n,
mackerelio/workflows/.github/workflows/go-test.yml,mackerelio/workflows,maybe,n,n,
mackerelio/workflows/.github/workflows/setup-go-matrix.yml,mackerelio/workflows,maybe,n,n,
maddox/actions/sleep,maddox/actions,maybe,n,n,
maddox/actions/ssh,maddox/actions,maybe,n,n,
madhead/semver-utils,madhead/semver-utils,maybe,y,n,
maggi64/eslint-plus-action,maggi64/eslint-plus-action,maybe,,n,
magicstack/gha-commit-and-push,magicstack/gha-commit-and-push,maybe,n,n,
mahaker/actions-idobata,mahaker/actions-idobata,maybe,n,n,
maidsafe/rust-version-bump-branch-creator,maidsafe/rust-version-bump-branch-creator,maybe,n,n,
majorscruffy/delete-workflow-runs,majorscruffy/delete-workflow-runs,maybe,,n,
malachi-constant/issue-minimum-response,malachi-constant/issue-minimum-response,maybe,n,n,
malcolmnixon/setup-vstest,malcolmnixon/setup-vstest,maybe,,n,
malinskiy/action-android/emulator-run-cmd,malinskiy/action-android,maybe,y,n,
malinskiy/action-android/install-sdk,malinskiy/action-android,maybe,y,n,
malinthaprasan/action-surefire-report,malinthaprasan/action-surefire-report,maybe,y,n,
manicminer/ghaction-terraform-provider-release/.github/workflows/hashicorp.yml,manicminer/ghaction-terraform-provider-release,maybe,n,n,
manics/action-k3s-helm,manics/action-k3s-helm,maybe,y,n,
manifoldscholar/issue-autorespond-action,manifoldscholar/issue-autorespond-action,maybe,,n,
manna-harbour/zmk-config/.github/workflows/main.yml,manna-harbour/zmk-config,maybe,n,n,
manoj-paramsetti/greets-action,manoj-paramsetti/greets-action,maybe,,n,
maork-elementor/json-to-variables,maork-elementor/json-to-variables,maybe,n,n,
maptiler/tileserver-gl/.github/workflows/automerger.yml,maptiler/tileserver-gl,maybe,n,n,
maptiler/tileserver-gl/.github/workflows/ci.yml,maptiler/tileserver-gl,maybe,n,n,
maptiler/tileserver-gl/.github/workflows/ct.yml,maptiler/tileserver-gl,maybe,n,n,
marcelklehr/get-github-handles-from-website-action,marcelklehr/get-github-handles-from-website-action,maybe,n,n,
marcelklehr/pr-feedback-action,marcelklehr/pr-feedback-action,maybe,n,n,
marcokreeft87/github-action-npm-release,marcokreeft87/github-action-npm-release,maybe,n,n,
marcopolo/cargo,marcopolo/cargo,maybe,n,n,
marcprux/setup-swift,marcprux/setup-swift,maybe,y,n,
mario-campos/emulate,mario-campos/emulate,maybe,n,n,
mario-sangar/upload-s3-action,mario-sangar/upload-s3-action,maybe,n,n,
marip8/industrial_ci,marip8/industrial_ci,maybe,y,n,
mariuszkogut/release-drafter,mariuszkogut/release-drafter,maybe,,n,
markjaquith/action-wordpress-plugin-asset-update,markjaquith/action-wordpress-plugin-asset-update,maybe,n,n,
marmelab/greenframe-action,marmelab/greenframe-action,maybe,y,n,
marocchino/action-workflow_run-status,marocchino/action-workflow_run-status,maybe,n,n,
marp-team/actions,marp-team/actions,maybe,n,n,
marr11317/conflictadviser,marr11317/conflictadviser,maybe,,n,
martijnhols/actions-cache,martijnhols/actions-cache,maybe,n,n,
martijnhols/actions-cache/check,martijnhols/actions-cache,maybe,n,n,
martijnhols/actions-cache/restore,martijnhols/actions-cache,maybe,n,n,
martijnhols/actions-cache/save,martijnhols/actions-cache,maybe,n,n,
martijnhols/cache,martijnhols/cache,maybe,n,n,
martinbonnin/run-benchmarks,martinbonnin/run-benchmarks,maybe,n,n,
martinpaljak/actions/deploy-release,martinpaljak/actions,maybe,n,n,
martinthomson/i-d-template,martinthomson/i-d-template,maybe,n,n,
masscodeio/release-tag,masscodeio/release-tag,maybe,,y,y
master-atul/tar-action,master-atul/tar-action,maybe,n,n,
masterleinad/gitlab-mirror-and-ci-action,masterleinad/gitlab-mirror-and-ci-action,maybe,y,n,
masterq32/install-qt-action,masterq32/install-qt-action,maybe,,n,
matchai/criterion-compare-action,matchai/criterion-compare-action,maybe,y,n,
matheusalbino/git-commit,matheusalbino/git-commit,maybe,n,n,
matomo-org/github-action-tests,matomo-org/github-action-tests,maybe,n,n,
matrix-org/allchange,matrix-org/allchange,maybe,n,n,
matrix-org/backend-meta/.github/workflows/packaging.yml,matrix-org/backend-meta,maybe,n,n,
matrix-org/backend-meta/.github/workflows/python-poetry-ci.yml,matrix-org/backend-meta,maybe,n,n,
matrix-org/backend-meta/.github/workflows/release.yml,matrix-org/backend-meta,maybe,n,n,
matrix-org/backend-meta/.github/workflows/sign-off.yml,matrix-org/backend-meta,maybe,n,n,
matrix-org/backend-meta/.github/workflows/triage-incoming.yml,matrix-org/backend-meta,maybe,n,n,
matrix-org/dendrite/.github/workflows/dendrite.yml,matrix-org/dendrite,maybe,n,n,
matrix-org/dendrite/.github/workflows/docker.yml,matrix-org/dendrite,maybe,n,n,
matrix-org/done-action,matrix-org/done-action,maybe,n,n,
matrix-org/github-action-benchmark,matrix-org/github-action-benchmark,maybe,y,n,
matrix-org/matrix-js-sdk/.github/workflows/pr_details.yml,matrix-org/matrix-js-sdk,maybe,n,n,
matrix-org/matrix-js-sdk/.github/workflows/pull_request.yaml,matrix-org/matrix-js-sdk,maybe,n,n,
matrix-org/matrix-js-sdk/.github/workflows/release-npm.yml,matrix-org/matrix-js-sdk,maybe,n,n,
matrix-org/matrix-js-sdk/.github/workflows/sonarcloud.yml,matrix-org/matrix-js-sdk,maybe,n,n,
matrix-org/matrix-js-sdk/.github/workflows/upgrade_dependencies.yml,matrix-org/matrix-js-sdk,maybe,n,n,
matrix-org/matrix-react-sdk/.github/workflows/cypress.yaml,matrix-org/matrix-react-sdk,maybe,n,n,
matrix-org/matrix-react-sdk/.github/workflows/element-web.yaml,matrix-org/matrix-react-sdk,maybe,n,n,
matrix-org/matrix-react-sdk/.github/workflows/i18n_check.yml,matrix-org/matrix-react-sdk,maybe,n,n,
matrix-org/matrix-react-sdk/.github/workflows/tests.yml,matrix-org/matrix-react-sdk,maybe,n,n,
matrix-org/matrix-web-i18n/.github/workflows/i18n_check.yml,matrix-org/matrix-web-i18n,maybe,n,n,
matrix-org/netlify-pr-preview,matrix-org/netlify-pr-preview,maybe,n,n,
matrix-org/pr-details-action,matrix-org/pr-details-action,maybe,n,n,
matrix-org/setup-python-poetry,matrix-org/setup-python-poetry,maybe,n,y,y
matrix-org/sonarcloud-workflow-action,matrix-org/sonarcloud-workflow-action,maybe,n,n,
matt-gleich/gh_fsync,matt-gleich/gh_fsync,maybe,,n,
matter-labs/action-hosting-deploy,matter-labs/action-hosting-deploy,maybe,n,n,
matter-labs/github-workflows/.github/workflows/npm.publish-package.yaml,matter-labs/github-workflows,maybe,n,n,
matter-labs/zksync-dev/.github/workflows/deploy.yml,matter-labs/zksync-dev,maybe,n,n,
matter-labs/zksync-dev/.github/workflows/npm.publish.yml,matter-labs/zksync-dev,maybe,n,n,
matter-labs/zksync-dev/.github/workflows/server.update-config.yml,matter-labs/zksync-dev,maybe,n,n,
matter-labs/zksync-dev/.github/workflows/setup.runtime.yml,matter-labs/zksync-dev,maybe,n,n,
mattermost/actions-workflows/.github/workflows/plugin-cd.yml,mattermost/actions-workflows,maybe,n,n,
mattermost/actions-workflows/.github/workflows/plugin-ci.yml,mattermost/actions-workflows,maybe,n,n,
matthiasvalvekens/pyhanko/.github/workflows/build-pipeline.yml,matthiasvalvekens/pyhanko,maybe,,n,
mattpolzin/swift-doc,mattpolzin/swift-doc,maybe,n,n,
mattraks/delete-workflow-runs,mattraks/delete-workflow-runs,maybe,,n,
mattsjones/action,mattsjones/action,maybe,n,n,
max/awesome-lint,max/awesome-lint,maybe,n,n,
maxdesiatov/danger-swift,maxdesiatov/danger-swift,maybe,y,n,
maxdesiatov/swift-doc,maxdesiatov/swift-doc,maybe,,n,
maxheld83/ghpages,maxheld83/ghpages,maybe,y,y,y
maxheld83/rsync,maxheld83/rsync,maybe,n,n,
maxim-lobanov/setup-android-tools,maxim-lobanov/setup-android-tools,maybe,y,n,
maxime1907/action-sourceknight,maxime1907/action-sourceknight,maybe,n,n,
maximeheckel/github-action-merge-fast-forward,maximeheckel/github-action-merge-fast-forward,maybe,,n,
maxkomarychev/octions/octions/issues/add-labels,maxkomarychev/octions,maybe,n,n,
maxkomarychev/octions/octions/issues/create-comment,maxkomarychev/octions,maybe,n,n,
maxkomarychev/octions/octions/issues/update,maxkomarychev/octions,maybe,n,n,
maxkomarychev/octions/octions/repos/list-commits,maxkomarychev/octions,maybe,n,n,
maxnowack/local-cache,maxnowack/local-cache,maybe,y,y,y
maxymvlasov/dive-action,maxymvlasov/dive-action,maybe,,y,y
mayadata-io/github-chaos-actions,mayadata-io/github-chaos-actions,maybe,y,n,
mayk-it/action-swiftlint,mayk-it/action-swiftlint,maybe,y,n,
mbilalshafi/no-response-add-label,mbilalshafi/no-response-add-label,maybe,,n,
mc-machinations/auto-release-changelog,mc-machinations/auto-release-changelog,maybe,,n,
mcansh/release-comment-action,mcansh/release-comment-action,maybe,n,n,
mchehab/upload-release-asset,mchehab/upload-release-asset,maybe,n,n,
mcpierce/github-commit-timestamp-tagger,mcpierce/github-commit-timestamp-tagger,maybe,n,n,
mdn/workflows/.github/workflows/idle-issues.yml,mdn/workflows,maybe,n,n,
mdn/workflows/.github/workflows/idle.yml,mdn/workflows,maybe,n,n,
mdn/workflows/.github/workflows/new-issues.yml,mdn/workflows,maybe,n,n,
mdn/workflows/.github/workflows/pr-rebase-needed.yml,mdn/workflows,maybe,n,n,
mdn/workflows/.github/workflows/publish-release.yml,mdn/workflows,maybe,n,n,
mdolab/.github/.github/workflows/black.yaml,mdolab/.github,maybe,n,n,
mdolab/.github/.github/workflows/flake8.yaml,mdolab/.github,maybe,n,n,
mdolab/.github/.github/workflows/pypi.yaml,mdolab/.github,maybe,n,n,
meatlink/action-gh-release,meatlink/action-gh-release,maybe,n,n,
meatlink/issue-defaults,meatlink/issue-defaults,maybe,n,n,
mediaminister/action-kodi-addon-submitter,mediaminister/action-kodi-addon-submitter,maybe,n,n,
megalinter/megalinter,megalinter/megalinter,maybe,y,n,
megalinter/megalinter/flavors/documentation,megalinter/megalinter,maybe,y,n,
megalinter/megalinter/flavors/dotnet,megalinter/megalinter,maybe,y,n,
megalinter/megalinter/flavors/go,megalinter/megalinter,maybe,y,n,
megalinter/megalinter/flavors/javascript,megalinter/megalinter,maybe,y,n,
megalinter/megalinter/flavors/python,megalinter/megalinter,maybe,y,n,
megastep/shell-linter,megastep/shell-linter,maybe,y,y,y
meisnate12/discord-notifications,meisnate12/discord-notifications,maybe,n,n,
melusina-org/gha-install-macports,melusina-org/gha-install-macports,maybe,n,n,
menduz/oddish-action,menduz/oddish-action,maybe,n,n,
mercedes-benz/sechub/.github/workflows/_build+publish-pds-solution.yml,mercedes-benz/sechub,maybe,n,n,
mercedes-benz/sechub/.github/workflows/build+publish-all-pds-solutions.yml,mercedes-benz/sechub,maybe,n,n,
mergifyio/gha-mergify-merge-queue-labels-copier,mergifyio/gha-mergify-merge-queue-labels-copier,maybe,,n,
merthintechnologies/edit-json-action,merthintechnologies/edit-json-action,maybe,,n,
meshery/meshery/.github/workflows/build-and-release-dde.yml,meshery/meshery,maybe,n,n,
meshery/meshery/.github/workflows/cncf-playground-deploy-meshery.yaml,meshery/meshery,maybe,n,n,
meshery/meshery/.github/workflows/deploy-meshery-cncf-playground.yaml,meshery/meshery,maybe,n,n,
meshery/meshery/.github/workflows/deploy-meshery-playground.yml,meshery/meshery,maybe,n,n,
meshery/meshery/.github/workflows/helm-chart-releaser.yml,meshery/meshery,maybe,n,n,
meshery/meshery/.github/workflows/test_adapters.yaml,meshery/meshery,maybe,n,n,
meshery/meshery/.github/workflows/test_adaptersv2.yaml,meshery/meshery,maybe,n,n,
meshery/meshery/.github/workflows/testadapters.yaml,meshery/meshery,maybe,n,n,
meshinspector/meshlib/.github/workflows/build-test-emscripten.yml,meshinspector/meshlib,maybe,,n,
meshinspector/meshlib/.github/workflows/build-test-fedora35.yml,meshinspector/meshlib,maybe,,n,
meshinspector/meshlib/.github/workflows/build-test-macos.yml,meshinspector/meshlib,maybe,,n,
meshinspector/meshlib/.github/workflows/build-test-ubuntu20.yml,meshinspector/meshlib,maybe,,n,
meshinspector/meshlib/.github/workflows/build-test-ubuntu22.yml,meshinspector/meshlib,maybe,,n,
meshinspector/meshlib/.github/workflows/build-test-windows.yml,meshinspector/meshlib,maybe,,n,
meshinspector/meshlib/.github/workflows/prepare-images.yml,meshinspector/meshlib,maybe,,n,
meshinspector/meshlib/.github/workflows/release-tests.yml,meshinspector/meshlib,maybe,,n,
meshinspector/meshlib/.github/workflows/upload-wheels.yml,meshinspector/meshlib,maybe,,n,
meshinspector/meshlib/.github/workflows/versioning-release.yml,meshinspector/meshlib,maybe,,n,
meshrus/meshlib/.github/workflows/prepare-images.yml,meshrus/meshlib,maybe,,n,
meshrus/meshlib/.github/workflows/versioning-release.yml,meshrus/meshlib,maybe,,n,
messense/maturin-action,messense/maturin-action,maybe,y,n,
metal-toolbox/container-push/.github/workflows/container-push.yml,metal-toolbox/container-push,maybe,n,n,
metalbear-co/ci/e2e-setup-action,metalbear-co/ci,maybe,n,n,
metalbear-co/mirrord-intellij/.github/workflows/reusable_e2e.yaml,metalbear-co/mirrord-intellij,maybe,n,n,
metalbear-co/mirrord-vscode/.github/workflows/reusable_e2e.yaml,metalbear-co/mirrord-vscode,maybe,n,n,
metalbear-co/release-tracker-action,metalbear-co/release-tracker-action,maybe,n,n,
metamask/action-is-release,metamask/action-is-release,maybe,,n,
metamask/action-npm-publish,metamask/action-npm-publish,maybe,,n,
metamask/action-publish-release,metamask/action-publish-release,maybe,,n,
metamask/cla-signature-bot,metamask/cla-signature-bot,maybe,,n,
meteorengineer/setup-meteor,meteorengineer/setup-meteor,maybe,y,n,
methanepowered/filtersarif,methanepowered/filtersarif,maybe,,n,
methanepowered/gha-setup-ninja,methanepowered/gha-setup-ninja,maybe,,n,
metriport/deploy-with-cdk,metriport/deploy-with-cdk,maybe,n,n,
metrue/noticeme-github-action,metrue/noticeme-github-action,maybe,n,n,
meza/action-setup-node-npm,meza/action-setup-node-npm,maybe,n,n,
meza/action-setup-node-pnpm,meza/action-setup-node-pnpm,maybe,n,n,
meza/shared-github-workflows/.github/workflows/default-node-npm-ci.yml,meza/shared-github-workflows,maybe,n,n,
mfem/github-actions/build-hypre,mfem/github-actions,maybe,n,n,
mfem/github-actions/build-metis,mfem/github-actions,maybe,n,n,
mfem/github-actions/build-mfem,mfem/github-actions,maybe,n,n,
mfem/github-actions/upload-coverage,mfem/github-actions,maybe,n,n,
mflaxman/black-action,mflaxman/black-action,maybe,y,n,
mhanberg/gigalixir-action,mhanberg/gigalixir-action,maybe,y,n,
mheap/phpunit-matcher-action,mheap/phpunit-matcher-action,maybe,y,n,
mhils/add-pr-ref-in-changelog,mhils/add-pr-ref-in-changelog,maybe,n,n,
mhils/better-codecov-action,mhils/better-codecov-action,maybe,n,n,
mhils/workflows/.github/workflows/alls-green.yml,mhils/workflows,maybe,n,n,
mhils/workflows/.github/workflows/python-build.yml,mhils/workflows,maybe,n,n,
mhils/workflows/.github/workflows/python-deploy.yml,mhils/workflows,maybe,n,n,
mhils/workflows/.github/workflows/python-tox.yml,mhils/workflows,maybe,n,n,
mhuig/npm-publish-action,mhuig/npm-publish-action,maybe,,n,
mhutchie/update-milestone-on-release,mhutchie/update-milestone-on-release,maybe,n,n,
mic92/update-flake-lock,mic92/update-flake-lock,maybe,,n,
micaforeveryone/get-version-action,micaforeveryone/get-version-action,maybe,,n,
michaelkaye/matrix-hookshot-action,michaelkaye/matrix-hookshot-action,maybe,n,n,
michaelkaye/setup-matrix-synapse,michaelkaye/setup-matrix-synapse,maybe,n,n,
micro-lc/micro-lc/.github/workflows/checks.yml,micro-lc/micro-lc,maybe,n,n,
micro-lc/micro-lc/.github/workflows/e2e-tests.yml,micro-lc/micro-lc,maybe,n,n,
micro-lc/micro-lc/.github/workflows/prepare.yml,micro-lc/micro-lc,maybe,n,n,
micro-lc/micro-lc/.github/workflows/release-docker.yml,micro-lc/micro-lc,maybe,n,n,
micro-lc/micro-lc/.github/workflows/tests.yml,micro-lc/micro-lc,maybe,n,n,
micro-lc/micro-lc/.github/workflows/unit-tests.yml,micro-lc/micro-lc,maybe,n,n,
micronaut-projects/github-actions/export-gradle-properties,micronaut-projects/github-actions,maybe,n,y,y
micronaut-projects/github-actions/graalvm/build,micronaut-projects/github-actions,maybe,n,n,
micronaut-projects/github-actions/graalvm/build-matrix,micronaut-projects/github-actions,maybe,n,n,
micronaut-projects/github-actions/graalvm/post-build,micronaut-projects/github-actions,maybe,n,n,
micronaut-projects/github-actions/graalvm/pre-build,micronaut-projects/github-actions,maybe,n,n,
micronaut-projects/github-actions/post-release,micronaut-projects/github-actions,maybe,n,n,
micronaut-projects/github-actions/pre-release,micronaut-projects/github-actions,maybe,n,n,
micronaut-projects/github-actions/release-notes,micronaut-projects/github-actions,maybe,n,n,
micronaut-projects/github-actions/update-bom,micronaut-projects/github-actions,maybe,n,n,
micronaut-projects/github-pages-deploy-action,micronaut-projects/github-pages-deploy-action,maybe,n,n,
micronaut-projects/push-docker-gcr,micronaut-projects/push-docker-gcr,maybe,n,y,y
microsoft-approved-actions/vstest,microsoft-approved-actions/vstest,maybe,n,n,
microsoft/accessibility-insights-action,microsoft/accessibility-insights-action,maybe,y,n,
microsoft/gh-sync,microsoft/gh-sync,maybe,n,n,
microsoft/mu_devops/.github/workflows/autoapprover.yml,microsoft/mu_devops,maybe,,n,
microsoft/mu_devops/.github/workflows/automerger.yml,microsoft/mu_devops,maybe,,n,
microsoft/mu_devops/.github/workflows/issueassignment.yml,microsoft/mu_devops,maybe,,n,
microsoft/mu_devops/.github/workflows/issuetriager.yml,microsoft/mu_devops,maybe,,n,
microsoft/mu_devops/.github/workflows/labeler.yml,microsoft/mu_devops,maybe,,n,
microsoft/mu_devops/.github/workflows/labelsyncer.yml,microsoft/mu_devops,maybe,,n,
microsoft/mu_devops/.github/workflows/releasedrafter.yml,microsoft/mu_devops,maybe,,n,
microsoft/mu_devops/.github/workflows/stale.yml,microsoft/mu_devops,maybe,,n,
microsoft/publish-dev-container-features-action,microsoft/publish-dev-container-features-action,maybe,n,n,
microsoft/react-native-test-app/.github/actions/cocoapods,microsoft/react-native-test-app,maybe,n,n,
microsoft/react-native-test-app/.github/actions/setup-toolchain,microsoft/react-native-test-app,maybe,n,n,
microsoft/sarif-actions,microsoft/sarif-actions,maybe,n,n,
microsoft/variable-substitution,microsoft/variable-substitution,maybe,y,n,
microsoft/vs-intellicode,microsoft/vs-intellicode,maybe,n,n,
microsoft/vscode-azuretools/.github/workflows/jobs.yml,microsoft/vscode-azuretools,maybe,n,n,
microsoft/vscode-azuretools/.github/workflows/main.yml,microsoft/vscode-azuretools,maybe,n,n,
microsoft/vstest-action,microsoft/vstest-action,maybe,y,n,
migraphx-benchmark/actions/.github/workflows/history.yml,migraphx-benchmark/actions,maybe,n,n,
miguelripoll23/generate-tag-name,miguelripoll23/generate-tag-name,maybe,,n,
miguelripoll23/github-global/.github/workflows/analyze-package.yml,miguelripoll23/github-global,maybe,,n,
miguelripoll23/global/.github/workflows/analyze-package.yml,miguelripoll23/global,maybe,,n,
mikepenz/action-gh-release,mikepenz/action-gh-release,maybe,n,n,
mikepenz/action-junit-report-2,mikepenz/action-junit-report-2,maybe,n,n,
milaboratory/github-ci/.github/workflows/java-gradle-app.yaml,milaboratory/github-ci,maybe,n,n,
milaboratory/github-ci/.github/workflows/java-gradle.yaml,milaboratory/github-ci,maybe,n,n,
milaboratory/github-ci/actions/context,milaboratory/github-ci,maybe,n,n,
milaboratory/github-ci/actions/context/init,milaboratory/github-ci,maybe,n,n,
milvus-io/hero-bot,milvus-io/hero-bot,maybe,n,n,
mindaugaslaganeckas/percy-upload,mindaugaslaganeckas/percy-upload,maybe,,n,
mindojo/get-latest-release,mindojo/get-latest-release,maybe,n,y,y
minecraftforge/sharedactions/.github/workflows/pr_actions.yml,minecraftforge/sharedactions,maybe,,n,
minecraftforge/sharedactions/.github/workflows/pr_review_actions.yml,minecraftforge/sharedactions,maybe,,n,
mineflash07/gh-action-get-changed-files,mineflash07/gh-action-get-changed-files,maybe,,n,
minicli/action-contributors,minicli/action-contributors,maybe,n,n,
minorusekine/setup-scoop,minorusekine/setup-scoop,maybe,,y,y
mintsuki-org/debian-i386,mintsuki-org/debian-i386,maybe,n,n,
mintsuki-org/debian-x86_64,mintsuki-org/debian-x86_64,maybe,n,n,
mintsuki/ubuntu-18.04-x86,mintsuki/ubuntu-18.04-x86,maybe,n,n,
miraclebg/docker-remote-deployment-action,miraclebg/docker-remote-deployment-action,maybe,n,n,
miragenet/setup-docfx,miragenet/setup-docfx,maybe,,n,
mirakc/mirakc/.github/workflows/build.yml,mirakc/mirakc,maybe,n,n,
mirakc/mirakc/.github/workflows/coverage.yml,mirakc/mirakc,maybe,n,n,
mirakc/mirakc/.github/workflows/cross-build.yml,mirakc/mirakc,maybe,n,n,
mirakc/mirakc/.github/workflows/docker.yml,mirakc/mirakc,maybe,n,n,
mirakc/mirakc/.github/workflows/update.yml,mirakc/mirakc,maybe,n,n,
mirostauder/proxysql/.github/workflows/ci-package-build.yml,mirostauder/proxysql,maybe,n,n,
mirrornetworking/nunit-reporter,mirrornetworking/nunit-reporter,maybe,,n,
mirrornetworking/unity-runner,mirrornetworking/unity-runner,maybe,,y,y
mirrorng/nunit-reporter,mirrorng/nunit-reporter,maybe,,n,
mirrorng/unity-runner,mirrorng/unity-runner,maybe,,n,
mirrorng/unity-sonarscanner,mirrorng/unity-sonarscanner,maybe,,n,
mitre/xccdf-validate-action,mitre/xccdf-validate-action,maybe,n,n,
miurahr/coveralls-python-action,miurahr/coveralls-python-action,maybe,n,n,
miyataka/elastic-github-actions/elasticsearch,miyataka/elastic-github-actions,maybe,n,n,
mizuka-wu/gitee-pages-action,mizuka-wu/gitee-pages-action,maybe,y,n,
mjcheetham/asset-hash,mjcheetham/asset-hash,maybe,n,n,
mjcheetham/update-homebrew,mjcheetham/update-homebrew,maybe,n,n,
mjcheetham/update-winget,mjcheetham/update-winget,maybe,n,n,
mknejp/delete-release-assets,mknejp/delete-release-assets,maybe,n,y,y
mktcode/consecutive-workflow-action,mktcode/consecutive-workflow-action,maybe,y,n,
mlcommons/cla-bot,mlcommons/cla-bot,maybe,n,n,
mluukkai/github-push-action,mluukkai/github-push-action,maybe,n,n,
mlycore/action-kaniko,mlycore/action-kaniko,maybe,n,n,
mmagician/get-changed-files,mmagician/get-changed-files,maybe,n,n,
mmagician/gsheet.action,mmagician/gsheet.action,maybe,n,n,
mmagician/read-file-action,mmagician/read-file-action,maybe,n,n,
mmp/cuda-toolkit,mmp/cuda-toolkit,maybe,y,n,
mmubeen/action-pr-title,mmubeen/action-pr-title,maybe,n,n,
mnajdova/github-action-required-labels,mnajdova/github-action-required-labels,maybe,n,n,
mo-fatah/ci-alerts,mo-fatah/ci-alerts,maybe,,n,
mobilecoinofficial/gh-actions/checkout,mobilecoinofficial/gh-actions,maybe,n,n,
mobilecoinofficial/gha-k8s-toolbox,mobilecoinofficial/gha-k8s-toolbox,maybe,n,n,
mobilecoinofficial/gha-workflow-dispatch,mobilecoinofficial/gha-workflow-dispatch,maybe,n,n,
mockingbirdnest/actions/windows/download_artifact,mockingbirdnest/actions,maybe,n,n,
mockingbirdnest/actions/windows/download_ksp_assemblies,mockingbirdnest/actions,maybe,n,n,
mockingbirdnest/actions/windows/initialize_build,mockingbirdnest/actions,maybe,n,n,
mockingbirdnest/actions/windows/rebuild,mockingbirdnest/actions,maybe,n,n,
mockingbirdnest/actions/windows/restore,mockingbirdnest/actions,maybe,n,n,
mockingbirdnest/actions/windows/test,mockingbirdnest/actions,maybe,n,n,
mockingbirdnest/actions/windows/upload_principia_artifact,mockingbirdnest/actions,maybe,n,n,
moddingforblockheads/workflows/.github/workflows/build.yml,moddingforblockheads/workflows,maybe,,n,
moddingforblockheads/workflows/.github/workflows/create-release.yml,moddingforblockheads/workflows,maybe,,n,
moddingforblockheads/workflows/.github/workflows/publish-release.yml,moddingforblockheads/workflows,maybe,,n,
moddingforblockheads/workflows/.github/workflows/update-versions.yml,moddingforblockheads/workflows,maybe,,n,
modern-js-dev/actions,modern-js-dev/actions,maybe,n,n,
moderntribe/action-tribe-phpcs,moderntribe/action-tribe-phpcs,maybe,y,n,
modflowpy/install-gfortran-action,modflowpy/install-gfortran-action,maybe,n,n,
modmuss50/xvfb-action,modmuss50/xvfb-action,maybe,y,n,
modorganizer2/build-with-mob-action,modorganizer2/build-with-mob-action,maybe,,n,
modula3/cm3/.github/workflows/amd64_darwin.yml,modula3/cm3,maybe,n,n,
modula3/cm3/.github/workflows/amd64_linux.yml,modula3/cm3,maybe,n,n,
modula3/cm3/.github/workflows/amd64_mingw.yml,modula3/cm3,maybe,n,n,
modula3/cm3/.github/workflows/amd64_nt.yml,modula3/cm3,maybe,n,n,
modula3/cm3/.github/workflows/i386_linux.yml,modula3/cm3,maybe,n,n,
modula3/cm3/.github/workflows/i386_nt.yml,modula3/cm3,maybe,n,n,
mohuishou/utools/.github/action,mohuishou/utools,maybe,n,n,
moisout/changelog-create-release,moisout/changelog-create-release,maybe,n,n,
mojohaus/.github/.github/workflows/maven-deploy.yml,mojohaus/.github,maybe,n,n,
mongodb-labs/drivers-evergreen-tools,mongodb-labs/drivers-evergreen-tools,maybe,n,n,
monkeywie/create-release,monkeywie/create-release,maybe,,y,y
moomiji/docker-ddtv/.github/workflows/docker_build_push.yml,moomiji/docker-ddtv,maybe,,n,
mooyoul/tslint-actions,mooyoul/tslint-actions,maybe,y,n,
moul/repoman-action,moul/repoman-action,maybe,n,n,
mov-ai/.github/.github/workflows/ros-workflow.yml,mov-ai/.github,maybe,,n,
mozilla-mobile/ac-version-for-fenix-beta,mozilla-mobile/ac-version-for-fenix-beta,maybe,n,n,
mozilla-mobile/fenix-beta-version,mozilla-mobile/fenix-beta-version,maybe,n,n,
mozilla-mobile/relbot,mozilla-mobile/relbot,maybe,n,n,
mozilla-mobile/sync-strings-action,mozilla-mobile/sync-strings-action,maybe,n,n,
mozilla-mobile/update-experiments,mozilla-mobile/update-experiments,maybe,n,n,
mozilla-mobile/update-initial-experiments,mozilla-mobile/update-initial-experiments,maybe,n,n,
mozilla/action-automatic-releases,mozilla/action-automatic-releases,maybe,y,n,
mozilla/hubs-ops/.github/workflows/hcpkgprereleasegitops.yaml,mozilla/hubs-ops,maybe,,n,
mozilla/hubs-ops/.github/workflows/turkeygitops.yml,mozilla/hubs-ops,maybe,,n,
mozilla/probe-scraper/.github/workflows/glean.yaml,mozilla/probe-scraper,maybe,n,n,
mozilla/sccache-action,mozilla/sccache-action,maybe,y,y,y
mpflutter/cos-action,mpflutter/cos-action,maybe,n,y,y
mpi4py/setup-mpi,mpi4py/setup-mpi,maybe,y,n,
mrkkrp/ormolu-action,mrkkrp/ormolu-action,maybe,n,n,
mrousavy/clang-format-action,mrousavy/clang-format-action,maybe,y,n,
mrramych/gradle-actions/openjdk-12,mrramych/gradle-actions,maybe,,n,
mrramych/gradle-actions/openjdk-8,mrramych/gradle-actions,maybe,,n,
ms-jpq/sync-dockerhub-readme,ms-jpq/sync-dockerhub-readme,maybe,n,n,
msfjarvis/setup-android,msfjarvis/setup-android,maybe,n,n,
msoegtropimc/action-snapcraft-build,msoegtropimc/action-snapcraft-build,maybe,,n,
msp-greg/actions-ruby,msp-greg/actions-ruby,maybe,,n,
msp-greg/msys2-action,msp-greg/msys2-action,maybe,,n,
msp-greg/msys2-action/add_paths,msp-greg/msys2-action,maybe,,n,
msp-greg/ruby-setup-ruby,msp-greg/ruby-setup-ruby,maybe,,n,
msp-greg/setup-ruby-pkgs,msp-greg/setup-ruby-pkgs,maybe,,n,
mtgto/swift-format-action,mtgto/swift-format-action,maybe,n,n,
mtoohey31/cache-flake-attrs,mtoohey31/cache-flake-attrs,maybe,n,n,
mtrudel/elixir-ci-actions/.github/workflows/lint.yml,mtrudel/elixir-ci-actions,maybe,n,n,
mtrudel/elixir-ci-actions/.github/workflows/test.yml,mtrudel/elixir-ci-actions,maybe,n,n,
mu-io/setup-buf,mu-io/setup-buf,maybe,n,n,
mudblazor/mudblazor/.github/workflows/template-pipeline.yml,mudblazor/mudblazor,maybe,,n,
mudblazor/workflows/.github/workflows/template-deploy-web-app.yml,mudblazor/workflows,maybe,,n,
mudlabs/simple-diff,mudlabs/simple-diff,maybe,n,n,
mudlet/gsheets-append-action,mudlet/gsheets-append-action,maybe,,n,
mudlet/lupdate-action,mudlet/lupdate-action,maybe,,n,
muenzpraeger/github-action-extract-sfdx-packaging-result,muenzpraeger/github-action-extract-sfdx-packaging-result,maybe,n,n,
muenzpraeger/github-action-sfdx-packaging-updater,muenzpraeger/github-action-sfdx-packaging-updater,maybe,n,n,
muirproject/upload-artifact,muirproject/upload-artifact,maybe,,n,
multiverse/multiverse-core/.github/workflows/generic.platform_uploads.yml,multiverse/multiverse-core,maybe,,n,
multiversx/mx-sc-actions/.github/workflows/contracts.yml,multiversx/mx-sc-actions,maybe,n,n,
myci-actions/clean,myci-actions/clean,maybe,n,n,
myci-actions/install-coapp-tools,myci-actions/install-coapp-tools,maybe,y,n,
mydea/pr-labels-action,mydea/pr-labels-action,maybe,n,n,
myoung34/gpr-docker-publish,myoung34/gpr-docker-publish,maybe,y,n,
mysociety/action-git-pusher,mysociety/action-git-pusher,maybe,n,n,
mystenlabs/cargo-deny-action,mystenlabs/cargo-deny-action,maybe,n,n,
mystenlabs/sui/.github/workflows/tag.yml,mystenlabs/sui,maybe,n,n,
myungjoo/run-on-arch-action,myungjoo/run-on-arch-action,maybe,y,n,
n0izn0iz/mkache,n0izn0iz/mkache,maybe,n,n,
n1hility/cache,n1hility/cache,maybe,n,n,
n8n-io/gh-actions-playground,n8n-io/gh-actions-playground,maybe,,n,
n8n-io/validate-issue-template-content,n8n-io/validate-issue-template-content,maybe,n,n,
n8n-io/validate-n8n-pull-request-title,n8n-io/validate-n8n-pull-request-title,maybe,n,n,
nais/deploy/actions/deploy,nais/deploy,maybe,n,n,
nais/docker-build-push,nais/docker-build-push,maybe,y,n,
nais/frontend-plattform-cdn-upload-action,nais/frontend-plattform-cdn-upload-action,maybe,n,n,
namecheap/coverage-diff,namecheap/coverage-diff,maybe,,n,
named-data/actions/.github/workflows/docs-html.yml,named-data/actions,maybe,n,n,
named-data/actions/.github/workflows/docs-man.yml,named-data/actions,maybe,n,n,
named-data/actions/.github/workflows/jenkins-script-macos.yml,named-data/actions,maybe,n,n,
named-data/actions/.github/workflows/jenkins-script-ubuntu.yml,named-data/actions,maybe,n,n,
naminodarie/get-net-sdk-project-versions-action,naminodarie/get-net-sdk-project-versions-action,maybe,y,n,
nandofw/arm-runner-action,nandofw/arm-runner-action,maybe,n,n,
nanoframework/nf-tools/.github/workflows/update-dependencies.yml,nanoframework/nf-tools,maybe,n,n,
naoei/discord-webhook-notify,naoei/discord-webhook-notify,maybe,n,n,
napari/packaging/.github/workflows/make_bundle_conda.yml,napari/packaging,maybe,n,n,
nasa/cfs/.github/workflows/build-deploy-doc.yml,nasa/cfs,maybe,,n,
nasa/cfs/.github/workflows/codeql-build.yml,nasa/cfs,maybe,,n,
nasa/cfs/.github/workflows/codeql-reusable.yml,nasa/cfs,maybe,,n,
nasa/cfs/.github/workflows/format-check.yml,nasa/cfs,maybe,,n,
nasa/cfs/.github/workflows/static-analysis.yml,nasa/cfs,maybe,,n,
nash-io/cargo-release-action,nash-io/cargo-release-action,maybe,n,n,
nathanfirmo/wait-for-other-job,nathanfirmo/wait-for-other-job,maybe,,y,y
nautobot/nautobot/.github/workflows/ci.yml,nautobot/nautobot,maybe,n,n,
nautobot/nautobot/.github/workflows/ci_integration.yml,nautobot/nautobot,maybe,n,n,
navikt/frontend/actions/cdn-upload/v1,navikt/frontend,maybe,n,n,
near/docs-generator,near/docs-generator,maybe,n,n,
nearform-actions/github-action-check-linked-issues,nearform-actions/github-action-check-linked-issues,maybe,y,n,
nearform-actions/optic-release-automation-action,nearform-actions/optic-release-automation-action,maybe,y,n,
nearform/github-action-check-linked-issues,nearform/github-action-check-linked-issues,maybe,y,n,
nearform/github-action-notify-release,nearform/github-action-notify-release,maybe,n,y,y
nearform/optic-release-automation,nearform/optic-release-automation,maybe,y,n,
nearform/optic-release-automation-action,nearform/optic-release-automation-action,maybe,n,n,
nebuly-ai/nos/.github/workflows/.reusable-build.yaml,nebuly-ai/nos,maybe,n,n,
necolas/compressed-size-action,necolas/compressed-size-action,maybe,y,n,
neelnanda-io/transformerlens/.github/workflows/checks.yml,neelnanda-io/transformerlens,maybe,,n,
neenjaw/compile-mermaid-markdown-action,neenjaw/compile-mermaid-markdown-action,maybe,n,n,
nemutui/checkpatch/.github/actions/checkpatch,nemutui/checkpatch,maybe,,n,
neptune-ai/kedro-neptune/.github/actions/e2e,neptune-ai/kedro-neptune,maybe,n,n,
neptune-ai/neptune-airflow/.github/actions/airflow-install,neptune-ai/neptune-airflow,maybe,n,n,
neptune-ai/neptune-airflow/.github/actions/e2e,neptune-ai/neptune-airflow,maybe,n,n,
neptune-ai/neptune-detectron2/.github/actions/e2e,neptune-ai/neptune-detectron2,maybe,n,n,
neptune-ai/neptune-fastai/.github/actions/e2e,neptune-ai/neptune-fastai,maybe,n,n,
neptune-ai/neptune-mlflow/.github/actions/e2e,neptune-ai/neptune-mlflow,maybe,n,n,
neptune-ai/neptune-prophet/.github/actions/e2e,neptune-ai/neptune-prophet,maybe,n,n,
neptune-ai/neptune-r/.github/actions/e2e,neptune-ai/neptune-r,maybe,n,n,
neptune-ai/neptune-sacred/.github/actions/e2e,neptune-ai/neptune-sacred,maybe,n,n,
neptune-ai/neptune-sklearn/.github/actions/e2e,neptune-ai/neptune-sklearn,maybe,n,n,
neptune-ai/neptune-tensorflow-keras/.github/actions/e2e,neptune-ai/neptune-tensorflow-keras,maybe,n,n,
neptune-ai/neptune-xgboost/.github/actions/e2e,neptune-ai/neptune-xgboost,maybe,n,n,
nerixyz/ccache-action,nerixyz/ccache-action,maybe,y,y,y
nervosnetwork/ckb-integration-test/.github/workflows/ckb-integration-test.yml,nervosnetwork/ckb-integration-test,maybe,n,n,
net-daemon/netdaemon/.github/workflows/common/set_netdaemon_version.yml,net-daemon/netdaemon,maybe,n,n,
netfoundry/ziti-ci,netfoundry/ziti-ci,maybe,y,n,
netlify/actions/build,netlify/actions,maybe,n,n,
netlify/actions/cli,netlify/actions,maybe,n,n,
netlify/delta-action,netlify/delta-action,maybe,n,n,
netlify/pr-labeler-action,netlify/pr-labeler-action,maybe,n,n,
netlify/submit-build-plugin-action,netlify/submit-build-plugin-action,maybe,n,n,
networktocode/gh-action-setup-poetry-environment,networktocode/gh-action-setup-poetry-environment,maybe,n,n,
neuenmuller/toc-generator,neuenmuller/toc-generator,maybe,n,n,
neuroinformatics-unit/actions/build_sdist_wheels,neuroinformatics-unit/actions,maybe,n,n,
neuroinformatics-unit/actions/check_manifest,neuroinformatics-unit/actions,maybe,n,n,
neuroinformatics-unit/actions/lint,neuroinformatics-unit/actions,maybe,n,n,
neuroinformatics-unit/actions/test,neuroinformatics-unit/actions,maybe,n,n,
neuronsimulator/nrn-modeldb-ci/.github/workflows/nrn-modeldb-ci.yaml,neuronsimulator/nrn-modeldb-ci,maybe,n,n,
neuronsimulator/nrn/.github/workflows/windows.yml,neuronsimulator/nrn,maybe,n,n,
newrelic/fargate-runner-action,newrelic/fargate-runner-action,maybe,n,n,
newrelic/infrastructure-agent/.github/workflows/component_canary_alerts.yml,newrelic/infrastructure-agent,maybe,n,n,
newrelic/infrastructure-agent/.github/workflows/component_canary_alerts_delete.yml,newrelic/infrastructure-agent,maybe,n,n,
newrelic/infrastructure-agent/.github/workflows/component_docker_build.yml,newrelic/infrastructure-agent,maybe,n,n,
newrelic/infrastructure-agent/.github/workflows/component_docker_packaging.yml,newrelic/infrastructure-agent,maybe,n,n,
newrelic/infrastructure-agent/.github/workflows/component_docker_publish.yml,newrelic/infrastructure-agent,maybe,n,n,
newrelic/infrastructure-agent/.github/workflows/component_linux_build.yml,newrelic/infrastructure-agent,maybe,n,n,
newrelic/infrastructure-agent/.github/workflows/component_linux_harvest_test.yml,newrelic/infrastructure-agent,maybe,n,n,
newrelic/infrastructure-agent/.github/workflows/component_linux_linter.yml,newrelic/infrastructure-agent,maybe,n,n,
newrelic/infrastructure-agent/.github/workflows/component_linux_packaging.yml,newrelic/infrastructure-agent,maybe,n,n,
newrelic/infrastructure-agent/.github/workflows/component_linux_proxy_test.yml,newrelic/infrastructure-agent,maybe,n,n,
newrelic/infrastructure-agent/.github/workflows/component_linux_publish.yml,newrelic/infrastructure-agent,maybe,n,n,
newrelic/infrastructure-agent/.github/workflows/component_linux_tools_unit_test.yml,newrelic/infrastructure-agent,maybe,n,n,
newrelic/infrastructure-agent/.github/workflows/component_linux_unit_test.yml,newrelic/infrastructure-agent,maybe,n,n,
newrelic/infrastructure-agent/.github/workflows/component_macos_harvest_test.yml,newrelic/infrastructure-agent,maybe,n,n,
newrelic/infrastructure-agent/.github/workflows/component_macos_linter.yml,newrelic/infrastructure-agent,maybe,n,n,
newrelic/infrastructure-agent/.github/workflows/component_macos_unit_test.yml,newrelic/infrastructure-agent,maybe,n,n,
newrelic/infrastructure-agent/.github/workflows/component_molecule_packaging.yml,newrelic/infrastructure-agent,maybe,n,n,
newrelic/infrastructure-agent/.github/workflows/component_prerelease_testing.yml,newrelic/infrastructure-agent,maybe,n,n,
newrelic/infrastructure-agent/.github/workflows/component_purge_cdn.yml,newrelic/infrastructure-agent,maybe,n,n,
newrelic/infrastructure-agent/.github/workflows/component_trivy.yml,newrelic/infrastructure-agent,maybe,n,n,
newrelic/infrastructure-agent/.github/workflows/component_windows_linter.yml,newrelic/infrastructure-agent,maybe,n,n,
newrelic/infrastructure-agent/.github/workflows/component_windows_publish.yml,newrelic/infrastructure-agent,maybe,n,n,
newrelic/infrastructure-agent/.github/workflows/component_windows_unit_test.yml,newrelic/infrastructure-agent,maybe,n,n,
newrelic/infrastructure-publish-action,newrelic/infrastructure-publish-action,maybe,n,n,
newrelic/newrelic-java-agent/.github/workflows/x-reusable-test.yml,newrelic/newrelic-java-agent,maybe,,n,
newrelic/node-newrelic/.github/workflows/board.yml,newrelic/node-newrelic,maybe,n,n,
newrelic/node-newrelic/.github/workflows/prep-release.yml,newrelic/node-newrelic,maybe,n,n,
newrelic/pkg-installation-testing-action,newrelic/pkg-installation-testing-action,maybe,n,n,
nexmo/github-actions/nexmo-changelog,nexmo/github-actions,maybe,n,n,
next-actions/copr/cancel-builds,next-actions/copr,maybe,n,n,
next-actions/copr/create-project,next-actions/copr,maybe,n,n,
next-actions/copr/delete-project,next-actions/copr,maybe,n,n,
next-actions/copr/filter-chroots,next-actions/copr,maybe,n,n,
next-actions/copr/init,next-actions/copr,maybe,n,n,
next-actions/copr/submit-build,next-actions/copr,maybe,n,n,
next-actions/print-logs,next-actions/print-logs,maybe,n,n,
nextcloud-releases/nextcloud-appstore-push-action,nextcloud-releases/nextcloud-appstore-push-action,maybe,y,n,
nextstrain/.github/.github/workflows/docs-ci.yaml,nextstrain/.github,maybe,n,n,
nextstrain/.github/.github/workflows/pathogen-repo-ci.yaml,nextstrain/.github,maybe,n,n,
nextstrain/.github/actions/setup-nextstrain-cli,nextstrain/.github,maybe,n,n,
nexus-actions/drop-nexus-staging-repo,nexus-actions/drop-nexus-staging-repo,maybe,y,n,
nexus-actions/release-nexus-staging-repo,nexus-actions/release-nexus-staging-repo,maybe,y,n,
nexus-mods/nexusmods.app.meta/.github/workflows/dotnet-build-and-test.yaml,nexus-mods/nexusmods.app.meta,maybe,,n,
nexus-mods/nexusmods.app.meta/.github/workflows/publish-nuget-packages.yaml,nexus-mods/nexusmods.app.meta,maybe,,n,
nexus-mods/nexusmods.app.meta/.github/workflows/validate-codecov.yaml,nexus-mods/nexusmods.app.meta,maybe,,n,
ngalaiko/bazel-action/1.2.1,ngalaiko/bazel-action,maybe,n,n,
nginxinc/aws-marketplace-publish,nginxinc/aws-marketplace-publish,maybe,n,y,y
nhudson/chart-testing-action,nhudson/chart-testing-action,maybe,n,n,
nick-invision/assert-action,nick-invision/assert-action,maybe,y,n,
nick-invision/retry,nick-invision/retry,maybe,y,n,
nickderobertis/check-if-issue-exists-action,nickderobertis/check-if-issue-exists-action,maybe,n,n,
nicoco007/download-beatmods-deps,nicoco007/download-beatmods-deps,maybe,n,n,
niik/setup-node,niik/setup-node,maybe,n,n,
nikeee/setup-pandoc,nikeee/setup-pandoc,maybe,y,n,
nikhilbadyal/ghaction-telegram,nikhilbadyal/ghaction-telegram,maybe,n,n,
nikhilbadyal/ghaction-telegram-uploader,nikhilbadyal/ghaction-telegram-uploader,maybe,n,n,
nikhilbadyal/ghaction-tg-uploader,nikhilbadyal/ghaction-tg-uploader,maybe,n,n,
nikhilbadyal/ghaction-virustotal,nikhilbadyal/ghaction-virustotal,maybe,n,n,
nikhilbadyal/ghactions/.github/workflows/dockerhub-push.yml,nikhilbadyal/ghactions,maybe,n,n,
nikhilbadyal/ghactions/.github/workflows/github-cleanup.yml,nikhilbadyal/ghactions,maybe,n,n,
nikhilbadyal/ghactions/.github/workflows/python-linter.yml,nikhilbadyal/ghactions,maybe,n,n,
nikhilbadyal/ghactions/.github/workflows/telegram-uploader.yml,nikhilbadyal/ghactions,maybe,n,n,
nikhilbadyal/ghactions/.github/workflows/virustotal-scan.yml,nikhilbadyal/ghactions,maybe,n,n,
nikhilbadyal/upload-artifact,nikhilbadyal/upload-artifact,maybe,n,n,
nikitalita/action-gh-release,nikitalita/action-gh-release,maybe,n,n,
niklasrosenstein/slam,niklasrosenstein/slam,maybe,,n,
niklasrosenstein/slap,niklasrosenstein/slap,maybe,,n,
nikschavan/action-wordpress-plugin-deploy,nikschavan/action-wordpress-plugin-deploy,maybe,,n,
nillermeddild/.github/.github/workflows/support.yml,nillermeddild/.github,maybe,,n,
nillermeddild/.github/workflows/support.yml,nillermeddild/.github,maybe,,n,
nillermeddild/enigmatica6/.github/workflows/support.yml,nillermeddild/enigmatica6,maybe,,n,
nilp0inter/search-legal-headers,nilp0inter/search-legal-headers,maybe,n,n,
nirinchev/cache,nirinchev/cache,maybe,n,n,
nitz/publish-nuget,nitz/publish-nuget,maybe,y,n,
niweera/firebase-action,niweera/firebase-action,maybe,,n,
nixbuild/nixbuild-action,nixbuild/nixbuild-action,maybe,y,n,
nlnetlabs/.github/.github/workflows/pkg-rust.yml,nlnetlabs/.github,maybe,,n,
nlnetlabs/ploutos/.github/workflows/pkg-rust.yml,nlnetlabs/ploutos,maybe,,n,
nmcc/actions/gitversion,nmcc/actions,maybe,n,n,
nobles5e/pytype-action,nobles5e/pytype-action,maybe,,n,
node-modules/github-actions/.github/workflows/node-release.yml,node-modules/github-actions,maybe,n,n,
node-modules/github-actions/.github/workflows/node-test.yml,node-modules/github-actions,maybe,n,n,
node/setup-node,node/setup-node,maybe,n,n,
nodegui/create-release,nodegui/create-release,maybe,n,y,y
nodenv/actions/node-version,nodenv/actions,maybe,n,n,
noir-lang/.github/.github/workflows/spellcheck.yml,noir-lang/.github,maybe,n,n,
nolte/github-action/markdown/validate,nolte/github-action,maybe,n,n,
nonebot/nonebot2-publish-bot,nonebot/nonebot2-publish-bot,maybe,n,n,
noobly314/deploy-with-scp,noobly314/deploy-with-scp,maybe,n,n,
notlmn/release-with-changelog,notlmn/release-with-changelog,maybe,n,n,
novelrt/setup-cpp,novelrt/setup-cpp,maybe,n,n,
nowactions/update-majorver,nowactions/update-majorver,maybe,n,n,
nrf24/.github/.github/workflows/build_arduino.yaml,nrf24/.github,maybe,,n,
nrf24/.github/.github/workflows/build_docs.yaml,nrf24/.github,maybe,,n,
nrf24/.github/.github/workflows/build_linux_cmake.yaml,nrf24/.github,maybe,,n,
nrf24/.github/.github/workflows/build_pico_sdk.yaml,nrf24/.github,maybe,,n,
nrf24/.github/.github/workflows/build_platformio.yaml,nrf24/.github,maybe,,n,
nrf24/.github/.github/workflows/cpp_lint.yaml,nrf24/.github,maybe,,n,
nrf24/.github/.github/workflows/validate_deploy_platformio.yaml,nrf24/.github,maybe,,n,
nrfconnect/action-oss-history,nrfconnect/action-oss-history,maybe,n,n,
nrkno/sofie-github-workflows/.github/actions/tag-pruner,nrkno/sofie-github-workflows,maybe,n,n,
nrwl/ci/.github/workflows/nx-cloud-agents.yml,nrwl/ci,maybe,n,n,
nrwl/ci/.github/workflows/nx-cloud-main.yml,nrwl/ci,maybe,n,n,
nrwl/last-successful-commit-action,nrwl/last-successful-commit-action,maybe,y,n,
nrwl/nx-tag-successful-ci-run,nrwl/nx-tag-successful-ci-run,maybe,n,n,
nshipster/update-homebrew-formula-action,nshipster/update-homebrew-formula-action,maybe,,n,
nspcc-dev/.github/.github/workflows/dco.yml,nspcc-dev/.github,maybe,n,n,
nucleos/auto-merge-action,nucleos/auto-merge-action,maybe,n,n,
nuclia/nucliadb_performance,nuclia/nucliadb_performance,maybe,n,n,
nullvoxpopuli/action-setup-pnpm,nullvoxpopuli/action-setup-pnpm,maybe,,n,
numworks/setup-arm-toolchain,numworks/setup-arm-toolchain,maybe,n,n,
numworks/setup-emscripten,numworks/setup-emscripten,maybe,n,y,y
numworks/setup-llvm,numworks/setup-llvm,maybe,n,n,
numworks/setup-msys2,numworks/setup-msys2,maybe,n,y,y
nunit/docfx-action,nunit/docfx-action,maybe,n,n,
nuxt/actions-yarn,nuxt/actions-yarn,maybe,n,n,
nvidia-merlin/.github/.github/workflows/check-base-branch.yml,nvidia-merlin/.github,maybe,,n,
nvidia-merlin/.github/.github/workflows/docs-preview-pr-common.yaml,nvidia-merlin/.github,maybe,n,n,
nvidia-merlin/.github/.github/workflows/release-drafter-common.yaml,nvidia-merlin/.github,maybe,n,n,
nvidia-merlin/.github/.github/workflows/require-label.yaml,nvidia-merlin/.github,maybe,n,n,
nvidia-merlin/.github/.github/workflows/triage.yaml,nvidia-merlin/.github,maybe,n,n,
nvidia-merlin/.github/actions/branch-name,nvidia-merlin/.github,maybe,,n,
nvidia/aistore,nvidia/aistore,maybe,,n,
nvidia/blossom-action,nvidia/blossom-action,maybe,,n,
nvuillam/mega-linter,nvuillam/mega-linter,maybe,y,n,
nvuillam/mega-linter/flavors/documentation,nvuillam/mega-linter,maybe,y,n,
nvuillam/mega-linter/flavors/javascript,nvuillam/mega-linter,maybe,y,n,
nvuillam/mega-linter/flavors/python,nvuillam/mega-linter,maybe,y,n,
nwisbeta/validate-yaml-schema,nwisbeta/validate-yaml-schema,maybe,n,n,
nwtgck/actions-comment-run,nwtgck/actions-comment-run,maybe,n,n,
nwtgck/actions-netlify,nwtgck/actions-netlify,maybe,y,n,
nx-dotnet/nx-dotnet/.github/workflows/smoke.yml,nx-dotnet/nx-dotnet,maybe,n,n,
nyaayaya/package-version,nyaayaya/package-version,maybe,n,n,
nyankiyoshi/pytest-django-queries-ci-tools,nyankiyoshi/pytest-django-queries-ci-tools,maybe,,n,
nyaruka/elasticsearch-action,nyaruka/elasticsearch-action,maybe,y,n,
nyaruka/postgis-action,nyaruka/postgis-action,maybe,y,n,
nymmrx/ipfs-deploy,nymmrx/ipfs-deploy,maybe,n,n,
oasdiff/oasdiff-action/breaking,oasdiff/oasdiff-action,maybe,y,n,
oasislmf/ktools/.github/workflows/build.yml,oasislmf/ktools,maybe,,n,
oasislmf/oasispiwind/.github/workflows/run_mdk.yml,oasislmf/oasispiwind,maybe,,n,
oasislmf/oasispiwind/.github/workflows/test.yml,oasislmf/oasispiwind,maybe,,n,
oasislmf/ods_openexposuredata/.github/workflows/build.yml,oasislmf/ods_openexposuredata,maybe,,n,
oasislmf/ods_tools/.github/workflows/build.yml,oasislmf/ods_tools,maybe,,n,
observiq/action-docker-layer-caching,observiq/action-docker-layer-caching,maybe,n,n,
obsproject/obs-crowdin-sync/download,obsproject/obs-crowdin-sync,maybe,n,n,
obsproject/obs-crowdin-sync/upload,obsproject/obs-crowdin-sync,maybe,n,n,
ocadotechnology/python-semantic-release,ocadotechnology/python-semantic-release,maybe,n,n,
ocavue/changelog-parser-action,ocavue/changelog-parser-action,maybe,n,n,
ochanje210/s3-upload-action,ochanje210/s3-upload-action,maybe,n,n,
oclif/github-workflows/.github/actions/getprereleasetag,oclif/github-workflows,maybe,,n,
oclif/github-workflows/.github/workflows/automerge.yml,oclif/github-workflows,maybe,n,n,
oclif/github-workflows/.github/workflows/githubrelease.yml,oclif/github-workflows,maybe,,n,
oclif/github-workflows/.github/workflows/npmpublish.yml,oclif/github-workflows,maybe,,n,
oclif/github-workflows/.github/workflows/unittest.yml,oclif/github-workflows,maybe,,n,
octoprint/actions/close-by-query,octoprint/actions,maybe,,n,
octoprint/actions/issue-validation,octoprint/actions,maybe,,n,
octoprint/actions/pr-validation,octoprint/actions,maybe,,n,
oduminstitute/sphinx-action,oduminstitute/sphinx-action,maybe,,n,
offchainlabs/actions/node-modules/install,offchainlabs/actions,maybe,,n,
offchainlabs/actions/node-modules/restore,offchainlabs/actions,maybe,,n,
offchainlabs/actions/run-nitro-test-node,offchainlabs/actions,maybe,,n,
oggm/docker-build-and-push-action,oggm/docker-build-and-push-action,maybe,,n,
oi-wiki/latex-action,oi-wiki/latex-action,maybe,,y,y
oilbeater/chatgpt-codereview,oilbeater/chatgpt-codereview,maybe,,n,
okazunori2013/cuda-toolkit,okazunori2013/cuda-toolkit,maybe,n,n,
okcredit/changelog-creator-action,okcredit/changelog-creator-action,maybe,n,n,
oknozor/cocogitto-action,oknozor/cocogitto-action,maybe,y,n,
oleg-nenashev/jenkins-release-drafter,oleg-nenashev/jenkins-release-drafter,maybe,n,n,
omgimalexis/upload-to-release,omgimalexis/upload-to-release,maybe,,n,
omnigres/docker-cache,omnigres/docker-cache,maybe,n,y,y
omnigres/setup-docker-macos-action,omnigres/setup-docker-macos-action,maybe,n,n,
onbjerg/foundry-toolchain,onbjerg/foundry-toolchain,maybe,y,n,
onedr0p/containers/.github/workflows/action-image-build.yaml,onedr0p/containers,maybe,n,n,
onedr0p/containers/.github/workflows/build-images.yaml,onedr0p/containers,maybe,n,n,
onedr0p/containers/.github/workflows/get-changed-images.yaml,onedr0p/containers,maybe,n,n,
onedr0p/containers/.github/workflows/images-build.yaml,onedr0p/containers,maybe,n,n,
onedr0p/containers/.github/workflows/pr-metadata.yaml,onedr0p/containers,maybe,n,n,
onedr0p/containers/.github/workflows/simple-checks.yaml,onedr0p/containers,maybe,n,n,
oneflow-inc/get-oneflow,oneflow-inc/get-oneflow,maybe,,n,
oneflow-inc/get-oneflow/cache-complete/matrix/build,oneflow-inc/get-oneflow,maybe,,n,
oneflow-inc/get-oneflow/update-benchmark-history,oneflow-inc/get-oneflow,maybe,,n,
oneflow-inc/verify-pr-label-action,oneflow-inc/verify-pr-label-action,maybe,,n,
onekeyhq/actions/build-gradle-edit,onekeyhq/actions,maybe,,n,
onekeyhq/actions/build-plist-edit,onekeyhq/actions,maybe,,n,
onekeyhq/actions/dotenv-action,onekeyhq/actions,maybe,,y,y
onekeyhq/actions/expo-server,onekeyhq/actions,maybe,,n,
onekeyhq/actions/gh-pages,onekeyhq/actions,maybe,,n,
onekeyhq/actions/notice-slack-app-update,onekeyhq/actions,maybe,n,n,
onekeyhq/actions/s3-upload,onekeyhq/actions,maybe,,y,y
onekeyhq/onekey-github-actions/build-gradle-edit,onekeyhq/onekey-github-actions,maybe,,n,
onekeyhq/onekey-github-actions/build-plist-edit,onekeyhq/onekey-github-actions,maybe,,n,
onekeyhq/onekey-github-actions/notice-slack-app-update,onekeyhq/onekey-github-actions,maybe,,n,
onekeyhq/onekey-github-actions/s3-upload,onekeyhq/onekey-github-actions,maybe,,y,y
onfinality-io/action-onf-release,onfinality-io/action-onf-release,maybe,,n,
open-cmsis-pack/gen-pack-action,open-cmsis-pack/gen-pack-action,maybe,,n,
open-mpi/pr-git-commit-checker,open-mpi/pr-git-commit-checker,maybe,n,n,
open-mpi/pr-labeler,open-mpi/pr-labeler,maybe,n,n,
open-mpi/pr-milestoner,open-mpi/pr-milestoner,maybe,n,n,
open-sauced/hot/.github/workflows/compliance.yml,open-sauced/hot,maybe,n,n,
open-sauced/hot/.github/workflows/development.yml,open-sauced/hot,maybe,n,n,
open-sauced/open-sauced/.github/workflows/codeql-analysis.yml,open-sauced/open-sauced,maybe,n,n,
open-sauced/open-sauced/.github/workflows/compliance.yml,open-sauced/open-sauced,maybe,n,n,
open-sauced/open-sauced/.github/workflows/development.yml,open-sauced/open-sauced,maybe,n,n,
open-sauced/open-sauced/.github/workflows/triage.yml,open-sauced/open-sauced,maybe,n,n,
open-sauced/open-sauced/blob/main/.github/workflows/compliance.yml,open-sauced/open-sauced,maybe,n,n,
open-sauced/semantic-release-conventional-config,open-sauced/semantic-release-conventional-config,maybe,n,n,
open-source-contrib/circle-ci-trigger-action,open-source-contrib/circle-ci-trigger-action,maybe,,n,
open-telemetry/assign-reviewers-action,open-telemetry/assign-reviewers-action,maybe,n,n,
open-watcom/setup-watcom,open-watcom/setup-watcom,maybe,y,n,
open2c/bioframe/.github/workflows/publish.yml,open2c/bioframe,maybe,n,n,
open2c/cooler/.github/workflows/publish.yml,open2c/cooler,maybe,n,n,
openastronomy/action-skip-ci,openastronomy/action-skip-ci,maybe,,n,
openastronomy/github-actions-workflows/.github/workflows/publish.yml,openastronomy/github-actions-workflows,maybe,,n,
openastronomy/github-actions-workflows/.github/workflows/publish_pure_python.yml,openastronomy/github-actions-workflows,maybe,,n,
openastronomy/github-actions-workflows/.github/workflows/tox.yml,openastronomy/github-actions-workflows,maybe,,n,
opencb/java-common-libs/.github/workflows/build-java-app-workflow.yml,opencb/java-common-libs,maybe,n,n,
opencb/java-common-libs/.github/workflows/delete-docker-hub-workflow.yml,opencb/java-common-libs,maybe,n,n,
opencb/java-common-libs/.github/workflows/deploy-docker-hub-workflow.yml,opencb/java-common-libs,maybe,n,n,
opencb/java-common-libs/.github/workflows/deploy-maven-repository-workflow.yml,opencb/java-common-libs,maybe,n,n,
opencb/java-common-libs/.github/workflows/sonar-analysis-workflow.yml,opencb/java-common-libs,maybe,n,n,
opencb/opencga/.github/workflows/build-test.yml,opencb/opencga,maybe,n,n,
opencb/opencga/.github/workflows/test-analysis.yml,opencb/opencga,maybe,n,n,
openconfig/common-ci/.github/workflows/go.yml,openconfig/common-ci,maybe,n,n,
openconfig/common-ci/.github/workflows/linter.yml,openconfig/common-ci,maybe,n,n,
opencontainers/distribution-spec,opencontainers/distribution-spec,maybe,n,n,
opencv/ci-gha-workflow/.github/workflows/ocv-contrib-pr-4.x-arm64.yaml,opencv/ci-gha-workflow,maybe,,n,
opencv/ci-gha-workflow/.github/workflows/ocv-contrib-pr-4.x-macos-arm64.yaml,opencv/ci-gha-workflow,maybe,,n,
opencv/ci-gha-workflow/.github/workflows/ocv-contrib-pr-4.x-macos-x86_64.yaml,opencv/ci-gha-workflow,maybe,,n,
opencv/ci-gha-workflow/.github/workflows/ocv-contrib-pr-4.x-u20-cuda.yaml,opencv/ci-gha-workflow,maybe,,n,
opencv/ci-gha-workflow/.github/workflows/ocv-contrib-pr-4.x-u20.yaml,opencv/ci-gha-workflow,maybe,,n,
opencv/ci-gha-workflow/.github/workflows/ocv-contrib-pr-4.x-u22.yaml,opencv/ci-gha-workflow,maybe,,n,
opencv/ci-gha-workflow/.github/workflows/ocv-contrib-pr-4.x-w10.yaml,opencv/ci-gha-workflow,maybe,,n,
opendataplane/action-clean-up,opendataplane/action-clean-up,maybe,,n,
openedx/.github/.github/workflows/add-depr-ticket-to-depr-board.yml,openedx/.github,maybe,n,n,
openedx/.github/.github/workflows/commitlint.yml,openedx/.github,maybe,n,n,
openedx/.github/.github/workflows/upgrade-python-requirements.yml,openedx/.github,maybe,n,n,
openfheorg/openfhe-development/.github/actions/default_builder,openfheorg/openfhe-development,maybe,n,n,
openfheorg/openfhe-development/.github/workflows/reuseable_workflow.yml,openfheorg/openfhe-development,maybe,n,n,
openfheorg/openfhe-temp/.github/actions/default_builder,openfheorg/openfhe-temp,maybe,n,n,
openfheorg/openfhe-temp/.github/workflows/reuseable_workflow.yml,openfheorg/openfhe-temp,maybe,n,n,
openfintechio/openfintech/.github/workflows/validate.yml,openfintechio/openfintech,maybe,n,n,
openfoodfacts/smooth-app/.github/workflows/android-release-main.yml,openfoodfacts/smooth-app,maybe,n,n,
openfoodfacts/smooth-app/.github/workflows/android-release-to-org-openfoodfacts-scanner.yml,openfoodfacts/smooth-app,maybe,n,n,
openfoodfacts/smooth-app/.github/workflows/ios-release-main.yml,openfoodfacts/smooth-app,maybe,n,n,
openfoodfacts/smooth-app/.github/workflows/ios-release-to-org-openfoodfacts-scanner.yml,openfoodfacts/smooth-app,maybe,n,n,
opengamma/ogbot,opengamma/ogbot,maybe,,n,
openhab/openhab-docs/.github/workflows/fetch_external_docs_reusable.yml,openhab/openhab-docs,maybe,n,n,
openpgpjs/github-action-pull-request-benchmark,openpgpjs/github-action-pull-request-benchmark,maybe,n,n,
openrewrite/gh-automation/.github/workflows/ci-gradle.yml,openrewrite/gh-automation,maybe,n,n,
openrewrite/gh-automation/.github/workflows/publish-gradle.yml,openrewrite/gh-automation,maybe,n,n,
openrndr/setup-opengl,openrndr/setup-opengl,maybe,y,n,
openroberta/gh-actions-issue-changelog,openroberta/gh-actions-issue-changelog,maybe,,n,
openslide/.github/.github/workflows/dco-report.yml,openslide/.github,maybe,n,n,
openslide/openslide-winbuild/.github/find-container-digest,openslide/openslide-winbuild,maybe,n,n,
openslide/openslide-winbuild/.github/workflows/windows.yml,openslide/openslide-winbuild,maybe,n,n,
opensumi/actions/.github/actions/code-review,opensumi/actions,maybe,n,n,
opensumi/actions/.github/actions/run-script,opensumi/actions,maybe,n,n,
opensumi/actions/bot-token,opensumi/actions,maybe,n,n,
opentap/get-gitversion,opentap/get-gitversion,maybe,n,n,
opentelemetry-php/gh-workflows/.github/workflows/validate-packages.yml,opentelemetry-php/gh-workflows,maybe,n,n,
opentrons/opentrons-emulation,opentrons/opentrons-emulation,maybe,,n,
opentrons/ot3-emulator,opentrons/ot3-emulator,maybe,,n,
openttd/actions/.github/workflows/rw-cdn-upload.yml,openttd/actions,maybe,,n,
openttd/actions/.github/workflows/rw-symbols-upload.yml,openttd/actions,maybe,,n,
openttd/actions/annotation-check,openttd/actions,maybe,,n,
openttd/actions/checkout-pull-request,openttd/actions,maybe,,n,
openttd/openttd-git-hooks,openttd/openttd-git-hooks,maybe,,n,
openworm/owmeta-core/.github/workflows/deploy.yml,openworm/owmeta-core,maybe,n,n,
openworm/owmeta/.github/workflows/coveralls-upload.yml,openworm/owmeta,maybe,n,n,
openworm/owmeta/.github/workflows/test.yml,openworm/owmeta,maybe,n,n,
openwrt/actions-shared-workflows/.github/workflows/coverity.yml,openwrt/actions-shared-workflows,maybe,n,n,
openwrt/actions-shared-workflows/.github/workflows/kernel.yml,openwrt/actions-shared-workflows,maybe,n,n,
openwrt/actions-shared-workflows/.github/workflows/label-kernel.yml,openwrt/actions-shared-workflows,maybe,n,n,
openwrt/actions-shared-workflows/.github/workflows/label-target.yml,openwrt/actions-shared-workflows,maybe,n,n,
openwrt/actions-shared-workflows/.github/workflows/packages.yml,openwrt/actions-shared-workflows,maybe,n,n,
openwrt/actions-shared-workflows/.github/workflows/push-containers.yml,openwrt/actions-shared-workflows,maybe,n,n,
openwrt/actions-shared-workflows/.github/workflows/toolchain.yml,openwrt/actions-shared-workflows,maybe,n,n,
openwrt/actions-shared-workflows/.github/workflows/tools.yml,openwrt/actions-shared-workflows,maybe,n,n,
openwrt/gh-action-sdk,openwrt/gh-action-sdk,maybe,n,n,
openziti/ziti-ci,openziti/ziti-ci,maybe,n,n,
operationsyu/auto-assignment,operationsyu/auto-assignment,maybe,,n,
operator-framework/rerun-actions,operator-framework/rerun-actions,maybe,n,y,y
oppia/get-github-app-token,oppia/get-github-app-token,maybe,n,y,y
oppia/oppiabot,oppia/oppiabot,maybe,n,n,
oppia/stale-review-request-notifier,oppia/stale-review-request-notifier,maybe,n,n,
oprypin/install-crystal,oprypin/install-crystal,maybe,y,y,y
opticdev/optic/.github/workflows/release-container-image.yml,opticdev/optic,maybe,n,n,
orange-opensource/hurl/.github/workflows/package.yml,orange-opensource/hurl,maybe,,n,
orange-opensource/hurl/.github/workflows/update-branch-version.yml,orange-opensource/hurl,maybe,,n,
orbitalowen/roblox-win-installer-action,orbitalowen/roblox-win-installer-action,maybe,,n,
orcid/changelog-action,orcid/changelog-action,maybe,,y,y
orcid/git-checkout-ref-action,orcid/git-checkout-ref-action,maybe,,n,
orcid/orcid-source-cache-action,orcid/orcid-source-cache-action,maybe,,n,
orcid/orcid-source-dependencies-action,orcid/orcid-source-dependencies-action,maybe,,n,
orcid/version-bump-action,orcid/version-bump-action,maybe,,y,y
orhankupusoglu/code-sign-action,orhankupusoglu/code-sign-action,maybe,,n,
orijtech/consensuswarn,orijtech/consensuswarn,maybe,n,n,
orijtech/staticmajor-action,orijtech/staticmajor-action,maybe,n,n,
orioledb/ec2-github-runner,orioledb/ec2-github-runner,maybe,n,n,
orta/lighthouse-ci-action,orta/lighthouse-ci-action,maybe,n,y,y
ory/ci/changelog,ory/ci,maybe,n,n,
ory/ci/checkout,ory/ci,maybe,n,n,
ory/ci/conventional_commit_config,ory/ci,maybe,n,n,
ory/ci/docs/build,ory/ci,maybe,n,n,
ory/ci/docs/cli,ory/ci,maybe,n,n,
ory/ci/docs/cli-next,ory/ci,maybe,n,n,
ory/ci/docs/sync,ory/ci,maybe,n,n,
ory/ci/newsletter,ory/ci,maybe,n,n,
ory/ci/newsletter/slack-notify,ory/ci,maybe,n,n,
ory/ci/prettier,ory/ci,maybe,n,n,
ory/ci/releaser,ory/ci,maybe,n,n,
ory/ci/releaser/render-version-schema,ory/ci,maybe,n,n,
ory/ci/sdk/generate,ory/ci,maybe,n,n,
ory/ci/sdk/release,ory/ci,maybe,n,n,
osbuild/containers/ghci/actions/ghci-osbuild,osbuild/containers,maybe,n,n,
osbuild/containers/src/actions/ghci-osbuild,osbuild/containers,maybe,n,n,
osbuild/containers/src/actions/privdocker,osbuild/containers,maybe,n,n,
osbuild/release-action,osbuild/release-action,maybe,n,n,
osirisinferi/pkgcheck-action,osirisinferi/pkgcheck-action,maybe,n,n,
osquery/ec2-github-runner,osquery/ec2-github-runner,maybe,n,n,
osrd-project/osrd/.github/workflows/docker-build-push-template.yml,osrd-project/osrd,maybe,n,n,
oss-docs-tools/code-owner-self-merge,oss-docs-tools/code-owner-self-merge,maybe,,n,
oss-docs-tools/create-attribution-json,oss-docs-tools/create-attribution-json,maybe,,n,
oss-gate/issue-cleaner,oss-gate/issue-cleaner,maybe,n,n,
oss-review-toolkit/github-action-markdown-link-check,oss-review-toolkit/github-action-markdown-link-check,maybe,n,n,
ossf/scorecard-actions/analyze,ossf/scorecard-actions,maybe,n,n,
ossillate-inc/packj.dev,ossillate-inc/packj.dev,maybe,n,n,
osy/actions-cache,osy/actions-cache,maybe,n,n,
osyrisrblx/roblox-win-installer-action,osyrisrblx/roblox-win-installer-action,maybe,n,n,
otterize/cla-bot/.github/workflows/cla.yaml,otterize/cla-bot,maybe,n,n,
otto-contentfactory/purge-workflow-runs,otto-contentfactory/purge-workflow-runs,maybe,n,n,
otymko/github-action-benchmark,otymko/github-action-benchmark,maybe,n,n,
outillage/kaniko-action,outillage/kaniko-action,maybe,y,y,y
ouuan/install-qt-action,ouuan/install-qt-action,maybe,n,n,
ouuan/this-repo-has-x-stars-y-forks-action,ouuan/this-repo-has-x-stars-y-forks-action,maybe,,n,
ouuan/waka-readme,ouuan/waka-readme,maybe,n,n,
overbit/labeler,overbit/labeler,maybe,n,n,
overmindtech/buildkit-cache-dance/extract,overmindtech/buildkit-cache-dance,maybe,n,n,
overmindtech/buildkit-cache-dance/inject,overmindtech/buildkit-cache-dance,maybe,n,n,
ovirt/checkout-action,ovirt/checkout-action,maybe,n,n,
ovirt/gotestfmt-action,ovirt/gotestfmt-action,maybe,n,n,
ovirt/ovirt-system-tests/.github/workflows/ost.yaml,ovirt/ovirt-system-tests,maybe,,n,
ovirt/upload-rpms-action,ovirt/upload-rpms-action,maybe,n,n,
owasp/owasp-masvs/.github/workflows/doc-gen-reusable.yml,owasp/owasp-masvs,maybe,,n,
owenthereal/jqplay/.github/workflows/deploy.yml,owenthereal/jqplay,maybe,n,n,
owid/actions/assign-priority,owid/actions,maybe,n,n,
owid/actions/set-project-status,owid/actions,maybe,n,n,
owncloud-ci/git-clang-format-lint,owncloud-ci/git-clang-format-lint,maybe,n,y,y
oxid-esales/github-actions/.github/workflows/call-test_matrix.yml,oxid-esales/github-actions,maybe,,n,
oxidecomputer/actions-rs_toolchain,oxidecomputer/actions-rs_toolchain,maybe,n,n,
oxidemod/actions/.github/workflows/game-build.yaml,oxidemod/actions,maybe,,n,
oxidemod/actions/.github/workflows/r2-publish.yaml,oxidemod/actions,maybe,,n,
oxidemod/actions/.github/workflows/r2-publish.yml,oxidemod/actions,maybe,,n,
oxidize-rb/actions/cross-gem,oxidize-rb/actions,maybe,n,y,y
oxidize-rb/actions/setup-ruby-and-rust,oxidize-rb/actions,maybe,n,n,
oxidize-rb/actions/test-gem-build,oxidize-rb/actions,maybe,n,n,
oyvindronningstad/action-manifest,oyvindronningstad/action-manifest,maybe,n,n,
oznu/gh-wiki-edit-discord-notification,oznu/gh-wiki-edit-discord-notification,maybe,n,n,
p3terx/debugger-action,p3terx/debugger-action,maybe,,n,
paales/changesets-action,paales/changesets-action,maybe,n,n,
pablode/mdl-sdk/.github/workflows/main.yml,pablode/mdl-sdk,maybe,,n,
packettide/url-extractor-gh-action,packettide/url-extractor-gh-action,maybe,n,n,
packit/actions/srpm,packit/actions,maybe,n,n,
packit/prepare-release,packit/prepare-release,maybe,n,n,
pacoxu/actions-comment-on-issue,pacoxu/actions-comment-on-issue,maybe,n,n,
pact-foundation/.github/.github/workflows/smartbear-issue-label-added.yml,pact-foundation/.github,maybe,n,n,
pact-foundation/release-gem,pact-foundation/release-gem,maybe,n,n,
paddlecv-sig/paddlelabel/.github/workflows/cypress.yml,paddlecv-sig/paddlelabel,maybe,,n,
paddlecv-sig/paddlelabel/.github/workflows/doc_to_pages.yml,paddlecv-sig/paddlelabel,maybe,,n,
paddlecv-sig/paddlelabel/.github/workflows/workflow-b.yml,paddlecv-sig/paddlelabel,maybe,,n,
pagely/action-deploy,pagely/action-deploy,maybe,n,n,
pajlada/clang-tidy-review,pajlada/clang-tidy-review,maybe,n,n,
pajlada/clang-tidy-review/post,pajlada/clang-tidy-review,maybe,n,n,
pajlada/create-release,pajlada/create-release,maybe,n,y,y
pajlada/golangci-lint-action,pajlada/golangci-lint-action,maybe,n,n,
pajlads/changelog-checker,pajlads/changelog-checker,maybe,y,n,
paketo-buildpacks/github-config/actions/dispatch,paketo-buildpacks/github-config,maybe,n,n,
paketo-buildpacks/github-config/actions/issue/add-to-project,paketo-buildpacks/github-config,maybe,n,n,
paketo-buildpacks/github-config/actions/issue/file,paketo-buildpacks/github-config,maybe,n,n,
paketo-buildpacks/github-config/actions/pull-request/check-human-commits,paketo-buildpacks/github-config,maybe,n,n,
paketo-buildpacks/github-config/actions/pull-request/check-unverified-commits,paketo-buildpacks/github-config,maybe,n,n,
paketo-buildpacks/github-config/actions/pull-request/checkout-branch,paketo-buildpacks/github-config,maybe,n,n,
paketo-buildpacks/github-config/actions/pull-request/create-commit,paketo-buildpacks/github-config,maybe,n,y,y
paketo-buildpacks/github-config/actions/pull-request/merge,paketo-buildpacks/github-config,maybe,n,n,
paketo-buildpacks/github-config/actions/pull-request/open,paketo-buildpacks/github-config,maybe,n,n,
paketo-buildpacks/github-config/actions/pull-request/push-branch,paketo-buildpacks/github-config,maybe,n,n,
paketo-buildpacks/github-config/actions/pull-request/rebase,paketo-buildpacks/github-config,maybe,n,n,
paketo-buildpacks/github-config/actions/sync,paketo-buildpacks/github-config,maybe,n,n,
paketo-buildpacks/github-config/actions/tools/latest,paketo-buildpacks/github-config,maybe,n,n,
pandoc/actions/setup,pandoc/actions,maybe,n,n,
pantharshit00/stale,pantharshit00/stale,maybe,n,n,
pantsbuild/actions/expose-pythons,pantsbuild/actions,maybe,n,n,
pantsbuild/actions/init-pants,pantsbuild/actions,maybe,y,n,
pantsbuild/actions/pyenv,pantsbuild/actions,maybe,n,n,
pantsbuild/actions/run-tox,pantsbuild/actions,maybe,n,n,
panuchi/vknetjobstatuschangeaction,panuchi/vknetjobstatuschangeaction,maybe,,n,
panva/.github/.github/workflows/build-conformance-suite.yml,panva/.github,maybe,n,n,
panva/.github/.github/workflows/npm-audit.yml,panva/.github,maybe,n,n,
papeloto/action-zip,papeloto/action-zip,maybe,n,n,
paper-spa/deploy-pages,paper-spa/deploy-pages,maybe,n,n,
paperless-ngx/release-drafter,paperless-ngx/release-drafter,maybe,n,n,
papermc/update-projects-action,papermc/update-projects-action,maybe,,n,
papermerge/banger,papermerge/banger,maybe,n,n,
papertigers/illumos-vm,papertigers/illumos-vm,maybe,y,n,
parcel-bundler/parcel-benchmark-action,parcel-bundler/parcel-benchmark-action,maybe,n,n,
paritytech/pr-custom-review,paritytech/pr-custom-review,maybe,n,n,
paritytech/stale-issues-finder,paritytech/stale-issues-finder,maybe,n,n,
paritytech/stale-pr-finder,paritytech/stale-pr-finder,maybe,n,n,
parse-community/parse-sdk-flutter/.github/workflows/release-manual-docs,parse-community/parse-sdk-flutter,maybe,,n,
parse-community/parse-sdk-flutter/.github/workflows/release-manual-docs.yml,parse-community/parse-sdk-flutter,maybe,,n,
particular/install-sql-server-action,particular/install-sql-server-action,maybe,,n,
particular/push-octopus-package-action,particular/push-octopus-package-action,maybe,,n,
particular/run-tests-action,particular/run-tests-action,maybe,,n,
particular/sign-nuget-packages-action,particular/sign-nuget-packages-action,maybe,,n,
particular/stale-action,particular/stale-action,maybe,,n,
particular/virus-scan-action,particular/virus-scan-action,maybe,,n,
passy/extract-version-commit,passy/extract-version-commit,maybe,n,n,
passy/github-upload-release-artifacts-action,passy/github-upload-release-artifacts-action,maybe,n,n,
passy/tag-version-commit,passy/tag-version-commit,maybe,y,n,
patcito/check-keywords-in-diff,patcito/check-keywords-in-diff,maybe,n,n,
patricejiang/clang-tidy-action,patricejiang/clang-tidy-action,maybe,,n,
patricejiang/paths-filter,patricejiang/paths-filter,maybe,,y,y
patrick-zippenfenig/apt-repo-action,patrick-zippenfenig/apt-repo-action,maybe,n,n,
patrickhulce/issue-assigner,patrickhulce/issue-assigner,maybe,n,n,
paularmstrong/build-tracker-action,paularmstrong/build-tracker-action,maybe,y,n,
paularmstrong/docusaurus-github-action,paularmstrong/docusaurus-github-action,maybe,n,n,
paulo-ferraz-oliveira/setup-beam,paulo-ferraz-oliveira/setup-beam,maybe,y,n,
paulofaria/codeclimate-action,paulofaria/codeclimate-action,maybe,n,n,
paultyng/ghaction-import-gpg,paultyng/ghaction-import-gpg,maybe,n,n,
pavelhorak/github-actions-issue-to-work-item,pavelhorak/github-actions-issue-to-work-item,maybe,n,n,
pavlovic-ivan/octo-nudge,pavlovic-ivan/octo-nudge,maybe,n,n,
pbs/pycaption/.github/workflows/main.yml,pbs/pycaption,maybe,n,n,
pcrbot/go-release-action,pcrbot/go-release-action,maybe,n,n,
peaceiris/workflows/.github/workflows/hadolint.yml,peaceiris/workflows,maybe,n,n,
peaceiris/workflows/create-release-npm,peaceiris/workflows,maybe,n,n,
peaceiris/workflows/setup-git,peaceiris/workflows,maybe,n,n,
peaceiris/workflows/setup-node,peaceiris/workflows,maybe,n,n,
peiffer-innovations/actions-dart-dependency-updater,peiffer-innovations/actions-dart-dependency-updater,maybe,n,n,
peiffer-innovations/actions-dart-version-autotag,peiffer-innovations/actions-dart-version-autotag,maybe,n,n,
peiffer-innovations/actions-flutter-deploy-pages,peiffer-innovations/actions-flutter-deploy-pages,maybe,y,n,
peiffer-innovations/actions-flutter-validate,peiffer-innovations/actions-flutter-validate,maybe,y,n,
peiffer-innovations/actions-pub-publish,peiffer-innovations/actions-pub-publish,maybe,n,n,
pelletier/go-toml/.github/workflows/release.yml,pelletier/go-toml,maybe,n,n,
penguin-statistics/actions/ghcr-docker,penguin-statistics/actions,maybe,n,n,
penguin-statistics/actions/git-meta,penguin-statistics/actions,maybe,n,n,
penguin-statistics/actions/release-dispatcher,penguin-statistics/actions,maybe,n,n,
penguin-statistics/manifestbot,penguin-statistics/manifestbot,maybe,n,n,
pennydreadfulmtg/setup-linters,pennydreadfulmtg/setup-linters,maybe,,n,
pennylaneai/automation/version_bump_action,pennylaneai/automation,maybe,,n,
pennylaneai/qml/.github/workflows/build-branch.yml,pennylaneai/qml,maybe,,n,
pennylaneai/sphinx-action,pennylaneai/sphinx-action,maybe,,n,
pepibumur/action-swiftlint,pepibumur/action-swiftlint,maybe,y,n,
percona-platform/action-junit-report,percona-platform/action-junit-report,maybe,n,n,
percona-platform/action-slack-notify,percona-platform/action-slack-notify,maybe,n,n,
percona-platform/cache,percona-platform/cache,maybe,n,n,
percona-platform/checkout,percona-platform/checkout,maybe,n,n,
percona-platform/codecov-action,percona-platform/codecov-action,maybe,n,n,
percona-platform/download-artifact,percona-platform/download-artifact,maybe,n,n,
percona-platform/extract-docker-tag-action,percona-platform/extract-docker-tag-action,maybe,n,n,
percona-platform/github-readme-sync,percona-platform/github-readme-sync,maybe,n,n,
percona-platform/goreleaser-action,percona-platform/goreleaser-action,maybe,n,n,
percona-platform/login-action,percona-platform/login-action,maybe,n,n,
percona-platform/merge-gatekeeper,percona-platform/merge-gatekeeper,maybe,n,n,
percona-platform/rdme,percona-platform/rdme,maybe,n,n,
percona-platform/setup-go,percona-platform/setup-go,maybe,n,n,
percona-platform/setup-node,percona-platform/setup-node,maybe,n,n,
percona-platform/upload-artifact,percona-platform/upload-artifact,maybe,n,n,
percy/exec-action,percy/exec-action,maybe,y,n,
percy/snapshot-action,percy/snapshot-action,maybe,y,n,
percy/storybook-action,percy/storybook-action,maybe,y,n,
permify/actions/docker-login,permify/actions,maybe,n,n,
perplexhub/action-maven-publish-release,perplexhub/action-maven-publish-release,maybe,n,n,
perplexhub/action-maven-publish-snapshot,perplexhub/action-maven-publish-snapshot,maybe,n,n,
peter-evans/delete-comment,peter-evans/delete-comment,maybe,n,n,
peter-evans/link-checker,peter-evans/link-checker,maybe,y,n,
petermetz/gh-action-dci-lint,petermetz/gh-action-dci-lint,maybe,y,n,
peternied/random-name,peternied/random-name,maybe,n,n,
petronny/git-config-user,petronny/git-config-user,maybe,n,y,y
pganalyze/setup-protoc,pganalyze/setup-protoc,maybe,n,n,
pgrita/action,pgrita/action,maybe,n,n,
phala-network/delete-older-releases,phala-network/delete-older-releases,maybe,,n,
phil-opp/rust-problem-matchers,phil-opp/rust-problem-matchers,maybe,y,y,y
philips-forks/antora-site-action,philips-forks/antora-site-action,maybe,n,n,
philips-forks/cmake-dependency-submission,philips-forks/cmake-dependency-submission,maybe,n,n,
philips-labs/github-action-repolinter,philips-labs/github-action-repolinter,maybe,n,n,
philips-labs/slsa-provenance-action,philips-labs/slsa-provenance-action,maybe,y,n,
philr/setup-ruby,philr/setup-ruby,maybe,n,n,
philschmid/philschmid-ec2-github-runner,philschmid/philschmid-ec2-github-runner,maybe,n,n,
phisko/cmake-cxx-conan/.github/workflows/build.yml,phisko/cmake-cxx-conan,maybe,n,n,
phisko/cmake-cxx-conan/.github/workflows/test.yml,phisko/cmake-cxx-conan,maybe,n,n,
phisko/cmake-cxx-vcpkg/.github/workflows/build.yml,phisko/cmake-cxx-vcpkg,maybe,n,n,
phpdocumentor/.github/.github/workflows/code-coverage.yml,phpdocumentor/.github,maybe,,n,
phpdocumentor/.github/.github/workflows/coding-standards.yml,phpdocumentor/.github,maybe,,n,
phpdocumentor/.github/.github/workflows/continues-integration.yml,phpdocumentor/.github,maybe,,n,
phpdocumentor/.github/.github/workflows/continuous-integration.yml,phpdocumentor/.github,maybe,,n,
phpdocumentor/.github/.github/workflows/dependency-analysis.yml,phpdocumentor/.github,maybe,,n,
phpdocumentor/.github/.github/workflows/lint.yml,phpdocumentor/.github,maybe,,n,
phpdocumentor/.github/.github/workflows/static-analysis.yml,phpdocumentor/.github,maybe,,n,
phpdocumentor/coding-standard,phpdocumentor/coding-standard,maybe,,n,
phpdocumentor/phpstan-ga,phpdocumentor/phpstan-ga,maybe,,n,
phpstan/phpstan/.github/workflows/extension-tests.yml,phpstan/phpstan,maybe,n,n,
phpstan/phpstan/.github/workflows/integration-tests.yml,phpstan/phpstan,maybe,n,n,
phpstan/phpstan/.github/workflows/other-tests.yml,phpstan/phpstan,maybe,n,n,
physsong/install-qt-action,physsong/install-qt-action,maybe,,n,
pi-top/action-debian-package,pi-top/action-debian-package,maybe,y,n,
pierdipi/unicode-control-characters-action,pierdipi/unicode-control-characters-action,maybe,n,n,
pinax/linting,pinax/linting,maybe,n,n,
pinax/testing,pinax/testing,maybe,n,n,
pion/.goassets/.github/workflows/codeql-analysis.reusable.yml,pion/.goassets,maybe,n,n,
pion/.goassets/.github/workflows/generate-authors.reusable.yml,pion/.goassets,maybe,n,n,
pion/.goassets/.github/workflows/lint.reusable.yml,pion/.goassets,maybe,n,n,
pion/.goassets/.github/workflows/release.reusable.yml,pion/.goassets,maybe,n,n,
pion/.goassets/.github/workflows/renovate-go-sum-fix.reusable.yml,pion/.goassets,maybe,n,n,
pion/.goassets/.github/workflows/test-i386.reusable.yml,pion/.goassets,maybe,n,n,
pion/.goassets/.github/workflows/test-wasm.reusable.yml,pion/.goassets,maybe,n,n,
pion/.goassets/.github/workflows/test.reusable.yml,pion/.goassets,maybe,n,n,
pion/.goassets/.github/workflows/tidy-check.reusable.yml,pion/.goassets,maybe,n,n,
pip wheel -w ./wheelhouse,pip wheel -w ./wheelhouse,maybe,n,n,
piroor/auto-mark-as-stale-issues,piroor/auto-mark-as-stale-issues,maybe,n,n,
piroor/close-expired-issues-based-on-label,piroor/close-expired-issues-based-on-label,maybe,n,n,
piscsi/piscsi/.github/workflows/arm_cross_compile.yml,piscsi/piscsi,maybe,,n,
pivotalsoftware/action-gh-release,pivotalsoftware/action-gh-release,maybe,n,n,
pivotalsoftware/s3-sync-action,pivotalsoftware/s3-sync-action,maybe,n,y,y
pixeldesu/action-stylelint,pixeldesu/action-stylelint,maybe,y,n,
pkgcore/pkgcheck-action,pkgcore/pkgcheck-action,maybe,y,n,
pkgjs/action/.github/workflows/node-test.yaml,pkgjs/action,maybe,n,n,
pkgxdev/brewkit/actions/bottle,pkgxdev/brewkit,maybe,n,n,
pkgxdev/brewkit/actions/fetch-pr-artifacts,pkgxdev/brewkit,maybe,n,n,
pkgxdev/brewkit/actions/get-platform,pkgxdev/brewkit,maybe,n,n,
pkgxdev/brewkit/actions/has-artifacts,pkgxdev/brewkit,maybe,n,n,
pkgxdev/brewkit/actions/setup-brewkit,pkgxdev/brewkit,maybe,n,n,
pkgxdev/brewkit/actions/setup-codesign,pkgxdev/brewkit,maybe,n,n,
pkgxdev/brewkit/actions/stage-build-artifacts,pkgxdev/brewkit,maybe,n,n,
pkgxdev/brewkit/actions/upload,pkgxdev/brewkit,maybe,n,n,
pkgxdev/dev,pkgxdev/dev,maybe,n,n,
pkgxdev/setup,pkgxdev/setup,maybe,y,n,
pksunkara/github-action-benchmark,pksunkara/github-action-benchmark,maybe,n,n,
pl-strflt/.github/.github/workflows/reusable-semantic-pull-request.yml,pl-strflt/.github,maybe,n,n,
pl-strflt/.github/.github/workflows/reusable-stale-issue.yml,pl-strflt/.github,maybe,n,n,
pl-strflt/gotest-json-to-junit-xml,pl-strflt/gotest-json-to-junit-xml,maybe,n,n,
pl-strflt/junit-xml-to-html,pl-strflt/junit-xml-to-html,maybe,n,n,
pl-strflt/tf-aws-gh-runner/.github/actions/upload-artifact,pl-strflt/tf-aws-gh-runner,maybe,n,n,
pl-strflt/uci/.github/workflows/go-check.yml,pl-strflt/uci,maybe,n,n,
pl-strflt/uci/.github/workflows/go-test.yml,pl-strflt/uci,maybe,n,n,
pl-strflt/uci/.github/workflows/js-test-and-release.yml,pl-strflt/uci,maybe,n,n,
pl-strflt/uci/.github/workflows/release-check.yml,pl-strflt/uci,maybe,n,n,
pl-strflt/uci/.github/workflows/releaser.yml,pl-strflt/uci,maybe,n,n,
pl-strflt/uci/.github/workflows/tagpush.yml,pl-strflt/uci,maybe,n,n,
plaidml/plaidml/.github/workflows/build.yml,plaidml/plaidml,maybe,n,n,
planetarium/github-action-benchmark,planetarium/github-action-benchmark,maybe,n,n,
planetscale/github-action-markdown-link-check,planetscale/github-action-markdown-link-check,maybe,n,n,
plasmo-corp/bpp,plasmo-corp/bpp,maybe,y,y,y
plasmo-corp/download-release-asset,plasmo-corp/download-release-asset,maybe,n,y,y
playframework/.github/.github/workflows/cmd.yml,playframework/.github,maybe,n,n,
playframework/.github/.github/workflows/rtm.yml,playframework/.github,maybe,n,n,
plc-lang/install-llvm-action,plc-lang/install-llvm-action,maybe,,n,
pllim/action-astropy-stalebot,pllim/action-astropy-stalebot,maybe,n,n,
pllim/action-check_astropy_changelog,pllim/action-check_astropy_changelog,maybe,n,n,
pllim/action-skip-ci,pllim/action-skip-ci,maybe,y,n,
pllim/action-special_pr_comment,pllim/action-special_pr_comment,maybe,n,n,
pllim/actions-towncrier-changelog,pllim/actions-towncrier-changelog,maybe,n,n,
pllim/first-interaction,pllim/first-interaction,maybe,n,n,
pluralkit/dotnet-format,pluralkit/dotnet-format,maybe,,y,y
pmacik/action-download-multiple-artifacts,pmacik/action-download-multiple-artifacts,maybe,n,n,
pmacik/github-cherry-pick-action,pmacik/github-cherry-pick-action,maybe,n,y,y
pmalek/verify-pr-label-action,pmalek/verify-pr-label-action,maybe,n,n,
pmienk/coveralls-github-action,pmienk/coveralls-github-action,maybe,n,n,
pocket-apps/action-update-version,pocket-apps/action-update-version,maybe,n,n,
poing-studios/godot-android-action,poing-studios/godot-android-action,maybe,,n,
polylang/actions/phpunit,polylang/actions,maybe,n,n,
pomerium/backport,pomerium/backport,maybe,n,n,
ponylang-main/repository-dispatch,ponylang-main/repository-dispatch,maybe,n,y,y
ponylang-main/ssh-action,ponylang-main/ssh-action,maybe,n,n,
ponylang/release-bot-action,ponylang/release-bot-action,maybe,n,n,
ponylang/release-notes-bot-action,ponylang/release-notes-bot-action,maybe,n,n,
ponylang/release-notes-reminder-bot-action,ponylang/release-notes-reminder-bot-action,maybe,n,n,
poolitzer/notifier-action,poolitzer/notifier-action,maybe,,n,
porcellus/size-limit-action,porcellus/size-limit-action,maybe,y,n,
portapps/.github/.github/workflows/app-build.yml,portapps/.github,maybe,n,n,
portapps/.github/.github/workflows/app-gosum.yml,portapps/.github,maybe,n,n,
portapps/.github/.github/workflows/app-virustotal.yml,portapps/.github,maybe,n,n,
porter-dev/porter-preview-action,porter-dev/porter-preview-action,maybe,y,n,
porter-dev/porter-update-action,porter-dev/porter-update-action,maybe,y,n,
porter-dev/porter-update-config-action,porter-dev/porter-update-config-action,maybe,y,n,
postalsys/workflow-webhook,postalsys/workflow-webhook,maybe,y,n,
postgresml/gh-actions-cargo,postgresml/gh-actions-cargo,maybe,n,n,
posthog/posthog-github-action,posthog/posthog-github-action,maybe,,y,y
posva/size-check-action,posva/size-check-action,maybe,n,n,
powerdns/pdns/.github/workflows/build-packages.yml,powerdns/pdns,maybe,,n,
powerdns/pdns/set-ubuntu-mirror,powerdns/pdns,maybe,,n,
ppizarror/workflow-actions/.github/workflows/codeql.yml,ppizarror/workflow-actions,maybe,n,n,
ppizarror/workflow-actions/.github/workflows/test_python.yml,ppizarror/workflow-actions,maybe,n,n,
pr-mpt/actions-commit-hash,pr-mpt/actions-commit-hash,maybe,n,n,
pragmatrix/release-action,pragmatrix/release-action,maybe,n,n,
praw-dev/.github/.github/workflows/ci.yml,praw-dev/.github,maybe,n,n,
praw-dev/.github/.github/workflows/manual_tag_release.yml,praw-dev/.github,maybe,n,n,
praw-dev/.github/.github/workflows/pre-commit_autoupdate.yml,praw-dev/.github,maybe,n,n,
praw-dev/.github/.github/workflows/prepare_release.yml,praw-dev/.github,maybe,n,n,
praw-dev/.github/.github/workflows/pypi.yml,praw-dev/.github,maybe,n,n,
praw-dev/.github/.github/workflows/scorecards-analysis.yml,praw-dev/.github,maybe,n,n,
praw-dev/.github/.github/workflows/set_active_docs.yml,praw-dev/.github,maybe,n,n,
praw-dev/.github/.github/workflows/stale_action.yml,praw-dev/.github,maybe,n,n,
praw-dev/.github/.github/workflows/tag_release.yml,praw-dev/.github,maybe,n,n,
preactjs/gzip-size-action,preactjs/gzip-size-action,maybe,y,n,
preactjs/preact/.github/workflows/ci.yml,preactjs/preact,maybe,n,n,
precice/setup-precice-action,precice/setup-precice-action,maybe,y,n,
premid/changed-files,premid/changed-files,maybe,,y,y
pressbooks/composer-autoupdate-bedrock,pressbooks/composer-autoupdate-bedrock,maybe,n,n,
prestashop/github-action-php-lint/5.4,prestashop/github-action-php-lint,maybe,y,n,
prestashop/github-action-php-lint/5.5,prestashop/github-action-php-lint,maybe,y,n,
prestashop/github-action-php-lint/5.6,prestashop/github-action-php-lint,maybe,y,n,
prestashop/github-action-php-lint/7.1,prestashop/github-action-php-lint,maybe,y,n,
prestashop/github-action-php-lint/7.2,prestashop/github-action-php-lint,maybe,y,n,
prestashop/github-action-php-lint/7.3,prestashop/github-action-php-lint,maybe,y,n,
prestashop/github-action-php-lint/7.4,prestashop/github-action-php-lint,maybe,y,n,
prestashop/github-action-php-lint/8.0,prestashop/github-action-php-lint,maybe,y,n,
prestashop/github-action-php-lint/8.1,prestashop/github-action-php-lint,maybe,n,n,
prestashop/github-action-php-lint/8.2,prestashop/github-action-php-lint,maybe,y,n,
primer/.github/.github/workflows/deploy.yml,primer/.github,maybe,n,n,
primer/.github/.github/workflows/deploy_preview.yml,primer/.github,maybe,n,n,
primer/.github/.github/workflows/release.yml,primer/.github,maybe,n,n,
primer/.github/.github/workflows/release_canary.yml,primer/.github,maybe,n,n,
primer/.github/.github/workflows/release_candidate.yml,primer/.github,maybe,n,n,
primer/.github/.github/workflows/release_with_app.yml,primer/.github,maybe,n,n,
primer/comment-token-update,primer/comment-token-update,maybe,n,n,
primer/publish,primer/publish,maybe,n,n,
prisma-labs/dripip,prisma-labs/dripip,maybe,n,n,
prisma-labs/dripip/.github/workflows/release.yml,prisma-labs/dripip,maybe,n,n,
prisma/action-node-cache-dependencies,prisma/action-node-cache-dependencies,maybe,n,n,
product-os/flowzone/.github/workflows/flowzone.yml,product-os/flowzone,maybe,n,n,
proffan/repository-dispatch,proffan/repository-dispatch,maybe,,y,y
projectpythia/actions/comment-netlify-preview-in-pr,projectpythia/actions,maybe,,n,
protobyter/run-on-arch-action,protobyter/run-on-arch-action,maybe,,n,
protocol-buffers/protobuf,protocol-buffers/protobuf,maybe,n,n,
protocol/.github/.github/actions/read-config,protocol/.github,maybe,n,n,
protocol/.github/.github/workflows/automerge.yml,protocol/.github,maybe,n,n,
protocol/.github/.github/workflows/release-check.yml,protocol/.github,maybe,n,n,
protocol/.github/.github/workflows/releaser.yml,protocol/.github,maybe,n,n,
protocol/.github/.github/workflows/tagpush.yml,protocol/.github,maybe,n,n,
protocol/cache-go-action,protocol/cache-go-action,maybe,n,n,
protocol/multiple-go-modules,protocol/multiple-go-modules,maybe,n,n,
protocolbuffers/protobuf,protocolbuffers/protobuf,maybe,n,n,
protocolbuffers/protobuf-ci/bash,protocolbuffers/protobuf-ci,maybe,n,n,
protocolbuffers/protobuf-ci/bazel,protocolbuffers/protobuf-ci,maybe,n,n,
protocolbuffers/protobuf-ci/bazel-docker,protocolbuffers/protobuf-ci,maybe,n,n,
protocolbuffers/protobuf-ci/ccache,protocolbuffers/protobuf-ci,maybe,n,n,
protocolbuffers/protobuf-ci/checkout,protocolbuffers/protobuf-ci,maybe,n,n,
protocolbuffers/protobuf-ci/composer-setup,protocolbuffers/protobuf-ci,maybe,n,n,
protocolbuffers/protobuf-ci/cross-compile-protoc,protocolbuffers/protobuf-ci,maybe,n,n,
protocolbuffers/protobuf-ci/docker,protocolbuffers/protobuf-ci,maybe,n,n,
protocolbuffers/protobuf-ci/sccache,protocolbuffers/protobuf-ci,maybe,n,n,
protonmail/openpgp-interop-test-analyzer,protonmail/openpgp-interop-test-analyzer,maybe,,n,
psf/black,psf/black,maybe,y,n,
psi-4ward/algolia-docsearch-action,psi-4ward/algolia-docsearch-action,maybe,n,y,y
pterm/animation-ci,pterm/animation-ci,maybe,n,n,
publiccodeyml/bot,publiccodeyml/bot,maybe,n,n,
publicsuffix/publicsuffix.org/.github/workflows/deploy-site.yaml,publicsuffix/publicsuffix.org,maybe,n,n,
puerco/release-actions/setup-bom,puerco/release-actions,maybe,n,n,
puerco/release-actions/setup-tejolote,puerco/release-actions,maybe,n,n,
pullreminders/label-when-approved-action,pullreminders/label-when-approved-action,maybe,n,n,
pullreminders/slack-action,pullreminders/slack-action,maybe,n,n,
pulumi/action-install-pulumi-cli,pulumi/action-install-pulumi-cli,maybe,n,n,
pulumi/action-install-tf2pulumi,pulumi/action-install-tf2pulumi,maybe,n,n,
pulumi/action-release-by-pr-label,pulumi/action-release-by-pr-label,maybe,n,n,
pulumi/action-test-provider-downstream,pulumi/action-test-provider-downstream,maybe,n,n,
pulumi/pulumi-package-publisher,pulumi/pulumi-package-publisher,maybe,n,n,
pulumi/pulumi-upgrade-provider-action,pulumi/pulumi-upgrade-provider-action,maybe,n,n,
pulumi/pulumi./.github/workflows/ci-test-docs-generation.yml,pulumi/pulumi.,maybe,n,n,
pulumi/pulumi/.github/workflows/ci-info.yml,pulumi/pulumi,maybe,n,n,
pulumi/pulumi/.github/workflows/ci.yml,pulumi/pulumi,maybe,n,n,
pulumi/pulumi/.github/workflows/on-pr-changelog.yml,pulumi/pulumi,maybe,n,n,
pulumi/setup-pulumi,pulumi/setup-pulumi,maybe,y,n,
puppetlabs/cat-github-actions/.github/workflows/gem_acceptance.yml,puppetlabs/cat-github-actions,maybe,n,n,
puppetlabs/cat-github-actions/.github/workflows/gem_ci.yml,puppetlabs/cat-github-actions,maybe,n,n,
puppetlabs/cat-github-actions/.github/workflows/gem_release_prep.yml,puppetlabs/cat-github-actions,maybe,n,n,
puppetlabs/cat-github-actions/.github/workflows/mend_ruby.yml,puppetlabs/cat-github-actions,maybe,n,n,
puppetlabs/cat-github-actions/.github/workflows/module_acceptance.yml,puppetlabs/cat-github-actions,maybe,n,n,
puppetlabs/cat-github-actions/.github/workflows/module_ci.yml,puppetlabs/cat-github-actions,maybe,n,n,
puppetlabs/cat-github-actions/.github/workflows/module_release.yml,puppetlabs/cat-github-actions,maybe,n,n,
puppetlabs/cat-github-actions/.github/workflows/tooling_mend_ruby.yml,puppetlabs/cat-github-actions,maybe,n,n,
puppetlabs/community-labeller,puppetlabs/community-labeller,maybe,n,n,
puppetlabs/gamesight-slack-workflow-status,puppetlabs/gamesight-slack-workflow-status,maybe,,n,
puppetlabs/kvrhdn-gha-buildevents,puppetlabs/kvrhdn-gha-buildevents,maybe,n,n,
px-org/build-action,px-org/build-action,maybe,n,n,
pxgamer/composer-action,pxgamer/composer-action,maybe,y,y,y
pyansys/actions/build-wheelhouse,pyansys/actions,maybe,n,n,
pyansys/actions/code-style,pyansys/actions,maybe,n,n,
pyansys/actions/doc-deploy-dev,pyansys/actions,maybe,n,n,
pyansys/actions/doc-deploy-stable,pyansys/actions,maybe,n,n,
pyansys/actions/doc-style,pyansys/actions,maybe,n,n,
pyansys/actions/release-github,pyansys/actions,maybe,n,n,
pyansys/actions/release-pypi-public,pyansys/actions,maybe,n,n,
pycontribs/jira/.github/workflows/jira_cloud_ci.yml,pycontribs/jira,maybe,n,n,
pycontribs/jira/.github/workflows/jira_server_ci.yml,pycontribs/jira,maybe,n,n,
pylo/action-junit-report,pylo/action-junit-report,maybe,,n,
pylo/crowdin-github-action,pylo/crowdin-github-action,maybe,,n,
pylo/github-pages-deploy-action,pylo/github-pages-deploy-action,maybe,,n,
pylo/support-requests,pylo/support-requests,maybe,,n,
pylo/xvfb-action,pylo/xvfb-action,maybe,,n,
pyodide/pyodide-actions/install-browser,pyodide/pyodide-actions,maybe,n,n,
pypa/cibuildwheel,pypa/cibuildwheel,maybe,y,n,
pypa/gh-action-pypi-publisher,pypa/gh-action-pypi-publisher,maybe,y,n,
pypa/gh-actions-pypi-publish,pypa/gh-actions-pypi-publish,maybe,y,n,
pypyr/run-in-tox-action,pypyr/run-in-tox-action,maybe,y,n,
pyrsia/rust-toolchain,pyrsia/rust-toolchain,maybe,n,n,
python-discord/.github/.github/workflows/block-fixup-commits.yaml,python-discord/.github,maybe,n,n,
python-semantic-release/python-semantic-release,python-semantic-release/python-semantic-release,maybe,y,n,
python-semantic-release/upload-to-gh-release,python-semantic-release/upload-to-gh-release,maybe,n,n,
pytooling/actions/releaser,pytooling/actions,maybe,,n,
pytooling/actions/with-post-step,pytooling/actions,maybe,,n,
pytorch-ignite/download-mnist-github-action,pytorch-ignite/download-mnist-github-action,maybe,n,n,
pytorch/add-annotations-github-action,pytorch/add-annotations-github-action,maybe,n,n,
pytorch/builder/.github/actions/validate-binary,pytorch/builder,maybe,n,n,
pytorch/builder/.github/workflows/validate-domain-library.yml,pytorch/builder,maybe,n,n,
pytorch/test-infra/.github/actions/pull-docker-image,pytorch/test-infra,maybe,n,n,
pytorch/test-infra/.github/actions/setup-linux,pytorch/test-infra,maybe,n,n,
pytorch/test-infra/.github/actions/setup-nvidia,pytorch/test-infra,maybe,n,n,
pytorch/test-infra/.github/actions/setup-ssh,pytorch/test-infra,maybe,n,n,
pytorch/test-infra/.github/actions/teardown-linux,pytorch/test-infra,maybe,n,n,
pytorch/test-infra/.github/workflows/build_conda_linux.yml,pytorch/test-infra,maybe,n,n,
pytorch/test-infra/.github/workflows/build_conda_macos.yml,pytorch/test-infra,maybe,n,n,
pytorch/test-infra/.github/workflows/build_conda_windows.yml,pytorch/test-infra,maybe,n,n,
pytorch/test-infra/.github/workflows/build_wheels_linux.yml,pytorch/test-infra,maybe,n,n,
pytorch/test-infra/.github/workflows/build_wheels_macos.yml,pytorch/test-infra,maybe,n,n,
pytorch/test-infra/.github/workflows/build_wheels_windows.yml,pytorch/test-infra,maybe,n,n,
pytorch/test-infra/.github/workflows/generate_binary_build_matrix.yml,pytorch/test-infra,maybe,n,n,
pytorch/test-infra/.github/workflows/linux_job.yml,pytorch/test-infra,maybe,n,n,
pytorch/test-infra/.github/workflows/macos_job.yml,pytorch/test-infra,maybe,n,n,
pytorch/test-infra/.github/workflows/validate-domain-library.yml,pytorch/test-infra,maybe,n,n,
pytorch/test-infra/.github/workflows/windows_job.yml,pytorch/test-infra,maybe,n,n,
pyviz-dev/holoviz_tasks/.github/workflows/run_downstream_tests.yaml,pyviz-dev/holoviz_tasks,maybe,n,n,
pyviz-dev/holoviz_tasks/install,pyviz-dev/holoviz_tasks,maybe,n,n,
qiboteam/workflows/.github/workflows/deploy-ghpages-latest-stable.yml,qiboteam/workflows,maybe,n,n,
qiboteam/workflows/.github/workflows/deploy-pip-poetry.yml,qiboteam/workflows,maybe,n,n,
qiboteam/workflows/.github/workflows/deploy-pip.yml,qiboteam/workflows,maybe,n,n,
qiboteam/workflows/.github/workflows/rules-poetry.yml,qiboteam/workflows,maybe,n,n,
qiboteam/workflows/.github/workflows/rules.yml,qiboteam/workflows,maybe,n,n,
qiime2/distributions/.github/workflows/lib-ci-dev.yaml,qiime2/distributions,maybe,n,n,
qinsoon/comment-env-vars,qinsoon/comment-env-vars,maybe,n,n,
qiskit/qiskit-neko,qiskit/qiskit-neko,maybe,,n,
qmacro/action-add-issue-to-project-column,qmacro/action-add-issue-to-project-column,maybe,n,n,
qmk/setup-msys2,qmk/setup-msys2,maybe,n,y,y
qonversion/shared-sdk-workflows/.github/workflows/prerelease_handling.yml,qonversion/shared-sdk-workflows,maybe,n,n,
qovery/qovery-action,qovery/qovery-action,maybe,,n,
quarkusio/action-build-reporter,quarkusio/action-build-reporter,maybe,n,n,
quarto-dev/quarto-actions/install-quarto,quarto-dev/quarto-actions,maybe,n,n,
quarto-dev/quarto-actions/publish,quarto-dev/quarto-actions,maybe,n,n,
quarto-dev/quarto-actions/render,quarto-dev/quarto-actions,maybe,n,n,
quarto-dev/quarto-actions/setup,quarto-dev/quarto-actions,maybe,n,n,
quay.io/bioconda/bioconda-recipes-issue-responder,quay.io/bioconda,maybe,n,n,
quick-lint/action-zip,quick-lint/action-zip,maybe,n,n,
quick-lint/cla-assistant-action,quick-lint/cla-assistant-action,maybe,n,n,
quick-lint/install-nix-action,quick-lint/install-nix-action,maybe,n,n,
quick-lint/setup-emsdk,quick-lint/setup-emsdk,maybe,n,n,
quick-lint/sftp-upload,quick-lint/sftp-upload,maybe,n,y,y
quickwit-inc/upload-to-github-release,quickwit-inc/upload-to-github-release,maybe,n,y,y
quiltmc/update-quilt-meta,quiltmc/update-quilt-meta,maybe,n,n,
quipper/comment-failure-action,quipper/comment-failure-action,maybe,n,n,
qv2ray/install-qt-action,qv2ray/install-qt-action,maybe,,n,
r-lib/actions/check-r-package,r-lib/actions,maybe,n,y,y
r-lib/actions/pr-fetch,r-lib/actions,maybe,n,n,
r-lib/actions/pr-push,r-lib/actions,maybe,n,n,
r-lib/actions/setup-pandoc,r-lib/actions,maybe,n,n,
r-lib/actions/setup-r,r-lib/actions,maybe,n,n,
r-lib/actions/setup-r-dependencies,r-lib/actions,maybe,n,n,
r-lib/actions/setup-tinytex,r-lib/actions,maybe,n,n,
r-universe-org/uninstall-homebrew,r-universe-org/uninstall-homebrew,maybe,n,n,
r-windows/install-rtools,r-windows/install-rtools,maybe,n,n,
r0x0d/wait-for-ci-checks,r0x0d/wait-for-ci-checks,maybe,n,n,
r26d/ghcr-delete-image-action,r26d/ghcr-delete-image-action,maybe,n,n,
r26d/jq-action,r26d/jq-action,maybe,n,n,
radcortez/milestone-release-action,radcortez/milestone-release-action,maybe,n,n,
radcortez/milestone-review-action,radcortez/milestone-review-action,maybe,n,n,
radcortez/milestone-set-action,radcortez/milestone-set-action,maybe,n,n,
radeonopencompute/rocm-docs-core/.github/workflows/linting.yml,radeonopencompute/rocm-docs-core,maybe,,n,
radixdlt/criterion-compare-action,radixdlt/criterion-compare-action,maybe,y,n,
radixdlt/public-iac-resuable-artifacts/.github/workflows/docker-build.yml,radixdlt/public-iac-resuable-artifacts,maybe,n,n,
radixdlt/public-iac-resuable-artifacts/rust-coverage,radixdlt/public-iac-resuable-artifacts,maybe,n,n,
radixdlt/public-iac-resuable-artifacts/rust-setup,radixdlt/public-iac-resuable-artifacts,maybe,n,n,
radixdlt/rust-cache,radixdlt/rust-cache,maybe,n,n,
radondb/radondb-mysql-kubernetes/.github/workflows/build_operator_image.yml,radondb/radondb-mysql-kubernetes,maybe,n,n,
radondb/radondb-mysql-kubernetes/.github/workflows/build_sidecar_image.yml,radondb/radondb-mysql-kubernetes,maybe,n,n,
radondb/radondb-mysql-kubernetes/.github/workflows/build_xenon_image.yml,radondb/radondb-mysql-kubernetes,maybe,n,n,
radondb/radondb-mysql-kubernetes/.github/workflows/publish_charts.yml,radondb/radondb-mysql-kubernetes,maybe,n,n,
radondb/radondb-mysql-kubernetes/.github/workflows/release_drafter.yml,radondb/radondb-mysql-kubernetes,maybe,n,n,
rafaelgssa/palemoon-addon,rafaelgssa/palemoon-addon,maybe,n,n,
railmapgen/upload-artefacts,railmapgen/upload-artefacts,maybe,n,n,
raisedevs/find-trailing-whitespace,raisedevs/find-trailing-whitespace,maybe,y,n,
rajatjindal/krew-release-bot,rajatjindal/krew-release-bot,maybe,n,n,
ralexander-phi/license_approval,ralexander-phi/license_approval,maybe,n,n,
ralfg/python-wheels-manylinux-buildv0.4.2-manylinux2014_x86_64,ralfg/python-wheels-manylinux-buildv0.4.2-manylinux2014_x86_64,maybe,,n,
rami3l/bumper,rami3l/bumper,maybe,y,n,
randy3k/gh-actions/cancel-previous-runs,randy3k/gh-actions,maybe,n,n,
raphiiko/actions-deploy-gist,raphiiko/actions-deploy-gist,maybe,,n,
raphiiko/tauri-action,raphiiko/tauri-action,maybe,,y,y
rapidsai/shared-action-workflows/.github/workflows/build-in-devcontainer.yaml,rapidsai/shared-action-workflows,maybe,n,n,
rapidsai/shared-action-workflows/.github/workflows/checks.yaml,rapidsai/shared-action-workflows,maybe,n,n,
rapidsai/shared-action-workflows/.github/workflows/conda-cpp-build.yaml,rapidsai/shared-action-workflows,maybe,n,n,
rapidsai/shared-action-workflows/.github/workflows/conda-cpp-matrix-build.yaml,rapidsai/shared-action-workflows,maybe,n,n,
rapidsai/shared-action-workflows/.github/workflows/conda-cpp-tests.yaml,rapidsai/shared-action-workflows,maybe,n,n,
rapidsai/shared-action-workflows/.github/workflows/conda-python-build.yaml,rapidsai/shared-action-workflows,maybe,n,n,
rapidsai/shared-action-workflows/.github/workflows/conda-python-matrix-build.yaml,rapidsai/shared-action-workflows,maybe,n,n,
rapidsai/shared-action-workflows/.github/workflows/conda-python-tests.yaml,rapidsai/shared-action-workflows,maybe,n,n,
rapidsai/shared-action-workflows/.github/workflows/conda-upload-packages.yaml,rapidsai/shared-action-workflows,maybe,n,n,
rapidsai/shared-action-workflows/.github/workflows/custom-job.yaml,rapidsai/shared-action-workflows,maybe,n,n,
rapidsai/shared-action-workflows/.github/workflows/pr-builder.yaml,rapidsai/shared-action-workflows,maybe,n,n,
rapidsai/shared-action-workflows/.github/workflows/wheels-build.yaml,rapidsai/shared-action-workflows,maybe,n,n,
rapidsai/shared-action-workflows/.github/workflows/wheels-manylinux-build.yml,rapidsai/shared-action-workflows,maybe,n,n,
rapidsai/shared-action-workflows/.github/workflows/wheels-manylinux-publish.yml,rapidsai/shared-action-workflows,maybe,n,n,
rapidsai/shared-action-workflows/.github/workflows/wheels-manylinux-test.yml,rapidsai/shared-action-workflows,maybe,n,n,
rapidsai/shared-action-workflows/.github/workflows/wheels-publish.yaml,rapidsai/shared-action-workflows,maybe,n,n,
rapidsai/shared-action-workflows/.github/workflows/wheels-pure-build.yml,rapidsai/shared-action-workflows,maybe,n,n,
rapidsai/shared-action-workflows/.github/workflows/wheels-pure-publish.yml,rapidsai/shared-action-workflows,maybe,n,n,
rapidsai/shared-action-workflows/.github/workflows/wheels-pure-test.yml,rapidsai/shared-action-workflows,maybe,n,n,
rapidsai/shared-action-workflows/.github/workflows/wheels-test.yaml,rapidsai/shared-action-workflows,maybe,n,n,
rapidsai/shared-action-workflows/.github/workflows/wheels-test.yml,rapidsai/shared-action-workflows,maybe,n,n,
raumzeit/extract-release-notes,raumzeit/extract-release-notes,maybe,,n,
ravsamhq/notify-slack-action,ravsamhq/notify-slack-action,maybe,n,n,
ray-di/.github/.github/workflows/coding-standards.yml,ray-di/.github,maybe,n,n,
ray-di/.github/.github/workflows/continuous-integration.yml,ray-di/.github,maybe,n,n,
ray-di/.github/.github/workflows/static-analysis.yml,ray-di/.github,maybe,n,n,
rayandrews/with-opencv-action,rayandrews/with-opencv-action,maybe,y,n,
raycast/github-actions/setup-git,raycast/github-actions,maybe,n,n,
raycast/github-actions/setup-xcode,raycast/github-actions,maybe,n,n,
rbfx/github_discord_notifier,rbfx/github_discord_notifier,maybe,n,n,
rcdailey/resharper_inspectcode,rcdailey/resharper_inspectcode,maybe,y,n,
react-native-mapbox-gl/maps/.github/workflows/android-actions.yml,react-native-mapbox-gl/maps,maybe,n,n,
react-native-mapbox-gl/maps/.github/workflows/ios-actions.yml,react-native-mapbox-gl/maps,maybe,n,n,
react-navigation/check-versions-action,react-navigation/check-versions-action,maybe,n,n,
reactiveui/actions-common/.github/workflows/workflow-common-release.yml,reactiveui/actions-common,maybe,n,n,
reactiveui/actions-common/.github/workflows/workflow-common-setup-and-build.yml,reactiveui/actions-common,maybe,n,n,
readthedocs/actions/preview,readthedocs/actions,maybe,n,n,
readthedocs/readthedocs-preview,readthedocs/readthedocs-preview,maybe,n,n,
realm/aws-devicefarm/create-upload,realm/aws-devicefarm,maybe,n,n,
realm/aws-devicefarm/test-application,realm/aws-devicefarm,maybe,n,n,
realm/ci-actions/.github/workflows/issue-needs-attention.yml,realm/ci-actions,maybe,n,n,
realm/ci-actions/mdb-realm/cleanup,realm/ci-actions,maybe,n,n,
realm/ci-actions/mdb-realm/deleteallclusters,realm/ci-actions,maybe,,n,
realm/ci-actions/mdb-realm/deletecluster,realm/ci-actions,maybe,,n,
realm/ci-actions/mdb-realm/deleteoldapps,realm/ci-actions,maybe,,n,
realm/ci-actions/mdb-realm/deploy,realm/ci-actions,maybe,n,n,
realm/ci-actions/mdb-realm/deployapps,realm/ci-actions,maybe,,n,
realm/ci-actions/parse-release-tag,realm/ci-actions,maybe,n,n,
realm/ci-actions/release-to-slack,realm/ci-actions,maybe,n,n,
realm/ci-actions/run-ios-simulator,realm/ci-actions,maybe,n,n,
realm/ci-actions/update-changelog,realm/ci-actions,maybe,n,n,
reckless-satoshi/robosats/.github/workflows/android-build.yml,reckless-satoshi/robosats,maybe,n,n,
reckless-satoshi/robosats/.github/workflows/client-image.yml,reckless-satoshi/robosats,maybe,n,n,
reckless-satoshi/robosats/.github/workflows/coordinator-image.yml,reckless-satoshi/robosats,maybe,n,n,
reckless-satoshi/robosats/.github/workflows/django-test.yml,reckless-satoshi/robosats,maybe,n,n,
reckless-satoshi/robosats/.github/workflows/frontend-build.yml,reckless-satoshi/robosats,maybe,n,n,
rectalogic/notify-irc,rectalogic/notify-irc,maybe,n,n,
rectorphp/reusable-workflows/.github/workflows/code_analysis.yaml,rectorphp/reusable-workflows,maybe,n,n,
rectorphp/reusable-workflows/.github/workflows/rector.yaml,rectorphp/reusable-workflows,maybe,n,n,
recyclarr/import-codesign-certs,recyclarr/import-codesign-certs,maybe,n,n,
recyclarr/xcode-notarize,recyclarr/xcode-notarize,maybe,n,n,
redhat-chaos/actions/kind,redhat-chaos/actions,maybe,n,n,
redhat-chaos/actions/krkn-hub,redhat-chaos/actions,maybe,n,n,
redhat-cop/github-actions/confbatstest,redhat-cop/github-actions,maybe,n,n,
redhat-cop/github-actions/get-image-version,redhat-cop/github-actions,maybe,n,n,
redhat-developer/vscode-xml/.github/workflows/native-image.yaml,redhat-developer/vscode-xml,maybe,n,n,
redis-stack/github-actions/spellcheck,redis-stack/github-actions,maybe,n,n,
redocly/openapi-cli/.github/workflows/dockerhub.yaml,redocly/openapi-cli,maybe,,n,
redocly/repo-file-sync-action,redocly/repo-file-sync-action,maybe,,y,y
reearth/changelog-action,reearth/changelog-action,maybe,n,y,y
reearth/reearth/.github/workflows/ci_collect_info.yml,reearth/reearth,maybe,n,n,
reeganexe/github-action-job-id,reeganexe/github-action-job-id,maybe,,n,
reenignearcher/facebook-post-action,reenignearcher/facebook-post-action,maybe,,n,
refenv/gh-cijoe-qemu-action,refenv/gh-cijoe-qemu-action,maybe,n,n,
refinedmods/refinedarchitect/.github/workflows/build.yml,refinedmods/refinedarchitect,maybe,n,n,
refinedmods/refinedarchitect/.github/workflows/draft-release.yml,refinedmods/refinedarchitect,maybe,n,n,
refinedmods/refinedarchitect/.github/workflows/issue-for-unsupported-version.yml,refinedmods/refinedarchitect,maybe,n,n,
refinedmods/refinedarchitect/.github/workflows/publish-release.yml,refinedmods/refinedarchitect,maybe,n,n,
refinedmods/refinedarchitect/.github/workflows/resolved-issue-locking.yml,refinedmods/refinedarchitect,maybe,n,n,
refinedmods/refinedarchitect/.github/workflows/validate-branch-name.yml,refinedmods/refinedarchitect,maybe,n,n,
refinedmods/refinedarchitect/.github/workflows/validate-changelog.yml,refinedmods/refinedarchitect,maybe,n,n,
refinedmods/refinedarchitect/.github/workflows/validate-commit-messages.yml,refinedmods/refinedarchitect,maybe,n,n,
regadas/chart-releaser-action,regadas/chart-releaser-action,maybe,n,n,
regclient/actions/regctl-installer,regclient/actions,maybe,n,y,y
reinismu/clippy-check,reinismu/clippy-check,maybe,y,n,
rekgrpth/github-repository-dispatch-shell-action,rekgrpth/github-repository-dispatch-shell-action,maybe,n,y,y
relekang/python-semantic-release,relekang/python-semantic-release,maybe,y,n,
remix-run/react-router/.github/workflows/release-comments.yml,remix-run/react-router,maybe,n,n,
remix-run/remix/.github/workflows/deployments.yml,remix-run/remix,maybe,n,n,
remix-run/remix/.github/workflows/release-comments.yml,remix-run/remix,maybe,n,n,
remix-run/remix/.github/workflows/stacks.yml,remix-run/remix,maybe,n,n,
remotemobprogramming/go-release.action,remotemobprogramming/go-release.action,maybe,n,n,
renatolond/pronto-ruby,renatolond/pronto-ruby,maybe,n,n,
renefritze/github-action-markdown-link-check,renefritze/github-action-markdown-link-check,maybe,y,n,
renovatebot/gh-action,renovatebot/gh-action,maybe,n,n,
renovatebot/internal-tools,renovatebot/internal-tools,maybe,n,n,
replayio/action-comment,replayio/action-comment,maybe,n,n,
replayio/action-playwright,replayio/action-playwright,maybe,y,n,
replayio/action-upload,replayio/action-upload,maybe,y,n,
replicatedhq/action-k3s,replicatedhq/action-k3s,maybe,y,n,
replicatedhq/action-kots-lint,replicatedhq/action-kots-lint,maybe,y,n,
replicatedhq/action-kots-release,replicatedhq/action-kots-release,maybe,n,n,
replicatedhq/action-okteto-test,replicatedhq/action-okteto-test,maybe,n,n,
replicatedhq/kots/.github/actions/kurl-addon-kots-generate,replicatedhq/kots,maybe,n,n,
replicatedhq/kots/.github/workflows/regression.yaml,replicatedhq/kots,maybe,n,n,
replicatedhq/kurl/.github/actions/addon-manifest-downloader,replicatedhq/kurl,maybe,n,n,
replicatedhq/kurl/.github/actions/addon-testgrid-tester,replicatedhq/kurl,maybe,n,n,
replicatedhq/replicated-actions/create-cluster,replicatedhq/replicated-actions,maybe,y,n,
replicatedhq/replicated-actions/remove-cluster,replicatedhq/replicated-actions,maybe,n,n,
repobot-app/actions/rubocop,repobot-app/actions,maybe,n,n,
reproducible-containers/buildkit-cache-dance,reproducible-containers/buildkit-cache-dance,maybe,y,n,
restqa/404-links,restqa/404-links,maybe,y,n,
retejs/.github/.github/workflows/release.yml,retejs/.github,maybe,n,n,
retejs/.github/.github/workflows/stale.yml,retejs/.github,maybe,n,n,
retejs/.github/.github/workflows/update-docs.yml,retejs/.github,maybe,n,n,
returntocorp/semgrep-action,returntocorp/semgrep-action,maybe,y,y,y
retypeapp/action-build,retypeapp/action-build,maybe,n,n,
retypeapp/action-github,retypeapp/action-github,maybe,n,n,
retypeapp/action-github-pages,retypeapp/action-github-pages,maybe,n,n,
revam/gh-action-get-tag-and-version,revam/gh-action-get-tag-and-version,maybe,n,n,
reviewdog/action-cpplint,reviewdog/action-cpplint,maybe,y,n,
revolupowered/cache,revolupowered/cache,maybe,,n,
rez0n/create-dns-record,rez0n/create-dns-record,maybe,n,y,y
rfratto/depcheck,rfratto/depcheck,maybe,n,n,
rgrunber/vscode-xml/.github/workflows/native-image.yaml,rgrunber/vscode-xml,maybe,n,n,
rhaschke/cache,rhaschke/cache,maybe,n,n,
rhaschke/docker-run-action,rhaschke/docker-run-action,maybe,n,y,y
rhaschke/download-ici-workspace,rhaschke/download-ici-workspace,maybe,n,n,
rhaschke/industrial_ci,rhaschke/industrial_ci,maybe,n,n,
rhaschke/install-catkin_lint-action,rhaschke/install-catkin_lint-action,maybe,n,n,
rhaschke/lcov-action,rhaschke/lcov-action,maybe,n,n,
rhaschke/upload-git-patch-action,rhaschke/upload-git-patch-action,maybe,n,n,
rhaschke/upload-ici-workspace,rhaschke/upload-ici-workspace,maybe,n,n,
rheeseyb/install-nix-action,rheeseyb/install-nix-action,maybe,,n,
rhysd/changelog-from-release/action,rhysd/changelog-from-release,maybe,n,n,
rhysd/github-action-benchmark,rhysd/github-action-benchmark,maybe,y,n,
ribirx/share-workflows/.github/workflows/ribir-win-image-tests.yaml,ribirx/share-workflows,maybe,,n,
richardsimko/github-tag-action,richardsimko/github-tag-action,maybe,y,y,y
richb-hanover/cargo,richb-hanover/cargo,maybe,n,n,
ricky-hao/action-release,ricky-hao/action-release,maybe,,n,
ridedott/auto-merge-action,ridedott/auto-merge-action,maybe,n,n,
ridedott/dependabot-auto-merge-action,ridedott/dependabot-auto-merge-action,maybe,n,y,y
ridedott/publish-me-action,ridedott/publish-me-action,maybe,n,n,
rigor789/action-create-emulator,rigor789/action-create-emulator,maybe,n,n,
rijkvanzanten/gh-action-linear,rijkvanzanten/gh-action-linear,maybe,n,n,
riot-os/check-labels-action,riot-os/check-labels-action,maybe,,n,
risc0/actions-bazelisk,risc0/actions-bazelisk,maybe,n,y,y
risc0/actions-rs-toolchain,risc0/actions-rs-toolchain,maybe,n,n,
risc0/cargo-install,risc0/cargo-install,maybe,n,y,y
risc0/clippy-action,risc0/clippy-action,maybe,n,y,y
risc0/criterion-compare-action,risc0/criterion-compare-action,maybe,n,n,
risc0/foundry-toolchain,risc0/foundry-toolchain,maybe,n,n,
risc0/github-action-benchmark,risc0/github-action-benchmark,maybe,n,n,
rishabhgupta/git-action-issue,rishabhgupta/git-action-issue,maybe,n,n,
risingwavelabs/github-action-cherry-pick,risingwavelabs/github-action-cherry-pick,maybe,n,n,
rive-app/github-actions-submodule-check,rive-app/github-actions-submodule-check,maybe,n,n,
rizinorg/gha-get-release,rizinorg/gha-get-release,maybe,n,n,
rjeffman/python-lint-action,rjeffman/python-lint-action,maybe,y,n,
rkusa/eslint-action,rkusa/eslint-action,maybe,y,n,
rkusa/jest-action,rkusa/jest-action,maybe,y,n,
rlaphoenix/install-vapoursynth-action,rlaphoenix/install-vapoursynth-action,maybe,n,n,
rndmh3ro/antsichaut-action,rndmh3ro/antsichaut-action,maybe,n,n,
robertvazan/project-config/.github/workflows/java-build.yml,robertvazan/project-config,maybe,n,n,
robertvazan/project-config/.github/workflows/java-release.yml,robertvazan/project-config,maybe,n,n,
robertvazan/rvscaffold/.github/workflows/java-build.yml,robertvazan/rvscaffold,maybe,n,n,
robertvazan/rvscaffold/.github/workflows/java-release.yml,robertvazan/rvscaffold,maybe,n,n,
robingenz/github-sponsors-readme-action,robingenz/github-sponsors-readme-action,maybe,n,n,
roblox/cla-signature-bot,roblox/cla-signature-bot,maybe,n,n,
roblox/cla-signature-bot/.github/workflows/clabot-workflow.yml,roblox/cla-signature-bot,maybe,,n,
roblox/rhysd-github-action-benchmark,roblox/rhysd-github-action-benchmark,maybe,,n,
roblox/setup-foreman,roblox/setup-foreman,maybe,,n,
robosats/robosats/.github/workflows/android-build.yml,robosats/robosats,maybe,,n,
robosats/robosats/.github/workflows/client-image.yml,robosats/robosats,maybe,,n,
robosats/robosats/.github/workflows/coordinator-image.yml,robosats/robosats,maybe,,n,
robosats/robosats/.github/workflows/django-test.yml,robosats/robosats,maybe,,n,
robosats/robosats/.github/workflows/frontend-build.yml,robosats/robosats,maybe,,n,
robotology/gh-action-squash,robotology/gh-action-squash,maybe,n,n,
robotpy/build-actions/.github/workflows/package-ci.yml,robotpy/build-actions,maybe,n,n,
robotpy/build-actions/build-sdist,robotpy/build-actions,maybe,n,n,
robotpy/build-actions/build-wheel,robotpy/build-actions,maybe,n,n,
robotpy/build-actions/get-git-tag,robotpy/build-actions,maybe,n,n,
robotpy/build-actions/install-build-deps,robotpy/build-actions,maybe,n,n,
robotpy/build-actions/install-robotpy-build,robotpy/build-actions,maybe,n,n,
robotpy/build-actions/ping-meta,robotpy/build-actions,maybe,n,n,
robotpy/build-actions/ping-rtd,robotpy/build-actions,maybe,n,n,
robotpy/build-actions/test-native-wheel,robotpy/build-actions,maybe,n,n,
robotpy/build-actions/validate-sphinx,robotpy/build-actions,maybe,n,n,
robotpy/github-action-scp,robotpy/github-action-scp,maybe,n,n,
rocketchat/rocket.chat.github.action.notification,rocketchat/rocket.chat.github.action.notification,maybe,,n,
rocketsurgeonsguild/actions/.github/workflows/publish-nuget.yml,rocketsurgeonsguild/actions,maybe,,n,
rocketsurgeonsguild/actions/sync-milestone,rocketsurgeonsguild/actions,maybe,,n,
rocmsoftwareplatform/actions/.github/workflows/benchmarks.yml,rocmsoftwareplatform/actions,maybe,,n,
rocmsoftwareplatform/actions/.github/workflows/rocm-release.yml,rocmsoftwareplatform/actions,maybe,,n,
rocmsoftwareplatform/migraphx-benchmark/.github/workflows/history.yml,rocmsoftwareplatform/migraphx-benchmark,maybe,,n,
rocmsoftwareplatform/migraphx-benchmark/.github/workflows/perf-test.yml,rocmsoftwareplatform/migraphx-benchmark,maybe,,n,
rocmsoftwareplatform/migraphx-benchmark/.github/workflows/rocm-release.yml,rocmsoftwareplatform/migraphx-benchmark,maybe,,n,
rogermparent/action-set-json-field,rogermparent/action-set-json-field,maybe,n,n,
rohith/publish-nuget,rohith/publish-nuget,maybe,y,n,
rohith/publish-nugett,rohith/publish-nugett,maybe,n,n,
rojergs/python-black-check,rojergs/python-black-check,maybe,,n,
rojo-rbx/setup-foreman,rojo-rbx/setup-foreman,maybe,n,n,
rolfbjarne/autoformat-push,rolfbjarne/autoformat-push,maybe,n,n,
rollkit/.github/.github/actions/markdown-lint,rollkit/.github,maybe,n,n,
rollkit/.github/.github/actions/version-release,rollkit/.github,maybe,n,n,
rollkit/.github/.github/actions/yamllint,rollkit/.github,maybe,n,n,
rollkit/.github/.github/workflows/reusable_dockerfile_lint.yml,rollkit/.github,maybe,n,n,
rollkit/.github/.github/workflows/reusable_dockerfile_pipeline.yml,rollkit/.github,maybe,n,n,
rollkit/.github/.github/workflows/reusable_housekeeping.yml,rollkit/.github,maybe,n,n,
rollyperes/base64-to-path,rollyperes/base64-to-path,maybe,,y,y
romanhotsiy/changesets-action,romanhotsiy/changesets-action,maybe,,n,
rome/setup-rome,rome/setup-rome,maybe,y,n,
romeovs/lcov-reporter-action,romeovs/lcov-reporter-action,maybe,y,n,
ronkelementor/confirm-checks-action,ronkelementor/confirm-checks-action,maybe,n,n,
roots/discourse-topic-github-release-action,roots/discourse-topic-github-release-action,maybe,n,n,
roots/issue-closer,roots/issue-closer,maybe,n,n,
roots/issue-closer-action,roots/issue-closer-action,maybe,n,n,
rootstrap/check_untracked_changes,rootstrap/check_untracked_changes,maybe,n,n,
rootstrap/create-pull-request,rootstrap/create-pull-request,maybe,n,n,
rory-z/upload-release-asset,rory-z/upload-release-asset,maybe,,n,
roryprimrose/rungitversion,roryprimrose/rungitversion,maybe,y,n,
ros-industrial/industrial_ci,ros-industrial/industrial_ci,maybe,y,y,y
ros-tooling/action-ros2-ci,ros-tooling/action-ros2-ci,maybe,y,n,
ros-tooling/action-ros2-lint,ros-tooling/action-ros2-lint,maybe,y,n,
ros-tooling/setup-ros2,ros-tooling/setup-ros2,maybe,n,n,
rosalie241/release-action,rosalie241/release-action,maybe,,n,
rotki/action-cassette-deck,rotki/action-cassette-deck,maybe,n,n,
rotki/action-env,rotki/action-env,maybe,n,n,
rotki/action-gh-release,rotki/action-gh-release,maybe,n,n,
rotki/action-job-checker,rotki/action-job-checker,maybe,n,n,
rraval/grcov,rraval/grcov,maybe,n,n,
rsdmike/github-security-report-action,rsdmike/github-security-report-action,maybe,n,n,
rse-ops/actions-cleaner/ubuntu,rse-ops/actions-cleaner,maybe,n,n,
rseng/zenodo-release,rseng/zenodo-release,maybe,n,n,
rssnyder/actions/.github/workflows/docker-build-and-push.yml,rssnyder/actions,maybe,n,n,
rssnyder/actions/.github/workflows/go-releaser.yml,rssnyder/actions,maybe,n,n,
rstudio/shiny-workflows/.github/workflows/r-cmd-check.yaml,rstudio/shiny-workflows,maybe,,n,
rstudio/shiny-workflows/.github/workflows/routine.yaml,rstudio/shiny-workflows,maybe,n,n,
rstudio/shiny-workflows/.github/workflows/website-netlify.yaml,rstudio/shiny-workflows,maybe,n,n,
rstudio/shiny-workflows/.github/workflows/website.yaml,rstudio/shiny-workflows,maybe,n,n,
rstudio/shiny-workflows/setup-r-package,rstudio/shiny-workflows,maybe,n,n,
rstudio/shinycoreci/.github/workflows/call-pkgdown.yaml,rstudio/shinycoreci,maybe,n,n,
rstudio/shinycoreci/.github/workflows/call-r-cmd-check.yaml,rstudio/shinycoreci,maybe,,n,
rstudio/shinycoreci/.github/workflows/call-rituals.yaml,rstudio/shinycoreci,maybe,n,n,
rstudio/shinycoreci/.github/workflows/call-routine.yaml,rstudio/shinycoreci,maybe,n,n,
rstudio/shinycoreci/.github/workflows/call-website.yaml,rstudio/shinycoreci,maybe,n,n,
rt-thread/pkgs-test/.github/workflows/pkgs-action.yml,rt-thread/pkgs-test,maybe,,n,
rtcamp/action-cleanup,rtcamp/action-cleanup,maybe,,n,
rtcamp/action-slack-notify,rtcamp/action-slack-notify,maybe,,n,
rtcamp/action-wordpress-org-plugin-deploy,rtcamp/action-wordpress-org-plugin-deploy,maybe,,n,
ruby/action-slack,ruby/action-slack,maybe,n,y,y
ruby/actions/.github/workflows/ruby_versions.yml,ruby/actions,maybe,n,n,
ruby/setup-python,ruby/setup-python,maybe,n,n,
ruby/setup-rubyn,ruby/setup-rubyn,maybe,y,n,
rubyforgood/add-label-to-cards,rubyforgood/add-label-to-cards,maybe,n,n,
rubyforgood/remove-label-from-cards,rubyforgood/remove-label-from-cards,maybe,n,n,
rubyforgood/unassign-issues,rubyforgood/unassign-issues,maybe,n,n,
ructions/cargo,ructions/cargo,maybe,y,n,
rui-costa/action-automatic-semver-releases,rui-costa/action-automatic-semver-releases,maybe,n,n,
rui314/setup-mold,rui314/setup-mold,maybe,n,y,y
runforesight/foresight-test-kit-action,runforesight/foresight-test-kit-action,maybe,y,n,
runforesight/foresight-workflow-kit-action,runforesight/foresight-workflow-kit-action,maybe,y,n,
runtimeverification/upload-release.nix,runtimeverification/upload-release.nix,maybe,n,n,
russorat/influxdb-action,russorat/influxdb-action,maybe,y,y,y
rust-lang-ru/simpleinfra/gitocalize-bug-checker,rust-lang-ru/simpleinfra,maybe,n,n,
rust-lang-ru/simpleinfra/gl-bugs-checker,rust-lang-ru/simpleinfra,maybe,n,n,
rust-lang-ru/simpleinfra/syms-counter,rust-lang-ru/simpleinfra,maybe,n,n,
rust-lang/simpleinfra/github-actions/cancel-outdated-builds,rust-lang/simpleinfra,maybe,n,n,
rust-lang/simpleinfra/github-actions/static-websites,rust-lang/simpleinfra,maybe,n,n,
rust-lang/simpleinfra/github-actions/upload-docker-image,rust-lang/simpleinfra,maybe,n,n,
rustcrypto/actions/.github/workflows/minimal-versions.yml,rustcrypto/actions,maybe,,n,
rustcrypto/actions/.github/workflows/set-msrv.yml,rustcrypto/actions,maybe,,n,
rustcrypto/actions/cargo-cache,rustcrypto/actions,maybe,,n,
rustcrypto/actions/cargo-hack-install,rustcrypto/actions,maybe,,n,
rustcrypto/actions/cross-install,rustcrypto/actions,maybe,,n,
rustcrypto/actions/zlint-install,rustcrypto/actions,maybe,,n,
rustdesk-org/run-on-arch-action,rustdesk-org/run-on-arch-action,maybe,n,n,
rustic-rs/create-binary-artifact,rustic-rs/create-binary-artifact,maybe,n,n,
rustic-rs/create-binary-artifact-action,rustic-rs/create-binary-artifact-action,maybe,n,n,
rustic-rs/cross-ci-action,rustic-rs/cross-ci-action,maybe,y,n,
rustsec/audit-check,rustsec/audit-check,maybe,y,n,
rustyhorde/audit-check,rustyhorde/audit-check,maybe,y,n,
rvsia/github-action-show-version,rvsia/github-action-show-version,maybe,n,n,
rwjblue/setup-volta,rwjblue/setup-volta,maybe,y,n,
rxfork/npm-publish,rxfork/npm-publish,maybe,n,n,
s-u/r-actions/install,s-u/r-actions,maybe,,n,
s-u/r-actions/pkg-check,s-u/r-actions,maybe,,n,
s3krit/matrix-message,s3krit/matrix-message,maybe,,n,
s3krit/matrix-message-action,s3krit/matrix-message-action,maybe,n,n,
s3krit/walking-tag-action,s3krit/walking-tag-action,maybe,n,n,
sachinkundu/ms-teams-notification,sachinkundu/ms-teams-notification,maybe,n,n,
sagemath/sage/.github/workflows/docker.yml,sagemath/sage,maybe,n,n,
sagemath/sage/.github/workflows/macos.yml,sagemath/sage,maybe,n,n,
sagemath/sagetrac-mirror/.github/workflows/cygwin.yml,sagemath/sagetrac-mirror,maybe,n,n,
sagemath/sagetrac-mirror/.github/workflows/docker.yml,sagemath/sagetrac-mirror,maybe,n,n,
sahilnr/release-upload-sftp,sahilnr/release-upload-sftp,maybe,,n,
salcock/action-cloudsmith-upload-packages,salcock/action-cloudsmith-upload-packages,maybe,n,n,
salesforcecli/github-workflows/.github/actions/getprereleasetag,salesforcecli/github-workflows,maybe,,n,
salesforcecli/github-workflows/.github/actions/yarninstallwithretries,salesforcecli/github-workflows,maybe,,n,
salesforcecli/github-workflows/.github/workflows/automerge.yml,salesforcecli/github-workflows,maybe,n,n,
salesforcecli/github-workflows/.github/workflows/create-github-release.yml,salesforcecli/github-workflows,maybe,n,n,
salesforcecli/github-workflows/.github/workflows/externalnut.yml,salesforcecli/github-workflows,maybe,,n,
salesforcecli/github-workflows/.github/workflows/githubrelease.yml,salesforcecli/github-workflows,maybe,,n,
salesforcecli/github-workflows/.github/workflows/lockfilecheck.yml,salesforcecli/github-workflows,maybe,,n,
salesforcecli/github-workflows/.github/workflows/npmpublish.yml,salesforcecli/github-workflows,maybe,,n,
salesforcecli/github-workflows/.github/workflows/unittest.yml,salesforcecli/github-workflows,maybe,,n,
salesforcecli/github-workflows/.github/workflows/unittestslinux.yml,salesforcecli/github-workflows,maybe,,n,
salesforcecli/github-workflows/.github/workflows/unittestswindows.yml,salesforcecli/github-workflows,maybe,,n,
salmanm/github-action-merge-dependabot,salmanm/github-action-merge-dependabot,maybe,n,n,
saltbo/uptoc,saltbo/uptoc,maybe,y,n,
samhammerag/last-successful-build-action,samhammerag/last-successful-build-action,maybe,,y,y
samholmes/block-wip-pr-action,samholmes/block-wip-pr-action,maybe,n,n,
samholmes/rebase,samholmes/rebase,maybe,n,n,
sammacbeth/action-asana-sync,sammacbeth/action-asana-sync,maybe,n,n,
samsmithnz/samsdotnetsonarcloudaction,samsmithnz/samsdotnetsonarcloudaction,maybe,,n,
samspills/assign-pr-to-author,samspills/assign-pr-to-author,maybe,n,n,
samuelcolvin/codecov-action,samuelcolvin/codecov-action,maybe,n,n,
samuelmeuli/lint-action,samuelmeuli/lint-action,maybe,y,n,
sangonzal/repository-traffic-action,sangonzal/repository-traffic-action,maybe,n,n,
sanic-org/simple-tox-action,sanic-org/simple-tox-action,maybe,y,n,
sanketsudake/codespell-action,sanketsudake/codespell-action,maybe,y,n,
sarbagyastha/flutter-gh-pages,sarbagyastha/flutter-gh-pages,maybe,n,n,
sarisia/actions-status-discord,sarisia/actions-status-discord,maybe,n,n,
sass/clone-linked-repo,sass/clone-linked-repo,maybe,n,n,
satmandu/octocop,satmandu/octocop,maybe,,n,
saviq/workflow-dispatch,saviq/workflow-dispatch,maybe,,y,y
sbrunner/backport-action,sbrunner/backport-action,maybe,n,n,
sbtaylor15/apt-repo-action,sbtaylor15/apt-repo-action,maybe,n,n,
scaleway/action-scw,scaleway/action-scw,maybe,n,n,
scalingo/ghaction-dependabot-automerge,scalingo/ghaction-dependabot-automerge,maybe,n,n,
scality/action-artifacts,scality/action-artifacts,maybe,y,n,
scality/action-prom-render-test,scality/action-prom-render-test,maybe,n,n,
scality/workflows/.github/workflows/docker-build.yaml,scality/workflows,maybe,n,n,
scarhand/actions-ruby,scarhand/actions-ruby,maybe,n,n,
schickling-actions/checkout-and-install,schickling-actions/checkout-and-install,maybe,n,n,
scientific-python/action-check-changelogfile,scientific-python/action-check-changelogfile,maybe,n,n,
scientific-python/action-towncrier-changelog,scientific-python/action-towncrier-changelog,maybe,n,n,
scientific-python/attach-next-milestone,scientific-python/attach-next-milestone,maybe,n,n,
scientific-python/attach-next-milestone-action,scientific-python/attach-next-milestone-action,maybe,n,n,
scientific-python/upload-nightly-action,scientific-python/upload-nightly-action,maybe,n,n,
scitools/workflows/.github/workflows/ci-manifest.yml,scitools/workflows,maybe,n,n,
sclorg/tfaga-wrapper,sclorg/tfaga-wrapper,maybe,n,n,
scopsy/actions-netlify,scopsy/actions-netlify,maybe,n,n,
scratchaddons/changed-files,scratchaddons/changed-files,maybe,,y,y
scratchaddons/l10n-script,scratchaddons/l10n-script,maybe,,n,
scratchaddons/meow,scratchaddons/meow,maybe,,n,
scratchaddons/packer-script,scratchaddons/packer-script,maybe,,n,
scratchaddons/validate-json-action,scratchaddons/validate-json-action,maybe,,n,
sdepold/github-action-get-latest-release,sdepold/github-action-get-latest-release,maybe,n,n,
sdkman/sdkman-action,sdkman/sdkman-action,maybe,y,n,
sdr-enthusiasts/common-github-workflows/.github/workflows/build_and_push_image.yml,sdr-enthusiasts/common-github-workflows,maybe,n,n,
seanmonstar/github-action-benchmark,seanmonstar/github-action-benchmark,maybe,n,n,
sebastian-palma/github-action-push-to-another-repository,sebastian-palma/github-action-push-to-another-repository,maybe,n,n,
sebbo2002/action-is-semantic-pr,sebbo2002/action-is-semantic-pr,maybe,y,n,
sebbo2002/action-template-updater,sebbo2002/action-template-updater,maybe,n,n,
second-state/wasmedge-actions-libsodium-tests,second-state/wasmedge-actions-libsodium-tests,maybe,n,n,
securego/gosec,securego/gosec,maybe,n,n,
seek-oss/changesets-snapshot,seek-oss/changesets-snapshot,maybe,n,n,
sel4/ci-actions/aws-proofs,sel4/ci-actions,maybe,,n,
sel4/ci-actions/bashisms,sel4/ci-actions,maybe,,n,
sel4/ci-actions/git-diff-check,sel4/ci-actions,maybe,,n,
sel4/ci-actions/gitlint,sel4/ci-actions,maybe,,n,
sel4/ci-actions/l4v-deploy,sel4/ci-actions,maybe,,n,
sel4/ci-actions/manifest-deploy,sel4/ci-actions,maybe,,n,
sel4/ci-actions/march-of-platform,sel4/ci-actions,maybe,,n,
sel4/ci-actions/preprocess,sel4/ci-actions,maybe,,n,
sel4/ci-actions/repo-checkout,sel4/ci-actions,maybe,,n,
sel4/ci-actions/sel4-manual,sel4/ci-actions,maybe,,n,
sel4/ci-actions/sel4bench,sel4/ci-actions,maybe,,n,
sel4/ci-actions/sel4bench-hw,sel4/ci-actions,maybe,,n,
sel4/ci-actions/sel4test-hw,sel4/ci-actions,maybe,,n,
sel4/ci-actions/sel4test-hw-matrix,sel4/ci-actions,maybe,,n,
sel4/ci-actions/sel4test-hw-run,sel4/ci-actions,maybe,,n,
sel4/ci-actions/sel4test-sim,sel4/ci-actions,maybe,,n,
sel4/ci-actions/standalone-kernel,sel4/ci-actions,maybe,,n,
sel4/ci-actions/style,sel4/ci-actions,maybe,,n,
sel4/ci-actions/trigger,sel4/ci-actions,maybe,,n,
self-actuated/hub-mirror,self-actuated/hub-mirror,maybe,n,y,y
selul/action-wordpress-plugin-asset-update,selul/action-wordpress-plugin-asset-update,maybe,n,n,
sendgrid/dx-automator/actions/datadog-release-metric,sendgrid/dx-automator,maybe,n,n,
sendgrid/dx-automator/actions/release,sendgrid/dx-automator,maybe,n,n,
sennalabs/action-standardrb,sennalabs/action-standardrb,maybe,,n,
senorprogrammer/golang-github-actions,senorprogrammer/golang-github-actions,maybe,n,n,
senzing/github-action-add-issue-to-project,senzing/github-action-add-issue-to-project,maybe,,n,
seqan/actions/lint,seqan/actions,maybe,n,n,
seqan/actions/setup-cmake,seqan/actions,maybe,n,n,
seqan/actions/setup-compiler,seqan/actions,maybe,n,n,
seqan/actions/setup-doxygen,seqan/actions,maybe,n,n,
seqan/actions/setup-package-manager,seqan/actions,maybe,n,n,
seqan/actions/setup-toolchain,seqan/actions,maybe,n,n,
sequelize/proxy-release-to-open-collective,sequelize/proxy-release-to-open-collective,maybe,n,n,
sequelize/proxy-release-to-open-collective#main,sequelize/proxy-release-to-open-collective#main,maybe,n,n,
serenity-js/serenity-js/.github/workflows/main-node-step.yaml,serenity-js/serenity-js,maybe,n,n,
sergiusens/action-publish,sergiusens/action-publish,maybe,n,y,y
sersoft-gmbh/swiftyactions,sersoft-gmbh/swiftyactions,maybe,,n,
servicestack/servicestack/.github/workflows/reuse-build-ormlite.yml,servicestack/servicestack,maybe,,n,
servicestack/servicestack/.github/workflows/reuse-build-text.yml,servicestack/servicestack,maybe,,n,
sethcohen/github-release-to-discord,sethcohen/github-release-to-discord,maybe,,n,
sethidden/publish-docs-action,sethidden/publish-docs-action,maybe,n,n,
setup/setup-ruby,setup/setup-ruby,maybe,n,n,
seven1m/prettier_action,seven1m/prettier_action,maybe,n,n,
sfackler/actions/rustfmt,sfackler/actions,maybe,n,n,
sfackler/actions/rustup,sfackler/actions,maybe,n,n,
sfdo-tooling/.github/.github/workflows/update_python_dependencies.yml,sfdo-tooling/.github,maybe,,n,
sflscientific/spellcheck-github-actions,sflscientific/spellcheck-github-actions,maybe,,n,
shallwefootball/s3-upload-action,shallwefootball/s3-upload-action,maybe,n,y,y
sharezoneapp/remove-safe-to-test-label,sharezoneapp/remove-safe-to-test-label,maybe,,n,
sharezoneapp/verify-safe-to-test-label,sharezoneapp/verify-safe-to-test-label,maybe,,n,
shawnbot/action-status,shawnbot/action-status,maybe,n,n,
shenxianpeng/cpp-linter-action,shenxianpeng/cpp-linter-action,maybe,y,n,
shilman/linear-action,shilman/linear-action,maybe,n,n,
shitiomatic/str-replace,shitiomatic/str-replace,maybe,n,n,
shlinkio/github-actions/.github/workflows/docker-build-and-publish.yml,shlinkio/github-actions,maybe,n,n,
shlinkio/github-actions/.github/workflows/web-app-ci.yml,shlinkio/github-actions,maybe,n,n,
shopify/github-deployment-action,shopify/github-deployment-action,maybe,n,y,y
shopify/oxygenctl-action,shopify/oxygenctl-action,maybe,y,n,
shopify/ruby-lsp/.github/workflows/dependabot_update_rbis.yml,shopify/ruby-lsp,maybe,,n,
shopify/shopify-cla-action,shopify/shopify-cla-action,maybe,,n,
sidvishnoi/git-delta,sidvishnoi/git-delta,maybe,n,n,
sighingnow/action-tmate,sighingnow/action-tmate,maybe,n,n,
signalwire/actions-template/.github/workflows/cd-libs-metadata.yml,signalwire/actions-template,maybe,n,n,
signalwire/actions-template/.github/workflows/cd-scp.yml,signalwire/actions-template,maybe,n,n,
signalwire/actions-template/.github/workflows/ci-deb-packages-v2.yml,signalwire/actions-template,maybe,n,n,
signalwire/actions-template/.github/workflows/ci-libs-metadata-v2.yml,signalwire/actions-template,maybe,n,n,
signalwire/actions-template/.github/workflows/ci-rpm-packages.yml,signalwire/actions-template,maybe,n,n,
sigstore/community/.github/workflows/reusable-dependency-review.yml,sigstore/community,maybe,n,n,
sigstore/community/.github/workflows/reusable-scorecard.yml,sigstore/community,maybe,n,n,
sigstore/scaffolding/actions/setup,sigstore/scaffolding,maybe,n,n,
sigstore/sigstore/.github/workflows/reusable-release.yml,sigstore/sigstore,maybe,n,n,
siimon/milestone-check-action,siimon/milestone-check-action,maybe,n,n,
sijie/pulsar-github-actions/diff-only,sijie/pulsar-github-actions,maybe,n,n,
siku2/action-hosting-deploy,siku2/action-hosting-deploy,maybe,n,n,
siliconcompiler/siliconcompiler/.github/workflows/docker_image.yml,siliconcompiler/siliconcompiler,maybe,n,n,
silinternational/ecs-deploy,silinternational/ecs-deploy,maybe,n,y,y
silverhand-io/actions-add-labels-run-steps,silverhand-io/actions-add-labels-run-steps,maybe,n,n,
silverhand-io/actions-node-pnpm-run-steps,silverhand-io/actions-node-pnpm-run-steps,maybe,y,n,
silverstripe/gha-ci/.github/workflows/ci.yml,silverstripe/gha-ci,maybe,n,n,
silverstripe/gha-keepalive,silverstripe/gha-keepalive,maybe,n,n,
silverstripe/gha-merge-up,silverstripe/gha-merge-up,maybe,n,n,
silverstripe/gha-update-js,silverstripe/gha-update-js,maybe,n,n,
silviogutierrez/github-action,silviogutierrez/github-action,maybe,n,n,
simon300000/pull-request,simon300000/pull-request,maybe,n,n,
simple-icons/release-action,simple-icons/release-action,maybe,n,n,
simpleactions/create-tag,simpleactions/create-tag,maybe,n,n,
simply007/get-version-action,simply007/get-version-action,maybe,,n,
simpsont-oci/action-junit-report,simpsont-oci/action-junit-report,maybe,n,n,
singingwolfboy/build-dpkg-buster,singingwolfboy/build-dpkg-buster,maybe,n,n,
singingwolfboy/build-dpkg-stretch,singingwolfboy/build-dpkg-stretch,maybe,n,n,
singularityhub/install-singularity,singularityhub/install-singularity,maybe,n,n,
sixtyfpsui/sixtyfps/.github/workflows/build_docs.yaml,sixtyfpsui/sixtyfps,maybe,n,n,
sixtyfpsui/sixtyfps/.github/workflows/cpp_package.yaml,sixtyfpsui/sixtyfps,maybe,n,n,
sixtyfpsui/sixtyfps/.github/workflows/sixtyfps_tool_binary.yaml,sixtyfpsui/sixtyfps,maybe,n,n,
sixtyfpsui/sixtyfps/.github/workflows/sixtyfps_viewer_binary.yaml,sixtyfpsui/sixtyfps,maybe,n,n,
sixtyfpsui/sixtyfps/.github/workflows/slint_tool_binary.yaml,sixtyfpsui/sixtyfps,maybe,n,n,
sixtyfpsui/sixtyfps/.github/workflows/vscode_extension.yaml,sixtyfpsui/sixtyfps,maybe,n,n,
sixtyfpsui/sixtyfps/.github/workflows/wasm_demos.yaml,sixtyfpsui/sixtyfps,maybe,n,n,
sixtyfpsui/sixtyfps/.github/workflows/wasm_editor_and_interpreter.yaml,sixtyfpsui/sixtyfps,maybe,n,n,
sjohnr/slack-workflow-status,sjohnr/slack-workflow-status,maybe,n,n,
sjshaw/pylint-compare,sjshaw/pylint-compare,maybe,,n,
skitionek/notify-microsoft-teams,skitionek/notify-microsoft-teams,maybe,n,n,
skjnldsv/xpath-action,skjnldsv/xpath-action,maybe,n,n,
skliper/cfs/.github/workflows/build-deploy-doc.yml,skliper/cfs,maybe,,n,
skshetry/flaky-service/packages/action,skshetry/flaky-service,maybe,n,n,
skycoder42/action-deploy-qt,skycoder42/action-deploy-qt,maybe,,n,
skycoder42/action-setup-qt,skycoder42/action-setup-qt,maybe,,n,
skycoder42/action-upload-release,skycoder42/action-upload-release,maybe,,n,
slackapi/slack-github-action,slackapi/slack-github-action,maybe,n,n,
slang-i18n/slang/.github/workflows/publish_template.yml,slang-i18n/slang,maybe,n,n,
slicer/actions-codespell,slicer/actions-codespell,maybe,,n,
slimefun/discord-webhook,slimefun/discord-webhook,maybe,,n,
slint-ui/slint/.github/workflows/build_docs.yaml,slint-ui/slint,maybe,n,n,
slint-ui/slint/.github/workflows/cpp_package.yaml,slint-ui/slint,maybe,n,n,
slint-ui/slint/.github/workflows/slint_tool_binary.yaml,slint-ui/slint,maybe,n,n,
slint-ui/slint/.github/workflows/wasm_demos.yaml,slint-ui/slint,maybe,n,n,
slint-ui/slint/.github/workflows/wasm_editor_and_interpreter.yaml,slint-ui/slint,maybe,n,n,
sljeff/secrets2env,sljeff/secrets2env,maybe,n,n,
slsa-framework/slsa-github-generator-go/.github/workflows/builder.yml,slsa-framework/slsa-github-generator-go,maybe,n,n,
slsa-framework/slsa-github-generator/.github/actions/checkout-node,slsa-framework/slsa-github-generator,maybe,n,n,
slsa-framework/slsa-github-generator/.github/actions/detect-workflow,slsa-framework/slsa-github-generator,maybe,n,n,
slsa-framework/slsa-github-generator/.github/actions/detect-workflow-js,slsa-framework/slsa-github-generator,maybe,n,n,
slsa-framework/slsa-github-generator/.github/actions/download-artifact,slsa-framework/slsa-github-generator,maybe,n,y,y
slsa-framework/slsa-github-generator/.github/actions/generate-attestations,slsa-framework/slsa-github-generator,maybe,n,n,
slsa-framework/slsa-github-generator/.github/actions/generate-builder,slsa-framework/slsa-github-generator,maybe,n,n,
slsa-framework/slsa-github-generator/.github/actions/privacy-check,slsa-framework/slsa-github-generator,maybe,n,n,
slsa-framework/slsa-github-generator/.github/actions/rng,slsa-framework/slsa-github-generator,maybe,n,n,
slsa-framework/slsa-github-generator/.github/actions/secure-builder-checkout,slsa-framework/slsa-github-generator,maybe,n,n,
slsa-framework/slsa-github-generator/.github/actions/secure-download-artifact,slsa-framework/slsa-github-generator,maybe,n,n,
slsa-framework/slsa-github-generator/.github/actions/secure-project-checkout,slsa-framework/slsa-github-generator,maybe,n,n,
slsa-framework/slsa-github-generator/.github/actions/secure-upload-artifact,slsa-framework/slsa-github-generator,maybe,n,n,
slsa-framework/slsa-github-generator/.github/actions/secure-upload-folder,slsa-framework/slsa-github-generator,maybe,n,n,
slsa-framework/slsa-github-generator/.github/actions/sign-attestations,slsa-framework/slsa-github-generator,maybe,n,n,
slsa-framework/slsa-github-generator/.github/actions/verify-token,slsa-framework/slsa-github-generator,maybe,n,n,
slsa-framework/slsa-github-generator/.github/workflows/builder_container-based_slsa3.yml,slsa-framework/slsa-github-generator,maybe,n,n,
slsa-framework/slsa-github-generator/.github/workflows/builder_docker-based_slsa3.yml,slsa-framework/slsa-github-generator,maybe,n,n,
slsa-framework/slsa-github-generator/.github/workflows/builder_go_slsa3.yml,slsa-framework/slsa-github-generator,maybe,n,n,
slsa-framework/slsa-github-generator/.github/workflows/delegator_generic_slsa3.yml,slsa-framework/slsa-github-generator,maybe,n,n,
slsa-framework/slsa-github-generator/.github/workflows/delegator_lowperms-generic_slsa3.yml,slsa-framework/slsa-github-generator,maybe,n,n,
slsa-framework/slsa-github-generator/.github/workflows/generator_container_slsa3.yml,slsa-framework/slsa-github-generator,maybe,n,n,
slsa-framework/slsa-github-generator/.github/workflows/generator_generic_slsa3.yml,slsa-framework/slsa-github-generator,maybe,n,n,
slsa-framework/slsa-github-generator/actions/delegator/setup-generic,slsa-framework/slsa-github-generator,maybe,n,n,
slsa-framework/slsa-github-generator/actions/delegator/setup-token,slsa-framework/slsa-github-generator,maybe,n,n,
slsa-framework/slsa-github-generator/actions/nodejs/secure-attestations-download,slsa-framework/slsa-github-generator,maybe,n,n,
slsa-framework/slsa-verifier/actions/installer,slsa-framework/slsa-verifier,maybe,n,n,
smacke/submodule-checkout,smacke/submodule-checkout,maybe,n,n,
small-5/delete-workflow-runs,small-5/delete-workflow-runs,maybe,n,n,
smallstep/certificates/.github/workflows/ci.yml,smallstep/certificates,maybe,n,n,
smallstep/workflows/.github/workflows/code-scan.yml,smallstep/workflows,maybe,n,n,
smallstep/workflows/.github/workflows/docker-buildx-push.yml,smallstep/workflows,maybe,n,n,
smallstep/workflows/.github/workflows/goci.yml,smallstep/workflows,maybe,,n,
smallstep/workflows/.github/workflows/goreleaser.yml,smallstep/workflows,maybe,n,n,
smallstep/workflows/.github/workflows/triage.yml,smallstep/workflows,maybe,n,n,
smapiot/send-tweet-v2-action,smapiot/send-tweet-v2-action,maybe,n,n,
smartbear/swaggerhub-cli,smartbear/swaggerhub-cli,maybe,n,n,
smartbear/swaggerhub-cli:latest,smartbear/swaggerhub-cli:latest,maybe,n,n,
smartcontractkit/chainlink-github-actions/chainlink-testing-framework/build-image,smartcontractkit/chainlink-github-actions,maybe,n,n,
smartcontractkit/chainlink-github-actions/chainlink-testing-framework/cleanup,smartcontractkit/chainlink-github-actions,maybe,n,n,
smartcontractkit/chainlink-github-actions/chainlink-testing-framework/run-tests,smartcontractkit/chainlink-github-actions,maybe,n,n,
smartcontractkit/chainlink-github-actions/chainlink-testing-framework/setup-go,smartcontractkit/chainlink-github-actions,maybe,n,n,
smartcontractkit/chainlink-github-actions/chainlink-testing-framework/setup-run-tests-environment,smartcontractkit/chainlink-github-actions,maybe,n,n,
smartcontractkit/chainlink-github-actions/docker/build-push,smartcontractkit/chainlink-github-actions,maybe,n,y,y
smartcontractkit/chainlink-github-actions/docker/image-exists,smartcontractkit/chainlink-github-actions,maybe,n,n,
smartcontractkit/chainlink-github-actions/github-app-token-issuer,smartcontractkit/chainlink-github-actions,maybe,n,n,
smartcontractkit/chainlink-github-actions/go/go-test-results-parsing,smartcontractkit/chainlink-github-actions,maybe,n,n,
smartcontractkit/chainlink-solana/.github/actions/build_contract_artifacts,smartcontractkit/chainlink-solana,maybe,n,n,
smartcontractkit/chainlink-solana/.github/actions/projectserum_version,smartcontractkit/chainlink-solana,maybe,n,n,
smartcontractkit/chainlink-solana/.github/workflows/e2e.yml,smartcontractkit/chainlink-solana,maybe,n,n,
smartcontractkit/chainlink-terra/.github/workflows/e2e.yml,smartcontractkit/chainlink-terra,maybe,n,n,
smartcontractkit/ctf-ci-e2e-action,smartcontractkit/ctf-ci-e2e-action,maybe,n,n,
smartcontractkit/golangci-lint-action,smartcontractkit/golangci-lint-action,maybe,n,n,
smartcontractkit/push-gha-metrics-action,smartcontractkit/push-gha-metrics-action,maybe,n,n,
smartthingscommunity/github-actions/.github/workflows/create-jira-issue.yaml,smartthingscommunity/github-actions,maybe,,n,
smillerdev/nextcloud-actions/setup-nextcloud,smillerdev/nextcloud-actions,maybe,,n,
smillerdev/nextcloud-actions/setup-nextcloud-app,smillerdev/nextcloud-actions,maybe,,n,
smrpn/criterion-compare-action,smrpn/criterion-compare-action,maybe,y,n,
sn-o-w/cache-apt-pkgs-action,sn-o-w/cache-apt-pkgs-action,maybe,y,n,
snakepacker/python,snakepacker/python,maybe,n,n,
snakepacker/python/all,snakepacker/python,maybe,n,n,
snakepacker/python:all,snakepacker/python:all,maybe,n,n,
snapcart/json-schema-validator,snapcart/json-schema-validator,maybe,n,n,
snapcore/action-build,snapcore/action-build,maybe,y,n,
snapcore/action-publish,snapcore/action-publish,maybe,y,y,y
sneaksanddata/github-actions/semver_release,sneaksanddata/github-actions,maybe,,n,
snnaplab/delete-branch-cache-action,snnaplab/delete-branch-cache-action,maybe,n,n,
snnaplab/get-labels-action,snnaplab/get-labels-action,maybe,n,n,
snok/.github/workflows/linting,snok/.github,maybe,n,n,
snok/.github/workflows/publish,snok/.github,maybe,n,n,
snok/install-psoetry,snok/install-psoetry,maybe,n,n,
snow-actions/sparse-checkout,snow-actions/sparse-checkout,maybe,n,y,y
snowflakedb/reusable-workflows/.github/workflows/semgrep-v2.yml,snowflakedb/reusable-workflows,maybe,n,n,
socialgouv/actions/autodevops-build-register,socialgouv/actions,maybe,,n,
socialgouv/kontinuous/.github/actions/env,socialgouv/kontinuous,maybe,n,n,
socialgouv/workflows/.github/workflows/use-ks-gh-review-auto.yaml,socialgouv/workflows,maybe,n,n,
socialgouv/workflows/.github/workflows/use-ks-gh-review.yaml,socialgouv/workflows,maybe,n,n,
socialgouv/workflows/actions/build-image,socialgouv/workflows,maybe,n,n,
socketsupply/socket-api-tests-workflow/.github/workflows/tests.yml,socketsupply/socket-api-tests-workflow,maybe,n,n,
socketsupply/socket-io-tests-workflow/.github/workflows/tests.yml,socketsupply/socket-io-tests-workflow,maybe,n,n,
sodaliterocks/sodalite/.github/workflows/ci.yml,sodaliterocks/sodalite,maybe,n,n,
softprops/action/gh/release,softprops/action,maybe,n,n,
softprops/create-release,softprops/create-release,maybe,n,n,
solana-mobile/gha-commit-artifact-to-branch,solana-mobile/gha-commit-artifact-to-branch,maybe,n,n,
solo-io/setup-protoc,solo-io/setup-protoc,maybe,n,n,
sonarsource/gh-action-lt-backlog/assigncardtosender,sonarsource/gh-action-lt-backlog,maybe,,n,
sonarsource/gh-action-lt-backlog/copylabeltopr,sonarsource/gh-action-lt-backlog,maybe,,n,
sonarsource/gh-action-lt-backlog/createcardforissue,sonarsource/gh-action-lt-backlog,maybe,,n,
sonarsource/gh-action-lt-backlog/createcardforstandalonepr,sonarsource/gh-action-lt-backlog,maybe,,n,
sonarsource/gh-action-lt-backlog/createrspecissue,sonarsource/gh-action-lt-backlog,maybe,,n,
sonarsource/gh-action-lt-backlog/movecardafterreview,sonarsource/gh-action-lt-backlog,maybe,,n,
sonarsource/gh-action-lt-backlog/movecardtoreview,sonarsource/gh-action-lt-backlog,maybe,,n,
sonarsource/gh-action-lt-backlog/togglelockbranch,sonarsource/gh-action-lt-backlog,maybe,,n,
sonarsource/gh-action_dogfood_merge,sonarsource/gh-action_dogfood_merge,maybe,,n,
sonarsource/gh-action_lt_release,sonarsource/gh-action_lt_release,maybe,,n,
sonarsource/gh-action_release/.github/workflows/main.yaml,sonarsource/gh-action_release,maybe,,n,
sonarsource/gh-action_release/download-build,sonarsource/gh-action_release,maybe,,n,
sonarsource/gh-action_release/main,sonarsource/gh-action_release,maybe,,n,
sonarsource/gh-action_release/maven-central-sync,sonarsource/gh-action_release,maybe,,n,
sonarsource/gh-action_sl_updatep2,sonarsource/gh-action_sl_updatep2,maybe,,n,
sonarsource/jfrog-setup-wrapper,sonarsource/jfrog-setup-wrapper,maybe,,n,
sonarsource/vault-action-wrapper,sonarsource/vault-action-wrapper,maybe,,n,
sondreb/action-release,sondreb/action-release,maybe,n,n,
sondreb/action-release-download,sondreb/action-release-download,maybe,n,n,
sondrelg/container-retention-policy,sondrelg/container-retention-policy,maybe,n,y,y
sophshep/one-on-one/.github/actions/one-on-one,sophshep/one-on-one,maybe,n,n,
sormuras/download-jdk,sormuras/download-jdk,maybe,y,n,
soumyamahunt/github-tag-action,soumyamahunt/github-tag-action,maybe,n,y,y
sourcegraph/lsif-go-action,sourcegraph/lsif-go-action,maybe,n,n,
sourcegraph/lsif-upload-action,sourcegraph/lsif-upload-action,maybe,y,n,
sous-chefs/.github/.github/workflows/lint-unit.yml,sous-chefs/.github,maybe,n,n,
south-paw/action-netlify-deploy,south-paw/action-netlify-deploy,maybe,,n,
sozonome/workflows/.github/workflows/release.yml,sozonome/workflows,maybe,n,n,
space-wizards/rsidiffbot,space-wizards/rsidiffbot,maybe,,n,
spacetelescope/action-publish_to_pypi/.github/workflows/workflow.yml,spacetelescope/action-publish_to_pypi,maybe,n,n,
spalominos/postgis-installer-action,spalominos/postgis-installer-action,maybe,,n,
specialko/ga-setup-cpp,specialko/ga-setup-cpp,maybe,,n,
specklesystems/github-actions/.github/workflows/project-add-issue.yml,specklesystems/github-actions,maybe,n,n,
speedb-io/speedb/.github/workflows/qa-tests.yml,speedb-io/speedb,maybe,n,n,
speedy-js/rspack-benchmark-action,speedy-js/rspack-benchmark-action,maybe,n,n,
speedy-js/rust-cache-self-hosted,speedy-js/rust-cache-self-hosted,maybe,n,n,
sphinx-toolbox/sphinx-action,sphinx-toolbox/sphinx-action,maybe,n,n,
spinnaker/bumpdeps,spinnaker/bumpdeps,maybe,n,n,
spinnaker/ghaction-copy-to-repository,spinnaker/ghaction-copy-to-repository,maybe,n,n,
splunk/addonfactory-test-matrix-action,splunk/addonfactory-test-matrix-action,maybe,y,n,
splunk/oss-scanning-public/.github/workflows/oss-scan.yml,splunk/oss-scanning-public,maybe,n,n,
spongepowered/.github/.github/workflows/shared-check-spotless.yaml,spongepowered/.github,maybe,,n,
spongepowered/.github/.github/workflows/shared-check-style.yaml,spongepowered/.github,maybe,,n,
spongepowered/.github/.github/workflows/shared-ci.yaml,spongepowered/.github,maybe,,n,
spoonlabs/sorald-buildbreaker,spoonlabs/sorald-buildbreaker,maybe,,n,
spoutn1k/clang-format-action,spoutn1k/clang-format-action,maybe,y,n,
spoutn1k/mcmap-benchmark,spoutn1k/mcmap-benchmark,maybe,n,n,
spowelljr/hide-minikube-bot-comments,spowelljr/hide-minikube-bot-comments,maybe,n,n,
spring-io/spring-gradle-build-action,spring-io/spring-gradle-build-action,maybe,n,n,
spring-projects/notify-slack-errors-action,spring-projects/notify-slack-errors-action,maybe,n,n,
spring-projects/spring-shell/.github/workflows/ci-publish,spring-projects/spring-shell,maybe,n,n,
spring-projects/spring-shell/.github/workflows/ci-publish.yml,spring-projects/spring-shell,maybe,n,n,
spring-projects/track-build-errors-action,spring-projects/track-build-errors-action,maybe,n,n,
spyder-ide/action-close-duplicate-issues,spyder-ide/action-close-duplicate-issues,maybe,n,n,
spyoungtech/mirror-action,spyoungtech/mirror-action,maybe,y,n,
sqlalchemyorg/upload-release-assets,sqlalchemyorg/upload-release-assets,maybe,n,y,y
src/github.com/nats-io/nats-server/.github/actions/nightly-release,src/github.com,maybe,n,n,
sschmid/entitas/.github/workflows/build.yml,sschmid/entitas,maybe,,n,
sslcom/actions-codesigner,sslcom/actions-codesigner,maybe,y,n,
ssrobins/import-codesign-certs,ssrobins/import-codesign-certs,maybe,n,n,
sssd/action-copr/cancel-builds,sssd/action-copr,maybe,,n,
sssd/action-copr/create-project,sssd/action-copr,maybe,,n,
sssd/action-copr/delete-project,sssd/action-copr,maybe,,n,
sssd/action-copr/filter-chroots,sssd/action-copr,maybe,,n,
sssd/action-copr/init,sssd/action-copr,maybe,,n,
sssd/action-copr/submit-build,sssd/action-copr,maybe,,n,
sssd/sssd-ci-containers/actions/exec,sssd/sssd-ci-containers,maybe,,n,
sssd/sssd-ci-containers/actions/setup,sssd/sssd-ci-containers,maybe,,n,
stack-spot/runtime-github-action-deploy,stack-spot/runtime-github-action-deploy,maybe,n,n,
stack-spot/runtime-github-action-destroy,stack-spot/runtime-github-action-destroy,maybe,n,n,
stack-spot/runtime-github-action-iac,stack-spot/runtime-github-action-iac,maybe,n,n,
stackql/setup-mingw,stackql/setup-mingw,maybe,n,n,
stackrox/actions/.github/workflows/create-demo-clusters.yml,stackrox/actions,maybe,n,n,
stackrox/actions/infra/create-cluster,stackrox/actions,maybe,n,n,
stackrox/actions/infra/install-infractl,stackrox/actions,maybe,n,n,
stackrox/actions/release/wait-for-image,stackrox/actions,maybe,n,n,
stacks-network/stacks-blockchain/.github/workflows/build-source-binary.yml,stacks-network/stacks-blockchain,maybe,n,n,
stacks-network/stacks-blockchain/.github/workflows/docker-platforms.yml,stacks-network/stacks-blockchain,maybe,n,n,
stacks-network/stacks-blockchain/.github/workflows/github-release.yml,stacks-network/stacks-blockchain,maybe,n,n,
stacks-network/stacks-blockchain/.github/workflows/image-build-alpine-binary.yml,stacks-network/stacks-blockchain,maybe,n,n,
stacks-network/stacks-blockchain/.github/workflows/image-build-debian-binary.yml,stacks-network/stacks-blockchain,maybe,n,n,
stacks-network/stacks-blockchain/.github/workflows/image-build-debian-source.yml,stacks-network/stacks-blockchain,maybe,n,n,
stacks-network/stacks-blockchain/.github/workflows/stacks-blockchain-tests.yml,stacks-network/stacks-blockchain,maybe,n,n,
stakater/.github/.github/workflows/pull_request_doc_qa.yaml,stakater/.github,maybe,n,n,
stalkerg/setup-msys2,stalkerg/setup-msys2,maybe,n,y,y
standard/.github/.github/workflows/add-to-project.yaml,standard/.github,maybe,n,n,
standard/.github/workflows/add-to-project,standard/.github,maybe,n,n,
standardnotes/server/.github/workflows/common-e2e.yml,standardnotes/server,maybe,n,n,
standardnotes/server/.github/workflows/common-self-hosting.yml,standardnotes/server,maybe,n,n,
standardnotes/server/.github/workflows/common-server-application.yml,standardnotes/server,maybe,n,n,
standardnotes/server/.github/workflows/common-server-utility.yml,standardnotes/server,maybe,n,n,
standardnotes/server/.github/workflows/common.server-application.yml,standardnotes/server,maybe,n,n,
standardnotes/server/.github/workflows/common/server-application.yml,standardnotes/server,maybe,n,n,
standardnotes/server/.github/workflows/e2e-home-server.yml,standardnotes/server,maybe,n,n,
standardnotes/server/.github/workflows/e2e-self-hosted.yml,standardnotes/server,maybe,n,n,
standardnotes/server/.github/workflows/server-application.yml,standardnotes/server,maybe,n,n,
starbelly/setup-beam,starbelly/setup-beam,maybe,n,y,y
starburstdata/action-testng-report,starburstdata/action-testng-report,maybe,n,n,
starlight220/inspector,starlight220/inspector,maybe,,n,
starship/crowdin-pretranslate-action,starship/crowdin-pretranslate-action,maybe,n,n,
statamic/changelog-action,statamic/changelog-action,maybe,n,y,y
steegecs/subgraph-build-checker,steegecs/subgraph-build-checker,maybe,,n,
stefanbuck/github-issue-praser,stefanbuck/github-issue-praser,maybe,n,n,
stefanprodan/kustomizer/action,stefanprodan/kustomizer,maybe,n,n,
stefanprodan/timoni/actions/setup,stefanprodan/timoni,maybe,n,n,
steffenseckler/doxygen-action,steffenseckler/doxygen-action,maybe,,y,y
stefreak/bump-homebrew-formula-action,stefreak/bump-homebrew-formula-action,maybe,n,n,
stellar/actions/rust-check-git-rev-deps,stellar/actions,maybe,n,n,
step-security/ai-codewise,step-security/ai-codewise,maybe,n,n,
step-security/get-mfa-secrets,step-security/get-mfa-secrets,maybe,n,n,
step-security/publish-action,step-security/publish-action,maybe,n,n,
step-security/secure-repo/automate-pr,step-security/secure-repo,maybe,,n,
step-security/secure-workflows/automate-pr,step-security/secure-workflows,maybe,,n,
step-security/secure-workflows/kbanalysis,step-security/secure-workflows,maybe,n,n,
stepchowfun/toast/.github/actions/toast,stepchowfun/toast,maybe,n,n,
stephank/actions-rs-audit-check,stephank/actions-rs-audit-check,maybe,n,n,
stephenroller/add-annotations-github-action,stephenroller/add-annotations-github-action,maybe,n,n,
steve9164/action-detect-and-tag-new-version,steve9164/action-detect-and-tag-new-version,maybe,y,n,
steveej-forks/action-upterm,steveej-forks/action-upterm,maybe,,n,
steveej-forks/actions-cache/restore,steveej-forks/actions-cache,maybe,,n,
steveej-forks/actions-cache/save,steveej-forks/actions-cache,maybe,,n,
stm32duino/actions/astyle-check,stm32duino/actions,maybe,n,n,
stm32duino/actions/compile-examples,stm32duino/actions,maybe,y,n,
stonecypher/jssm-viz/.github/workflows/lib_update.js.yml,stonecypher/jssm-viz,maybe,,n,
stonecypher/jssm-viz/.github/workflows/lib_update.yml,stonecypher/jssm-viz,maybe,,n,
strangerstudios/action-wp-pot-po-mo-generator,strangerstudios/action-wp-pot-po-mo-generator,maybe,n,n,
stravalib/strava_swagger2pydantic,stravalib/strava_swagger2pydantic,maybe,n,n,
straw-hat-team/github-actions-workflows/.github/workflows/elixir-hex-publish.yml,straw-hat-team/github-actions-workflows,maybe,n,n,
straw-hat-team/github-actions-workflows/.github/workflows/elixir-quality-assurance.yml,straw-hat-team/github-actions-workflows,maybe,n,n,
strawberry-graphql/get-pr-info-action,strawberry-graphql/get-pr-info-action,maybe,n,y,y
strawberry-graphql/invite-to-org-action,strawberry-graphql/invite-to-org-action,maybe,n,n,
strawberry-graphql/release-cards,strawberry-graphql/release-cards,maybe,n,n,
strawberry-graphql/tweet-actions/read-tweet,strawberry-graphql/tweet-actions,maybe,n,n,
strawberry-graphql/tweet-actions/validate-tweet,strawberry-graphql/tweet-actions,maybe,n,n,
streamr-dev/streamr-docker-dev-action,streamr-dev/streamr-docker-dev-action,maybe,n,n,
streetsidesoftware/actions/.github/actions/pr,streetsidesoftware/actions,maybe,n,n,
streetsidesoftware/actions/public/update-dependabot-github-actions,streetsidesoftware/actions,maybe,n,n,
streetwriters/appstore-connect-app-version,streetwriters/appstore-connect-app-version,maybe,n,n,
stripe/openapi/actions/enable-auto-merge,stripe/openapi,maybe,n,n,
stripe/openapi/actions/notify-release,stripe/openapi,maybe,n,n,
stripe/openapi/actions/stripe-mock,stripe/openapi,maybe,n,n,
strongo/go-ci-action,strongo/go-ci-action,maybe,n,n,
strongo/go-ci-action/.github/workflows/workflow.yml,strongo/go-ci-action,maybe,n,n,
stumpylog/image-cleaner-action/ephemeral,stumpylog/image-cleaner-action,maybe,n,n,
stumpylog/image-cleaner-action/untagged,stumpylog/image-cleaner-action,maybe,n,n,
stupidloud/ssh2actions,stupidloud/ssh2actions,maybe,n,n,
stylelint/.github/.github/workflows/lint.yml,stylelint/.github,maybe,n,n,
stylelint/.github/.github/workflows/test.yml,stylelint/.github,maybe,n,n,
stylelint/changelog-to-github-release-action,stylelint/changelog-to-github-release-action,maybe,n,n,
sualeh/install-graphviz,sualeh/install-graphviz,maybe,y,y,y
sub-mod/github-action,sub-mod/github-action,maybe,n,n,
sublimetext/unittesting/actions/run-syntax-tests,sublimetext/unittesting,maybe,,n,
sublimetext/unittesting/actions/run-tests,sublimetext/unittesting,maybe,,n,
sublimetext/unittesting/actions/setup,sublimetext/unittesting,maybe,,n,
submariner-io/shipyard/gh-actions/cache-images,submariner-io/shipyard,maybe,n,n,
submariner-io/shipyard/gh-actions/e2e,submariner-io/shipyard,maybe,n,n,
submariner-io/shipyard/gh-actions/post-mortem,submariner-io/shipyard,maybe,n,n,
submariner-io/shipyard/gh-actions/release-images,submariner-io/shipyard,maybe,n,n,
submariner-io/shipyard/gh-actions/upgrade-e2e,submariner-io/shipyard,maybe,n,n,
submitty/peter-evans-create-pull-request,submitty/peter-evans-create-pull-request,maybe,,n,
subnauticamodding/action-version-checker,subnauticamodding/action-version-checker,maybe,,n,
sue445/setup-rbenv,sue445/setup-rbenv,maybe,y,y,y
suisei-cn/actions-download-file,suisei-cn/actions-download-file,maybe,n,n,
sunshinestream/actions/create_release,sunshinestream/actions,maybe,,n,
sunshinestream/actions/verify_changelog,sunshinestream/actions,maybe,,n,
sunxyw/workflows/coding-style,sunxyw/workflows,maybe,n,n,
sunxyw/workflows/setup-environment,sunxyw/workflows,maybe,n,y,y
sunxyw/workflows/static-analysis,sunxyw/workflows,maybe,n,n,
sunxyw/workflows/test,sunxyw/workflows,maybe,n,n,
superchargejs/mongodb-github-action,superchargejs/mongodb-github-action,maybe,y,n,
superchargejs/redis-github-action,superchargejs/redis-github-action,maybe,y,n,
superfluid-finance/protocol-monorepo/.github/workflows/call.setup-deploy-and-test-local-subgraph.yml,superfluid-finance/protocol-monorepo,maybe,n,n,
superfluid-finance/protocol-monorepo/.github/workflows/call.test-local-subgraph.yml,superfluid-finance/protocol-monorepo,maybe,n,n,
superfluid-finance/protocol-monorepo/.github/workflows/call.test-sdk-core.yml,superfluid-finance/protocol-monorepo,maybe,n,n,
superfluid-finance/protocol-monorepo/.github/workflows/call.test-subgraph-on-previous-sdk-core-versions.yml,superfluid-finance/protocol-monorepo,maybe,n,n,
superfly/aur-releaser,superfly/aur-releaser,maybe,n,n,
superfola/is-build-action,superfola/is-build-action,maybe,,n,
supertokens/size-limit-action,supertokens/size-limit-action,maybe,n,n,
sustainable-computing-io/kepler-action,sustainable-computing-io/kepler-action,maybe,y,n,
suvraneel/issue_watcher,suvraneel/issue_watcher,maybe,,n,
suzuki-shunsuke/actionlint-workflow/.github/workflows/actionlint.yaml,suzuki-shunsuke/actionlint-workflow,maybe,n,n,
suzuki-shunsuke/actionlint-workflow/.github/workflows/actionlint_fork.yaml,suzuki-shunsuke/actionlint-workflow,maybe,n,n,
suzuki-shunsuke/github-action-actionlint,suzuki-shunsuke/github-action-actionlint,maybe,y,n,
suzuki-shunsuke/github-action-golangci-lint,suzuki-shunsuke/github-action-golangci-lint,maybe,y,n,
suzuki-shunsuke/go-mod-tidy-workflow/.github/workflows/go-mod-tidy.yaml,suzuki-shunsuke/go-mod-tidy-workflow,maybe,n,n,
suzuki-shunsuke/go-release-workflow/.github/workflows/release.yaml,suzuki-shunsuke/go-release-workflow,maybe,n,n,
suzuki-shunsuke/go-test-full-workflow/.github/workflows/test.yaml,suzuki-shunsuke/go-test-full-workflow,maybe,n,n,
suzuki-shunsuke/go-test-workflow/.github/workflows/test.yaml,suzuki-shunsuke/go-test-workflow,maybe,n,n,
suzuki-shunsuke/issue-close-lock-action,suzuki-shunsuke/issue-close-lock-action,maybe,n,n,
suzuki-shunsuke/renovate-config-validator-workflow/.github/workflows/validate.yaml,suzuki-shunsuke/renovate-config-validator-workflow,maybe,n,n,
svsool/vscode-memo/.github/workflows/ci_jobs.yml,svsool/vscode-memo,maybe,n,n,
swift-project/github-release,swift-project/github-release,maybe,n,y,y
swiftpackageindex/setup-swift,swiftpackageindex/setup-swift,maybe,,n,
swilder-m/docsearch-scraper-simple,swilder-m/docsearch-scraper-simple,maybe,,n,
swilder-m/push-packages,swilder-m/push-packages,maybe,,n,
swilder-m/refresh-ali-cdn,swilder-m/refresh-ali-cdn,maybe,,n,
swoosh/actions/.github/workflows/publish.yml,swoosh/actions,maybe,n,n,
swoosh/actions/.github/workflows/test.yml,swoosh/actions,maybe,n,n,
syer10/centos-java15-action,syer10/centos-java15-action,maybe,,n,
syer10/centos-java16-action,syer10/centos-java16-action,maybe,,n,
syer10/centos-java17-action,syer10/centos-java17-action,maybe,,n,
syer10/fedora-java16-action,syer10/fedora-java16-action,maybe,,n,
syer10/fedora-java17-action,syer10/fedora-java17-action,maybe,,n,
symbiflow/actions/checks,symbiflow/actions,maybe,,n,
symfony/recipes/.github/workflows/callable-flex-update.yml,symfony/recipes,maybe,n,n,
symfony/recipes/.github/workflows/callable-qa.yml,symfony/recipes,maybe,n,n,
symfony/recipes/.github/workflows/callable-recipe-readme-update.yml,symfony/recipes,maybe,n,n,
symfonycasts/.github/.github/workflows/composer-validate.yaml,symfonycasts/.github,maybe,,n,
symfonycasts/.github/.github/workflows/php-cs-fixer.yaml,symfonycasts/.github,maybe,,n,
symfonycasts/.github/.github/workflows/phpstan.yaml,symfonycasts/.github,maybe,,n,
symfonycasts/.github/.github/workflows/phpunit.yaml,symfonycasts/.github,maybe,,n,
symforce-org/github-action-push-to-another-repository,symforce-org/github-action-push-to-another-repository,maybe,n,n,
symplify/github-action-monorepo-split,symplify/github-action-monorepo-split,maybe,y,n,
symplify/monorepo-split-github-action,symplify/monorepo-split-github-action,maybe,y,n,
synchronal/hex-publish-action,synchronal/hex-publish-action,maybe,n,n,
synthetik-technologies/actions/composites/docker-build-push,synthetik-technologies/actions,maybe,n,n,
synthetik-technologies/actions/composites/semantic-versioning,synthetik-technologies/actions,maybe,n,y,y
sysown/proxysql/.github/workflows/ci-3p-mysql-connector-j.yml,sysown/proxysql,maybe,n,n,
sysown/proxysql/.github/workflows/ci-basictests.yml,sysown/proxysql,maybe,n,n,
sysown/proxysql/.github/workflows/ci-builds.yml,sysown/proxysql,maybe,n,n,
sysown/proxysql/.github/workflows/ci-cb_taptests.yml,sysown/proxysql,maybe,n,n,
sysown/proxysql/.github/workflows/ci-codeql.yml,sysown/proxysql,maybe,n,n,
sysown/proxysql/.github/workflows/ci-maketest.yml,sysown/proxysql,maybe,n,n,
sysown/proxysql/.github/workflows/ci-package-build.yml,sysown/proxysql,maybe,n,n,
sysown/proxysql/.github/workflows/ci-repltests.yml,sysown/proxysql,maybe,n,n,
sysown/proxysql/.github/workflows/ci-selftests.yml,sysown/proxysql,maybe,n,n,
sysown/proxysql/.github/workflows/ci-shuntest.yml,sysown/proxysql,maybe,n,n,
sysown/proxysql/.github/workflows/ci-taptests-groups.yml,sysown/proxysql,maybe,n,n,
sysown/proxysql/.github/workflows/ci-taptests-ssl.yml,sysown/proxysql,maybe,n,n,
sysown/proxysql/.github/workflows/ci-taptests.yml,sysown/proxysql,maybe,n,n,
t3chguy/typescript-check-action,t3chguy/typescript-check-action,maybe,y,n,
t3chguy/wait-on-check-action,t3chguy/wait-on-check-action,maybe,n,n,
t3rn/semantic-version,t3rn/semantic-version,maybe,n,n,
taichi/actions-package-update,taichi/actions-package-update,maybe,n,n,
taiga-family/ci/actions/auto-push,taiga-family/ci,maybe,n,n,
taiga-family/ci/actions/auto-remove-label,taiga-family/ci,maybe,n,n,
taiga-family/ci/actions/auto/approve/double,taiga-family/ci,maybe,n,n,
taiga-family/ci/actions/auto/cleanup-cache,taiga-family/ci,maybe,n,n,
taiga-family/ci/actions/auto/label-when-approved,taiga-family/ci,maybe,n,n,
taiga-family/ci/actions/auto/push,taiga-family/ci,maybe,n,n,
taiga-family/ci/actions/auto/remove-label,taiga-family/ci,maybe,n,n,
taiga-family/ci/actions/cleanup-cache,taiga-family/ci,maybe,n,n,
taiga-family/ci/actions/dependency-review,taiga-family/ci,maybe,n,n,
taiga-family/ci/actions/label-when-approved,taiga-family/ci,maybe,n,n,
taiga-family/ci/actions/messenger/telegram/announce,taiga-family/ci,maybe,n,n,
taiga-family/ci/actions/run/merge,taiga-family/ci,maybe,n,n,
taiga-family/ci/actions/run/wait-job,taiga-family/ci,maybe,n,n,
taiga-family/ci/actions/security/dependency-review,taiga-family/ci,maybe,n,n,
taiga-family/ci/actions/setup-git,taiga-family/ci,maybe,n,n,
taiga-family/ci/actions/setup-node,taiga-family/ci,maybe,n,n,
taiga-family/ci/actions/setup-project,taiga-family/ci,maybe,n,n,
taiga-family/ci/actions/setup/checkout,taiga-family/ci,maybe,n,n,
taiga-family/ci/actions/setup/config/git,taiga-family/ci,maybe,n,n,
taiga-family/ci/actions/setup/node,taiga-family/ci,maybe,n,n,
taiga-family/ci/actions/setup/project,taiga-family/ci,maybe,n,n,
taiga-family/ci/actions/setup/variables,taiga-family/ci,maybe,n,n,
taiga-family/ci/actions/two-approve,taiga-family/ci,maybe,n,n,
taiga-family/ci/actions/variables,taiga-family/ci,maybe,n,n,
taiki-e/cache-cargo-install-action,taiki-e/cache-cargo-install-action,maybe,n,n,
taiki-e/cargo-install,taiki-e/cargo-install,maybe,n,n,
taiki-e/create-pull-request,taiki-e/create-pull-request,maybe,n,n,
taiki-e/github-actions/.github/workflows/check-external-types.yml,taiki-e/github-actions,maybe,n,n,
taiki-e/github-actions/.github/workflows/deny.yml,taiki-e/github-actions,maybe,n,n,
taiki-e/github-actions/.github/workflows/docs.yml,taiki-e/github-actions,maybe,n,n,
taiki-e/github-actions/.github/workflows/msrv.yml,taiki-e/github-actions,maybe,n,n,
taiki-e/github-actions/.github/workflows/release-dry-run.yml,taiki-e/github-actions,maybe,n,n,
taiki-e/github-actions/.github/workflows/tidy.yml,taiki-e/github-actions,maybe,n,n,
taiki-e/github-actions/create-release,taiki-e/github-actions,maybe,n,y,y
taiki-e/github-actions/install,taiki-e/github-actions,maybe,n,n,
taiki-e/github-actions/install-rust,taiki-e/github-actions,maybe,n,n,
taiki-e/github-actions/upload-rust-binary,taiki-e/github-actions,maybe,n,n,
taiki-e/install-action,taiki-e/install-action,maybe,y,n,
taiki-e/install-rust,taiki-e/install-rust,maybe,y,n,
taiki-e/setup-cross-toolchain-action,taiki-e/setup-cross-toolchain-action,maybe,y,n,
taiki-e/workflows/.github/workflows/check-external-types.yml,taiki-e/workflows,maybe,n,n,
taiki-e/workflows/.github/workflows/deny.yml,taiki-e/workflows,maybe,n,n,
taiki-e/workflows/.github/workflows/docs.yml,taiki-e/workflows,maybe,n,n,
taiki-e/workflows/.github/workflows/msrv.yml,taiki-e/workflows,maybe,n,n,
taiki-e/workflows/.github/workflows/tidy-no-rust.yml,taiki-e/workflows,maybe,n,n,
taiki-e/workflows/.github/workflows/tidy-rust.yml,taiki-e/workflows,maybe,n,n,
taiki-e/workflows/.github/workflows/tidy.yml,taiki-e/workflows,maybe,n,n,
takanabe/add-new-issues-to-project-column,takanabe/add-new-issues-to-project-column,maybe,n,n,
takb/project-board,takb/project-board,maybe,n,n,
takuyaohashi/setup-flutter,takuyaohashi/setup-flutter,maybe,y,n,
talentpair/last-green-commit-action,talentpair/last-green-commit-action,maybe,n,n,
tangro/actions-test,tangro/actions-test,maybe,y,n,
tankerhq/dmenv-install-action,tankerhq/dmenv-install-action,maybe,,n,
tarcisiozf/ci-checks-action,tarcisiozf/ci-checks-action,maybe,n,n,
tatsuz0u/ios-bump-version,tatsuz0u/ios-bump-version,maybe,n,n,
tauri-apps/create-pull-request,tauri-apps/create-pull-request,maybe,n,n,
tauri-apps/docusaurus-meilisearch-indexer,tauri-apps/docusaurus-meilisearch-indexer,maybe,n,n,
tauri-apps/rustdocusaurus/github-action,tauri-apps/rustdocusaurus,maybe,n,n,
tauri-apps/tauri-action,tauri-apps/tauri-action,maybe,y,y,y
tauri-apps/typedocusaurus,tauri-apps/typedocusaurus,maybe,n,n,
tauri-apps/typedocusaurus/github-action,tauri-apps/typedocusaurus,maybe,n,n,
tax-benefit/actions/.github/workflows/validate_yaml.yml,tax-benefit/actions,maybe,n,n,
tchupp/actions-update-semver-tags,tchupp/actions-update-semver-tags,maybe,n,n,
tchx84/gtk-apps-testing-docker-action,tchx84/gtk-apps-testing-docker-action,maybe,n,n,
tcurdt/action-verify-version-maven,tcurdt/action-verify-version-maven,maybe,y,n,
tcurdt/action-verify-version-npm,tcurdt/action-verify-version-npm,maybe,n,n,
tddschn/easygraph-bench/.github/workflows/bench-all.yaml,tddschn/easygraph-bench,maybe,n,n,
teahouse-studios/aliyun-oss-action,teahouse-studios/aliyun-oss-action,maybe,,n,
team-alembic/staple-actions/actions/install-elixir,team-alembic/staple-actions,maybe,n,n,
team-alembic/staple-actions/actions/mix-compile,team-alembic/staple-actions,maybe,n,n,
team-alembic/staple-actions/actions/mix-credo,team-alembic/staple-actions,maybe,n,n,
team-alembic/staple-actions/actions/mix-deps-get,team-alembic/staple-actions,maybe,n,n,
team-alembic/staple-actions/actions/mix-dialyzer,team-alembic/staple-actions,maybe,n,n,
team-alembic/staple-actions/actions/mix-docs,team-alembic/staple-actions,maybe,n,n,
team-alembic/staple-actions/actions/mix-format,team-alembic/staple-actions,maybe,n,n,
team-alembic/staple-actions/actions/mix-hex-audit,team-alembic/staple-actions,maybe,n,n,
team-alembic/staple-actions/actions/mix-hex-publish,team-alembic/staple-actions,maybe,n,n,
team-alembic/staple-actions/actions/mix-task,team-alembic/staple-actions,maybe,n,n,
team-alembic/staple-actions/actions/mix-test,team-alembic/staple-actions,maybe,n,n,
teamgalacticraft/discord-build-notify,teamgalacticraft/discord-build-notify,maybe,,n,
teamgalacticraft/discord-reporter,teamgalacticraft/discord-reporter,maybe,,n,
teaminkling/autocommit,teaminkling/autocommit,maybe,n,n,
teamnewpipe/changed-lines-count-labeler,teamnewpipe/changed-lines-count-labeler,maybe,,n,
teaxyz/brewkit/actions/bottle,teaxyz/brewkit,maybe,n,n,
teaxyz/brewkit/actions/cache,teaxyz/brewkit,maybe,n,n,
teaxyz/brewkit/actions/codesign,teaxyz/brewkit,maybe,n,n,
teaxyz/brewkit/actions/fetch-pr-artifacts,teaxyz/brewkit,maybe,n,n,
teaxyz/brewkit/actions/get-platform,teaxyz/brewkit,maybe,n,n,
teaxyz/brewkit/actions/has-artifacts,teaxyz/brewkit,maybe,n,n,
teaxyz/brewkit/actions/setup-brewkit,teaxyz/brewkit,maybe,n,n,
teaxyz/brewkit/actions/setup-codesign,teaxyz/brewkit,maybe,n,n,
teaxyz/brewkit/actions/stage-build-artifacts,teaxyz/brewkit,maybe,n,n,
teaxyz/brewkit/actions/upload,teaxyz/brewkit,maybe,n,n,
teaxyz/cli/.github/actions/cache,teaxyz/cli,maybe,n,n,
teaxyz/pantry.core/.github/actions/cache,teaxyz/pantry.core,maybe,n,n,
teaxyz/pantry.core/.github/actions/codesign,teaxyz/pantry.core,maybe,n,n,
teaxyz/pantry.core/.github/actions/get-platform,teaxyz/pantry.core,maybe,n,n,
teaxyz/pantry.core/.github/actions/has-artifacts,teaxyz/pantry.core,maybe,n,n,
teaxyz/pantry.core/.github/actions/setup-brewkit,teaxyz/pantry.core,maybe,n,n,
teaxyz/pantry.core/.github/workflows/bottle.yml,teaxyz/pantry.core,maybe,n,n,
teaxyz/pantry.core/.github/workflows/build.yml,teaxyz/pantry.core,maybe,n,n,
teaxyz/setup,teaxyz/setup,maybe,n,n,
technote-space/auto-cancel-redundant-job,technote-space/auto-cancel-redundant-job,maybe,y,n,
tediousjs/setup-sqlserver,tediousjs/setup-sqlserver,maybe,y,n,
telegramdesktop/winget-releaser,telegramdesktop/winget-releaser,maybe,n,n,
temporalio/docker-builds/.github/workflows/docker-build-only.yml,temporalio/docker-builds,maybe,n,n,
temporalio/features/.github/workflows/go.yaml,temporalio/features,maybe,n,n,
temporalio/features/.github/workflows/java.yaml,temporalio/features,maybe,n,n,
temporalio/features/.github/workflows/python.yaml,temporalio/features,maybe,n,n,
temporalio/features/.github/workflows/typescript.yaml,temporalio/features,maybe,n,n,
temporalio/sdk-features/.github/workflows/go.yaml,temporalio/sdk-features,maybe,n,n,
temporalio/sdk-features/.github/workflows/typescript.yaml,temporalio/sdk-features,maybe,n,n,
temporalio/sdk-typescript/.github/workflows/stress.yml,temporalio/sdk-typescript,maybe,n,n,
tencent/tdesign/.github/workflows/preview.yml,tencent/tdesign,maybe,,n,
tencent/tdesign/.github/workflows/publish.yml,tencent/tdesign,maybe,,n,
tencent/tdesign/.github/workflows/test-build.yml,tencent/tdesign,maybe,,n,
tenderlove/setup-ruby,tenderlove/setup-ruby,maybe,n,n,
tendermint/starport/actions/cli,tendermint/starport,maybe,n,n,
tendermint/starport/actions/release/vars,tendermint/starport,maybe,n,n,
tendermint/workflow-run-cleanup-action,tendermint/workflow-run-cleanup-action,maybe,n,y,y
terraformtesting/acceptance-tests,terraformtesting/acceptance-tests,maybe,n,n,
tesseract-robotics/industrial_ci,tesseract-robotics/industrial_ci,maybe,n,n,
test-kitchen/.github/.github/workflows/lint-unit.yml,test-kitchen/.github,maybe,n,n,
test-room-7/action-publish-firefox-addon,test-room-7/action-publish-firefox-addon,maybe,n,n,
testground/testground-github-action,testground/testground-github-action,maybe,n,n,
tfsec/tfsec-sarif-action,tfsec/tfsec-sarif-action,maybe,n,n,
thamara/actions-package-update,thamara/actions-package-update,maybe,n,n,
the-coding-owl/action-typo3-extension-repository-upload,the-coding-owl/action-typo3-extension-repository-upload,maybe,n,n,
the-events-calendar/action-s3-utility,the-events-calendar/action-s3-utility,maybe,n,n,
the-events-calendar/action-tribe-phpcs,the-events-calendar/action-tribe-phpcs,maybe,n,n,
the-guild-org/changesets-snapshot-action,the-guild-org/changesets-snapshot-action,maybe,n,n,
the-guild-org/shared-config/.github/workflows/algolia-integrity.yml,the-guild-org/shared-config,maybe,n,n,
the-guild-org/shared-config/.github/workflows/algolia-publish.yml,the-guild-org/shared-config,maybe,n,n,
the-guild-org/shared-config/.github/workflows/changesets-dependencies.yaml,the-guild-org/shared-config,maybe,n,n,
the-guild-org/shared-config/.github/workflows/ci-node-matrix.yml,the-guild-org/shared-config,maybe,n,n,
the-guild-org/shared-config/.github/workflows/ci.yml,the-guild-org/shared-config,maybe,n,n,
the-guild-org/shared-config/.github/workflows/lint.yml,the-guild-org/shared-config,maybe,n,n,
the-guild-org/shared-config/.github/workflows/prettier.yml,the-guild-org/shared-config,maybe,n,n,
the-guild-org/shared-config/.github/workflows/release-snapshot.yml,the-guild-org/shared-config,maybe,n,n,
the-guild-org/shared-config/.github/workflows/release-stable.yml,the-guild-org/shared-config,maybe,n,n,
the-guild-org/shared-config/release-trackback,the-guild-org/shared-config,maybe,n,n,
the-guild-org/shared-config/setup,the-guild-org/shared-config,maybe,n,n,
the-guild-org/shared-config/website-cf,the-guild-org/shared-config,maybe,n,n,
thealgorithms/scripts/directory_md,thealgorithms/scripts,maybe,,n,
thealgorithms/scripts/formatter,thealgorithms/scripts,maybe,,n,
theashraf/alex-action,theashraf/alex-action,maybe,n,n,
thebritican/fetch-latest-release,thebritican/fetch-latest-release,maybe,n,n,
thecapypara/mypy-check,thecapypara/mypy-check,maybe,,y,y
thecloudtheory/arm-estimator/.github/workflows/estimatefromurl.yml,thecloudtheory/arm-estimator,maybe,,n,
thecodingmachine/deeployer,thecodingmachine/deeployer,maybe,n,n,
thecodingmachine/deeployer-action,thecodingmachine/deeployer-action,maybe,y,n,
thecodingmachine/deeployer-cleanup-action,thecodingmachine/deeployer-cleanup-action,maybe,n,n,
thedragoncode/php-codestyler,thedragoncode/php-codestyler,maybe,,n,
thefoundryvisionmongers/fn-pylint-action,thefoundryvisionmongers/fn-pylint-action,maybe,,n,
thefringeninja/action-minver,thefringeninja/action-minver,maybe,y,n,
thefrontside/actions/synchronize-npm-tags,thefrontside/actions,maybe,n,n,
thefrontside/actions/synchronize-with-npm,thefrontside/actions,maybe,n,n,
thejcannon/github-script,thejcannon/github-script,maybe,n,n,
theofficialgman/arm-runner-action,theofficialgman/arm-runner-action,maybe,n,n,
theofficialgman/first-interaction,theofficialgman/first-interaction,maybe,n,n,
theogognf/finagg/.github/workflows/test.yml,theogognf/finagg,maybe,,n,
theopolis/ec2-github-runner,theopolis/ec2-github-runner,maybe,n,n,
thepbone/action-crowdin-contributors-fork,thepbone/action-crowdin-contributors-fork,maybe,,n,
thesis/asciidoctor-action,thesis/asciidoctor-action,maybe,n,n,
thesis/gcp-storage-bucket-action,thesis/gcp-storage-bucket-action,maybe,n,n,
theupdateframework/specification/.github/workflows/check-latest-spec-version.yml,theupdateframework/specification,maybe,n,n,
thewtex/itkremotemodulebuildtestpackageaction/.github/workflows/build-test-package-python.yml,thewtex/itkremotemodulebuildtestpackageaction,maybe,,n,
thewtex/pyodide-actions/install-browser,thewtex/pyodide-actions,maybe,n,n,
thibaultchazal/scaleway-serverless-container-deploy-action,thibaultchazal/scaleway-serverless-container-deploy-action,maybe,y,n,
thiefmaster/changed-files-action,thiefmaster/changed-files-action,maybe,,n,
thinca/action-setup-vim,thinca/action-setup-vim,maybe,n,n,
thinkasany/pr-label-action,thinkasany/pr-label-action,maybe,n,n,
thirteenag/update-tags,thirteenag/update-tags,maybe,,n,
thirteenag/widescreenfixespack/.github/workflows/all.yml,thirteenag/widescreenfixespack,maybe,,n,
thog/action-equals,thog/action-equals,maybe,,n,
thollander/actions-comment-pull-request,thollander/actions-comment-pull-request,maybe,n,n,
thomas-moulard/setup-ros2,thomas-moulard/setup-ros2,maybe,n,n,
thomaseizinger/check,thomaseizinger/check,maybe,n,n,
thomasjpfan/labeler,thomasjpfan/labeler,maybe,n,n,
thompsonja/bazel-buildifier,thompsonja/bazel-buildifier,maybe,y,n,
thomwiggers/cancel-workflow-action,thomwiggers/cancel-workflow-action,maybe,n,y,y
threedotslabs/watermill/.github/workflows/tests.yml,threedotslabs/watermill,maybe,,n,
thundra-io/foresight-test-kit-action,thundra-io/foresight-test-kit-action,maybe,y,n,
thundra-io/thundra-gradle-test-action,thundra-io/thundra-gradle-test-action,maybe,y,n,
thundra-io/thundra-test-init-action,thundra-io/thundra-test-init-action,maybe,y,n,
tiangolo/actions-netlify,tiangolo/actions-netlify,maybe,n,n,
tiangolo/issue-manager,tiangolo/issue-manager,maybe,n,n,
tidelift/alignment-action,tidelift/alignment-action,maybe,n,n,
tidev/tidev-cla-action,tidev/tidev-cla-action,maybe,n,n,
tiledb-inc/github-actions/open-issue,tiledb-inc/github-actions,maybe,,n,
tim-actions/clippy-check,tim-actions/clippy-check,maybe,y,n,
tim203/actions-git-discord-webhook,tim203/actions-git-discord-webhook,maybe,,n,
timangus/ccache-action,timangus/ccache-action,maybe,y,y,y
timangus/cpp-problem-matcher,timangus/cpp-problem-matcher,maybe,y,n,
timbod7/setup-stack,timbod7/setup-stack,maybe,n,n,
timheuer/dotnet-tests-report,timheuer/dotnet-tests-report,maybe,y,n,
timjrobinson/gh-action-bump-version,timjrobinson/gh-action-bump-version,maybe,n,n,
timmo001/workflows/.github/workflows/build-container-linux.yml,timmo001/workflows,maybe,n,n,
timmo001/workflows/.github/workflows/build-msbuild-windows.yml,timmo001/workflows,maybe,n,n,
timmo001/workflows/.github/workflows/build-node-linux.yml,timmo001/workflows,maybe,n,n,
timmo001/workflows/.github/workflows/build-python-linux.yml,timmo001/workflows,maybe,n,n,
timmo001/workflows/.github/workflows/build-python-windows.yml,timmo001/workflows,maybe,n,n,
timmo001/workflows/.github/workflows/codeql-csharp.yml,timmo001/workflows,maybe,n,n,
timmo001/workflows/.github/workflows/codeql-javascript.yml,timmo001/workflows,maybe,n,n,
timmo001/workflows/.github/workflows/codeql-python.yml,timmo001/workflows,maybe,n,n,
timmo001/workflows/.github/workflows/dependabot-automerge-any.yml,timmo001/workflows,maybe,n,n,
timmo001/workflows/.github/workflows/dependabot-automerge.yml,timmo001/workflows,maybe,n,n,
timmo001/workflows/.github/workflows/deploy-container-linux.yml,timmo001/workflows,maybe,n,n,
timmo001/workflows/.github/workflows/deploy-python-linux.yml,timmo001/workflows,maybe,n,n,
timmo001/workflows/.github/workflows/deploy-python-windows.yml,timmo001/workflows,maybe,n,n,
timmo001/workflows/.github/workflows/labels.yml,timmo001/workflows,maybe,n,n,
timmo001/workflows/.github/workflows/lint-black.yml,timmo001/workflows,maybe,n,n,
timmo001/workflows/.github/workflows/lint-eslint.yml,timmo001/workflows,maybe,n,n,
timmo001/workflows/.github/workflows/lint-jsonlint.yml,timmo001/workflows,maybe,n,n,
timmo001/workflows/.github/workflows/lint-markdown-links.yml,timmo001/workflows,maybe,n,n,
timmo001/workflows/.github/workflows/lint-markdownlint.yml,timmo001/workflows,maybe,n,n,
timmo001/workflows/.github/workflows/lint-prettier.yml,timmo001/workflows,maybe,n,n,
timmo001/workflows/.github/workflows/lint-pylint.yml,timmo001/workflows,maybe,n,n,
timmo001/workflows/.github/workflows/lint-yamllint.yml,timmo001/workflows,maybe,n,n,
timmo001/workflows/.github/workflows/lock.yml,timmo001/workflows,maybe,n,n,
timmo001/workflows/.github/workflows/package-python-pyinstaller-linux.yml,timmo001/workflows,maybe,n,n,
timmo001/workflows/.github/workflows/package-python-pyinstaller-windows.yml,timmo001/workflows,maybe,n,n,
timmo001/workflows/.github/workflows/release-drafter-node-executable.yml,timmo001/workflows,maybe,n,n,
timmo001/workflows/.github/workflows/release-drafter-python-monorepo.yml,timmo001/workflows,maybe,n,n,
timmo001/workflows/.github/workflows/release-drafter.yml,timmo001/workflows,maybe,n,n,
timmo001/workflows/.github/workflows/stale.yml,timmo001/workflows,maybe,n,n,
timothystewart6/gitlab-mirror-and-ci-action,timothystewart6/gitlab-mirror-and-ci-action,maybe,y,n,
tix-factory/release-manager,tix-factory/release-manager,maybe,n,n,
tjenkinson/release-drafter,tjenkinson/release-drafter,maybe,n,n,
tjenkinson/sauce-connect-action,tjenkinson/sauce-connect-action,maybe,n,n,
tlambert03/setup-qt-libs,tlambert03/setup-qt-libs,maybe,n,n,
tobealive/wthrr-the-weathercrab/.github/workflows/lint.yml,tobealive/wthrr-the-weathercrab,maybe,n,n,
todogroup/repolinter-action,todogroup/repolinter-action,maybe,n,y,y
toeverything/set-build-version,toeverything/set-build-version,maybe,n,n,
toilal/gh-action-nightly-merge,toilal/gh-action-nightly-merge,maybe,,n,
toitlang/archlinux-package-action,toitlang/archlinux-package-action,maybe,n,n,
tokorom/action-slack-incoming-webhook,tokorom/action-slack-incoming-webhook,maybe,n,n,
tomaspre/github-upload-release-artifacts-action,tomaspre/github-upload-release-artifacts-action,maybe,n,n,
tomasvotruba/github-action-monorepo-split,tomasvotruba/github-action-monorepo-split,maybe,,n,
tomhjp/gh-action-jira-comment,tomhjp/gh-action-jira-comment,maybe,n,n,
tomhjp/gh-action-jira-create,tomhjp/gh-action-jira-create,maybe,n,n,
tomhjp/gh-action-jira-search,tomhjp/gh-action-jira-search,maybe,n,n,
tommoulard/make-my-server/.github/workflows/healthcheck.workflow.tmpl.yml,tommoulard/make-my-server,maybe,,n,
tomsun28/issues-translate-action,tomsun28/issues-translate-action,maybe,n,n,
tomtom-international/commisery-action,tomtom-international/commisery-action,maybe,y,n,
toolmantim/release-drafter,toolmantim/release-drafter,maybe,y,n,
toptal/davinci-github-actions/build-publish-alpha-package,toptal/davinci-github-actions,maybe,n,n,
toptal/davinci-github-actions/build-push-image,toptal/davinci-github-actions,maybe,n,n,
toptal/davinci-github-actions/create-jira-deployment,toptal/davinci-github-actions,maybe,n,n,
toptal/davinci-github-actions/danger,toptal/davinci-github-actions,maybe,n,n,
toptal/davinci-github-actions/integration-tests,toptal/davinci-github-actions,maybe,n,n,
toptal/davinci-github-actions/notify-jira-about-contribution,toptal/davinci-github-actions,maybe,n,n,
toptal/davinci-github-actions/report-missing-changeset,toptal/davinci-github-actions,maybe,n,n,
toptal/davinci-github-actions/yarn-install,toptal/davinci-github-actions,maybe,n,n,
toptal/jenkins-job-trigger-action,toptal/jenkins-job-trigger-action,maybe,y,n,
toshke/github-action,toshke/github-action,maybe,n,n,
totaldebug/action-sphinx,totaldebug/action-sphinx,maybe,y,n,
totto16/setup-gcc,totto16/setup-gcc,maybe,,n,
touchlab/kmmbridgegithubworkflow/.github/workflows/faktorybuild.yml,touchlab/kmmbridgegithubworkflow,maybe,,n,
touchlab/kmmbridgegithubworkflow/.github/workflows/faktorybuildbranches.yml,touchlab/kmmbridgegithubworkflow,maybe,,n,
tox-dev/action,tox-dev/action,maybe,y,n,
toxicaven/generate-checksum-file,toxicaven/generate-checksum-file,maybe,,n,
tpill90/lancache-prefill-common/.github/workflows/build-and-test-template.yml,tpill90/lancache-prefill-common,maybe,n,n,
tpill90/lancache-prefill-common/.github/workflows/build-and-test.yml,tpill90/lancache-prefill-common,maybe,n,n,
tpm2-software/ci/coverityscan,tpm2-software/ci,maybe,,n,
tpm2-software/ci/runci,tpm2-software/ci,maybe,,n,
tracerbench/tracerbench-compare-action,tracerbench/tracerbench-compare-action,maybe,y,n,
trail-of-forks/setup-protoc,trail-of-forks/setup-protoc,maybe,n,n,
trailheadapps/github-action-sfdx-packaging-updater,trailheadapps/github-action-sfdx-packaging-updater,maybe,n,n,
trailofbits/gh-action-pip-audit,trailofbits/gh-action-pip-audit,maybe,y,n,
trailofbits/gh-action-sigstore-python,trailofbits/gh-action-sigstore-python,maybe,n,n,
trailofbits/sigstore-conformance,trailofbits/sigstore-conformance,maybe,n,n,
transferwise/sanitize-branch-name,transferwise/sanitize-branch-name,maybe,y,n,
transparencylog/github-releases-asset-transparency-verify-action,transparencylog/github-releases-asset-transparency-verify-action,maybe,n,n,
trask/component-owners,trask/component-owners,maybe,n,n,
traverson/.github/.github/workflows/release-package.yml,traverson/.github,maybe,n,n,
treebeardtech/treebeard,treebeardtech/treebeard,maybe,y,n,
trenchbroom/clean-commit-action,trenchbroom/clean-commit-action,maybe,,n,
trendyminds/github-actions-rsync,trendyminds/github-actions-rsync,maybe,y,n,
trendyol/baklava/.github/workflows/publish-chromatic.yml,trendyol/baklava,maybe,n,n,
trendyol/baklava/.github/workflows/release.yml,trendyol/baklava,maybe,n,n,
trendyol/baklava/.github/workflows/verify.yml,trendyol/baklava,maybe,n,n,
triaxtec/github-actions/python/install-and-configure-poetry,triaxtec/github-actions,maybe,n,n,
triaxtec/github-actions/python/run-checks,triaxtec/github-actions,maybe,n,n,
trim21/action-changelog,trim21/action-changelog,maybe,n,n,
trim21/actions/pre-commit,trim21/actions,maybe,n,n,
trinodb/github-actions/github-app-token,trinodb/github-actions,maybe,n,y,y
trinodb/github-actions/slash-command-dispatch,trinodb/github-actions,maybe,n,n,
tripss/nx-extend/actions/set-shas,tripss/nx-extend,maybe,n,n,
tristan-weil/ghaction-checksum-sign-artifact,tristan-weil/ghaction-checksum-sign-artifact,maybe,n,n,
trollixx/code-sign-action,trollixx/code-sign-action,maybe,n,n,
truxnell/gh-workflows/.github/workflows/run-renovate.yaml,truxnell/gh-workflows,maybe,n,n,
tryghost/action-trigger-metric,tryghost/action-trigger-metric,maybe,n,n,
tryghost/actions/.github/workflows/canary.yml,tryghost/actions,maybe,n,n,
tryghost/actions/.github/workflows/test.yml,tryghost/actions,maybe,n,n,
tryghost/actions/actions/label-actions,tryghost/actions,maybe,n,n,
tryghost/actions/actions/slack-build,tryghost/actions,maybe,n,n,
tryghost/actions/actions/trigger-metric,tryghost/actions,maybe,n,n,
tryghost/label-actions,tryghost/label-actions,maybe,n,n,
ts-graphviz/setup-graphviz,ts-graphviz/setup-graphviz,maybe,y,n,
tscuite/action-generic-handler,tscuite/action-generic-handler,maybe,n,n,
tscuite/kubectl-helm-action,tscuite/kubectl-helm-action,maybe,n,n,
tsickert/discord-webhook,tsickert/discord-webhook,maybe,n,n,
tspascoal/get-user-teams-membership,tspascoal/get-user-teams-membership,maybe,n,n,
tstack/rpmbuild,tstack/rpmbuild,maybe,n,n,
tstack/upload-packagecloud,tstack/upload-packagecloud,maybe,n,n,
tsukumijima/konomitv/.github/workflows/build_installer.yaml,tsukumijima/konomitv,maybe,,n,
tsukumijima/konomitv/.github/workflows/build_thirdparty.yaml,tsukumijima/konomitv,maybe,,n,
tsuyoshicho/action-mypy,tsuyoshicho/action-mypy,maybe,y,n,
ttuegel/upload-release.nix,ttuegel/upload-release.nix,maybe,n,n,
tugraph-family/alipay-cloud-devops-codescan,tugraph-family/alipay-cloud-devops-codescan,maybe,,n,
turbot/steampipe-workflows/.github/workflows/golangci-lint.yml,turbot/steampipe-workflows,maybe,n,n,
turbot/steampipe-workflows/.github/workflows/registry-publish.yml,turbot/steampipe-workflows,maybe,n,n,
turbot/steampipe-workflows/.github/workflows/stale.yml,turbot/steampipe-workflows,maybe,n,n,
turbot/steampipe-workflows/.github/workflows/sync-labels.yml,turbot/steampipe-workflows,maybe,n,n,
turleypol/actions-status-discord,turleypol/actions-status-discord,maybe,n,n,
turleypol/create-release,turleypol/create-release,maybe,n,y,y
turleypol/release_action_dist,turleypol/release_action_dist,maybe,n,n,
turtlesec-no/get-ninja,turtlesec-no/get-ninja,maybe,n,n,
tw93/toolchain,tw93/toolchain,maybe,n,n,
tw93/wakatime-charts,tw93/wakatime-charts,maybe,n,n,
tweag/nickel-lang.org/.github/workflows/deploy.yml,tweag/nickel-lang.org,maybe,n,n,
tweedegolf/cargo-dependencies-action,tweedegolf/cargo-dependencies-action,maybe,n,n,
twelveiterationmods/workflows/.github/workflows/build.yml,twelveiterationmods/workflows,maybe,,n,
twelveiterationmods/workflows/.github/workflows/create-release.yml,twelveiterationmods/workflows,maybe,,n,
twelveiterationmods/workflows/.github/workflows/publish-release.yml,twelveiterationmods/workflows,maybe,,n,
twelveiterationmods/workflows/.github/workflows/update-versions.yml,twelveiterationmods/workflows,maybe,,n,
twisted/python-info-action,twisted/python-info-action,maybe,y,n,
twwd/twitter-github-action,twwd/twitter-github-action,maybe,n,n,
tyankatsu0105/read-package-version-actions,tyankatsu0105/read-package-version-actions,maybe,n,n,
tyklabs/tyk-pro/.github/workflows/tests.yml,tyklabs/tyk-pro,maybe,n,n,
tyktechnologies/gh-asset-action,tyktechnologies/gh-asset-action,maybe,,n,
tyktechnologies/github-actions/.github/workflows/jira-lint.yaml,tyktechnologies/github-actions,maybe,,n,
tyktechnologies/github-actions/.github/workflows/sbom.yaml,tyktechnologies/github-actions,maybe,,n,
tyktechnologies/github-actions/.github/workflows/sonarcloud.yaml,tyktechnologies/github-actions,maybe,,n,
tylerbutler/labelmaker-action,tylerbutler/labelmaker-action,maybe,n,n,
tylerjw/industrial_ci,tylerjw/industrial_ci,maybe,n,n,
typeform/ci-standard-checks,typeform/ci-standard-checks,maybe,,n,
typoci/spellcheck-action,typoci/spellcheck-action,maybe,y,n,
tyrrrz/.github/.github/workflows/nuget-windowsonly.yml,tyrrrz/.github,maybe,,n,
tyrrrz/.github/.github/workflows/nuget.yml,tyrrrz/.github,maybe,,n,
tyrrrz/action-get-tag,tyrrrz/action-get-tag,maybe,n,n,
tyrrrz/shared/.github/workflows/nuget-windowsonly.yml,tyrrrz/shared,maybe,,n,
tyrrrz/shared/.github/workflows/nuget.yml,tyrrrz/shared,maybe,,n,
u0reo/npm-install,u0reo/npm-install,maybe,n,n,
ubuntu-flutter-community/actions/.github/workflows/release-please.yaml,ubuntu-flutter-community/actions,maybe,n,n,
ubuntu-flutter-community/actions/.github/workflows/semantic-pr.yaml,ubuntu-flutter-community/actions,maybe,n,n,
ubuntu/go-i18n,ubuntu/go-i18n,maybe,n,n,
ubuntu/sync-issues-github-jira,ubuntu/sync-issues-github-jira,maybe,n,n,
udoprog/github-release,udoprog/github-release,maybe,n,y,y
ueokande/setup-firefox,ueokande/setup-firefox,maybe,y,y,y
ueokande/setup-geckodriver,ueokande/setup-geckodriver,maybe,y,y,y
ui-router/publish-scripts/actions/upgrade,ui-router/publish-scripts,maybe,n,n,
ultimaker/cura/.github/workflows/conan-package-create.yml,ultimaker/cura,maybe,n,n,
ultimaker/cura/.github/workflows/conan-recipe-export.yml,ultimaker/cura,maybe,n,n,
ultimaker/cura/.github/workflows/conan-recipe-version.yml,ultimaker/cura,maybe,n,n,
ultimaker/cura/.github/workflows/notify.yml,ultimaker/cura,maybe,n,n,
unevenlabs/slack-github-action,unevenlabs/slack-github-action,maybe,n,n,
ungless/git-sync,ungless/git-sync,maybe,n,n,
unifiedjs/beep-boop-beta,unifiedjs/beep-boop-beta,maybe,n,n,
unifreq/openwrt_packit,unifreq/openwrt_packit,maybe,n,n,
unifyai/workflows/.github/workflows/binaries.yml,unifyai/workflows,maybe,n,n,
unifyai/workflows/.github/workflows/bniaries.yml,unifyai/workflows,maybe,n,n,
unifyai/workflows/.github/workflows/docs-release.yml,unifyai/workflows,maybe,n,n,
unifyai/workflows/.github/workflows/docs.yml,unifyai/workflows,maybe,n,n,
unifyai/workflows/.github/workflows/lint-bot.yml,unifyai/workflows,maybe,n,n,
unifyai/workflows/.github/workflows/lint.yml,unifyai/workflows,maybe,n,n,
unifyai/workflows/.github/workflows/pr-lint-bot.yml,unifyai/workflows,maybe,n,n,
unionai/flyte-register-action,unionai/flyte-register-action,maybe,y,n,
unionai/flytectl-setup-action,unionai/flytectl-setup-action,maybe,y,n,
unional/.github/.github/workflows/pnpm-verify.yml,unional/.github,maybe,n,n,
unional/.github/.github/workflows/yarn-verify-linux.yml,unional/.github,maybe,n,n,
uniquenetwork/baedeker-action,uniquenetwork/baedeker-action,maybe,,n,
uniquenetwork/baedeker-action/reconcile,uniquenetwork/baedeker-action,maybe,,n,
uniquenetwork/baedeker-action/setup,uniquenetwork/baedeker-action,maybe,,n,
unity-ui-extensions/reusableworkflows/.github/workflows/getunityversionfrompackage.yml,unity-ui-extensions/reusableworkflows,maybe,,n,
unity-ui-extensions/reusableworkflows/.github/workflows/rununityunittests.yml,unity-ui-extensions/reusableworkflows,maybe,,n,
unity-ui-extensions/reusableworkflows/.github/workflows/validateunityinstall.yml,unity-ui-extensions/reusableworkflows,maybe,,n,
unleash/.github/.github/workflows/add-item-to-project.yml,unleash/.github,maybe,n,n,
unleash/.github/.github/workflows/npm-release.yml,unleash/.github,maybe,,n,
unleash/update-version-action,unleash/update-version-action,maybe,,n,
unosquare/bump-nuget-version,unosquare/bump-nuget-version,maybe,n,n,
unosquare/publish-nuget-package,unosquare/publish-nuget-package,maybe,n,n,
unosquare/swan/.github/actions/ci-swan,unosquare/swan,maybe,n,n,
unosquare/swan/.github/workflows/ci-swan.yml,unosquare/swan,maybe,n,n,
unosquare/swan/.github/workflows/lib-ci.yml,unosquare/swan,maybe,n,n,
unosquare/swan/.github/workflows/lib-publish-nuget-org.yml,unosquare/swan,maybe,n,n,
unsplash/comment-on-pr,unsplash/comment-on-pr,maybe,n,n,
unthrottled/wmp-env-action,unthrottled/wmp-env-action,maybe,,n,
up9cloud/action-notify,up9cloud/action-notify,maybe,n,n,
uriahas/issue-action,uriahas/issue-action,maybe,n,n,
usds/cloud-gov-cli,usds/cloud-gov-cli,maybe,n,n,
usthe/issues-translate-action,usthe/issues-translate-action,maybe,n,n,
uzitech/action-setup-atom,uzitech/action-setup-atom,maybe,,n,
v1v/otel-upload-test-artifact-action,v1v/otel-upload-test-artifact-action,maybe,y,n,
vachashah/backport,vachashah/backport,maybe,,n,
vadz/action-gh-release,vadz/action-gh-release,maybe,n,n,
vadz/gha-setup-vsdevenv,vadz/gha-setup-vsdevenv,maybe,y,n,
vagrant-libvirt/vagrant-libvirt/.github/workflows/docker-meta.yml,vagrant-libvirt/vagrant-libvirt,maybe,n,n,
valentijnscholten/flake8-your-pr,valentijnscholten/flake8-your-pr,maybe,n,n,
valu-digital/npm-packages/.github/release-action,valu-digital/npm-packages,maybe,n,n,
valu-digital/npm-packages/.github/workflows/npm-release-reusable.yml,valu-digital/npm-packages,maybe,n,n,
vapor/api-docs/.github/workflows/build-and-deploy-docs-workflow.yml,vapor/api-docs,maybe,n,n,
vapor/ci/.github/actions/ci-swift-check-api-breakage,vapor/ci,maybe,n,n,
vapor/ci/.github/workflows/issues-to-project-board.yml,vapor/ci,maybe,n,n,
vapor/ci/.github/workflows/run-unit-tests.yml,vapor/ci,maybe,n,n,
vapor/ci/.github/workflows/update-project-boards-for-issue.yml,vapor/ci,maybe,n,n,
vapor/swift-codecov-action,vapor/swift-codecov-action,maybe,y,n,
vapor/swiftly-action,vapor/swiftly-action,maybe,n,n,
varunsh-coder/scorecard-action,varunsh-coder/scorecard-action,maybe,n,n,
vatanaksoytezer/latest-file-edit-timestamp-action,vatanaksoytezer/latest-file-edit-timestamp-action,maybe,n,n,
vauvenal5/yaga/.github/workflows/publish-play-store.yml,vauvenal5/yaga,maybe,n,n,
vazco/open-standards/.github/workflows/check_dependency_vulnerabilities.yml,vazco/open-standards,maybe,n,n,
vazco/open-standards/actions/npm-dependency-duplications/,vazco/open-standards,maybe,n,n,
vazco/open-standards/actions/npm-dependency-vulnerabilities/,vazco/open-standards,maybe,n,n,
vb-consulting/mysql-action,vb-consulting/mysql-action,maybe,n,n,
vb-consulting/postgresql-action,vb-consulting/postgresql-action,maybe,y,n,
vb-consulting/publish-nuget,vb-consulting/publish-nuget,maybe,y,n,
vb-consulting/sqlserver-action,vb-consulting/sqlserver-action,maybe,n,n,
vchernin/pkgbuild-action,vchernin/pkgbuild-action,maybe,n,n,
vcup/release-downloader,vcup/release-downloader,maybe,n,n,
vebr/jest-lcov-reporter,vebr/jest-lcov-reporter,maybe,n,n,
vedantmgoyal2009/vedantmgoyal2009/winget-pkgs-automation/releaser-action,vedantmgoyal2009/vedantmgoyal2009,maybe,n,y,y
velas/pr-description,velas/pr-description,maybe,n,n,
ventureoo/pkgbuild-action,ventureoo/pkgbuild-action,maybe,n,n,
verdaccio/action-netlify-deploy,verdaccio/action-netlify-deploy,maybe,n,n,
verdaccio/changeset-action,verdaccio/changeset-action,maybe,n,n,
verygoodopensource/very_good_workflows/.github/workflows/dart_package.yml,verygoodopensource/very_good_workflows,maybe,,n,
verygoodopensource/very_good_workflows/.github/workflows/dart_pub_publish.yml,verygoodopensource/very_good_workflows,maybe,,n,
verygoodopensource/very_good_workflows/.github/workflows/flutter_package.yml,verygoodopensource/very_good_workflows,maybe,,n,
verygoodopensource/very_good_workflows/.github/workflows/mason_publish.yml,verygoodopensource/very_good_workflows,maybe,,n,
verygoodopensource/very_good_workflows/.github/workflows/pana.yml,verygoodopensource/very_good_workflows,maybe,,n,
verygoodopensource/very_good_workflows/.github/workflows/semantic_pull_request.yml,verygoodopensource/very_good_workflows,maybe,,n,
verygoodopensource/very_good_workflows/.github/workflows/spell_check.yml,verygoodopensource/very_good_workflows,maybe,,n,
vesoft-inc/.github/actions/setup-minio,vesoft-inc/.github,maybe,n,n,
vesoft-inc/nebula-studio/.github/workflows/build.yml,vesoft-inc/nebula-studio,maybe,n,n,
viamrobotics/rdk/.github/workflows/appimage.yml,viamrobotics/rdk,maybe,n,n,
viamrobotics/rdk/.github/workflows/cli.yml,viamrobotics/rdk,maybe,n,n,
viamrobotics/rdk/.github/workflows/droid.yml,viamrobotics/rdk,maybe,n,n,
viamrobotics/rdk/.github/workflows/license_finder.yml,viamrobotics/rdk,maybe,n,n,
viamrobotics/rdk/.github/workflows/motion-benchmarks.yml,viamrobotics/rdk,maybe,n,n,
viamrobotics/rdk/.github/workflows/npm-publish.yml,viamrobotics/rdk,maybe,n,n,
viamrobotics/rdk/.github/workflows/packserver.yml,viamrobotics/rdk,maybe,n,n,
viamrobotics/rdk/.github/workflows/slam-integration-test.yml,viamrobotics/rdk,maybe,n,n,
viamrobotics/rdk/.github/workflows/staticbuild.yml,viamrobotics/rdk,maybe,n,n,
viamrobotics/rdk/.github/workflows/test.yml,viamrobotics/rdk,maybe,n,n,
vidavidorra/github-app-token,vidavidorra/github-app-token,maybe,n,y,y
videndum/super-labeler-action,videndum/super-labeler-action,maybe,,n,
viperproject/check-license-header,viperproject/check-license-header,maybe,y,y,y
viperproject/gobra-action,viperproject/gobra-action,maybe,n,n,
virtocommerce/.github/.github/workflows/build.yml,virtocommerce/.github,maybe,,n,
virtocommerce/.github/.github/workflows/deploy-cloud.yml,virtocommerce/.github,maybe,,n,
virtocommerce/.github/.github/workflows/deploy.yml,virtocommerce/.github,maybe,,n,
virtocommerce/.github/.github/workflows/e2e.yml,virtocommerce/.github,maybe,,n,
virtocommerce/.github/.github/workflows/publish-docker.yml,virtocommerce/.github,maybe,,n,
virtocommerce/.github/.github/workflows/publish-github.yml,virtocommerce/.github,maybe,,n,
virtocommerce/.github/.github/workflows/release.yml,virtocommerce/.github,maybe,,n,
virtocommerce/.github/.github/workflows/test-and-sonar.yml,virtocommerce/.github,maybe,,n,
virtocommerce/jira-upload-build-info,virtocommerce/jira-upload-build-info,maybe,,y,y
virtocommerce/vc-github-actions/add-version-suffix,virtocommerce/vc-github-actions,maybe,,n,
virtocommerce/vc-github-actions/build-docker-image,virtocommerce/vc-github-actions,maybe,,n,
virtocommerce/vc-github-actions/cache-get-key,virtocommerce/vc-github-actions,maybe,,n,
virtocommerce/vc-github-actions/changelog-generator,virtocommerce/vc-github-actions,maybe,,y,y
virtocommerce/vc-github-actions/check-pr-regression-label,virtocommerce/vc-github-actions,maybe,,n,
virtocommerce/vc-github-actions/cloud-create-deploy-matrix,virtocommerce/vc-github-actions,maybe,,n,
virtocommerce/vc-github-actions/create-deploy-pr,virtocommerce/vc-github-actions,maybe,,n,
virtocommerce/vc-github-actions/docker-env,virtocommerce/vc-github-actions,maybe,,n,
virtocommerce/vc-github-actions/get-artifact-link,virtocommerce/vc-github-actions,maybe,,n,
virtocommerce/vc-github-actions/get-deploy-param,virtocommerce/vc-github-actions,maybe,,n,
virtocommerce/vc-github-actions/get-image-tag,virtocommerce/vc-github-actions,maybe,,n,
virtocommerce/vc-github-actions/get-image-version,virtocommerce/vc-github-actions,maybe,,n,
virtocommerce/vc-github-actions/get-jira-keys,virtocommerce/vc-github-actions,maybe,,n,
virtocommerce/vc-github-actions/pr-body-get-link,virtocommerce/vc-github-actions,maybe,,n,
virtocommerce/vc-github-actions/publish-artifact-link,virtocommerce/vc-github-actions,maybe,,n,
virtocommerce/vc-github-actions/publish-blob-release,virtocommerce/vc-github-actions,maybe,,n,
virtocommerce/vc-github-actions/publish-docker-image,virtocommerce/vc-github-actions,maybe,,y,y
virtocommerce/vc-github-actions/publish-github-release,virtocommerce/vc-github-actions,maybe,,n,
virtocommerce/vc-github-actions/publish-jira-link,virtocommerce/vc-github-actions,maybe,,n,
virtocommerce/vc-github-actions/publish-nuget,virtocommerce/vc-github-actions,maybe,,n,
virtocommerce/vc-github-actions/setup-git-credentials-github,virtocommerce/vc-github-actions,maybe,,n,
virtocommerce/vc-github-actions/setup-vcbuild,virtocommerce/vc-github-actions,maybe,,n,
virtocommerce/vc-github-actions/sonar-quality-gate,virtocommerce/vc-github-actions,maybe,,n,
virtocommerce/vc-github-actions/sonar-scanner-begin,virtocommerce/vc-github-actions,maybe,,n,
virtocommerce/vc-github-actions/sonar-scanner-end,virtocommerce/vc-github-actions,maybe,,n,
virtocommerce/vc-github-actions/vc-argocd-cli,virtocommerce/vc-github-actions,maybe,,n,
visiosto/replace-value,visiosto/replace-value,maybe,n,n,
visualpinball/next-version-action,visualpinball/next-version-action,maybe,,n,
visualpinball/update-dependent-action,visualpinball/update-dependent-action,maybe,,n,
vk26/action-fasterer,vk26/action-fasterer,maybe,y,n,
vkcom/.github/.github/workflows/npm_deprecate_package.yml,vkcom/.github,maybe,,n,
vladdaniliuk/action-release-releaseapk,vladdaniliuk/action-release-releaseapk,maybe,,n,
vlang/setup-v,vlang/setup-v,maybe,y,y,y
vlingo/xoom-platform/.github/workflows/build.yml,vlingo/xoom-platform,maybe,n,n,
vlitejs/vlite/.github/workflows/lint.yml,vlitejs/vlite,maybe,n,n,
vmactions/${{matrix.bsd.name}}-vm,vmactions/${{matrix.bsd.name}}-vm,maybe,n,n,
vmiklos/notify-irc,vmiklos/notify-irc,maybe,n,n,
vmishenev/kotlin-samples-pusher,vmishenev/kotlin-samples-pusher,maybe,n,n,
vmware-samples/vmware-image-builder-examples/vib-action,vmware-samples/vmware-image-builder-examples,maybe,n,y,y
vmware-tanzu/antrea/ci/gh-actions/has-changes,vmware-tanzu/antrea,maybe,n,n,
vmware-tanzu/carvel-release-scripts/.github/workflows/inclusive-language-check.yml,vmware-tanzu/carvel-release-scripts,maybe,n,n,
vmware-tanzu/carvel-release-scripts/.github/workflows/trivy-scan.yml,vmware-tanzu/carvel-release-scripts,maybe,n,n,
vmware-tanzu/carvel-setup-action,vmware-tanzu/carvel-setup-action,maybe,y,n,
volcano-coffee-company/setup-terraform,volcano-coffee-company/setup-terraform,maybe,n,n,
volcano-coffee-company/setup-vault,volcano-coffee-company/setup-vault,maybe,n,n,
voxelum/afdian-sponsor-action,voxelum/afdian-sponsor-action,maybe,,n,
voxelum/create-release,voxelum/create-release,maybe,n,y,y
voxelum/discord-kook-notify-action,voxelum/discord-kook-notify-action,maybe,n,n,
voxelum/semantic-version-bump-action,voxelum/semantic-version-bump-action,maybe,,n,
voxmedia/github-action-slack-notify-build,voxmedia/github-action-slack-notify-build,maybe,y,n,
voxpelli/ghatemplates/.github/workflows/codeql-analysis.yml,voxpelli/ghatemplates,maybe,n,n,
voxpelli/ghatemplates/.github/workflows/dependency-review.yml,voxpelli/ghatemplates,maybe,n,n,
voxpelli/ghatemplates/.github/workflows/exit-silently-on-unsupported.yml,voxpelli/ghatemplates,maybe,n,n,
voxpelli/ghatemplates/.github/workflows/lint.yml,voxpelli/ghatemplates,maybe,n,n,
voxpelli/ghatemplates/.github/workflows/test-pg.yml,voxpelli/ghatemplates,maybe,n,n,
voxpelli/ghatemplates/.github/workflows/test.yml,voxpelli/ghatemplates,maybe,n,n,
voxpupuli/gha-build-and-publish-a-container,voxpupuli/gha-build-and-publish-a-container,maybe,y,n,
voxpupuli/gha-puppet/.github/workflows/beaker.yml,voxpupuli/gha-puppet,maybe,n,n,
voxpupuli/gha-puppet/.github/workflows/release.yml,voxpupuli/gha-puppet,maybe,n,n,
vrischmann/checkout,vrischmann/checkout,maybe,n,n,
vrnobody/setup-dotnetframeworkenv,vrnobody/setup-dotnetframeworkenv,maybe,,n,
vsoch/spack-package-action/install,vsoch/spack-package-action,maybe,n,n,
vue-styleguidist/vue-styleguidist/.github/workflows/test.yml,vue-styleguidist/vue-styleguidist,maybe,n,n,
vuestorefront/integrations-github-workflows/.github/workflows/continuous-delivery.yml,vuestorefront/integrations-github-workflows,maybe,n,n,
vuestorefront/integrations-github-workflows/.github/workflows/continuous-integration.yml,vuestorefront/integrations-github-workflows,maybe,n,n,
vuestorefront/integrations-github-workflows/.github/workflows/sonarcloud.yml,vuestorefront/integrations-github-workflows,maybe,n,n,
vuestorefront/publish-docs-action,vuestorefront/publish-docs-action,maybe,n,n,
vuestorefront/storefront-ui/.github/workflows/configure-environment.yml,vuestorefront/storefront-ui,maybe,n,n,
vuestorefront/storefront-ui/.github/workflows/deploy-docker-image-vue-storefront-cloud.yml,vuestorefront/storefront-ui,maybe,n,n,
vuestorefront/storefront-ui/.github/workflows/image-build-vue-storefront-cloud.yml,vuestorefront/storefront-ui,maybe,n,n,
vuetifyjs/close-action,vuetifyjs/close-action,maybe,n,n,
vuetifyjs/triage-action,vuetifyjs/triage-action,maybe,n,n,
w3c/spec-prod,w3c/spec-prod,maybe,y,n,
w3f/gsheet.action,w3f/gsheet.action,maybe,n,n,
w3f/label-stale-pull-requests,w3f/label-stale-pull-requests,maybe,n,n,
w3f/parse-grant-application-action,w3f/parse-grant-application-action,maybe,n,n,
w3f/status-badges,w3f/status-badges,maybe,n,n,
wabarc/.github/.github/workflows/reusable-alex.yml,wabarc/.github,maybe,n,n,
wabarc/.github/.github/workflows/reusable-builder-aur.yml,wabarc/.github,maybe,n,n,
wabarc/.github/.github/workflows/reusable-builder-deb.yml,wabarc/.github,maybe,n,n,
wabarc/.github/.github/workflows/reusable-builder-flatpak.yml,wabarc/.github,maybe,n,n,
wabarc/.github/.github/workflows/reusable-builder-go.yml,wabarc/.github,maybe,n,n,
wabarc/.github/.github/workflows/reusable-builder-rpm.yml,wabarc/.github,maybe,n,n,
wabarc/.github/.github/workflows/reusable-builder-snap.yml,wabarc/.github,maybe,n,n,
wabarc/.github/.github/workflows/reusable-codeql.yml,wabarc/.github,maybe,n,n,
wabarc/.github/.github/workflows/reusable-dependency-review.yml,wabarc/.github,maybe,n,n,
wabarc/.github/.github/workflows/reusable-fossa.yml,wabarc/.github,maybe,n,n,
wabarc/.github/.github/workflows/reusable-golangci.yml,wabarc/.github,maybe,n,n,
wabarc/.github/.github/workflows/reusable-goreportcard.yml,wabarc/.github,maybe,n,n,
wabarc/.github/.github/workflows/reusable-license.yml,wabarc/.github,maybe,n,n,
wabarc/.github/.github/workflows/reusable-misspell.yml,wabarc/.github,maybe,n,n,
wabarc/.github/.github/workflows/reusable-nancy.yml,wabarc/.github,maybe,n,n,
wabarc/.github/.github/workflows/reusable-releaser-gemfury.yml,wabarc/.github,maybe,n,n,
wabarc/.github/.github/workflows/reusable-releaser-go.yml,wabarc/.github,maybe,n,n,
wabarc/.github/.github/workflows/reusable-scorecards.yml,wabarc/.github,maybe,n,n,
wabarc/.github/.github/workflows/reusable-semgrep.yml,wabarc/.github,maybe,n,n,
wabarc/.github/.github/workflows/reusable-shellcheck.yml,wabarc/.github,maybe,n,n,
wabarc/.github/.github/workflows/reusable-stale.yml,wabarc/.github,maybe,n,n,
wabarc/.github/.github/workflows/reusable-super-linter.yml,wabarc/.github,maybe,n,n,
wabarc/.github/.github/workflows/reusable-trivy.yml,wabarc/.github,maybe,n,n,
wabarc/.github/.github/workflows/reusable-urlcheck.yml,wabarc/.github,maybe,n,n,
wader/bump,wader/bump,maybe,n,n,
wader/bump/action/go,wader/bump,maybe,n,n,
wader/bump:go,wader/bump:go,maybe,n,n,
wagoid/commitlint-github-action,wagoid/commitlint-github-action,maybe,y,n,
wagyourtail/jsmacros/.github/workflows/releasebuild.yml,wagyourtail/jsmacros,maybe,n,n,
wagyourtail/jsmacros/.github/workflows/releasedeploy.yml,wagyourtail/jsmacros,maybe,n,n,
waifu-motivator/wmp-env-action,waifu-motivator/wmp-env-action,maybe,n,n,
wakatime/semver-action,wakatime/semver-action,maybe,n,n,
waldoapp/gh-action-upload,waldoapp/gh-action-upload,maybe,y,n,
walshydev/pr-labels,walshydev/pr-labels,maybe,,y,y
wandb/docugen,wandb/docugen,maybe,n,n,
wandnz/action-cloudsmith-upload-packages,wandnz/action-cloudsmith-upload-packages,maybe,n,n,
wanduow/action-bintray-upload-debian-packages,wanduow/action-bintray-upload-debian-packages,maybe,n,n,
wanduow/action-bintray-upload-rpm-packages,wanduow/action-bintray-upload-rpm-packages,maybe,n,n,
wanduow/action-cloudsmith-upload-packages,wanduow/action-cloudsmith-upload-packages,maybe,n,n,
wangzuo/action-release-checksums,wangzuo/action-release-checksums,maybe,n,n,
wasmcloud/common-actions/crates-release,wasmcloud/common-actions,maybe,n,n,
wasmcloud/common-actions/install-cross,wasmcloud/common-actions,maybe,n,n,
wasmcloud/common-actions/run-nats,wasmcloud/common-actions,maybe,n,n,
wasmcloud/common-actions/rust-check,wasmcloud/common-actions,maybe,n,n,
wearerequired/lint-actionn,wearerequired/lint-actionn,maybe,y,n,
weavery/gitstamp-action,weavery/gitstamp-action,maybe,n,n,
weaveworks/metal-janitor-action,weaveworks/metal-janitor-action,maybe,n,n,
weaveworks/webfactory-ssh-agent,weaveworks/webfactory-ssh-agent,maybe,n,y,y
web-infra-dev/actions,web-infra-dev/actions,maybe,n,n,
web3-storage/wrangler-action,web3-storage/wrangler-action,maybe,n,n,
web3j/release-action,web3j/release-action,maybe,n,n,
webbertakken/unity-builder,webbertakken/unity-builder,maybe,y,n,
webbertakken/unity-request-manual-activation-file,webbertakken/unity-request-manual-activation-file,maybe,y,n,
webbertakken/unity-test-runner,webbertakken/unity-test-runner,maybe,y,y,y
webclipper/create-release,webclipper/create-release,maybe,n,y,y
webclipper/upload-release-asset,webclipper/upload-release-asset,maybe,n,n,
webiny/action-conventional-commits,webiny/action-conventional-commits,maybe,y,n,
webiny/action-post-run,webiny/action-post-run,maybe,n,n,
wei/curl,wei/curl,maybe,y,n,
wei/git-sync,wei/git-sync,maybe,y,n,
wei/wget,wei/wget,maybe,n,n,
weibullguy/get-labels-action,weibullguy/get-labels-action,maybe,n,n,
weibullguy/labeler,weibullguy/labeler,maybe,n,n,
wemakedevs/labeler-action,wemakedevs/labeler-action,maybe,,n,
wemeetagain/actions-lerna,wemeetagain/actions-lerna,maybe,n,n,
wentokay/hello-world-docker-action,wentokay/hello-world-docker-action,maybe,n,n,
werf/third-party-release-please-action,werf/third-party-release-please-action,maybe,n,n,
werf/trdl-vault-actions/publish,werf/trdl-vault-actions,maybe,n,n,
werf/trdl-vault-actions/release,werf/trdl-vault-actions,maybe,n,n,
werwolv/steam-deploy,werwolv/steam-deploy,maybe,,n,
weseek/ghaction-slack-notification,weseek/ghaction-slack-notification,maybe,n,n,
weseek/growi/.github/workflows/reusable-app-build-image.yml,weseek/growi,maybe,n,n,
weseek/growi/.github/workflows/reusable-app-create-manifests.yml,weseek/growi,maybe,n,n,
weseek/growi/.github/workflows/reusable-app-prod.yml,weseek/growi,maybe,n,n,
weseek/growi/.github/workflows/reusable-app-reg-suit.yml,weseek/growi,maybe,n,n,
wetneb/action-unassign-contributor-after-days-of-inactivity,wetneb/action-unassign-contributor-after-days-of-inactivity,maybe,n,n,
weyoss/redis-github-action,weyoss/redis-github-action,maybe,n,n,
wez/upload-release-assets,wez/upload-release-assets,maybe,n,y,y
whisperity/codechecker-analysis-action,whisperity/codechecker-analysis-action,maybe,y,n,
wildfly/dep-tree-diff,wildfly/dep-tree-diff,maybe,n,n,
wildfly/wildfly/.github/workflows/shared-wildfly-build.yml,wildfly/wildfly,maybe,n,n,
willdasilva/commitizen-action,willdasilva/commitizen-action,maybe,,n,
willdasilva/dependency-review-action,willdasilva/dependency-review-action,maybe,,n,
willsoto/actions/.github/workflows/node-ci.yml,willsoto/actions,maybe,n,n,
wip/action,wip/action,maybe,y,n,
wireapp/github-action-wire-messenger,wireapp/github-action-wire-messenger,maybe,n,n,
wireapp/upload-assets,wireapp/upload-assets,maybe,n,n,
wireapp/wire-ios-shared-resources/.github/workflows/createbumppr.yml,wireapp/wire-ios-shared-resources,maybe,,n,
wireapp/wire-ios-shared-resources/.github/workflows/mergepr.yml,wireapp/wire-ios-shared-resources,maybe,,n,
wiremind/helm-kubeval-action,wiremind/helm-kubeval-action,maybe,n,n,
withastro/automation/.github/workflows/congratsbot.yml,withastro/automation,maybe,n,n,
withastro/automation/.github/workflows/format.yml,withastro/automation,maybe,n,n,
withastro/automation/.github/workflows/lockfile.yml,withastro/automation,maybe,n,n,
withfig/push-to-fig-autocomplete-action,withfig/push-to-fig-autocomplete-action,maybe,n,n,
withgraphite/upload-code-coverage-action,withgraphite/upload-code-coverage-action,maybe,n,n,
withoutpants/github-release,withoutpants/github-release,maybe,,y,y
wjz304/issues-helper,wjz304/issues-helper,maybe,n,n,
wmde/dependabot-gerrit-action,wmde/dependabot-gerrit-action,maybe,n,n,
wmde/git-filter-repo-docker-action,wmde/git-filter-repo-docker-action,maybe,n,n,
wmde/git-monorepo-splice-docker-action,wmde/git-monorepo-splice-docker-action,maybe,n,n,
wntrblm/nox,wntrblm/nox,maybe,y,n,
wodby/alpine,wodby/alpine,maybe,n,n,
wodby/alpine/.github/actions/release,wodby/alpine,maybe,n,n,
wohlstand/branch-name,wohlstand/branch-name,maybe,,n,
woile/github-push-action,woile/github-push-action,maybe,,n,
wolfi-dev/wolfictl/.github/actions,wolfi-dev/wolfictl,maybe,n,n,
wolfv/provision-with-micromamba,wolfv/provision-with-micromamba,maybe,y,y,y
wonderflow-bv/wanda/.github/workflows/ci-workflow.yml,wonderflow-bv/wanda,maybe,n,n,
wonderflow/kubebuilder-action,wonderflow/kubebuilder-action,maybe,y,n,
woocommerce/action-build,woocommerce/action-build,maybe,n,n,
woocommerce/action-gh-release,woocommerce/action-gh-release,maybe,n,n,
woocommerce/automations,woocommerce/automations,maybe,n,n,
woocommerce/grow/get-plugin-releases,woocommerce/grow,maybe,n,n,
woocommerce/grow/prepare-mysql,woocommerce/grow,maybe,n,n,
woocommerce/grow/prepare-php,woocommerce/grow,maybe,n,n,
wordpress/wordpress-develop/.github/workflows/phpunit-tests-run.yml,wordpress/wordpress-develop,maybe,,n,
wordpress/wordpress-develop/.github/workflows/slack-notifications.yml,wordpress/wordpress-develop,maybe,,n,
workday/canvas-kit-actions/enable-automerge,workday/canvas-kit-actions,maybe,,n,
workday/canvas-kit-actions/generate-changeset,workday/canvas-kit-actions,maybe,,n,
workday/canvas-kit-actions/install,workday/canvas-kit-actions,maybe,,n,
workday/canvas-kit-actions/release,workday/canvas-kit-actions,maybe,,n,
workday/canvas-kit-actions/report-failure,workday/canvas-kit-actions,maybe,,n,
workday/canvas-kit-actions/verify-pull-request,workday/canvas-kit-actions,maybe,,n,
workflows/nix-shell-action,workflows/nix-shell-action,maybe,y,n,
workshop64/buildpulse-action,workshop64/buildpulse-action,maybe,,n,
workshur/sonarcloud-github-action,workshur/sonarcloud-github-action,maybe,n,n,
wow-actions/auto-assign,wow-actions/auto-assign,maybe,n,n,
wp-cli/.github/.github/workflows/reusable-code-quality.yml,wp-cli/.github,maybe,n,n,
wp-cli/.github/.github/workflows/reusable-regenerate-readme.yml,wp-cli/.github,maybe,n,n,
wp-cli/.github/.github/workflows/reusable-testing.yml,wp-cli/.github,maybe,n,n,
wpilibsuite/check-base-branch-action,wpilibsuite/check-base-branch-action,maybe,n,n,
wpilibsuite/import-signing-certificate,wpilibsuite/import-signing-certificate,maybe,n,n,
wpilibsuite/xcode-notarize,wpilibsuite/xcode-notarize,maybe,n,n,
wrexbe/yaml-schema-validator,wrexbe/yaml-schema-validator,maybe,n,n,
wxmerkt/industrial_ci,wxmerkt/industrial_ci,maybe,n,n,
wxt2005/git-auto-commit-action,wxt2005/git-auto-commit-action,maybe,n,n,
wxwidgets/gha-setup-vsdevenv,wxwidgets/gha-setup-vsdevenv,maybe,,n,
wyrihaximus/github-action-get-milestones,wyrihaximus/github-action-get-milestones,maybe,,n,
wyrihaximus/github-action-next-semvers,wyrihaximus/github-action-next-semvers,maybe,,n,
wyrihaximus/github-action-wait-for-status,wyrihaximus/github-action-wait-for-status,maybe,,n,
wzshiming/gh-ci-bot,wzshiming/gh-ci-bot,maybe,n,n,
xamarin/backport-bot-action,xamarin/backport-bot-action,maybe,n,n,
xamarin/backport-bot-action/.github/workflows/backport-action.yml,xamarin/backport-bot-action,maybe,n,n,
xampprocky/create-release,xampprocky/create-release,maybe,,y,y
xanaduai/cloud-actions/download-github-workflow-artifact,xanaduai/cloud-actions,maybe,,n,
xanaduai/cloud-actions/push-to-s3-and-invalidate-cloudfront,xanaduai/cloud-actions,maybe,,n,
xbmc/action-kodi-addon-checker,xbmc/action-kodi-addon-checker,maybe,y,n,
xbmc/action-kodi-addon-submitter,xbmc/action-kodi-addon-submitter,maybe,n,n,
xcid/argocd-diff-action,xcid/argocd-diff-action,maybe,,n,
xeroapi/xero-openapi/.github/workflows/jira_create_issue.yml,xeroapi/xero-openapi,maybe,,n,
xfl03/mccustomskinloader/.github/workflows/common.yml,xfl03/mccustomskinloader,maybe,,n,
xgreenx/publish-crates,xgreenx/publish-crates,maybe,n,n,
xhofe/issues-helper,xhofe/issues-helper,maybe,,n,
xiangfeidexiaohuo/delete-workflow-runs,xiangfeidexiaohuo/delete-workflow-runs,maybe,n,n,
xiaoyifang/install-qt-action,xiaoyifang/install-qt-action,maybe,n,n,
xigongdaericyang/cherry-pick-robot,xigongdaericyang/cherry-pick-robot,maybe,,n,
xin-hedera/release-notes-generator-action,xin-hedera/release-notes-generator-action,maybe,n,n,
xlauko/cpp-linter-action,xlauko/cpp-linter-action,maybe,n,n,
xmflsct/action-publish-gatsby,xmflsct/action-publish-gatsby,maybe,n,n,
xorilog/twitter-action,xorilog/twitter-action,maybe,n,n,
xt0rted/.github/.github/workflows/dependabot-auto-merge.yml,xt0rted/.github,maybe,n,n,
xt0rted/.github/.github/workflows/dotnet-sdk-updater.yml,xt0rted/.github,maybe,n,n,
xt0rted/action-gh-release,xt0rted/action-gh-release,maybe,n,n,
xtvaser/first-interaction,xtvaser/first-interaction,maybe,,n,
xuanwo/fetch-metadata,xuanwo/fetch-metadata,maybe,,n,
xuanwo/sccache-action,xuanwo/sccache-action,maybe,,y,y
xunzhuo/kube-prow-bot,xunzhuo/kube-prow-bot,maybe,,n,
xunzhuo/prowox,xunzhuo/prowox,maybe,,n,
xwings/sync-repo-action,xwings/sync-repo-action,maybe,n,y,y
yakuhzi/action-release,yakuhzi/action-release,maybe,n,n,
yamanq/pull-request-artifacts,yamanq/pull-request-artifacts,maybe,n,n,
yaminyam/auto-label-in-issue,yaminyam/auto-label-in-issue,maybe,,n,
yandex-cloud/ui-preview-build-action,yandex-cloud/ui-preview-build-action,maybe,n,n,
yandex-cloud/ui-preview-deploy-action,yandex-cloud/ui-preview-deploy-action,maybe,y,n,
yandex-cloud/ui-preview-upload-to-s3-action,yandex-cloud/ui-preview-upload-to-s3-action,maybe,n,n,
yandex-cloud/ui-release-action,yandex-cloud/ui-release-action,maybe,n,n,
yangby-cryptape/cargo-audit-check-action,yangby-cryptape/cargo-audit-check-action,maybe,n,n,
yanguoyu/pull-request-comment-branch,yanguoyu/pull-request-comment-branch,maybe,n,y,y
yann300/rebase-pull-requests,yann300/rebase-pull-requests,maybe,n,n,
yanndegat/ghaction-import-gpg,yanndegat/ghaction-import-gpg,maybe,n,n,
yanzay/notify-telegram,yanzay/notify-telegram,maybe,n,n,
"yarn install --frozen-lockfile
./tasks/starthardhatnode.sh start","yarn install --frozen-lockfile
./tasks",maybe,,n,
yassineldeeb/has-changed-path,yassineldeeb/has-changed-path,maybe,,y,y
yasslab/idobata_notify,yasslab/idobata_notify,maybe,n,n,
ybiquitous/npm-audit-fix-action,ybiquitous/npm-audit-fix-action,maybe,y,n,
yc-actions/yc-obj-storage-upload,yc-actions/yc-obj-storage-upload,maybe,n,n,
ydb-platform/slo-tests,ydb-platform/slo-tests,maybe,n,n,
ydb-platform/slo-tests/.github/workflows/slo.yml,ydb-platform/slo-tests,maybe,n,n,
yeah69/mrmeeseeks.resxtranslationcombinator,yeah69/mrmeeseeks.resxtranslationcombinator,maybe,,n,
yegor256/latex-make-action,yegor256/latex-make-action,maybe,n,n,
yehiyam/deploy-to-k8s,yehiyam/deploy-to-k8s,maybe,n,n,
yetiforcecompany/yetiforcecrm-tests/7.3,yetiforcecompany/yetiforcecrm-tests,maybe,,n,
yetiforcecompany/yetiforcecrm-tests/7.4,yetiforcecompany/yetiforcecrm-tests,maybe,,n,
yetiforcecompany/yetiforcecrm-tests/8.0,yetiforcecompany/yetiforcecrm-tests,maybe,,n,
yetiforcecompany/yetiforcecrm-tests/8.0-jit,yetiforcecompany/yetiforcecrm-tests,maybe,,n,
yetiforcecompany/yetiforcecrm-tests/8.1,yetiforcecompany/yetiforcecrm-tests,maybe,,n,
yetiforcecompany/yetiforcecrm-tests/8.1-jit,yetiforcecompany/yetiforcecrm-tests,maybe,,n,
yetiforcecompany/yetiforcecrm-tests/8.2,yetiforcecompany/yetiforcecrm-tests,maybe,,n,
yetiforcecompany/yetiforcecrm-tests/coverage,yetiforcecompany/yetiforcecrm-tests,maybe,,n,
yetiforcecompany/yetiforcecrm-tests/coverage8,yetiforcecompany/yetiforcecrm-tests,maybe,,n,
yetiforcecompany/yetiforcecrm-tests/coverage8jit,yetiforcecompany/yetiforcecrm-tests,maybe,,n,
yetiforcecompany/yetiforcecrm-tests/mariadb,yetiforcecompany/yetiforcecrm-tests,maybe,,n,
yetiforcecompany/yetiforcecrm-tests/mariadb-${{ matrix.vdb }},yetiforcecompany/yetiforcecrm-tests,maybe,,n,
yetiforcecompany/yetiforcecrm-tests/mariadb-10.6,yetiforcecompany/yetiforcecrm-tests,maybe,,n,
yetiforcecompany/yetiforcecrm-tests/mariadb-10.7,yetiforcecompany/yetiforcecrm-tests,maybe,,n,
yetiforcecompany/yetiforcecrm-tests/mariadb-10.8,yetiforcecompany/yetiforcecrm-tests,maybe,,n,
yetiforcecompany/yetiforcecrm-tests/mariadb-10.9,yetiforcecompany/yetiforcecrm-tests,maybe,,n,
yetiforcecompany/yetiforcecrm-tests/mysql-latest,yetiforcecompany/yetiforcecrm-tests,maybe,,n,
yetiforcecompany/yetiforcecrm-tests/percona-mysql-5.7,yetiforcecompany/yetiforcecrm-tests,maybe,,n,
yetiforcecompany/yetiforcecrm-tests/percona-mysql-8.0,yetiforcecompany/yetiforcecrm-tests,maybe,,n,
yetiforcecompany/yetiforcecrm-tests/testx,yetiforcecompany/yetiforcecrm-tests,maybe,,n,
yettoapp/actions/.github/workflows/automerge_dependabot.yml,yettoapp/actions,maybe,n,n,
yettoapp/actions/.github/workflows/ruby_gem_release.yml,yettoapp/actions,maybe,n,n,
yettoapp/actions/setup-languages,yettoapp/actions,maybe,n,n,
yifanyang/github-actions/health-metrics/release-diffing,yifanyang/github-actions,maybe,n,n,
yiisoft/actions/.github/workflows/bc.yml,yiisoft/actions,maybe,n,n,
yiisoft/actions/.github/workflows/phpbench.yml,yiisoft/actions,maybe,n,n,
yiisoft/actions/.github/workflows/phpunit.yml,yiisoft/actions,maybe,n,n,
yiisoft/actions/.github/workflows/psalm.yml,yiisoft/actions,maybe,n,n,
yiisoft/actions/.github/workflows/rector.yml,yiisoft/actions,maybe,n,n,
yiisoft/actions/.github/workflows/roave-infection.yml,yiisoft/actions,maybe,n,n,
yiisoft/actions/db/environment-linux,yiisoft/actions,maybe,n,n,
yiisoft/actions/db/subpackage-install,yiisoft/actions,maybe,n,n,
yikun/gitee-mirror-action,yikun/gitee-mirror-action,maybe,,n,
yimura/gtav-sigscan-action,yimura/gtav-sigscan-action,maybe,n,n,
yiwen-chan/go-release-action,yiwen-chan/go-release-action,maybe,,n,
ynput/ci-tools/.github/workflows/milestone_release_ref.yml,ynput/ci-tools,maybe,n,n,
ynput/gha-populate-form-version,ynput/gha-populate-form-version,maybe,n,n,
yoavain/setup-csc,yoavain/setup-csc,maybe,,n,
yogeshpaliyal/keypass,yogeshpaliyal/keypass,maybe,,n,
yohix/deploy-surge,yohix/deploy-surge,maybe,n,n,
yookoala/upload-release-asset,yookoala/upload-release-asset,maybe,n,n,
yoriiis/actions/.github/workflows/lint.yml,yoriiis/actions,maybe,n,n,
yoriiis/actions/.github/workflows/npm-publish.yml,yoriiis/actions,maybe,n,n,
yoriiis/actions/.github/workflows/test-and-build.yml,yoriiis/actions,maybe,n,n,
yourls/.github/.github/workflows/auto-merge.yml,yourls/.github,maybe,,n,
yourls/.github/.github/workflows/lint.yml,yourls/.github,maybe,,n,
ypresto/typescript-error-reporter-action,ypresto/typescript-error-reporter-action,maybe,y,n,
yrashk/setup-docker-macos-action,yrashk/setup-docker-macos-action,maybe,y,n,
ytdl-org/setup-python,ytdl-org/setup-python,maybe,n,n,
yuiseki/issue-triage-action,yuiseki/issue-triage-action,maybe,n,n,
yujincheng08/sign-android-release,yujincheng08/sign-android-release,maybe,n,n,
yuzutech/zulip-send-message-action,yuzutech/zulip-send-message-action,maybe,n,n,
yyx990803/release-tag,yyx990803/release-tag,maybe,n,y,y
z-shell/.github/.github/workflows/trunk.yml,z-shell/.github,maybe,n,n,
z-shell/.github/actions/rebase,z-shell/.github,maybe,n,n,
zachowj/git-auto-commit-action,zachowj/git-auto-commit-action,maybe,n,n,
zahnster/compressed-size-action,zahnster/compressed-size-action,maybe,n,n,
zakodium/documentationjs-action,zakodium/documentationjs-action,maybe,n,n,
zakodium/lactame-action,zakodium/lactame-action,maybe,n,n,
zakodium/typedoc-action,zakodium/typedoc-action,maybe,n,n,
zakodium/workflows/.github/workflows/nodejs.yml,zakodium/workflows,maybe,n,n,
zarel/setup-node,zarel/setup-node,maybe,,n,
zauguin/install-texlive,zauguin/install-texlive,maybe,n,n,
zbazztian/filter-sarif,zbazztian/filter-sarif,maybe,n,n,
zbeekman/shellcheck-linter-action,zbeekman/shellcheck-linter-action,maybe,,n,
zcong1993/actions-ding,zcong1993/actions-ding,maybe,n,n,
zeebe-io/backport-action,zeebe-io/backport-action,maybe,n,n,
zeebe-io/zeebe-performance-test/.github/workflows/measure.yaml,zeebe-io/zeebe-performance-test,maybe,n,n,
zeek/ci-email-action,zeek/ci-email-action,maybe,n,n,
zeitonline/gh-action-workflows/.github/workflows/build-test-push.yaml,zeitonline/gh-action-workflows,maybe,n,n,
zeke/semantic-pull-requests,zeke/semantic-pull-requests,maybe,n,n,
zencargo/turnstyle,zencargo/turnstyle,maybe,y,n,
zendesk/action-create-release,zendesk/action-create-release,maybe,n,n,
zendesk/cache,zendesk/cache,maybe,n,n,
zendesk/checkout,zendesk/checkout,maybe,n,n,
zendesk/setup-buildx-action,zendesk/setup-buildx-action,maybe,n,n,
zendesk/setup-ruby,zendesk/setup-ruby,maybe,n,n,
zenml-io/template-e2e-batch/.github/actions/e2e_template_test,zenml-io/template-e2e-batch,maybe,n,n,
zenml-io/zenml-project-templates/.github/actions/starter_template_test,zenml-io/zenml-project-templates,maybe,n,n,
zenstruck/.github,zenstruck/.github,maybe,n,n,
zenstruck/.github/.github/workflows/php-composer-validate.yml,zenstruck/.github,maybe,n,n,
zenstruck/.github/.github/workflows/php-cs-fixer.yml,zenstruck/.github,maybe,n,n,
zepatrik/nancy-github-action,zepatrik/nancy-github-action,maybe,n,n,
zephir-lang/templates/.github/workflows/phalcon-install-from-build.yml,zephir-lang/templates,maybe,n,n,
zephir-lang/templates/.github/workflows/phalcon-pecl-8.1.yml,zephir-lang/templates,maybe,n,n,
zephir-lang/templates/.github/workflows/phalcon-pecl.yml,zephir-lang/templates,maybe,n,n,
zephir-lang/templates/.github/workflows/phalcon-stubs-zephir-composer.yml,zephir-lang/templates,maybe,n,n,
zephir-lang/templates/.github/workflows/phalcon-stubs.yml,zephir-lang/templates,maybe,n,n,
zephir-lang/templates/.github/workflows/phpcs.yml,zephir-lang/templates,maybe,n,n,
zephyrproject-rtos/action-backport,zephyrproject-rtos/action-backport,maybe,n,n,
zephyrproject-rtos/action-manifest,zephyrproject-rtos/action-manifest,maybe,n,n,
zeshuaro/github-actions-workflows/.github/workflows/close-stale.yml,zeshuaro/github-actions-workflows,maybe,n,n,
zeshuaro/github-actions-workflows/.github/workflows/lock-threads.yml,zeshuaro/github-actions-workflows,maybe,n,n,
zeshuaro/github-actions-workflows/.github/workflows/pull-request.yml,zeshuaro/github-actions-workflows,maybe,n,n,
zeshuaro/github-actions-workflows/.github/workflows/scheduled.yml,zeshuaro/github-actions-workflows,maybe,n,n,
zexi/action-issues-notify,zexi/action-issues-notify,maybe,n,n,
zhanghongtong/upload-release-asset,zhanghongtong/upload-release-asset,maybe,n,n,
zhaofengli/nix-installer-action,zhaofengli/nix-installer-action,maybe,n,n,
zhaojh329/auto-changelog,zhaojh329/auto-changelog,maybe,n,n,
zhesun88/check-user-permission,zhesun88/check-user-permission,maybe,,n,
zhicwu/action-automatic-releases,zhicwu/action-automatic-releases,maybe,n,n,
zhicwu/action-maven-publish,zhicwu/action-maven-publish,maybe,n,n,
zhicwu/checkstyle-action,zhicwu/checkstyle-action,maybe,n,n,
zhulik/redis-action,zhulik/redis-action,maybe,y,n,
zigpy/workflows/.github/workflows/ci.yml,zigpy/workflows,maybe,n,n,
zigpy/workflows/.github/workflows/publish-to-pypi.yml,zigpy/workflows,maybe,n,n,
zilliqa/gh-actions-workflows/.github/workflows/ci-dockerized-app-build-push-docker-hub.yml,zilliqa/gh-actions-workflows,maybe,,n,
zilliqa/gh-actions-workflows/.github/workflows/ci-dockerized-app-build-push-ecr.yml,zilliqa/gh-actions-workflows,maybe,,n,
zilliqa/gh-actions-workflows/actions/configure-aws-credentials,zilliqa/gh-actions-workflows,maybe,,n,
zing-actions/setup-java,zing-actions/setup-java,maybe,y,n,
zinggai/zingg/.github/workflows/build.yml,zinggai/zingg,maybe,n,n,
zingimmick/github-action-get-current-tag,zingimmick/github-action-get-current-tag,maybe,n,n,
zokugun/github-actions-aur-releaser,zokugun/github-actions-aur-releaser,maybe,n,n,
zowe-actions/octorelease,zowe-actions/octorelease,maybe,n,n,
zowe-actions/octorelease/script,zowe-actions/octorelease,maybe,n,n,
zrhoffman/junit-report-annotations-action,zrhoffman/junit-report-annotations-action,maybe,n,n,
zricethezav/gitleaks-action,zricethezav/gitleaks-action,maybe,y,n,
zthulj/changelog-and-tag-action,zthulj/changelog-and-tag-action,maybe,n,n,
zulip/github-actions-zulip,zulip/github-actions-zulip,maybe,n,n,
zulip/github-actions-zulip/send-message,zulip/github-actions-zulip,maybe,n,n,
zupit/header-license-checker,zupit/header-license-checker,maybe,,n,
zupit/zup-dco-validator,zupit/zup-dco-validator,maybe,,n,
zwaldowski/cspell-action,zwaldowski/cspell-action,maybe,n,n,
zyrouge/gh-push-action,zyrouge/gh-push-action,maybe,n,n,
zzak/action-discord,zzak/action-discord,maybe,n,n,
zzak/action-discord/.github/workflows/notify.yml,zzak/action-discord,maybe,n,n,
zzzze/webhook-trigger,zzzze/webhook-trigger,maybe,n,n,
eine/tip,eine/tip,maybe,n,n,
nuget/setup-nuget,nuget/setup-nuget,maybe,y,n,
