action_name,matched_key,bucket
$integ_test_repo,—,no
${{ env.gha_checkout_version }},—,no
${{ env.gha_download_artifact_version }},—,no
${{ env.gha_setup_go_version }},—,no
${{ env.gha_setup_java_version }},—,no
${{ env.gha_upload_artifact_version }},—,no
${{ github.repository_owner }}/proxysql/.github/workflows/ci-3p-mysql-connector-j.yml,—,no
${{ github.repository_owner }}/proxysql/test/gh-actions/ci-3p-mysql-connector-j.yml,—,no
${{ github.workspace }}/monorepo/projects/github-actions/push-to-mirrors,—,no
${{ matrix.action }},—,no
${{matrix.cache_action}},—,no
.,—,no
../.github/actions/build-linux-artifacts,—,no
../.github/actions/smoke-test,—,no
../actions/run-loki,—,no
./${{ env.repo_workdir }}/.github/actions/generate-checksums,—,no
./../__tool_action_dir__,—,no
./../action/.github/actions/check-codescanning-config,—,no
./../action/.github/actions/check-sarif,—,no
./../action/.github/actions/setup-swift,—,no
./../action/.github/check-codescanning-config,—,no
./../action/.github/check-sarif,—,no
./../action/.github/setup-swift,—,no
./../action/analyze,—,no
./../action/autobuild,—,no
./../action/init,—,no
./../action/resolve-environment,—,no
./../action/upload-sarif,—,no
./../actions/check-sentry-action,—,no
./../actions/release-tag-action,—,no
./../actions/set-sentry-action,—,no
././.github/actions/project-build,—,no
././actions/one-on-one,—,no
./.actions/maintain-one-comment,—,no
./.actions/nose-report-action,—,no
./.actions/release-bot,—,no
./.devcontainer,—,no
./.docker/lint-xml-configuration,—,no
./.docker/php-7.2,—,no
./.docker/php-7.3,—,no
./.docker/php-7.3-with-xdebug,—,no
./.docker/validate-against-schema,—,no
./.github.actions/extract-version,—,no
./.github/,—,no
./.github/.release/actions/actions/checks/release,—,no
./.github/.release/actions/actions/commands,—,no
./.github/.release/actions/actions/mock-server,—,no
./.github/.release/actions/actions/services/cocoapods,—,no
./.github/.release/actions/actions/services/composer,—,no
./.github/.release/actions/actions/services/github-pages,—,no
./.github/.release/actions/actions/services/github-release,—,no
./.github/.release/actions/actions/services/maven,—,no
./.github/.release/actions/actions/services/npm,—,no
./.github/.release/actions/actions/services/pypi,—,no
./.github/.release/actions/actions/services/rubygems,—,no
./.github/.release/actions/actions/test-reports/upload,—,no
./.github/.release/actions/actions/utils/assign-reviewers,—,no
./.github/.release/actions/actions/utils/fast-jobs-failure,—,no
./.github/.release/actions/actions/validators/pubnub-yml,—,no
./.github/action-release/,—,no
./.github/action/,—,no
./.github/action/github-tag-action,—,no
./.github/action/pipeline,—,no
./.github/action/setup-gnu,—,no
./.github/actions,—,no
./.github/actions/0_setup,—,no
./.github/actions/1_build,—,no
./.github/actions/2_deploy,—,no
./.github/actions/abi-compat,—,no
./.github/actions/action-publish-gradle,—,no
./.github/actions/actions-ding,—,no
./.github/actions/actions-netlify,—,no
./.github/actions/actions/fast-substrate,—,no
./.github/actions/add-version-to-channel,—,no
./.github/actions/addlicense-action,—,no
./.github/actions/addon-testgrid-tester,—,no
./.github/actions/after-checkout-prep,—,no
./.github/actions/after-e2e,—,no
./.github/actions/after-job,—,no
./.github/actions/alert-community,—,no
./.github/actions/alerting-endpoint,—,no
./.github/actions/all-tests,—,no
./.github/actions/allure-report,—,no
./.github/actions/allure-report-generate,—,no
./.github/actions/almalinux,—,no
./.github/actions/amazon-linux-build-action,—,no
./.github/actions/analytical-standards-github-actions/issue-labelling,—,no
./.github/actions/analytical-standards-github-actions/issue-templating,—,no
./.github/actions/analytical-standards-github-actions/issue-to-project,—,no
./.github/actions/analyze-comment,—,no
./.github/actions/android,—,no
./.github/actions/android-check,—,no
./.github/actions/android-test,—,no
./.github/actions/androidcheck,—,no
./.github/actions/annotate,—,no
./.github/actions/ansible-tests,—,no
./.github/actions/antora-docs,—,no
./.github/actions/apache/configure,—,no
./.github/actions/api-deploy-ecs,—,no
./.github/actions/app-mobile-monorepo-setup,—,no
./.github/actions/appendtofile,—,no
./.github/actions/apple,—,no
./.github/actions/approve-bot,—,no
./.github/actions/apt-get-qt-deps,—,no
./.github/actions/apt-get/install,—,no
./.github/actions/apt/install,—,no
./.github/actions/apt/provision,—,no
./.github/actions/archive-artifacts,—,no
./.github/actions/archive-surefire-reports,—,no
./.github/actions/archlinux,—,no
./.github/actions/arrayfire,—,no
./.github/actions/artfdel,—,no
./.github/actions/artfdelc,—,no
./.github/actions/artfload,—,no
./.github/actions/artfsave,—,no
./.github/actions/artifact-extract,—,no
./.github/actions/artifact-initialize,—,no
./.github/actions/artifact-name,—,no
./.github/actions/artifact_download,—,no
./.github/actions/artifact_failure,—,no
./.github/actions/artifact_upload,—,no
./.github/actions/artifacts,—,no
./.github/actions/artifacts-restore,—,no
./.github/actions/assemble-gradle,—,no
./.github/actions/assembly-gradle,—,no
./.github/actions/assert-build,—,no
./.github/actions/assign-emulator-profile,—,no
./.github/actions/atorch-pre-commit,—,no
./.github/actions/atorch-python-test,—,no
./.github/actions/aurora-create-database,—,no
./.github/actions/aurora-create-peering-connection,—,no
./.github/actions/aurora-delete-database,—,no
./.github/actions/aurora-delete-peering-connection,—,no
./.github/actions/auth-gcloud,—,no
./.github/actions/auth-tmc,—,no
./.github/actions/authenticate-aws,—,no
./.github/actions/authenticate-ghcr,—,no
./.github/actions/auto-cherry-pick,—,no
./.github/actions/auto-close-pr,—,no
./.github/actions/auto-comment-bot,—,no
./.github/actions/auto-push,—,no
./.github/actions/auto_approval,—,no
./.github/actions/automatic-updates,—,no
./.github/actions/autotools,—,no
./.github/actions/aws-device-farm-run,—,no
./.github/actions/aws-nightly-creds,—,no
./.github/actions/aws-otel-collector-test-framework,—,no
./.github/actions/aws-sam-cli-develop,—,no
./.github/actions/awx_devel_image,—,no
./.github/actions/azure_login,—,no
./.github/actions/azureml-test,—,no
./.github/actions/b2_workflow,—,no
./.github/actions/back-merge,—,no
./.github/actions/backend-tests,—,no
./.github/actions/backend_test,—,no
./.github/actions/backport,—,no
./.github/actions/badge,—,no
./.github/actions/badge/failure,—,no
./.github/actions/badge/publish,—,no
./.github/actions/badge/success,—,no
./.github/actions/badge/write,—,no
./.github/actions/base,—,no
./.github/actions/base-download,—,no
./.github/actions/bash,—,no
./.github/actions/basic-autotools,—,no
./.github/actions/basic-meson,—,no
./.github/actions/bazel,—,no
./.github/actions/bazel-build,—,no
./.github/actions/bazel-docker,—,no
./.github/actions/bazel-fetch,—,no
./.github/actions/bazel-test,—,no
./.github/actions/bazelrc,—,no
./.github/actions/before-e2e,—,no
./.github/actions/before-install,—,no
./.github/actions/benchmark-uploader,—,no
./.github/actions/benchmark_cloud,—,no
./.github/actions/benchmark_local,—,no
./.github/actions/benchmarks,—,no
./.github/actions/bin/diff-check,—,no
./.github/actions/binary-compatible-builds,—,no
./.github/actions/black,—,no
./.github/actions/boost_clone,—,no
./.github/actions/boot,—,no
./.github/actions/bootstrap,—,no
./.github/actions/bootstrap-cache,—,no
./.github/actions/bootstrap-test-lakefs,—,no
./.github/actions/brain-test,—,no
./.github/actions/branch,—,no
./.github/actions/branch-preview,—,no
./.github/actions/breeze,—,no
./.github/actions/btp,—,no
./.github/actions/build,—,no
./.github/actions/build-action,—,no
./.github/actions/build-admin-frontend,—,no
./.github/actions/build-alpha-package,—,no
./.github/actions/build-and-publish-image,—,no
./.github/actions/build-and-publish-image-ssh,—,no
./.github/actions/build-and-publish-server,—,no
./.github/actions/build-and-run-kuzzle,—,no
./.github/actions/build-and-test,—,no
./.github/actions/build-api-doc,—,no
./.github/actions/build-app,—,no
./.github/actions/build-artifacts/cache,—,no
./.github/actions/build-artifacts/restore,—,no
./.github/actions/build-ats-test-rpm,—,no
./.github/actions/build-backend-binary,—,no
./.github/actions/build-binary,—,no
./.github/actions/build-cache,—,no
./.github/actions/build-ci-images,—,no
./.github/actions/build-ciab,—,no
./.github/actions/build-component-multi-arch,—,no
./.github/actions/build-component-per-arch,—,no
./.github/actions/build-compute-binary,—,no
./.github/actions/build-container,—,no
./.github/actions/build-contracts,—,no
./.github/actions/build-core,—,no
./.github/actions/build-cpp,—,no
./.github/actions/build-dependencies,—,no
./.github/actions/build-dependencies-installation,—,no
./.github/actions/build-deps,—,no
./.github/actions/build-desktop,—,no
./.github/actions/build-dev-builder-image,—,no
./.github/actions/build-dev-builder-images,—,no
./.github/actions/build-dist,—,no
./.github/actions/build-docker,—,no
./.github/actions/build-docker-image,—,no
./.github/actions/build-docker-images,—,no
./.github/actions/build-docs,—,no
./.github/actions/build-es,—,no
./.github/actions/build-es6,—,no
./.github/actions/build-essential,—,no
./.github/actions/build-fabric-cached,—,no
./.github/actions/build-failure-log,—,no
./.github/actions/build-firmware,—,no
./.github/actions/build-for-integrations,—,no
./.github/actions/build-freeradius,—,no
./.github/actions/build-front-end,—,no
./.github/actions/build-frontend,—,no
./.github/actions/build-gcc,—,no
./.github/actions/build-go,—,no
./.github/actions/build-gosop,—,no
./.github/actions/build-graalvm-native,—,no
./.github/actions/build-helm,—,no
./.github/actions/build-helper,—,no
./.github/actions/build-image,—,no
./.github/actions/build-image-terraform,—,no
./.github/actions/build-images,—,no
./.github/actions/build-intermediate,—,no
./.github/actions/build-keycloak,—,no
./.github/actions/build-library,—,no
./.github/actions/build-lichobile-apk,—,no
./.github/actions/build-linux,—,no
./.github/actions/build-linux-artifacts,—,no
./.github/actions/build-mac,—,no
./.github/actions/build-mac-osx,—,no
./.github/actions/build-macos,—,no
./.github/actions/build-macos-artifacts,—,no
./.github/actions/build-mage,—,no
./.github/actions/build-manylinux,—,no
./.github/actions/build-matrix,—,no
./.github/actions/build-maven,—,no
./.github/actions/build-membership-token,—,no
./.github/actions/build-n-cache-image,—,no
./.github/actions/build-nautobot-image,—,no
./.github/actions/build-nix,—,no
./.github/actions/build-node,—,no
./.github/actions/build-nominatim,—,no
./.github/actions/build-npm,—,no
./.github/actions/build-number,—,no
./.github/actions/build-obs,—,no
./.github/actions/build-onedir-bare,—,no
./.github/actions/build-onedir-deps,—,no
./.github/actions/build-onedir-pkg,—,no
./.github/actions/build-package,—,no
./.github/actions/build-package-bundle,—,no
./.github/actions/build-packages,—,no
./.github/actions/build-params,—,no
./.github/actions/build-parser,—,no
./.github/actions/build-phalcon-linux,—,no
./.github/actions/build-phalcon-mac,—,no
./.github/actions/build-phalcon-win,—,no
./.github/actions/build-phobos,—,no
./.github/actions/build-prod-images,—,no
./.github/actions/build-program,—,no
./.github/actions/build-prouter,—,no
./.github/actions/build-prql-js,—,no
./.github/actions/build-prql-python,—,no
./.github/actions/build-prqlc,—,no
./.github/actions/build-pruntime,—,no
./.github/actions/build-publish-alpha-package,—,no
./.github/actions/build-publish-chainlink,—,no
./.github/actions/build-push-docker-gcr,—,no
./.github/actions/build-push-image,—,no
./.github/actions/build-reference,—,no
./.github/actions/build-repository-bundle,—,no
./.github/actions/build-rpm,—,no
./.github/actions/build-rpms,—,no
./.github/actions/build-rti-docker,—,no
./.github/actions/build-ruby,—,no
./.github/actions/build-rust,—,no
./.github/actions/build-server,—,no
./.github/actions/build-server-image,—,no
./.github/actions/build-setup,—,no
./.github/actions/build-sign-publish-chainlink,—,no
./.github/actions/build-solution,—,no
./.github/actions/build-source-tarball,—,no
./.github/actions/build-sqljs,—,no
./.github/actions/build-src,—,no
./.github/actions/build-sssd-srpm,—,no
./.github/actions/build-teardown,—,no
./.github/actions/build-tensorflow,—,no
./.github/actions/build-test,—,no
./.github/actions/build-test-environment,—,no
./.github/actions/build-test-image,—,no
./.github/actions/build-token-metadata,—,no
./.github/actions/build-tokens,—,no
./.github/actions/build-tsc,—,no
./.github/actions/build-vsix,—,no
./.github/actions/build-web,—,no
./.github/actions/build-webos,—,no
./.github/actions/build-wheel,—,no
./.github/actions/build-win,—,no
./.github/actions/build-windows,—,no
./.github/actions/build-windows-artifacts,—,no
./.github/actions/build-with-cmake,—,no
./.github/actions/build-xtgeo,—,no
./.github/actions/build-zeebe,—,no
./.github/actions/build-zui,—,no
./.github/actions/build/binaries,—,no
./.github/actions/build/docker,—,no
./.github/actions/build/dpkg,—,no
./.github/actions/build_and_check,—,no
./.github/actions/build_and_upload,—,no
./.github/actions/build_binaries,—,no
./.github/actions/build_bindings_python,—,no
./.github/actions/build_bootstrapper,—,no
./.github/actions/build_cdbg,—,no
./.github/actions/build_ci,—,no
./.github/actions/build_cli,—,no
./.github/actions/build_core_dependencies,—,no
./.github/actions/build_debug,—,no
./.github/actions/build_debug_hive,—,no
./.github/actions/build_debugd,—,no
./.github/actions/build_disk_mapper,—,no
./.github/actions/build_extensions,—,no
./.github/actions/build_info,—,no
./.github/actions/build_linux,—,no
./.github/actions/build_linux_hive,—,no
./.github/actions/build_macos,—,no
./.github/actions/build_measurement_reader,—,no
./.github/actions/build_micro-service,—,no
./.github/actions/build_micro_service,—,no
./.github/actions/build_micro_service_ko,—,no
./.github/actions/build_node,—,no
./.github/actions/build_osx,—,no
./.github/actions/build_pandas,—,no
./.github/actions/build_release,—,no
./.github/actions/build_ruby,—,no
./.github/actions/build_upgrade_agent,—,no
./.github/actions/build_win,—,no
./.github/actions/buildbuddy,—,no
./.github/actions/buildcocoasdk,—,no
./.github/actions/buildcontainer,—,no
./.github/actions/buildhdf5,—,no
./.github/actions/buildnative,—,no
./.github/actions/buildnetcdf,—,no
./.github/actions/buildnetcdff,—,no
./.github/actions/buildpnetcdf,—,no
./.github/actions/buildtestinstall,—,no
./.github/actions/buildx,—,no
./.github/actions/buildx-setup,—,no
./.github/actions/bump-lockfile,—,no
./.github/actions/bump-version,—,no
./.github/actions/bump-versions,—,no
./.github/actions/bundle_size_test,—,no
./.github/actions/c-filedemo,—,no
./.github/actions/ca,—,no
./.github/actions/cache,—,no
./.github/actions/cache-bootstrap,—,no
./.github/actions/cache-build,—,no
./.github/actions/cache-config-integration-tests,—,no
./.github/actions/cache-crates,—,no
./.github/actions/cache-db,—,no
./.github/actions/cache-deps,—,no
./.github/actions/cache-go-dependencies,—,no
./.github/actions/cache-gradle,—,no
./.github/actions/cache-gradle-dependencies,—,no
./.github/actions/cache-konan,—,no
./.github/actions/cache-node-modules,—,no
./.github/actions/cache-on-main,—,no
./.github/actions/cache-pip,—,no
./.github/actions/cache-project-dependencies,—,no
./.github/actions/cache-rust-deps,—,no
./.github/actions/cache-setup,—,no
./.github/actions/cache-ui-dependencies,—,no
./.github/actions/cached-install,—,no
./.github/actions/cached-node-modules,—,no
./.github/actions/cached-rust,—,no
./.github/actions/cached-toolchain,—,no
./.github/actions/caching,—,no
./.github/actions/calculate-prefetch-matrix,—,no
./.github/actions/call-rush,—,no
./.github/actions/cancel_azureml_jobs,—,no
./.github/actions/cargo-binstall-cbindgen,—,no
./.github/actions/cargo-build-macos-binary,—,no
./.github/actions/cargo-install,—,no
./.github/actions/cargo-install-upload-artifacts,—,no
./.github/actions/cargo-llvm-cov,—,no
./.github/actions/cargo-publish,—,no
./.github/actions/cargo-semver-checks,—,no
./.github/actions/cargo-zigbuild,—,no
./.github/actions/cargo_home_cache,—,no
./.github/actions/cargo_target_dir_cache,—,no
./.github/actions/cargo_target_dir_pre_cache,—,no
./.github/actions/ccache,—,no
./.github/actions/cdn_assets,—,no
./.github/actions/centos7,—,no
./.github/actions/centos8,—,no
./.github/actions/centos_7_setup,—,no
./.github/actions/certify-openshift-images,—,no
./.github/actions/cf-deploy,—,no
./.github/actions/change-release-intent,—,no
./.github/actions/changed,—,no
./.github/actions/changed-packages,—,no
./.github/actions/changelog,—,no
./.github/actions/changes,—,no
./.github/actions/channel,—,no
./.github/actions/chart-testing-action,—,no
./.github/actions/chart/test,—,no
./.github/actions/check,—,no
./.github/actions/check-aptos-core,—,no
./.github/actions/check-build-artifacts,—,no
./.github/actions/check-changelog,—,no
./.github/actions/check-changes,—,no
./.github/actions/check-diff,—,no
./.github/actions/check-dirty-git,—,no
./.github/actions/check-diskspace,—,no
./.github/actions/check-docs,—,no
./.github/actions/check-duplicate-tests,—,no
./.github/actions/check-ext-build,—,no
./.github/actions/check-if-pr-is-low-risk,—,no
./.github/actions/check-ignore-list,—,no
./.github/actions/check-machine,—,no
./.github/actions/check-metas,—,no
./.github/actions/check-milestone-exists,—,no
./.github/actions/check-objdump,—,no
./.github/actions/check-pr-approval,—,no
./.github/actions/check-pr-status,—,no
./.github/actions/check-secrets,—,no
./.github/actions/check-skip-acceptance-tests,—,no
./.github/actions/check-version-lock,—,no
./.github/actions/check_artifact_exists,—,no
./.github/actions/check_clean,—,no
./.github/actions/check_for_pickled,—,no
./.github/actions/check_proto,—,no
./.github/actions/check_run_ee,—,no
./.github/actions/check_test_project_fixture,—,no
./.github/actions/check_untracked_changes,—,no
./.github/actions/check_version,—,no
./.github/actions/checkout,—,no
./.github/actions/checkout-and-setup,—,no
./.github/actions/checkout-code,—,no
./.github/actions/checkout-go,—,no
./.github/actions/checkout-pr,—,no
./.github/actions/checkout-submodules,—,no
./.github/actions/checkout-submodules-and-bootstrap,—,no
./.github/actions/checkout_ancestor_commit,—,no
./.github/actions/checkout_cask_pr,—,no
./.github/actions/checkpoint-sync,—,no
./.github/actions/checks-job-pass,—,no
./.github/actions/checks-success,—,no
./.github/actions/checkstyle,—,no
./.github/actions/choco,—,no
./.github/actions/choose-container-repo,—,no
./.github/actions/choose-container-repo-and-determine-image-tag,—,no
./.github/actions/chromedriver-updater,—,no
./.github/actions/chroot-bind-mount,—,no
./.github/actions/ci,—,no
./.github/actions/ci-checks,—,no
./.github/actions/ci-incr-build-cache-prepare,—,no
./.github/actions/ci-incr-build-cache-save,—,no
./.github/actions/ci-lock-file-bump,—,no
./.github/actions/ci-npm-publish,—,no
./.github/actions/ci-prepare,—,no
./.github/actions/ci-release-commit,—,no
./.github/actions/ci-save-split-tests,—,no
./.github/actions/ci-setup,—,no
./.github/actions/ci-setup-assets,—,no
./.github/actions/ci-setup-rails,—,no
./.github/actions/ci-setup-split-tests,—,no
./.github/actions/ci-shared-setup,—,no
./.github/actions/ci-swan,—,no
./.github/actions/ci-test,—,no
./.github/actions/ci-tests,—,no
./.github/actions/ci/build,—,no
./.github/actions/ci/launch,—,no
./.github/actions/ci/sonobuoy,—,no
./.github/actions/ci_instrumented_tests,—,no
./.github/actions/ci_prologue,—,no
./.github/actions/ci_relay,—,no
./.github/actions/cilium-config,—,no
./.github/actions/circleci,—,no
./.github/actions/clang-format,—,no
./.github/actions/clean-disk,—,no
./.github/actions/clean-images,—,no
./.github/actions/clean-nightly-env/aliyunlinux,—,no
./.github/actions/clean-nightly-env/centos,—,no
./.github/actions/clean-nightly-env/ubuntu,—,no
./.github/actions/clean-runner,—,no
./.github/actions/cleanup,—,no
./.github/actions/cleanup-archived-projects,—,no
./.github/actions/cleanup-conda,—,no
./.github/actions/cleanup-files,—,no
./.github/actions/cleanup-java-env,—,no
./.github/actions/cleanup-kluster,—,no
./.github/actions/clear-old-nx-cache,—,no
./.github/actions/clickhouse,—,no
./.github/actions/cloudflare-deploy,—,no
./.github/actions/cmake,—,no
./.github/actions/cmake-build,—,no
./.github/actions/cmake-configure,—,no
./.github/actions/cmake-windows,—,no
./.github/actions/cmake/build,—,no
./.github/actions/cmake/install,—,no
./.github/actions/cmake/package,—,no
./.github/actions/cmake/test,—,no
./.github/actions/cmake_config,—,no
./.github/actions/cmake_workflow,—,no
./.github/actions/cocoapods,—,no
./.github/actions/code-checks,—,no
./.github/actions/code-coverage,—,no
./.github/actions/code-freeze,—,no
./.github/actions/codecov,—,no
./.github/actions/codecov-action,—,no
./.github/actions/collect-changes,—,no
./.github/actions/collect-kube-resources,—,no
./.github/actions/collect-reports,—,no
./.github/actions/collect-test-artifacts,—,no
./.github/actions/collect-testing-logs,—,no
./.github/actions/combinereportsfrome2e,—,no
./.github/actions/comment,—,no
./.github/actions/comment-docs-preview-in-pr,—,no
./.github/actions/comment-on-issue,—,no
./.github/actions/comment-on-pr,—,no
./.github/actions/comment-pr-instructions,—,no
./.github/actions/comment-preview-on-pr,—,no
./.github/actions/comment_command,—,no
./.github/actions/commit-analyzer,—,no
./.github/actions/commit-changes,—,no
./.github/actions/commit-push-as-bot,—,no
./.github/actions/commit-status/end,—,no
./.github/actions/commit-status/start,—,no
./.github/actions/commit_and_submit_pull_request,—,no
./.github/actions/common-setup,—,no
./.github/actions/common-tests,—,no
./.github/actions/common/agentcore,—,no
./.github/actions/common/dubbo,—,no
./.github/actions/common/spring,—,no
./.github/actions/commonsetup,—,no
./.github/actions/compatibility-validator,—,no
./.github/actions/compatibility_check,—,no
./.github/actions/compile,—,no
./.github/actions/compile-gradle,—,no
./.github/actions/compile-maven,—,no
./.github/actions/composer,—,no
./.github/actions/composer/composer/determine-cache-directory,—,no
./.github/actions/composer/composer/install,—,no
./.github/actions/composer/install,—,no
./.github/actions/compute-matrix,—,no
./.github/actions/compute-sdk-test,—,no
./.github/actions/compute-sha256,—,no
./.github/actions/conda-build,—,no
./.github/actions/conda-env,—,no
./.github/actions/conda_installation,—,no
./.github/actions/conditional,—,no
./.github/actions/configure,—,no
./.github/actions/configure-aws-credentials,—,no
./.github/actions/configure-linux,—,no
./.github/actions/configure-workflow,—,no
./.github/actions/constellation_create,—,no
./.github/actions/constellation_destroy,—,no
./.github/actions/constellation_iam_destroy,—,no
./.github/actions/constellation_iam_upgrade,—,no
./.github/actions/container_registry_login,—,no
./.github/actions/context,—,no
./.github/actions/cookie_precommit,—,no
./.github/actions/cookie_test,—,no
./.github/actions/copr-build,—,no
./.github/actions/copy-integration-tests-logs,—,no
./.github/actions/copy-issue,—,no
./.github/actions/copy-test-reports,—,no
./.github/actions/copy-to-sub-locales,—,no
./.github/actions/copy-tokens-from-workspace,—,no
./.github/actions/copy-tokens-to-workspace,—,no
./.github/actions/core-tests,—,no
./.github/actions/count_deps,—,no
./.github/actions/coverage,—,no
./.github/actions/coverage_collection,—,no
./.github/actions/coverage_install,—,no
./.github/actions/coverity,—,no
./.github/actions/cppcheck,—,no
./.github/actions/create-and-test-release,—,no
./.github/actions/create-branch,—,no
./.github/actions/create-branch-tag,—,no
./.github/actions/create-concatenated-ui-monorepo-lock,—,no
./.github/actions/create-conda-env,—,no
./.github/actions/create-container_based-predicate,—,no
./.github/actions/create-dev-env,—,no
./.github/actions/create-dll,—,no
./.github/actions/create-docker_based-predicate,—,no
./.github/actions/create-env-file,—,no
./.github/actions/create-file-update-pr,—,no
./.github/actions/create-issues-from-app-insights,—,no
./.github/actions/create-keychain,—,no
./.github/actions/create-local-properties,—,no
./.github/actions/create-macos-universal-binary,—,no
./.github/actions/create-manifests,—,no
./.github/actions/create-osx-universal-binary,—,no
./.github/actions/create-package,—,no
./.github/actions/create-pr,—,no
./.github/actions/create-prerelease,—,no
./.github/actions/create-pull-request,—,no
./.github/actions/create-release,—,no
./.github/actions/create-release-archive,—,no
./.github/actions/create-release-archive/macos,—,no
./.github/actions/create-release-archive/ubuntu,—,no
./.github/actions/create-release-archive/windows,—,no
./.github/actions/create-release-commit,—,no
./.github/actions/create-release-notes,—,no
./.github/actions/create-release-number,—,no
./.github/actions/create-tag,—,no
./.github/actions/create-test-instance,—,no
./.github/actions/create-venv,—,no
./.github/actions/create-venv-for-tests,—,no
./.github/actions/create_check_status,—,no
./.github/actions/create_mrt,—,no
./.github/actions/cross-build-binary,—,no
./.github/actions/cross-compile-protoc,—,no
./.github/actions/cross-tests,—,no
./.github/actions/ctest,—,no
./.github/actions/ctest-windows,—,no
./.github/actions/curlcmd,—,no
./.github/actions/custom-surge-preview,—,no
./.github/actions/custom-woke-action,—,no
./.github/actions/cypress,—,no
./.github/actions/daily_unittests,—,no
./.github/actions/dangerous-git-checkout,—,no
./.github/actions/dart-test,—,no
./.github/actions/data-dump-loading-tests,—,no
./.github/actions/datadog,—,no
./.github/actions/datadog-ci,—,no
./.github/actions/dd-ci-upload,—,no
./.github/actions/debian,—,no
./.github/actions/debpkg-bookworm,—,no
./.github/actions/debpkg-bullseye,—,no
./.github/actions/debpkg-buster,—,no
./.github/actions/debpkg-sid,—,no
./.github/actions/debug-wait,—,no
./.github/actions/decrease-runners,—,no
./.github/actions/decrypt-file,—,no
./.github/actions/deepen-to-merge-base,—,no
./.github/actions/deepspeech-v2,—,no
./.github/actions/deepspeech-v3,—,no
./.github/actions/default,—,no
./.github/actions/default_builder,—,no
./.github/actions/define-dwarfdump-env,—,no
./.github/actions/define-llvm-env,—,no
./.github/actions/delete-deployments,—,no
./.github/actions/delete-groups,—,no
./.github/actions/delete-preview,—,no
./.github/actions/demo/linux,—,no
./.github/actions/demo/macos,—,no
./.github/actions/demo/windows,—,no
./.github/actions/dependencies,—,no
./.github/actions/dependencies/install,—,no
./.github/actions/dependencies/install/apt-get,—,no
./.github/actions/deploy,—,no
./.github/actions/deploy-aas-dev-apps,—,no
./.github/actions/deploy-artifact-to-azure-windows-vm,—,no
./.github/actions/deploy-artifactory,—,no
./.github/actions/deploy-azure,—,no
./.github/actions/deploy-benchmark,—,no
./.github/actions/deploy-binary,—,no
./.github/actions/deploy-bintray,—,no
./.github/actions/deploy-cardie,—,no
./.github/actions/deploy-chaos-mesh,—,no
./.github/actions/deploy-db,—,no
./.github/actions/deploy-dir-as-branch,—,no
./.github/actions/deploy-docs,—,no
./.github/actions/deploy-ember-preview,—,no
./.github/actions/deploy-emqx,—,no
./.github/actions/deploy-gitpod,—,no
./.github/actions/deploy-hub,—,no
./.github/actions/deploy-klt-on-cluster,—,no
./.github/actions/deploy-launchpad,—,no
./.github/actions/deploy-monitoring-satellite,—,no
./.github/actions/deploy-netlify,—,no
./.github/actions/deploy-npm,—,no
./.github/actions/deploy-npm-package,—,no
./.github/actions/deploy-openshift,—,no
./.github/actions/deploy-operator,—,no
./.github/actions/deploy-prometheus-on-cluster,—,no
./.github/actions/deploy-request,—,no
./.github/actions/deploy-reward-root-submitter,—,no
./.github/actions/deploy-reward-scheduler,—,no
./.github/actions/deploy-safe-tools-client,—,no
./.github/actions/deploy-service,—,no
./.github/actions/deploy-ssr-web,—,no
./.github/actions/deploy-status,—,no
./.github/actions/deploy-subgraph-extractor,—,no
./.github/actions/deploy-ui,—,no
./.github/actions/deploy-vercel,—,no
./.github/actions/deploy-vscode-extension,—,no
./.github/actions/deploy-wasm,—,no
./.github/actions/deploy-web-client,—,no
./.github/actions/deploy-web-client-preview,—,no
./.github/actions/deploy-website,—,no
./.github/actions/deploy-workers,—,no
./.github/actions/deploy_docs,—,no
./.github/actions/deployedge,—,no
./.github/actions/deployment,—,no
./.github/actions/deps,—,no
./.github/actions/describe,—,no
./.github/actions/desktop,—,no
./.github/actions/detect-ci-trigger,—,no
./.github/actions/detect-commit-files,—,no
./.github/actions/detect-docker-image-tags,—,no
./.github/actions/detect-env,—,no
./.github/actions/detect-python,—,no
./.github/actions/detect-versions/,—,no
./.github/actions/detect-workflow,—,no
./.github/actions/detect-workflow-js,—,no
./.github/actions/determine-fluentlenium-version,—,no
./.github/actions/determine-status-column,—,no
./.github/actions/determine-version,—,no
./.github/actions/dev-ipfs-pin,—,no
./.github/actions/dev-tool-java,—,no
./.github/actions/dev-tool-python,—,no
./.github/actions/devcontainer_run_command,—,no
./.github/actions/diffs,—,no
./.github/actions/dingtalk-notify,—,no
./.github/actions/discord-message,—,no
./.github/actions/discord-notification-deploy,—,no
./.github/actions/diskspace,—,no
./.github/actions/display-debug-info,—,no
./.github/actions/dlrover-client-test,—,no
./.github/actions/dlrover-python-test,—,no
./.github/actions/dlrover-system-test-criteo-deeprec,—,no
./.github/actions/dlrover-system-test-deepfm,—,no
./.github/actions/dlrover-system-test-deeprec,—,no
./.github/actions/dlrover-system-test-tf115,—,no
./.github/actions/dlrover-system-test-tf2,—,no
./.github/actions/dlrover-trainer-test,—,no
./.github/actions/do-build,—,no
./.github/actions/do_ci,—,no
./.github/actions/docbuild,—,no
./.github/actions/docker,—,no
./.github/actions/docker-build,—,no
./.github/actions/docker-build-deploy,—,no
./.github/actions/docker-build-publish,—,no
./.github/actions/docker-build-push,—,no
./.github/actions/docker-build-scan-push,—,no
./.github/actions/docker-buildx-setup,—,no
./.github/actions/docker-cgroups-ubuntu-22,—,no
./.github/actions/docker-checks,—,no
./.github/actions/docker-clean-dangling,—,no
./.github/actions/docker-clean-image,—,no
./.github/actions/docker-deploy,—,no
./.github/actions/docker-ecr-login,—,no
./.github/actions/docker-image,—,no
./.github/actions/docker-install-macos,—,no
./.github/actions/docker-login,—,no
./.github/actions/docker-manifests,—,no
./.github/actions/docker-prep,—,no
./.github/actions/docker-publish,—,no
./.github/actions/docker-pull,—,no
./.github/actions/docker-push,—,no
./.github/actions/docker-push-variables,—,no
./.github/actions/docker-release,—,no
./.github/actions/docker-runner,—,no
./.github/actions/docker-setup,—,no
./.github/actions/docker-test,—,no
./.github/actions/docker/build,—,no
./.github/actions/docker/build-api,—,no
./.github/actions/docker/build-worker,—,no
./.github/actions/docker/publish,—,no
./.github/actions/docker_setup,—,no
./.github/actions/dockerhub_login,—,no
./.github/actions/docs,—,no
./.github/actions/docs-prerequisites,—,no
./.github/actions/docs/build,—,no
./.github/actions/docs/setup,—,no
./.github/actions/documentation,—,no
./.github/actions/docusaurus-swizzled-warning,—,no
./.github/actions/dosboxin,—,no
./.github/actions/dotcover-report,—,no
./.github/actions/dotnet,—,no
./.github/actions/dotnet-test-build,—,no
./.github/actions/download,—,no
./.github/actions/download-and-publish-benchmark,—,no
./.github/actions/download-and-publish-test-coverage,—,no
./.github/actions/download-artifact,—,no
./.github/actions/download-blob-report-from-azure,—,no
./.github/actions/download-build-artifacts,—,no
./.github/actions/download-built-package,—,no
./.github/actions/download-cache-and-artifacts,—,no
./.github/actions/download-dist,—,no
./.github/actions/download-dm,—,no
./.github/actions/download-engine,—,no
./.github/actions/download-externals-action,—,no
./.github/actions/download-integration-test-artifacts,—,no
./.github/actions/download-locales,—,no
./.github/actions/download-manifests,—,no
./.github/actions/download-mingw,—,no
./.github/actions/download-mods,—,no
./.github/actions/download-node-modules-and-artifacts,—,no
./.github/actions/download-ow,—,no
./.github/actions/download-qt,—,no
./.github/actions/download-qtc,—,no
./.github/actions/download-release-asset,—,no
./.github/actions/download-releases,—,no
./.github/actions/download-tar,—,no
./.github/actions/download-test-data,—,no
./.github/actions/download-translations,—,no
./.github/actions/download-workflow-run-artifact,—,no
./.github/actions/download_coverage_artifacts,—,no
./.github/actions/download_package_artifacts,—,no
./.github/actions/downloadfbuild,—,no
./.github/actions/draft-release,—,no
./.github/actions/driver-tests,—,no
./.github/actions/driver/check-compatibility,—,no
./.github/actions/dump-cluster,—,no
./.github/actions/dump-context,—,no
./.github/actions/dump-log,—,no
./.github/actions/duplicate-check,—,no
./.github/actions/duvet,—,no
./.github/actions/e2e,—,no
./.github/actions/e2e-arc-test,—,no
./.github/actions/e2e-build,—,no
./.github/actions/e2e-builder,—,no
./.github/actions/e2e-common,—,no
./.github/actions/e2e-deploy-vald,—,no
./.github/actions/e2e-deploy-vald-helm-operator,—,no
./.github/actions/e2e-install,—,no
./.github/actions/e2e-install-native,—,no
./.github/actions/e2e-install-olm,—,no
./.github/actions/e2e-install-upgrade,—,no
./.github/actions/e2e-kubernetes,—,no
./.github/actions/e2e-managed,—,no
./.github/actions/e2e-native,—,no
./.github/actions/e2e-setup-composite,—,no
./.github/actions/e2e-shared,—,no
./.github/actions/e2e-telemetry,—,no
./.github/actions/e2e-test,—,no
./.github/actions/e2e-tests,—,no
./.github/actions/e2e-upgrade,—,no
./.github/actions/e2e/atomic-prepare-and-run,—,no
./.github/actions/e2e/cleanup,—,no
./.github/actions/e2e/commit-status/end,—,no
./.github/actions/e2e/commit-status/start,—,no
./.github/actions/e2e/create-cluster,—,no
./.github/actions/e2e/dump-logs,—,no
./.github/actions/e2e/env-setup,—,no
./.github/actions/e2e/install-karpenter,—,no
./.github/actions/e2e/install-prometheus,—,no
./.github/actions/e2e/run-log-tests,—,no
./.github/actions/e2e/slack/notify,—,no
./.github/actions/e2e/upgrade-crds,—,no
./.github/actions/e2e_attestationconfigapi,—,no
./.github/actions/e2e_generate_app,—,no
./.github/actions/e2e_mini,—,no
./.github/actions/e2e_test,—,no
./.github/actions/e2e_validate_generated_app,—,no
./.github/actions/early-terminator,—,no
./.github/actions/eas-build,—,no
./.github/actions/ec2-create-instances,—,no
./.github/actions/ec2-delete-instances,—,no
./.github/actions/echo,—,no
./.github/actions/ecr,—,no
./.github/actions/edb-github-actions/sonarqube,—,no
./.github/actions/elixir-setup,—,no
./.github/actions/elixir_cache,—,no
./.github/actions/enable-dryrun,—,no
./.github/actions/enable-safari,—,no
./.github/actions/encrypt-file,—,no
./.github/actions/end-to-end-test,—,no
./.github/actions/env,—,no
./.github/actions/env-read-file,—,no
./.github/actions/env_protected_pr,—,no
./.github/actions/environment,—,no
./.github/actions/environment-linux,—,no
./.github/actions/equivalence-test,—,no
./.github/actions/es-lint,—,no
./.github/actions/espresso,—,no
./.github/actions/evaluations_environment_setup,—,no
./.github/actions/execute-assert-arc-e2e,—,no
./.github/actions/execute-generate,—,no
./.github/actions/execute-go-tests,—,no
./.github/actions/execute-job-image,—,no
./.github/actions/execute-lint-test,—,no
./.github/actions/execute-pytest-unit,—,no
./.github/actions/execute-pytests,—,no
./.github/actions/export-pom-version,—,no
./.github/actions/expose-pythons,—,no
./.github/actions/extend-space,—,no
./.github/actions/external_runner,—,no
./.github/actions/extism,—,no
./.github/actions/extract,—,no
./.github/actions/extract-issue-links,—,no
./.github/actions/extract-version,—,no
./.github/actions/extract_pipeline_context,—,no
./.github/actions/extractdocker,—,no
./.github/actions/fast-substrate,—,no
./.github/actions/fetch-electron-versions,—,no
./.github/actions/fetch-github-branch-sha,—,no
./.github/actions/fetch-repo,—,no
./.github/actions/fetch-test-config,—,no
./.github/actions/fetch_amplify_backend,—,no
./.github/actions/file-change-determinator,—,no
./.github/actions/filebench/,—,no
./.github/actions/files-changed,—,no
./.github/actions/filter-files,—,no
./.github/actions/find-changed-directories,—,no
./.github/actions/find-pr-number,—,no
./.github/actions/find_latest_image,—,no
./.github/actions/fix-etc-hosts,—,no
./.github/actions/fluentlenium-maven-install,—,no
./.github/actions/fork-result-comment,—,no
./.github/actions/fork-result-label,—,no
./.github/actions/format-action,—,no
./.github/actions/format-jira-links,—,no
./.github/actions/format_coverage,—,no
./.github/actions/formatter,—,no
./.github/actions/formatting,—,no
./.github/actions/free-disk-space,—,no
./.github/actions/free-up-disk-space,—,no
./.github/actions/freebsd,—,no
./.github/actions/freeradius-alt-deps,—,no
./.github/actions/freeradius-deps,—,no
./.github/actions/frontend_test,—,no
./.github/actions/fsat-setup,—,no
./.github/actions/full-or-limited,—,no
./.github/actions/fullnode-sync,—,no
./.github/actions/functional,—,no
./.github/actions/functional-tests,—,no
./.github/actions/fuse_compat,—,no
./.github/actions/fuzzer,—,no
./.github/actions/gajira-close,—,no
./.github/actions/gajira-create,—,no
./.github/actions/gajira-issue-update,—,no
./.github/actions/game-test,—,no
./.github/actions/gar-auth,—,no
./.github/actions/gas-compare,—,no
./.github/actions/gateway,—,no
./.github/actions/gcloud,—,no
./.github/actions/gcloud_creds,—,no
./.github/actions/gcp_login,—,no
./.github/actions/gcpccm_vers_to_build,—,no
./.github/actions/gen-install-scripts,—,no
./.github/actions/generate-appimage,—,no
./.github/actions/generate-attestations,—,no
./.github/actions/generate-bin,—,no
./.github/actions/generate-builder,—,no
./.github/actions/generate-changelog,—,no
./.github/actions/generate-checksums,—,no
./.github/actions/generate-conventional-release-notes,—,no
./.github/actions/generate-doc,—,no
./.github/actions/generate-docs,—,no
./.github/actions/generate-group-send-on-chain,—,no
./.github/actions/generate-groups,—,no
./.github/actions/generate-locales,—,no
./.github/actions/generate-matrix,—,no
./.github/actions/generate-mcbbs-content,—,no
./.github/actions/generate-package-build-matrix,—,no
./.github/actions/generate-prisma-client,—,no
./.github/actions/generate-publish-doc,—,no
./.github/actions/generate-random-port,—,no
./.github/actions/generate-release-note,—,no
./.github/actions/generate-release-notes,—,no
./.github/actions/generate-support-bundle,—,no
./.github/actions/generate-test-dbs,—,no
./.github/actions/generate_bot_token,—,no
./.github/actions/generate_offset_run_number,—,no
./.github/actions/generate_release_notes,—,no
./.github/actions/generatetypeddocs,—,no
./.github/actions/get-affected-packages-paths,—,no
./.github/actions/get-artifact,—,no
./.github/actions/get-avd-arch,—,no
./.github/actions/get-avd-info,—,no
./.github/actions/get-avd-target,—,no
./.github/actions/get-bootjdk,—,no
./.github/actions/get-build-number,—,no
./.github/actions/get-bundles,—,no
./.github/actions/get-commit-message,—,no
./.github/actions/get-google-fonts-list-file/,—,no
./.github/actions/get-jtreg,—,no
./.github/actions/get-keycloak-url,—,no
./.github/actions/get-latest-check,—,no
./.github/actions/get-msys2,—,no
./.github/actions/get-polls-version,—,no
./.github/actions/get-pr-for-commit,—,no
./.github/actions/get-project-changes,—,no
./.github/actions/get-pull-labels,—,no
./.github/actions/get-pull-number,—,no
./.github/actions/get-pull-request,—,no
./.github/actions/get-python-version,—,no
./.github/actions/get-release-notes,—,no
./.github/actions/get-single-select-field-id,—,no
./.github/actions/get-target-branch-build-scripts,—,no
./.github/actions/get-test-groups,—,no
./.github/actions/get-version,—,no
./.github/actions/get-version-and-channel/,—,no
./.github/actions/get-workflow-origin,—,no
./.github/actions/get_cache_key,—,no
./.github/actions/get_publish_flags,—,no
./.github/actions/gh-action-pip-audit/,—,no
./.github/actions/ghassets,—,no
./.github/actions/ghtagchk,—,no
./.github/actions/git-commit,—,no
./.github/actions/git-diff-on-components,—,no
./.github/actions/git-diff/,—,no
./.github/actions/git-dirty-check,—,no
./.github/actions/git-push,—,no
./.github/actions/git-tag,—,no
./.github/actions/git-workaround,—,no
./.github/actions/github-actions-comments,—,no
./.github/actions/github-actions-cpu-cores-2.0.0,—,no
./.github/actions/github-push-action,—,no
./.github/actions/github-release,—,no
./.github/actions/gitleaks-action,—,no
./.github/actions/gitlog,—,no
./.github/actions/gnocchi-container,—,no
./.github/actions/go,—,no
./.github/actions/go-cache,—,no
./.github/actions/go-check-setup,—,no
./.github/actions/go-common,—,no
./.github/actions/go-fmt,—,no
./.github/actions/go-report,—,no
./.github/actions/go-setup,—,no
./.github/actions/go-setup-and-test,—,no
./.github/actions/go-setup-cache,—,no
./.github/actions/go-test,—,no
./.github/actions/go-test-setup,—,no
./.github/actions/go-tidy,—,no
./.github/actions/go-version,—,no
./.github/actions/go/lint,—,no
./.github/actions/go/test,—,no
./.github/actions/godot-build,—,no
./.github/actions/godot-cache,—,no
./.github/actions/godot-deps,—,no
./.github/actions/godot-prepare-artifact,—,no
./.github/actions/gofmt,—,no
./.github/actions/golang,—,no
./.github/actions/golangci-lint,—,no
./.github/actions/gomodtidy,—,no
./.github/actions/goreleaser-build-sign-publish,—,no
./.github/actions/goturn,—,no
./.github/actions/gradle,—,no
./.github/actions/gradle-cache,—,no
./.github/actions/gradle-caches,—,no
./.github/actions/gradle-emulator-tests,—,no
./.github/actions/gradle-enterprise,—,no
./.github/actions/gradle-opts,—,no
./.github/actions/gradle-setup,—,no
./.github/actions/gradle-task,—,no
./.github/actions/gradle-task-with-commit,—,no
./.github/actions/gradle-tasks-with-emulator,—,no
./.github/actions/gradle_cache,—,no
./.github/actions/gradle_docker,—,no
./.github/actions/grype,—,no
./.github/actions/gvsbuild,—,no
./.github/actions/handle-tagged-build,—,no
./.github/actions/has-changesets,—,no
./.github/actions/health-client-integration-tests,—,no
./.github/actions/helm,—,no
./.github/actions/helm-default,—,no
./.github/actions/helm-gh-pages,—,no
./.github/actions/helm/publish,—,no
./.github/actions/host-build,—,no
./.github/actions/hugepages,—,no
./.github/actions/hyperjump-comment,—,no
./.github/actions/hyperjump-labels,—,no
./.github/actions/hyperjump-request-review,—,no
./.github/actions/idf,—,no
./.github/actions/igluctl-lint,—,no
./.github/actions/image-matrix-prep,—,no
./.github/actions/image-summary,—,no
./.github/actions/image_magick,—,no
./.github/actions/import-external-addons,—,no
./.github/actions/increase-runners,—,no
./.github/actions/increment_version_number,—,no
./.github/actions/infinispan-delete-deployment,—,no
./.github/actions/inflate-secrets,—,no
./.github/actions/infra-e2e-test,—,no
./.github/actions/init-jvm-gradle,—,no
./.github/actions/init-jvm-gradle.yml,—,no
./.github/actions/init-make-config,—,no
./.github/actions/init-npm,—,no
./.github/actions/init-test-app,—,no
./.github/actions/init_rust_job,—,no
./.github/actions/injection,—,no
./.github/actions/insert-youtrack-link,—,no
./.github/actions/install,—,no
./.github/actions/install-all-dependences,—,no
./.github/actions/install-all-deps,—,no
./.github/actions/install-anchor/,—,no
./.github/actions/install-and-build-sdk,—,no
./.github/actions/install-build,—,no
./.github/actions/install-build-cache,—,no
./.github/actions/install-build-dependencies,—,no
./.github/actions/install-cargo-vet,—,no
./.github/actions/install-chrome,—,no
./.github/actions/install-cli,—,no
./.github/actions/install-cmake-build-dependencies,—,no
./.github/actions/install-cromwell,—,no
./.github/actions/install-crowdin-cli,—,no
./.github/actions/install-cudnn,—,no
./.github/actions/install-debian-packages,—,no
./.github/actions/install-dependencies,—,no
./.github/actions/install-deps,—,no
./.github/actions/install-deps-unix,—,no
./.github/actions/install-deps-with-current-fc,—,no
./.github/actions/install-doc-dependencies,—,no
./.github/actions/install-driver,—,no
./.github/actions/install-end2end-dependencies,—,no
./.github/actions/install-env,—,no
./.github/actions/install-essential-dependences,—,no
./.github/actions/install-examples,—,no
./.github/actions/install-flatbuffers,—,no
./.github/actions/install-from-git,—,no
./.github/actions/install-frontend-deps,—,no
./.github/actions/install-gcloud,—,no
./.github/actions/install-gh,—,no
./.github/actions/install-go-and-dependencies,—,no
./.github/actions/install-go-and-deps,—,no
./.github/actions/install-groovy,—,no
./.github/actions/install-grpcurl,—,no
./.github/actions/install-homebrew-valgrind,—,no
./.github/actions/install-iceoryx-deps-and-clang,—,no
./.github/actions/install-just,—,no
./.github/actions/install-kustomize,—,no
./.github/actions/install-libraries,—,no
./.github/actions/install-libressl,—,no
./.github/actions/install-libxml2-utils,—,no
./.github/actions/install-linux-build-deps,—,no
./.github/actions/install-linux-dependencies,—,no
./.github/actions/install-llvm,—,no
./.github/actions/install-machine-learning,—,no
./.github/actions/install-macos,—,no
./.github/actions/install-main-dependencies,—,no
./.github/actions/install-master-dependencies,—,no
./.github/actions/install-meltingpot,—,no
./.github/actions/install-mlir-env-runtime-dependencies,—,no
./.github/actions/install-modules,—,no
./.github/actions/install-nature,—,no
./.github/actions/install-nix,—,no
./.github/actions/install-node-and-dependencies,—,no
./.github/actions/install-node-and-deps,—,no
./.github/actions/install-node-deps,—,no
./.github/actions/install-node-modules,—,no
./.github/actions/install-nodejs,—,no
./.github/actions/install-npm-deps,—,no
./.github/actions/install-opencv.yml,—,no
./.github/actions/install-openvino,—,no
./.github/actions/install-oppia-dependencies,—,no
./.github/actions/install-optimization,—,no
./.github/actions/install-pack,—,no
./.github/actions/install-package,—,no
./.github/actions/install-packages,—,no
./.github/actions/install-parcels,—,no
./.github/actions/install-php,—,no
./.github/actions/install-playwright,—,no
./.github/actions/install-playwright-browser,—,no
./.github/actions/install-protoc,—,no
./.github/actions/install-protozero,—,no
./.github/actions/install-psi4,—,no
./.github/actions/install-pusher-cli,—,no
./.github/actions/install-python-upstream,—,no
./.github/actions/install-qt,—,no
./.github/actions/install-qt-support,—,no
./.github/actions/install-rti,—,no
./.github/actions/install-runtime-dependencies,—,no
./.github/actions/install-rust,—,no
./.github/actions/install-rust-toolchain,—,no
./.github/actions/install-solana,—,no
./.github/actions/install-swift,—,no
./.github/actions/install-swiftshader,—,no
./.github/actions/install-system-dependencies,—,no
./.github/actions/install-tmc,—,no
./.github/actions/install-tools,—,no
./.github/actions/install-ubuntu,—,no
./.github/actions/install-vulkan-sdk,—,no
./.github/actions/install-wheel,—,no
./.github/actions/install-windows,—,no
./.github/actions/install-wine,—,no
./.github/actions/install-with-retries,—,no
./.github/actions/install-xldd,—,no
./.github/actions/install-xsltproc,—,no
./.github/actions/install/boost-json,—,no
./.github/actions/install/cmake,—,no
./.github/actions/install/danielaparker-jsoncons,—,no
./.github/actions/install/gtest,—,no
./.github/actions/install/jsoncons,—,no
./.github/actions/install/kazuho-picojson,—,no
./.github/actions/install/libressl,—,no
./.github/actions/install/nlohmann-json,—,no
./.github/actions/install/openssl,—,no
./.github/actions/install/wolfssl,—,no
./.github/actions/install_badabump,—,no
./.github/actions/install_core_deps,—,no
./.github/actions/install_python_and_poetry,—,no
./.github/actions/install_requirements,—,no
./.github/actions/install_runner,—,no
./.github/actions/install_syft_grype,—,no
./.github/actions/install_toolchain,—,no
./.github/actions/int-test,—,no
./.github/actions/integ-test,—,no
./.github/actions/integration,—,no
./.github/actions/integration-test,—,no
./.github/actions/integration-test-setup,—,no
./.github/actions/integration-tests,—,no
./.github/actions/integrationtests,—,no
./.github/actions/intelcompilers,—,no
./.github/actions/interpret-test-results,—,no
./.github/actions/is-defined,—,no
./.github/actions/is_there_only_one,—,no
./.github/actions/issue-assigner/,—,no
./.github/actions/issue_template_bot,—,no
./.github/actions/issues-translate,—,no
./.github/actions/janitor/ami-sweeper,—,no
./.github/actions/janitor/cluster-sweeper,—,no
./.github/actions/java-setup,—,no
./.github/actions/javadoc,—,no
./.github/actions/job-checker,—,no
./.github/actions/job-end,—,no
./.github/actions/job-notify,—,no
./.github/actions/job-preamble,—,no
./.github/actions/job-start,—,no
./.github/actions/junit-report-annotations,—,no
./.github/actions/junit2jira,—,no
./.github/actions/just-setup,—,no
./.github/actions/k3d,—,no
./.github/actions/k3s-cluster,—,no
./.github/actions/k8s-version-config,—,no
./.github/actions/kamel-build,—,no
./.github/actions/kamel-build-binary,—,no
./.github/actions/kamel-config-cluster,—,no
./.github/actions/kamel-install-cluster-setup,—,no
./.github/actions/kamel-prepare-env,—,no
./.github/actions/keycloak-create-dataset,—,no
./.github/actions/keycloak-create-deployment,—,no
./.github/actions/keycloak-delete-deployment,—,no
./.github/actions/kind-action,—,no
./.github/actions/kind-create,—,no
./.github/actions/kots-e2e,—,no
./.github/actions/kots-gke-create,—,no
./.github/actions/kots-gke-delete,—,no
./.github/actions/kserve-dep-setup,—,no
./.github/actions/kubebuilder,—,no
./.github/actions/kubeconform,—,no
./.github/actions/kubectl,—,no
./.github/actions/kubectl-versions,—,no
./.github/actions/kurl-addon-kots-generate,—,no
./.github/actions/kurl-addon-kots-publish,—,no
./.github/actions/kurl-addon-kots-publisher,—,no
./.github/actions/kurl-addon-kots-test,—,no
./.github/actions/kustomizations-install,—,no
./.github/actions/kustomizations-materialize,—,no
./.github/actions/kustomize,—,no
./.github/actions/kustomize-install,—,no
./.github/actions/kustomize-install.yaml,—,no
./.github/actions/kyverno-logs,—,no
./.github/actions/kyverno-wait-ready,—,no
./.github/actions/label-cleanup,—,no
./.github/actions/label-when-approved-action,—,no
./.github/actions/labels,—,no
./.github/actions/lable-on-issue,—,no
./.github/actions/last-workflow-status,—,no
./.github/actions/latest-ipfs-tag,—,no
./.github/actions/latest-kubo-tag,—,no
./.github/actions/latest-wrangler,—,no
./.github/actions/lighthouse_ci,—,no
./.github/actions/lint,—,no
./.github/actions/lint-action,—,no
./.github/actions/lint-and-tests,—,no
./.github/actions/lint-backend,—,no
./.github/actions/lint-build-test,—,no
./.github/actions/lint-go-tfe,—,no
./.github/actions/lint-provider-tfe,—,no
./.github/actions/lint.yaml,—,no
./.github/actions/linting,—,no
./.github/actions/linux,—,no
./.github/actions/linux-build,—,no
./.github/actions/linux-demo,—,no
./.github/actions/linux-deps,—,no
./.github/actions/linux-release-builder,—,no
./.github/actions/linux_appimage,—,no
./.github/actions/linux_armv7l,—,no
./.github/actions/linux_dependencies,—,no
./.github/actions/linux_install,—,no
./.github/actions/linuxenvironmentsetup,—,no
./.github/actions/list-bsps,—,no
./.github/actions/list-changed-crates,—,no
./.github/actions/list-changed-features-action,—,no
./.github/actions/list-changed-files,—,no
./.github/actions/list-features-action,—,no
./.github/actions/list-files-action,—,no
./.github/actions/list-folder-action,—,no
./.github/actions/list-integration-repos,—,no
./.github/actions/list-variants,—,no
./.github/actions/load,—,no
./.github/actions/load-ci-env,—,no
./.github/actions/load-docker-image,—,no
./.github/actions/load-docker-images,—,no
./.github/actions/load-image,—,no
./.github/actions/load-matrix,—,no
./.github/actions/load-native-binaries,—,no
./.github/actions/load-secrets,—,no
./.github/actions/load-venv,—,no
./.github/actions/load_docker,—,no
./.github/actions/local-action,—,no
./.github/actions/local-aggregator-deploy,—,no
./.github/actions/local-artifact-tests,—,no
./.github/actions/local-contract-deploy,—,no
./.github/actions/local-contract-deploy-geth,—,no
./.github/actions/local-contract-deploy-hardhat,—,no
./.github/actions/local-docker,—,no
./.github/actions/local-e2e-tests,—,no
./.github/actions/local-s3,—,no
./.github/actions/local-unit-tests,—,no
./.github/actions/locker,—,no
./.github/actions/lockfile-bump,—,no
./.github/actions/log-ccache-stats,—,no
./.github/actions/log-metric,—,no
./.github/actions/login-buildx-cache,—,no
./.github/actions/login-repo,—,no
./.github/actions/login_azure,—,no
./.github/actions/login_gcp,—,no
./.github/actions/macos_dependencies,—,no
./.github/actions/macos_dmg,—,no
./.github/actions/macos_install,—,no
./.github/actions/main,—,no
./.github/actions/main.yml,—,no
./.github/actions/maintainer-check,—,no
./.github/actions/make-dist,—,no
./.github/actions/make-in-docker,—,no
./.github/actions/make-linux-release,—,no
./.github/actions/make-packages,—,no
./.github/actions/make-version-changes,—,no
./.github/actions/make-windows-release,—,no
./.github/actions/make_init,—,no
./.github/actions/make_release,—,no
./.github/actions/mamba-env,—,no
./.github/actions/manager-image,—,no
./.github/actions/manylinux_2014_setup,—,no
./.github/actions/manylinux_2_24_aarch64,—,no
./.github/actions/manylinux_2_24_x86_64,—,no
./.github/actions/mapnik/build-and-install,—,no
./.github/actions/markdown-link-check,—,no
./.github/actions/matches,—,no
./.github/actions/matrix,—,no
./.github/actions/maven-cache,—,no
./.github/actions/maven-test,—,no
./.github/actions/maximize-disk-space,—,no
./.github/actions/merge,—,no
./.github/actions/merge-pr-changes,—,no
./.github/actions/merge-repo,—,no
./.github/actions/merge-test-reports,—,no
./.github/actions/meson,—,no
./.github/actions/message,—,no
./.github/actions/message_slack,—,no
./.github/actions/message_slack_publishing,—,no
./.github/actions/metadata,—,no
./.github/actions/migration,—,no
./.github/actions/migration_tests,—,no
./.github/actions/milestone-changelog,—,no
./.github/actions/milestone-management,—,no
./.github/actions/miniconda_tests,—,no
./.github/actions/minikube-setup,—,no
./.github/actions/mkdocs,—,no
./.github/actions/mlnx,—,no
./.github/actions/mobilecoin-cache-cargo-package,—,no
./.github/actions/mobilecoin-cache-go-binaries,—,no
./.github/actions/mobilecoin-cache-rust-binaries,—,no
./.github/actions/mobilecoin-cache-seeds,—,no
./.github/actions/mocktest,—,no
./.github/actions/modify-package-json,—,no
./.github/actions/module-rspec,—,no
./.github/actions/module/verify,—,no
./.github/actions/module/verify.yml,—,no
./.github/actions/monero,—,no
./.github/actions/mongo-service,—,no
./.github/actions/monkey-tests,—,no
./.github/actions/monorepo-install,—,no
./.github/actions/msvc-dev-cmd,—,no
./.github/actions/mtime-fix,—,no
./.github/actions/multistrap,—,no
./.github/actions/muslbuilder,—,no
./.github/actions/my-action,—,no
./.github/actions/mypy,—,no
./.github/actions/mysql-client-tests,—,no
./.github/actions/neon-project-create,—,no
./.github/actions/neon-project-delete,—,no
./.github/actions/nerdctl,—,no
./.github/actions/new-issue,—,no
./.github/actions/newman,—,no
./.github/actions/nhost-cli,—,no
./.github/actions/nightly-release,—,no
./.github/actions/nix,—,no
./.github/actions/nix-common-setup,—,no
./.github/actions/nix-ros-build-action,—,no
./.github/actions/nix_installer,—,no
./.github/actions/nix_installer_and_cache,—,no
./.github/actions/nix_upload_store,—,no
./.github/actions/no_merge,—,no
./.github/actions/node,—,no
./.github/actions/node-build,—,no
./.github/actions/node-install,—,no
./.github/actions/node/12,—,no
./.github/actions/node/14,—,no
./.github/actions/node/16,—,no
./.github/actions/node/18,—,no
./.github/actions/node/latest,—,no
./.github/actions/node/oldest,—,no
./.github/actions/node/setup,—,no
./.github/actions/nodejs,—,no
./.github/actions/nomerge,—,no
./.github/actions/non-bazel-docker,—,no
./.github/actions/notarize-macos,—,no
./.github/actions/note,—,no
./.github/actions/notices_generation/,—,no
./.github/actions/notify,—,no
./.github/actions/notify-jira-about-contribution,—,no
./.github/actions/notify-pa-repo-of-new-version,—,no
./.github/actions/notify-push,—,no
./.github/actions/notify-slack,—,no
./.github/actions/notify-status,—,no
./.github/actions/notify-translations,—,no
./.github/actions/notify_failure,—,no
./.github/actions/npm,—,no
./.github/actions/npm-cache,—,no
./.github/actions/npm-check-bundle,—,no
./.github/actions/npm-ci,—,no
./.github/actions/npm-install,—,no
./.github/actions/npm-install-dependencies,—,no
./.github/actions/npm-publish,—,no
./.github/actions/npm-setup,—,no
./.github/actions/nuget-pack,—,no
./.github/actions/nuget-restore,—,no
./.github/actions/numpy_vers,—,no
./.github/actions/nym-hash-releases,—,no
./.github/actions/oc-keycloak-login,—,no
./.github/actions/one-on-one,—,no
./.github/actions/open-pr,—,no
./.github/actions/operator-test,—,no
./.github/actions/orm-tests,—,no
./.github/actions/ortdocker,—,no
./.github/actions/os_build_variables,—,no
./.github/actions/ovsx-publish,—,no
./.github/actions/pack-build,—,no
./.github/actions/pack-phalcon-ext,—,no
./.github/actions/package,—,no
./.github/actions/package-arm,—,no
./.github/actions/package-launchpad,—,no
./.github/actions/package-macos,—,no
./.github/actions/package-obs,—,no
./.github/actions/package-tensorflow,—,no
./.github/actions/package-tests,—,no
./.github/actions/package-windows,—,no
./.github/actions/package_install,—,no
./.github/actions/packages,—,no
./.github/actions/packit,—,no
./.github/actions/pagerduty,—,no
./.github/actions/parallelio_autotools,—,no
./.github/actions/parallelio_cmake,—,no
./.github/actions/parse-compiler,—,no
./.github/actions/parse-version,—,no
./.github/actions/parse-version-command,—,no
./.github/actions/patch-git,—,no
./.github/actions/patch-local-dependencies,—,no
./.github/actions/patch-nightly-version,—,no
./.github/actions/path-diff,—,no
./.github/actions/paths-filter,—,no
./.github/actions/pdk-init,—,no
./.github/actions/people,—,no
./.github/actions/percy-exec,—,no
./.github/actions/perf-check,—,no
./.github/actions/perform-codeql-analysis,—,no
./.github/actions/permissions,—,no
./.github/actions/pgx-init,—,no
./.github/actions/php,—,no
./.github/actions/php7.3,—,no
./.github/actions/php7.4,—,no
./.github/actions/php8.0,—,no
./.github/actions/pingproxy,—,no
./.github/actions/pingserver,—,no
./.github/actions/pio-build,—,no
./.github/actions/pip-cache,—,no
./.github/actions/pip-wheels,—,no
./.github/actions/pip_installation,—,no
./.github/actions/pipdeptree,—,no
./.github/actions/pkg-check,—,no
./.github/actions/pkg-install,—,no
./.github/actions/pkg-publish,—,no
./.github/actions/pkginstall,—,no
./.github/actions/playwright,—,no
./.github/actions/playwright-install,—,no
./.github/actions/plugins-test,—,no
./.github/actions/pnpm,—,no
./.github/actions/pnpm-cache,—,no
./.github/actions/pnpm-diffs,—,no
./.github/actions/pnpm-install,—,no
./.github/actions/pnpm-setup,—,no
./.github/actions/podman-entitlement,—,no
./.github/actions/poetry_setup,—,no
./.github/actions/policy-check-image,—,no
./.github/actions/porter-deploy,—,no
./.github/actions/post-sccache,—,no
./.github/actions/post-test,—,no
./.github/actions/post_tests,—,no
./.github/actions/post_tests_failure,—,no
./.github/actions/post_tests_success,—,no
./.github/actions/power-azure-vm,—,no
./.github/actions/ppa,—,no
./.github/actions/pr,—,no
./.github/actions/pr-base-ref,—,no
./.github/actions/pr-scrub-notify-slack,—,no
./.github/actions/pr_changed_files,—,no
./.github/actions/pr_has_a_valid_issue/,—,no
./.github/actions/pre-commit,—,no
./.github/actions/pre-sccache,—,no
./.github/actions/preflight,—,no
./.github/actions/prep-apps,—,no
./.github/actions/prep-linux-cross,—,no
./.github/actions/preparations-for-updates,—,no
./.github/actions/prepare,—,no
./.github/actions/prepare-analysis,—,no
./.github/actions/prepare-and-publish-test-reports,—,no
./.github/actions/prepare-android-build,—,no
./.github/actions/prepare-build,—,no
./.github/actions/prepare-build-app,—,no
./.github/actions/prepare-build-env,—,no
./.github/actions/prepare-cache-pip,—,no
./.github/actions/prepare-chip-testing,—,no
./.github/actions/prepare-ci,—,no
./.github/actions/prepare-cluster,—,no
./.github/actions/prepare-env,—,no
./.github/actions/prepare-environment,—,no
./.github/actions/prepare-install,—,no
./.github/actions/prepare-ios-build,—,no
./.github/actions/prepare-ios-simulator,—,no
./.github/actions/prepare-kluster,—,no
./.github/actions/prepare-pr,—,no
./.github/actions/prepare-release,—,no
./.github/actions/prepare-rtl,—,no
./.github/actions/prepare-sign,—,no
./.github/actions/prepare-simulator,—,no
./.github/actions/prepare-source,—,no
./.github/actions/prepare-test,—,no
./.github/actions/prepare-test-env,—,no
./.github/actions/prepare-version-bump,—,no
./.github/actions/prepare-webtests,—,no
./.github/actions/prepare_breeze_and_image,—,no
./.github/actions/prepare_ci,—,no
./.github/actions/prepare_cpath_environment,—,no
./.github/actions/prepare_himl_python_env,—,no
./.github/actions/prepare_smoke_test_environment,—,no
./.github/actions/prepare_snap7,—,no
./.github/actions/prepare_vm,—,no
./.github/actions/pretest,—,no
./.github/actions/preview-create,—,no
./.github/actions/preview_branch,—,no
./.github/actions/print-debug,—,no
./.github/actions/print-jvm-thread-dumps,—,no
./.github/actions/private-ipfs-pin,—,no
./.github/actions/private-tangle/setup,—,no
./.github/actions/private-tangle/tear-down,—,no
./.github/actions/process-changelog,—,no
./.github/actions/process-linting-results,—,no
./.github/actions/production-ipfs-pin,—,no
./.github/actions/profile,—,no
./.github/actions/program,—,no
./.github/actions/program/token-metadata-and-metaplex,—,no
./.github/actions/project-build,—,no
./.github/actions/project-manager,—,no
./.github/actions/prometheus-metrics-calc,—,no
./.github/actions/prometheus-run-queries,—,no
./.github/actions/protocol-sync-workspace,—,no
./.github/actions/provision,—,no
./.github/actions/prune-repository,—,no
./.github/actions/pseudo_version,—,no
./.github/actions/publish,—,no
./.github/actions/publish-android,—,no
./.github/actions/publish-artifacts,—,no
./.github/actions/publish-binary,—,no
./.github/actions/publish-bundle,—,no
./.github/actions/publish-crate,—,no
./.github/actions/publish-desktop-artifacts,—,no
./.github/actions/publish-docker,—,no
./.github/actions/publish-docs,—,no
./.github/actions/publish-docs-with-mike,—,no
./.github/actions/publish-from-template,—,no
./.github/actions/publish-github-release,—,no
./.github/actions/publish-image,—,no
./.github/actions/publish-libs,—,no
./.github/actions/publish-metric,—,no
./.github/actions/publish-npm,—,no
./.github/actions/publish-package,—,no
./.github/actions/publish-pages,—,no
./.github/actions/publish-prerelease,—,no
./.github/actions/publish-server-image,—,no
./.github/actions/publish-snapshot,—,no
./.github/actions/publish-spm-tag,—,no
./.github/actions/publish-tests-result,—,no
./.github/actions/publish-to-aur,—,no
./.github/actions/publish-to-cdn,—,no
./.github/actions/publish-version-changes,—,no
./.github/actions/publish-vs-marketplace,—,no
./.github/actions/publish-website,—,no
./.github/actions/publish/publish-rust,—,no
./.github/actions/publish/publish-stronghold-nodejs,—,no
./.github/actions/publish/publish-wasm,—,no
./.github/actions/publish_binary,—,no
./.github/actions/publish_deb,—,no
./.github/actions/publish_image,—,no
./.github/actions/publish_main,—,no
./.github/actions/publish_release,—,no
./.github/actions/publish_repository,—,no
./.github/actions/publish_tag,—,no
./.github/actions/publish_to_npm,—,no
./.github/actions/pull-caches,—,no
./.github/actions/pull-request-toolkit-action,—,no
./.github/actions/purge-m365-data,—,no
./.github/actions/purge-m365-user-data,—,no
./.github/actions/purge-runner-disk,—,no
./.github/actions/push,—,no
./.github/actions/push-artifacts,—,no
./.github/actions/push-caches,—,no
./.github/actions/push-files,—,no
./.github/actions/push-image,—,no
./.github/actions/push_to_mrt,—,no
./.github/actions/py-cache-key,—,no
./.github/actions/py-test,—,no
./.github/actions/py3-tox,—,no
./.github/actions/pyenv,—,no
./.github/actions/pylint,—,no
./.github/actions/pyodide-package,—,no
./.github/actions/pytest,—,no
./.github/actions/pytest-automation,—,no
./.github/actions/pytest_parallel,—,no
./.github/actions/pytest_run,—,no
./.github/actions/pytest_run_python,—,no
./.github/actions/python,—,no
./.github/actions/python-build,—,no
./.github/actions/python-cache,—,no
./.github/actions/python-only,—,no
./.github/actions/python-setup,—,no
./.github/actions/python/pypi-deploy,—,no
./.github/actions/python/setup,—,no
./.github/actions/python_cache/,—,no
./.github/actions/qemu-cross,—,no
./.github/actions/quick_cmake,—,no
./.github/actions/raspi-sysroot,—,no
./.github/actions/read-versions,—,no
./.github/actions/read_keyvault,—,no
./.github/actions/redhat-opdev-preflight-action,—,no
./.github/actions/redis,—,no
./.github/actions/regression-tests,—,no
./.github/actions/release,—,no
./.github/actions/release-archive,—,no
./.github/actions/release-artifacts,—,no
./.github/actions/release-changes,—,no
./.github/actions/release-cn-artifacts,—,no
./.github/actions/release-commit,—,no
./.github/actions/release-dozer-log-js,—,no
./.github/actions/release-image,—,no
./.github/actions/release-image-terraform,—,no
./.github/actions/release-nightly,—,no
./.github/actions/release-notes,—,no
./.github/actions/release-package,—,no
./.github/actions/release-plugin,—,no
./.github/actions/release-server-sync,—,no
./.github/actions/release-site,—,no
./.github/actions/release-tag-meta,—,no
./.github/actions/release/bump-versions,—,no
./.github/actions/release/changelog-generator,—,no
./.github/actions/releaser,—,no
./.github/actions/remote-docker-tag,—,no
./.github/actions/render/defaults,—,no
./.github/actions/render/tests,—,no
./.github/actions/reopen-issue-with-comment,—,no
./.github/actions/replay-verify,—,no
./.github/actions/repo-gardening,—,no
./.github/actions/repo-info,—,no
./.github/actions/report,—,no
./.github/actions/report-code-coverage,—,no
./.github/actions/report-code-size-changes,—,no
./.github/actions/reproducibility_index,—,no
./.github/actions/request-review,—,no
./.github/actions/require-empty-diff,—,no
./.github/actions/require-review,—,no
./.github/actions/rerun-cache,—,no
./.github/actions/restore-cache,—,no
./.github/actions/restore-git-mtimes,—,no
./.github/actions/restore-golang,—,no
./.github/actions/restore-linux,—,no
./.github/actions/restore-node,—,no
./.github/actions/restore-python,—,no
./.github/actions/retest-action,—,no
./.github/actions/retrieve-env,—,no
./.github/actions/reusable-deploy,—,no
./.github/actions/reusable-deploy.yml,—,no
./.github/actions/reusable-prepare-peertube-build,—,no
./.github/actions/reusable-prepare-peertube-run,—,no
./.github/actions/review-dog,—,no
./.github/actions/rmr,—,no
./.github/actions/rng,—,no
./.github/actions/rosa-cli-setup,—,no
./.github/actions/rosetta,—,no
./.github/actions/rpc-perf,—,no
./.github/actions/rpm,—,no
./.github/actions/rpmbuild/,—,no
./.github/actions/ruby-cache,—,no
./.github/actions/run,—,no
./.github/actions/run-action,—,no
./.github/actions/run-and-save-benchmark,—,no
./.github/actions/run-and-save-test-coverage,—,no
./.github/actions/run-android-device-farm-test,—,no
./.github/actions/run-android-emulator-tests,—,no
./.github/actions/run-api,—,no
./.github/actions/run-api-tests,—,no
./.github/actions/run-application,—,no
./.github/actions/run-backend,—,no
./.github/actions/run-backend-tests,—,no
./.github/actions/run-benchmarks,—,no
./.github/actions/run-bwc-suite,—,no
./.github/actions/run-checks,—,no
./.github/actions/run-ci,—,no
./.github/actions/run-ciab,—,no
./.github/actions/run-core-tests,—,no
./.github/actions/run-core-tests/group_1,—,no
./.github/actions/run-core-tests/group_2,—,no
./.github/actions/run-core-tests/group_3,—,no
./.github/actions/run-core-tests/group_4,—,no
./.github/actions/run-coverage,—,no
./.github/actions/run-e2e,—,no
./.github/actions/run-e2e-playwright,—,no
./.github/actions/run-e2e-tests,—,no
./.github/actions/run-ee-server,—,no
./.github/actions/run-examples,—,no
./.github/actions/run-failure-log,—,no
./.github/actions/run-faucet-tests,—,no
./.github/actions/run-fixtures-test,—,no
./.github/actions/run-flake,—,no
./.github/actions/run-gradle,—,no
./.github/actions/run-in-docker-action,—,no
./.github/actions/run-integ-test,—,no
./.github/actions/run-integration-tests,—,no
./.github/actions/run-isort,—,no
./.github/actions/run-linters,—,no
./.github/actions/run-local-api,—,no
./.github/actions/run-loki,—,no
./.github/actions/run-make,—,no
./.github/actions/run-mc-tests,—,no
./.github/actions/run-mediator-agents,—,no
./.github/actions/run-mf-tests,—,no
./.github/actions/run-python-test-set,—,no
./.github/actions/run-rust-client-tests,—,no
./.github/actions/run-smoke-tests,—,no
./.github/actions/run-smoke-tests-windows,—,no
./.github/actions/run-storybook,—,no
./.github/actions/run-tests,—,no
./.github/actions/run-tox,—,no
./.github/actions/run-ts-sdk-e2e-tests,—,no
./.github/actions/run-worker,—,no
./.github/actions/run-wp-tests,—,no
./.github/actions/run_awx_devel,—,no
./.github/actions/run_cifuzz,—,no
./.github/actions/run_docker,—,no
./.github/actions/run_examples,—,no
./.github/actions/run_pre_commit,—,no
./.github/actions/run_tests,—,no
./.github/actions/run_tests_without_building,—,no
./.github/actions/run_tox,—,no
./.github/actions/rune-kill,—,no
./.github/actions/rune2etest,—,no
./.github/actions/runlwmigrations,—,no
./.github/actions/runmigrations,—,no
./.github/actions/runteststaggedas,—,no
./.github/actions/rust,—,no
./.github/actions/rust-bootstrap,—,no
./.github/actions/rust-docker-build,—,no
./.github/actions/rust-docker-manifest,—,no
./.github/actions/rust-sccache,—,no
./.github/actions/rust-setup,—,no
./.github/actions/rust-toolchain,—,no
./.github/actions/rust-toolchain-from-file,—,no
./.github/actions/rust/rust-setup,—,no
./.github/actions/rust/sccache/setup-sccache,—,no
./.github/actions/rust/sccache/setup-sccache-macos,—,no
./.github/actions/rust/sccache/setup-sccache-ubuntu,—,no
./.github/actions/rust/sccache/setup-sccache-windows,—,no
./.github/actions/rust/sccache/stop-sccache,—,no
./.github/actions/rust/sccache/stop-sccache-ubuntu-macos,—,no
./.github/actions/rustup,—,no
./.github/actions/safety,—,no
./.github/actions/sanitize,—,no
./.github/actions/sanity-check,—,no
./.github/actions/save-coverage-data,—,no
./.github/actions/save-logs,—,no
./.github/actions/save-node,—,no
./.github/actions/save_artefacts,—,no
./.github/actions/save_artifacts,—,no
./.github/actions/save_git_info,—,no
./.github/actions/scale-runners-down,—,no
./.github/actions/scale-runners-up,—,no
./.github/actions/scan-docker-image,—,no
./.github/actions/scanbuild,—,no
./.github/actions/sccache,—,no
./.github/actions/scenarios/agentcore,—,no
./.github/actions/scenarios/agentcore/agentcore-common,—,no
./.github/actions/scenarios/agentcore/agentmain,—,no
./.github/actions/scenarios/agentcore/common,—,no
./.github/actions/scenarios/agentcore/dynamic,—,no
./.github/actions/scenarios/agentcore/dynamic-config,—,no
./.github/actions/scenarios/agentcore/premain,—,no
./.github/actions/scenarios/backend/memory,—,no
./.github/actions/scenarios/backend/redis,—,no
./.github/actions/scenarios/dubbo/dubbo-common,—,no
./.github/actions/scenarios/dubbo/lane,—,no
./.github/actions/scenarios/dubbo/monitor,—,no
./.github/actions/scenarios/dubbo/removal,—,no
./.github/actions/scenarios/dubbo/router,—,no
./.github/actions/scenarios/dubbo/visibility,—,no
./.github/actions/scenarios/spring/dynamic-config-nacos,—,no
./.github/actions/scenarios/spring/dynamic-config-zk,—,no
./.github/actions/scenarios/spring/graceful,—,no
./.github/actions/scenarios/spring/lane,—,no
./.github/actions/scenarios/spring/monitor,—,no
./.github/actions/scenarios/spring/removal,—,no
./.github/actions/scenarios/spring/router/spring-router,—,no
./.github/actions/scenarios/spring/router/spring-tag-az-router,—,no
./.github/actions/scenarios/spring/router/spring-tag-router,—,no
./.github/actions/scenarios/spring/spring-common,—,no
./.github/actions/scenarios/spring/visibility,—,no
./.github/actions/scrt,—,no
./.github/actions/seal,—,no
./.github/actions/seal-restore,—,no
./.github/actions/secure-download-artifact,—,no
./.github/actions/secure-download-folder,—,no
./.github/actions/secure-upload-folder,—,no
./.github/actions/security/lockfile,—,no
./.github/actions/select-xcode,—,no
./.github/actions/select_image,—,no
./.github/actions/semantic-release-note,—,no
./.github/actions/semgrep,—,no
./.github/actions/semver-check,—,no
./.github/actions/semver-tags,—,no
./.github/actions/semvercheck,—,no
./.github/actions/send-email,—,no
./.github/actions/send-email-report,—,no
./.github/actions/send-on-chain,—,no
./.github/actions/send-tweet,—,no
./.github/actions/send-webhook-notification,—,no
./.github/actions/send_notification_to_slack,—,no
./.github/actions/service-tests,—,no
./.github/actions/services-validator,—,no
./.github/actions/ses-email-action,—,no
./.github/actions/set-build-image-var,—,no
./.github/actions/set-container-repo-and-determine-image-tag,—,no
./.github/actions/set-env-variables,—,no
./.github/actions/set-heroku-app-name,—,no
./.github/actions/set-image-expiration,—,no
./.github/actions/set-python,—,no
./.github/actions/set-python-conda,—,no
./.github/actions/set-status,—,no
./.github/actions/set-tag,—,no
./.github/actions/set-up-android-bazel-build-environment,—,no
./.github/actions/set-up-cli,—,no
./.github/actions/set-up-git,—,no
./.github/actions/set-up-git-config,—,no
./.github/actions/set-up-go,—,no
./.github/actions/set-up-gotestsum,—,no
./.github/actions/set-up-job,—,no
./.github/actions/set-up-prebuilt-werf-test-binary,—,no
./.github/actions/set-up-yarn-cache,—,no
./.github/actions/set-variables,—,no
./.github/actions/set_persistent_storage_env_vars,—,no
./.github/actions/set_python_versions,—,no
./.github/actions/setenv,—,no
./.github/actions/setup,—,no
./.github/actions/setup-actionlint,—,no
./.github/actions/setup-actions,—,no
./.github/actions/setup-and-build,—,no
./.github/actions/setup-and-cache,—,no
./.github/actions/setup-and-test,—,no
./.github/actions/setup-android,—,no
./.github/actions/setup-android-build,—,no
./.github/actions/setup-android-signing-config,—,no
./.github/actions/setup-apple,—,no
./.github/actions/setup-arc-e2e,—,no
./.github/actions/setup-argocd,—,no
./.github/actions/setup-base,—,no
./.github/actions/setup-bazel-cache,—,no
./.github/actions/setup-bazelisk,—,no
./.github/actions/setup-binaries,—,no
./.github/actions/setup-binary,—,no
./.github/actions/setup-binstall,—,no
./.github/actions/setup-boost,—,no
./.github/actions/setup-branch,—,no
./.github/actions/setup-build,—,no
./.github/actions/setup-build-agent,—,no
./.github/actions/setup-build-env,—,no
./.github/actions/setup-builder,—,no
./.github/actions/setup-buildx-cache,—,no
./.github/actions/setup-cache,—,no
./.github/actions/setup-cached-python,—,no
./.github/actions/setup-caches,—,no
./.github/actions/setup-ccache,—,no
./.github/actions/setup-cheqd,—,no
./.github/actions/setup-chrome,—,no
./.github/actions/setup-chromedriver-filepath,—,no
./.github/actions/setup-ci,—,no
./.github/actions/setup-ci-patterns,—,no
./.github/actions/setup-clang,—,no
./.github/actions/setup-cli,—,no
./.github/actions/setup-cli-deps,—,no
./.github/actions/setup-composer,—,no
./.github/actions/setup-composite,—,no
./.github/actions/setup-conan,—,no
./.github/actions/setup-conda,—,no
./.github/actions/setup-consul,—,no
./.github/actions/setup-contracts-clients,—,no
./.github/actions/setup-cpp,—,no
./.github/actions/setup-db,—,no
./.github/actions/setup-deno,—,no
./.github/actions/setup-dependencies,—,no
./.github/actions/setup-deps,—,no
./.github/actions/setup-dev-env,—,no
./.github/actions/setup-docker,—,no
./.github/actions/setup-docker-environment,—,no
./.github/actions/setup-docker-macos,—,no
./.github/actions/setup-dotnet,—,no
./.github/actions/setup-dvc,—,no
./.github/actions/setup-e2e,—,no
./.github/actions/setup-eks-cluster,—,no
./.github/actions/setup-elasticsearch,—,no
./.github/actions/setup-env,—,no
./.github/actions/setup-env-vars,—,no
./.github/actions/setup-env.yml,—,no
./.github/actions/setup-environment,—,no
./.github/actions/setup-firefox,—,no
./.github/actions/setup-geckodriver,—,no
./.github/actions/setup-git-lfs,—,no
./.github/actions/setup-go,—,no
./.github/actions/setup-godot-deps,—,no
./.github/actions/setup-google-cloud,—,no
./.github/actions/setup-gotestsum,—,no
./.github/actions/setup-graalvm,—,no
./.github/actions/setup-gradle,—,no
./.github/actions/setup-gradle-build,—,no
./.github/actions/setup-hardhat,—,no
./.github/actions/setup-helm,—,no
./.github/actions/setup-idaes,—,no
./.github/actions/setup-identity,—,no
./.github/actions/setup-image-vars,—,no
./.github/actions/setup-indy-pool,—,no
./.github/actions/setup-infra,—,no
./.github/actions/setup-integration-test,—,no
./.github/actions/setup-java,—,no
./.github/actions/setup-java-env,—,no
./.github/actions/setup-java-for-deployment,—,no
./.github/actions/setup-jdk-generate-apk,—,no
./.github/actions/setup-jdks,—,no
./.github/actions/setup-job,—,no
./.github/actions/setup-js,—,no
./.github/actions/setup-js-env,—,no
./.github/actions/setup-jvmci-graal,—,no
./.github/actions/setup-k3d,—,no
./.github/actions/setup-kicad,—,no
./.github/actions/setup-kie-tools-bot,—,no
./.github/actions/setup-kogito-tooling-bot,—,no
./.github/actions/setup-kustomize,—,no
./.github/actions/setup-libcgroup,—,no
./.github/actions/setup-liberation-js,—,no
./.github/actions/setup-liberation-python,—,no
./.github/actions/setup-libindy,—,no
./.github/actions/setup-libssl,—,no
./.github/actions/setup-linux,—,no
./.github/actions/setup-llvm-mingw,—,no
./.github/actions/setup-llvm-msvc,—,no
./.github/actions/setup-local-fal,—,no
./.github/actions/setup-localstack,—,no
./.github/actions/setup-macos,—,no
./.github/actions/setup-macos-codesigning,—,no
./.github/actions/setup-maker,—,no
./.github/actions/setup-meteor,—,no
./.github/actions/setup-micropy,—,no
./.github/actions/setup-mingw,—,no
./.github/actions/setup-miniconda,—,no
./.github/actions/setup-minikube,—,no
./.github/actions/setup-monitoring,—,no
./.github/actions/setup-monorepo,—,no
./.github/actions/setup-next,—,no
./.github/actions/setup-ninja,—,no
./.github/actions/setup-nix,—,no
./.github/actions/setup-node,—,no
./.github/actions/setup-node-and-install,—,no
./.github/actions/setup-node-deps,—,no
./.github/actions/setup-node-modules-cache,—,no
./.github/actions/setup-node-pnpm-install,—,no
./.github/actions/setup-node-with-cache,—,no
./.github/actions/setup-node-yarn-deps,—,no
./.github/actions/setup-node.js,—,no
./.github/actions/setup-nodejs,—,no
./.github/actions/setup-nox,—,no
./.github/actions/setup-npm,—,no
./.github/actions/setup-npm-cache,—,no
./.github/actions/setup-ocaml,—,no
./.github/actions/setup-os,—,no
./.github/actions/setup-php,—,no
./.github/actions/setup-pip,—,no
./.github/actions/setup-playwright,—,no
./.github/actions/setup-pnpm,—,no
./.github/actions/setup-poetry,—,no
./.github/actions/setup-poetry-env,—,no
./.github/actions/setup-polaris,—,no
./.github/actions/setup-postgres,—,no
./.github/actions/setup-postgres-linux,—,no
./.github/actions/setup-postgres-macos,—,no
./.github/actions/setup-postgres-wallet-plugin,—,no
./.github/actions/setup-postgres-windows,—,no
./.github/actions/setup-postgresql,—,no
./.github/actions/setup-pre-commit,—,no
./.github/actions/setup-project,—,no
./.github/actions/setup-protoc,—,no
./.github/actions/setup-pyenv,—,no
./.github/actions/setup-python,—,no
./.github/actions/setup-python-dev,—,no
./.github/actions/setup-python-dev.yml,—,no
./.github/actions/setup-python-env,—,no
./.github/actions/setup-python-matrix,—,no
./.github/actions/setup-python-poetry,—,no
./.github/actions/setup-python-tools-scripts,—,no
./.github/actions/setup-qemu-login-ghcr,—,no
./.github/actions/setup-r,—,no
./.github/actions/setup-react-native,—,no
./.github/actions/setup-redis-cluster,—,no
./.github/actions/setup-relenv,—,no
./.github/actions/setup-repo,—,no
./.github/actions/setup-root-poetry-environment,—,no
./.github/actions/setup-ros2,—,no
./.github/actions/setup-ruby,—,no
./.github/actions/setup-rubygems.org,—,no
./.github/actions/setup-runner,—,no
./.github/actions/setup-runtime,—,no
./.github/actions/setup-rust,—,no
./.github/actions/setup-salt-version,—,no
./.github/actions/setup-secrets,—,no
./.github/actions/setup-sentry,—,no
./.github/actions/setup-server,—,no
./.github/actions/setup-shellcheck,—,no
./.github/actions/setup-size-reports,—,no
./.github/actions/setup-smoketest,—,no
./.github/actions/setup-snackager,—,no
./.github/actions/setup-snackpub,—,no
./.github/actions/setup-solana,—,no
./.github/actions/setup-sqlc,—,no
./.github/actions/setup-substrate-contracts-node,—,no
./.github/actions/setup-system,—,no
./.github/actions/setup-target,—,no
./.github/actions/setup-tensorflow,—,no
./.github/actions/setup-test-env,—,no
./.github/actions/setup-test-environment,—,no
./.github/actions/setup-test-tools,—,no
./.github/actions/setup-tests,—,no
./.github/actions/setup-tf,—,no
./.github/actions/setup-toolchain,—,no
./.github/actions/setup-tools,—,no
./.github/actions/setup-tracing,—,no
./.github/actions/setup-truffleruby,—,no
./.github/actions/setup-ts/,—,no
./.github/actions/setup-ubuntu-latest-xvfb,—,no
./.github/actions/setup-vault,—,no
./.github/actions/setup-volta,—,no
./.github/actions/setup-wasmd,—,no
./.github/actions/setup-website,—,no
./.github/actions/setup-website-deps,—,no
./.github/actions/setup-windows,—,no
./.github/actions/setup-windows-runner,—,no
./.github/actions/setup-wix,—,no
./.github/actions/setup-woocommerce-monorepo,—,no
./.github/actions/setup-workflow,—,no
./.github/actions/setup-yarn,—,no
./.github/actions/setup-yq,—,no
./.github/actions/setup-zeebe,—,no
./.github/actions/setup-zephyr,—,no
./.github/actions/setup-zui,—,no
./.github/actions/setup/directories,—,no
./.github/actions/setup/macos,—,no
./.github/actions/setup/ubuntu,—,no
./.github/actions/setup_and_test,—,no
./.github/actions/setup_bazel,—,no
./.github/actions/setup_bendsql,—,no
./.github/actions/setup_build_env,—,no
./.github/actions/setup_build_tool,—,no
./.github/actions/setup_cache,—,no
./.github/actions/setup_crane,—,no
./.github/actions/setup_dart_version,—,no
./.github/actions/setup_docker,—,no
./.github/actions/setup_env,—,no
./.github/actions/setup_env_vars,—,no
./.github/actions/setup_environment,—,no
./.github/actions/setup_flutter,—,no
./.github/actions/setup_job,—,no
./.github/actions/setup_mkosi,—,no
./.github/actions/setup_testdata,—,no
./.github/actions/setup_tools_shared,—,no
./.github/actions/setup_ubuntu,—,no
./.github/actions/setup_vcpkg,—,no
./.github/actions/setup_windows,—,no
./.github/actions/setup_xtgeo,—,no
./.github/actions/setupenvironment,—,no
./.github/actions/shared-node-cache,—,no
./.github/actions/shell-command-with-commit,—,no
./.github/actions/show-disk-usage,—,no
./.github/actions/show-test-environment,—,no
./.github/actions/shroud,—,no
./.github/actions/sign,—,no
./.github/actions/sign-attestations,—,no
./.github/actions/sign-image,—,no
./.github/actions/sign_artifacts,—,no
./.github/actions/simplecov-report,—,no
./.github/actions/skip,—,no
./.github/actions/skip-ci,—,no
./.github/actions/skip-duplicate-actions,—,no
./.github/actions/slack,—,no
./.github/actions/slack-file,—,no
./.github/actions/slack-group-area,—,no
./.github/actions/slack-message,—,no
./.github/actions/slack-post,—,no
./.github/actions/slicer-build,—,no
./.github/actions/smoke-test,—,no
./.github/actions/smoke-tests,—,no
./.github/actions/smoke_tests,—,no
./.github/actions/snyk,—,no
./.github/actions/sonar-update-center,—,no
./.github/actions/sonobuoy,—,no
./.github/actions/sortimport,—,no
./.github/actions/sortpom,—,no
./.github/actions/source-checks,—,no
./.github/actions/sourceclear,—,no
./.github/actions/sparkle-appcast,—,no
./.github/actions/spell-check-action,—,no
./.github/actions/sphinx-action,—,no
./.github/actions/sphinx-build-all,—,no
./.github/actions/spin-ci-dependencies,—,no
./.github/actions/split-tests,—,no
./.github/actions/srp-source-provenance,—,no
./.github/actions/ssh-access,—,no
./.github/actions/stable-changelog,—,no
./.github/actions/stage,—,no
./.github/actions/stage2-setup,—,no
./.github/actions/stalecloser,—,no
./.github/actions/start-build,—,no
./.github/actions/start-containerd-daemon,—,no
./.github/actions/start-docker-daemon,—,no
./.github/actions/start-localstack,—,no
./.github/actions/start-opensearch-with-one-plugin,—,no
./.github/actions/start-runner,—,no
./.github/actions/static-analysis,—,no
./.github/actions/status-check,—,no
./.github/actions/steam-upload,—,no
./.github/actions/steamlink-sdk,—,no
./.github/actions/step-setup,—,no
./.github/actions/stock-docker.io,—,no
./.github/actions/stop-runner,—,no
./.github/actions/storage-download,—,no
./.github/actions/storage-layout,—,no
./.github/actions/storage-upload,—,no
./.github/actions/stripe_setup,—,no
./.github/actions/style-check,—,no
./.github/actions/submit-job,—,no
./.github/actions/submit_sdk,—,no
./.github/actions/submodule,—,no
./.github/actions/subpackage_install,—,no
./.github/actions/subtree,—,no
./.github/actions/sudo_setup,—,no
./.github/actions/summary,—,no
./.github/actions/supercollider,—,no
./.github/actions/svm,—,no
./.github/actions/sync,—,no
./.github/actions/sync-bsp-versions,—,no
./.github/actions/sync-data,—,no
./.github/actions/sync-pac-versions,—,no
./.github/actions/sync-repository,—,no
./.github/actions/sync-to-bucket,—,no
./.github/actions/sync-workspace,—,no
./.github/actions/synchronize-label-colors,—,no
./.github/actions/sysbench,—,no
./.github/actions/sysbench-runner-tests,—,no
./.github/actions/tag-action,—,no
./.github/actions/tag_and_repo,—,no
./.github/actions/tagdocker,—,no
./.github/actions/tagged_release/docker/codesign,—,no
./.github/actions/tagged_release/github,—,no
./.github/actions/tagname-action,—,no
./.github/actions/tarload,—,no
./.github/actions/tarsave,—,no
./.github/actions/task-processor-deploy-ecs,—,no
./.github/actions/task-setup,—,no
./.github/actions/teardown-localstack,—,no
./.github/actions/tegola-setup-env,—,no
./.github/actions/terraform,—,no
./.github/actions/terraform-exec,—,no
./.github/actions/test,—,no
./.github/actions/test-action,—,no
./.github/actions/test-admin-frontend,—,no
./.github/actions/test-android,—,no
./.github/actions/test-auth-frontend,—,no
./.github/actions/test-backend,—,no
./.github/actions/test-dependencies,—,no
./.github/actions/test-desktop-tool,—,no
./.github/actions/test-driver,—,no
./.github/actions/test-e2e,—,no
./.github/actions/test-file-transfers,—,no
./.github/actions/test-frontend,—,no
./.github/actions/test-go-tfe,—,no
./.github/actions/test-integration,—,no
./.github/actions/test-integration-run-one,—,no
./.github/actions/test-job-setup,—,no
./.github/actions/test-linux,—,no
./.github/actions/test-macos,—,no
./.github/actions/test-membership,—,no
./.github/actions/test-network-setup,—,no
./.github/actions/test-online-editor,—,no
./.github/actions/test-package,—,no
./.github/actions/test-pre-commit,—,no
./.github/actions/test-provider-tfe,—,no
./.github/actions/test-python,—,no
./.github/actions/test-release,—,no
./.github/actions/test-report-dispatch,—,no
./.github/actions/test-ruby,—,no
./.github/actions/test-server,—,no
./.github/actions/test-shard-run,—,no
./.github/actions/test-test-desktop-tool,—,no
./.github/actions/test-ttk-unix,—,no
./.github/actions/test-unit,—,no
./.github/actions/test-unit-with-pull-request-coverage,—,no
./.github/actions/test-vendor-package,—,no
./.github/actions/test-win,—,no
./.github/actions/test.yaml,—,no
./.github/actions/test1,—,no
./.github/actions/test35,—,no
./.github/actions/test36,—,no
./.github/actions/test37,—,no
./.github/actions/test_${{ matrix.state }}_${{ matrix.mode }}_linux,—,no
./.github/actions/test_action,—,no
./.github/actions/test_compat,—,no
./.github/actions/test_ee_sqllogic_standalone_linux,—,no
./.github/actions/test_ee_standalone_background_linux,—,no
./.github/actions/test_ee_standalone_linux,—,no
./.github/actions/test_fs,—,no
./.github/actions/test_fuzz_standalone_linux,—,no
./.github/actions/test_gem,—,no
./.github/actions/test_management_mode,—,no
./.github/actions/test_meta-upgrade-09,—,no
./.github/actions/test_meta-upgrade-2023-01-15,—,no
./.github/actions/test_meta_cluster,—,no
./.github/actions/test_meta_data_compat_openraft_07,—,no
./.github/actions/test_metactl,—,no
./.github/actions/test_proxy_mode,—,no
./.github/actions/test_python,—,no
./.github/actions/test_setup,—,no
./.github/actions/test_sqllogic_cluster_linux,—,no
./.github/actions/test_sqllogic_management_mode_linux,—,no
./.github/actions/test_sqllogic_stage,—,no
./.github/actions/test_sqllogic_standalone_linux,—,no
./.github/actions/test_sqllogic_standalone_macos,—,no
./.github/actions/test_stateful_cluster_linux,—,no
./.github/actions/test_stateful_hive_standalone,—,no
./.github/actions/test_stateful_large_data,—,no
./.github/actions/test_stateful_sharing,—,no
./.github/actions/test_stateful_standalone,—,no
./.github/actions/test_stateful_standalone_linux,—,no
./.github/actions/test_stateless_cluster,—,no
./.github/actions/test_stateless_cluster_linux,—,no
./.github/actions/test_stateless_cluster_macos,—,no
./.github/actions/test_stateless_standalone,—,no
./.github/actions/test_stateless_standalone_linux,—,no
./.github/actions/test_stateless_standalone_macos,—,no
./.github/actions/test_unit,—,no
./.github/actions/testagent/logs,—,no
./.github/actions/testagent/start,—,no
./.github/actions/testgrid-checker,—,no
./.github/actions/testing_report_generation/,—,no
./.github/actions/testmo/testmo-finish,—,no
./.github/actions/testmo/testmo-init,—,no
./.github/actions/testmo/testmo-threads-submit,—,no
./.github/actions/tests,—,no
./.github/actions/tests-e2e,—,no
./.github/actions/tests-e2e-new,—,no
./.github/actions/tests/run-api-tests,—,no
./.github/actions/tests/run-e2e-tests,—,no
./.github/actions/tests/run-k6-tests,—,no
./.github/actions/tests/setup-local-test-environment,—,no
./.github/actions/tests/slack-alert-on-pr-merge,—,no
./.github/actions/tests/slack-summary-on-release/slack-blocks,—,no
./.github/actions/tests/slack-summary-on-release/slack-payload,—,no
./.github/actions/tests/upload-allure-files-to-bucket,—,no
./.github/actions/tf-faster-rcnn,—,no
./.github/actions/tfplus-pre-commit,—,no
./.github/actions/tfplus-python-test,—,no
./.github/actions/tfv2-faster-rcnn,—,no
./.github/actions/there_can_be_only_one,—,no
./.github/actions/thread-dump-jvms,—,no
./.github/actions/time-compilation,—,no
./.github/actions/timeout,—,no
./.github/actions/tm-integration-tests,—,no
./.github/actions/tmate-action,—,no
./.github/actions/to-api-contract-tests,—,no
./.github/actions/to-integration-tests,—,no
./.github/actions/to-ort-integration-tests,—,no
./.github/actions/toast,—,no
./.github/actions/todb-init,—,no
./.github/actions/todb-tests,—,no
./.github/actions/todo-to-issue-action,—,no
./.github/actions/tool-setup,—,no
./.github/actions/toolchain-build,—,no
./.github/actions/tools,—,no
./.github/actions/tp-e2e-tests,—,no
./.github/actions/tp-integration-tests,—,no
./.github/actions/tpv2-integration-tests,—,no
./.github/actions/tr-tests,—,no
./.github/actions/tr-unit-tests,—,no
./.github/actions/trainer-test,—,no
./.github/actions/translate-on-issue,—,no
./.github/actions/translation-on-issue,—,no
./.github/actions/trigger-translations,—,no
./.github/actions/trivy,—,no
./.github/actions/trivy-config,—,no
./.github/actions/trivy-image,—,no
./.github/actions/ts-e2e,—,no
./.github/actions/tune-runner-vm,—,no
./.github/actions/turbo-diffs,—,no
./.github/actions/turnstile,—,no
./.github/actions/tvdb-init,—,no
./.github/actions/typescript,—,no
./.github/actions/ubuntu-prerequisites,—,no
./.github/actions/ubuntu_16_setup,—,no
./.github/actions/ubuntu_18_setup,—,no
./.github/actions/unified-e2e-tests,—,no
./.github/actions/unit,—,no
./.github/actions/unit-test,—,no
./.github/actions/unit-test-action,—,no
./.github/actions/unit-test-setup,—,no
./.github/actions/unit-tests,—,no
./.github/actions/unit-tests-and-sonar,—,no
./.github/actions/unit_tests,—,no
./.github/actions/unittesting,—,no
./.github/actions/unittests,—,no
./.github/actions/unix-install-binary-release,—,no
./.github/actions/unix-upgrade-release,—,no
./.github/actions/untracked,—,no
./.github/actions/update,—,no
./.github/actions/update-bundle,—,no
./.github/actions/update-changelog,—,no
./.github/actions/update-documentation,—,no
./.github/actions/update-group-metadata,—,no
./.github/actions/update-groups-metadata,—,no
./.github/actions/update-groups-send-on-chain,—,no
./.github/actions/update-on-new-ipfs-tag,—,no
./.github/actions/update-releases-json,—,no
./.github/actions/update-releases-md,—,no
./.github/actions/update-requirements,—,no
./.github/actions/update-staging-url-placeholders,—,no
./.github/actions/update-stats,—,no
./.github/actions/update-version,—,no
./.github/actions/update-version-on-main,—,no
./.github/actions/update-with-latest-versions,—,no
./.github/actions/update_all_contributors,—,no
./.github/actions/upload,—,no
./.github/actions/upload-artifact,—,no
./.github/actions/upload-artifacts,—,no
./.github/actions/upload-assets-action,—,no
./.github/actions/upload-blob-report,—,no
./.github/actions/upload-bootstrap-logs,—,no
./.github/actions/upload-build-artifacts,—,no
./.github/actions/upload-bundles,—,no
./.github/actions/upload-cache-and-artifacts,—,no
./.github/actions/upload-cache-asset,—,no
./.github/actions/upload-ci-reports-and-artifacts,—,no
./.github/actions/upload-core-dumps,—,no
./.github/actions/upload-coverage,—,no
./.github/actions/upload-datadog,—,no
./.github/actions/upload-flaky-tests,—,no
./.github/actions/upload-gatk-test-results,—,no
./.github/actions/upload-heapdumps,—,no
./.github/actions/upload-helm,—,no
./.github/actions/upload-image,—,no
./.github/actions/upload-integration-test-artifact,—,no
./.github/actions/upload-job-artifact,—,no
./.github/actions/upload-logs,—,no
./.github/actions/upload-node-modules-and-artifacts,—,no
./.github/actions/upload-package,—,no
./.github/actions/upload-release,—,no
./.github/actions/upload-release-and-artifact,—,no
./.github/actions/upload-release-asset,—,no
./.github/actions/upload-release-provenance,—,no
./.github/actions/upload-sbom,—,no
./.github/actions/upload-size-reports,—,no
./.github/actions/upload-some-artifacts,—,no
./.github/actions/upload-spec-artifacts,—,no
./.github/actions/upload-surefire-reports,—,no
./.github/actions/upload-tar,—,no
./.github/actions/upload-test-results,—,no
./.github/actions/upload-to-oss-action,—,no
./.github/actions/upload_awx_devel_logs,—,no
./.github/actions/upload_build,—,no
./.github/actions/upload_coverage_artifacts,—,no
./.github/actions/upload_esmini_artifacts,—,no
./.github/actions/upload_oss,—,no
./.github/actions/upload_package_artifacts,—,no
./.github/actions/upload_terraform_logs,—,no
./.github/actions/use-ci-nexus-cache,—,no
./.github/actions/use-pre-commit,—,no
./.github/actions/utils/addcomment,—,no
./.github/actions/utils/get-current-date-ubuntu-macos,—,no
./.github/actions/valgrind_run,—,no
./.github/actions/validate-binary,—,no
./.github/actions/validate-format,—,no
./.github/actions/validate-issue,—,no
./.github/actions/validate-json,—,no
./.github/actions/validate-links,—,no
./.github/actions/validate-linux-binary,—,no
./.github/actions/validate-swagger,—,no
./.github/actions/validate-template,—,no
./.github/actions/validate-version-sequence,—,no
./.github/actions/validate-windows-binary,—,no
./.github/actions/variables,—,no
./.github/actions/variations,—,no
./.github/actions/vault-secrets,—,no
./.github/actions/vdbench,—,no
./.github/actions/vercel-from-workflow-run,—,no
./.github/actions/vercel-preview-deploy,—,no
./.github/actions/verify-readme,—,no
./.github/actions/verify-rust,—,no
./.github/actions/verify-zeebe-docker,—,no
./.github/actions/version,—,no
./.github/actions/version-compatible-hypo,—,no
./.github/actions/version-file-bump,—,no
./.github/actions/version-tag,—,no
./.github/actions/version-transform,—,no
./.github/actions/versionlog,—,no
./.github/actions/versions-match,—,no
./.github/actions/versionsapi,—,no
./.github/actions/vm_setup,—,no
./.github/actions/vmtest,—,no
./.github/actions/vsce-publish,—,no
./.github/actions/vsp-github-actions/slack-socket,—,no
./.github/actions/vulkan,—,no
./.github/actions/wait-docker-ready,—,no
./.github/actions/wait-for-docker-image,—,no
./.github/actions/wait-for-netlify,—,no
./.github/actions/wait-for-netlify-deploy,—,no
./.github/actions/wait_for_mrt_deploy,—,no
./.github/actions/wallet-mobile,—,no
./.github/actions/warm-up-repo,—,no
./.github/actions/warm-up-vercel,—,no
./.github/actions/waypoint-deploy,—,no
./.github/actions/web,—,no
./.github/actions/webgl,—,no
./.github/actions/webgpu,—,no
./.github/actions/webpack-test-metric-diff,—,no
./.github/actions/website-linting,—,no
./.github/actions/website-sync,—,no
./.github/actions/webstack/deploy-to-sandbox,—,no
./.github/actions/whl,—,no
./.github/actions/win-build,—,no
./.github/actions/win-cmake,—,no
./.github/actions/win-getopt,—,no
./.github/actions/win-install,—,no
./.github/actions/win-install-sox,—,no
./.github/actions/win-postgres,—,no
./.github/actions/win-test,—,no
./.github/actions/windows,—,no
./.github/actions/windows_agent_setup,—,no
./.github/actions/windows_agentless_setup,—,no
./.github/actions/windows_dependencies,—,no
./.github/actions/windows_executables,—,no
./.github/actions/windows_install,—,no
./.github/actions/windowsenvironmentsetup,—,no
./.github/actions/winget,—,no
./.github/actions/with-docker,—,no
./.github/actions/workflow-notify,—,no
./.github/actions/write-env-vars,—,no
./.github/actions/wtl-cache,—,no
./.github/actions/wtl-submodule,—,no
./.github/actions/wunderctl,—,no
./.github/actions/wycheproof,—,no
./.github/actions/xcode-cache,—,no
./.github/actions/xcode-select,—,no
./.github/actions/yarn,—,no
./.github/actions/yarn-build,—,no
./.github/actions/yarn-install,—,no
./.github/actions/yarn-install-and-build,—,no
./.github/actions/yarn-install-and-verify,—,no
./.github/actions/yarn-nm-install,—,no
./.github/actions/yarn-playwright-install,—,no
./.github/actions/yarn-setup-and-test,—,no
./.github/actions/yarncache,—,no
./.github/actions/yolo,—,no
./.github/actions/yosys-runner,—,no
./.github/actions/yum/install,—,no
./.github/actions/zephyr-west,—,no
./.github/actions/zwave-js-bot,—,no
./.github/bootstrap_platform,—,no
./.github/bot-action,—,no
./.github/build-for-e2e,—,no
./.github/buildenv,—,no
./.github/cache-sources-action,—,no
./.github/cargo-deny-composite-action,—,no
./.github/close-issue,—,no
./.github/commands/dependencies/install_yarn_deps,—,no
./.github/comments-aggregator,—,no
./.github/common-actions/install,—,no
./.github/common/lint.yml,—,no
./.github/common/test.yml,—,no
./.github/compare-assets,—,no
./.github/composite-actions/install,—,no
./.github/composite-actions/install-dependencies,—,no
./.github/composite/godot,—,no
./.github/composite/godot-install,—,no
./.github/composite/godot-itest,—,no
./.github/composite/llvm,—,no
./.github/composite/rust,—,no
./.github/composite/setup_entrypoints,—,no
./.github/composite/verify_cli_tags,—,no
./.github/composite/verify_core_tags,—,no
./.github/composite_actions/download_test_configuration,—,no
./.github/composite_actions/fetch_backends,—,no
./.github/composite_actions/install_dependencies,—,no
./.github/composite_actions/launch_android_emulator,—,no
./.github/composite_actions/launch_ios_simulator,—,no
./.github/composite_actions/log_cw_metric_wrapper,—,no
./.github/composite_actions/log_metric,—,no
./.github/composite_actions/run_xcodebuild,—,no
./.github/composite_actions/run_xcodebuild_test,—,no
./.github/composite_actions/setup_chromedriver,—,no
./.github/composite_actions/setup_firefox,—,no
./.github/composites/docker-build-push,—,no
./.github/composites/docs-publish,—,no
./.github/composites/install,—,no
./.github/create-or-update-comment,—,no
./.github/custom-actions/github-linear-sync/,—,no
./.github/devcontainers-action,—,no
./.github/e2e,—,no
./.github/get-pr-info-action,—,no
./.github/golang/,—,no
./.github/goreleaser/,—,no
./.github/install-dependencies,—,no
./.github/install_poetry_action,—,no
./.github/internal-actions/notify-slack-on-fail-or-recover,—,no
./.github/internals/setup-js,—,no
./.github/lint-xml-configuration,—,no
./.github/meson_actions,—,no
./.github/monitor-typescript-errors,—,no
./.github/mtime_cache,—,no
./.github/node-chrome,—,no
./.github/pack,—,no
./.github/prepare-docker-image,—,no
./.github/prepare-test,—,no
./.github/promci/actions/build,—,no
./.github/promci/actions/check_proto,—,no
./.github/promci/actions/publish_main,—,no
./.github/promci/actions/publish_release,—,no
./.github/promci/actions/save_artifacts,—,no
./.github/promci/actions/setup_environment,—,no
./.github/py-shiny/setup,—,no
./.github/read-tweet-action,—,no
./.github/release-check-action,—,no
./.github/run-end-to-end-tests,—,no
./.github/sccache,—,no
./.github/setup,—,no
./.github/setup-forc,—,no
./.github/setup-lxd,—,no
./.github/setup-node,—,no
./.github/templates/build,—,no
./.github/templates/device,—,no
./.github/templates/format,—,no
./.github/templates/nix,—,no
./.github/templates/run_in_venv,—,no
./.github/test-action,—,no
./.github/uitest,—,no
./.github/unittest,—,no
./.github/util/build-protobuf,—,no
./.github/util/dart-sass,—,no
./.github/util/initialize,—,no
./.github/util/sass-spec,—,no
./.github/validate-tweet-action,—,no
./.github/version-pr,—,no
./.github/workflow-templates/cargo-build,—,no
./.github/workflow-templates/dev-tests,—,no
./.github/workflow-templates/typescript-tests,—,no
./.github/workflow/common-carvel.yml,—,no
./.github/workflow_templates/build_push_exporters,—,no
./.github/workflow_templates/comment-pr,—,no
./.github/workflows-create-aks.yaml,—,no
./.github/workflows/.bashbrew,—,no
./.github/workflows/.dco.yml,—,no
./.github/workflows/.docker_tests.yaml,—,no
./.github/workflows/.e2e-run.yml,—,no
./.github/workflows/.hatch-run.yml,—,no
./.github/workflows/.nox-session.yml,—,no
./.github/workflows/.reusable-build.yml,—,no
./.github/workflows/.reusable-cleanup-registry.yml,—,no
./.github/workflows/.reusable-compliance.yml,—,no
./.github/workflows/.reusable-docs.yaml,—,no
./.github/workflows/.reusable-integration-test.yml,—,no
./.github/workflows/.reusable-sast.yml,—,no
./.github/workflows/.reusable-sca.yml,—,no
./.github/workflows/.reusable-unit-test.yml,—,no
./.github/workflows/.test.yml,—,no
./.github/workflows/.windows.yml,—,no
./.github/workflows/030-ubuntu-aurae-builder-image-ubuntu-docker-build-builder.yml,—,no
./.github/workflows/030-ubuntu-aurae-builder-image-ubuntu-docker-build.yml,—,no
./.github/workflows/031-ubuntu-aurae-builder-image-ubuntu-aurae-builder-docker-cargo-udeps-build.yml,—,no
./.github/workflows/031-ubuntu-aurae-builder-image-ubuntu-docker-build-tester.yml,—,no
./.github/workflows/031-ubuntu-aurae-builder-image-ubuntu-docker-cargo-udeps-build.yml,—,no
./.github/workflows/1-scan-lint-build.yml,—,no
./.github/workflows/100-aurae-builder-image-docker-build-builder.yml,—,no
./.github/workflows/2-test-stand-alone.yml,—,no
./.github/workflows/200-aurae-builder-image-docker-build-tester.yml,—,no
./.github/workflows/3-test-docker.yml,—,no
./.github/workflows/386-environment,—,no
./.github/workflows/57-reusable-workflow.yml,—,no
./.github/workflows/63-reusable.yml,—,no
./.github/workflows/_artifacts_linux.yml,—,no
./.github/workflows/_artifacts_windows.yml,—,no
./.github/workflows/_build-packages.yml,—,no
./.github/workflows/_build-pkg.yml,—,no
./.github/workflows/_build-push-all.yml,—,no
./.github/workflows/_build-release.yml,—,no
./.github/workflows/_build-test-image.yml,—,no
./.github/workflows/_build.yml,—,no
./.github/workflows/_build_and_test.yml,—,no
./.github/workflows/_build_plugins.yml,—,no
./.github/workflows/_build_project.yml,—,no
./.github/workflows/_build_push_docker_hub.yml,—,no
./.github/workflows/_build_test_upload.yml,—,no
./.github/workflows/_buildx.yml,—,no
./.github/workflows/_cache_docker.yml,—,no
./.github/workflows/_check-release.yml,—,no
./.github/workflows/_check-schema.yml,—,no
./.github/workflows/_ci.yaml,—,no
./.github/workflows/_ci.yml,—,no
./.github/workflows/_codeql.yml,—,no
./.github/workflows/_component_prechecks.yml,—,no
./.github/workflows/_config.yml,—,no
./.github/workflows/_conformance_tests.yaml,—,no
./.github/workflows/_coverage.yml,—,no
./.github/workflows/_coverage_report.yml,—,no
./.github/workflows/_delete-registry-tag.yml,—,no
./.github/workflows/_deploy.yml,—,no
./.github/workflows/_deploy_api.yml,—,no
./.github/workflows/_deploy_cdk.yml,—,no
./.github/workflows/_deploy_widget.yml,—,no
./.github/workflows/_docker-image-scan.yaml,—,no
./.github/workflows/_docker-image.yaml,—,no
./.github/workflows/_docker.yml,—,no
./.github/workflows/_docker_build.yaml,—,no
./.github/workflows/_docker_manifests.yml,—,no
./.github/workflows/_docs.yml,—,no
./.github/workflows/_docs_deploy.yml,—,no
./.github/workflows/_e2e-tests.yml,—,no
./.github/workflows/_e2e.yml,—,no
./.github/workflows/_e2e_tests.yaml,—,no
./.github/workflows/_e2e_tests.yml,—,no
./.github/workflows/_env.yml,—,no
./.github/workflows/_envtest_tests.yaml,—,no
./.github/workflows/_final_notification.yml,—,no
./.github/workflows/_flagship-apps.yml,—,no
./.github/workflows/_fuzz.yml,—,no
./.github/workflows/_golangci-lint.yml,—,no
./.github/workflows/_gorelease.yml,—,no
./.github/workflows/_hack_make.yml,—,no
./.github/workflows/_heavy_tests.yml,—,no
./.github/workflows/_integration.yml,—,no
./.github/workflows/_integration_tests.yaml,—,no
./.github/workflows/_integration_tests.yml,—,no
./.github/workflows/_integration_tests_windows.yml,—,no
./.github/workflows/_jobs_check.yml,—,no
./.github/workflows/_legacy-checkpoints.yml,—,no
./.github/workflows/_light_tests.yml,—,no
./.github/workflows/_lint.yml,—,no
./.github/workflows/_linters.yaml,—,no
./.github/workflows/_meta-build.yaml,—,no
./.github/workflows/_meta.yaml,—,no
./.github/workflows/_meta_portable.yaml,—,no
./.github/workflows/_metadata.yml,—,no
./.github/workflows/_notification.yml,—,no
./.github/workflows/_package.yml,—,no
./.github/workflows/_prepare.yml,—,no
./.github/workflows/_publish-readme.yml,—,no
./.github/workflows/_publish.yml,—,no
./.github/workflows/_pydantic_compatibility.yml,—,no
./.github/workflows/_python.yml,—,no
./.github/workflows/_qodana.yml,—,no
./.github/workflows/_quality-python.yml,—,no
./.github/workflows/_release.yml,—,no
./.github/workflows/_release_docker.yml,—,no
./.github/workflows/_release_github.yml,—,no
./.github/workflows/_release_python.yml,—,no
./.github/workflows/_release_rust.yml,—,no
./.github/workflows/_reusable_build.yml,—,no
./.github/workflows/_reusable_deploy.yml,—,no
./.github/workflows/_reusable_release.yml,—,no
./.github/workflows/_stage_publish.yml,—,no
./.github/workflows/_stage_verify.yml,—,no
./.github/workflows/_styles-check.yml,—,no
./.github/workflows/_swagger-check.yml,—,no
./.github/workflows/_test-image.yml,—,no
./.github/workflows/_test.yml,—,no
./.github/workflows/_test_e2e_per-k8s-version.yml,—,no
./.github/workflows/_test_e2e_regular.yml,—,no
./.github/workflows/_test_integration_per-container-registry.yml,—,no
./.github/workflows/_test_integration_per-k8s-version-and-container-registry.yml,—,no
./.github/workflows/_test_integration_per-k8s-version.yml,—,no
./.github/workflows/_test_integration_regular.yml,—,no
./.github/workflows/_test_reports.yaml,—,no
./.github/workflows/_test_unit.yml,—,no
./.github/workflows/_tests.yml,—,no
./.github/workflows/_unit-tests-python.yml,—,no
./.github/workflows/_unit.yml,—,no
./.github/workflows/_unit_tests.yaml,—,no
./.github/workflows/_unit_tests.yml,—,no
./.github/workflows/_update-protobuf.yaml,—,no
./.github/workflows/_workflow-start.yml,—,no
./.github/workflows/_workflow.yaml,—,no
./.github/workflows/a-pr-scanner.yaml,—,no
./.github/workflows/acceptance-test-run.yaml,—,no
./.github/workflows/acceptance-test-run.yml,—,no
./.github/workflows/acceptance-tests.yml,—,no
./.github/workflows/acceptance.yaml,—,no
./.github/workflows/acceptance_tests.yml,—,no
./.github/workflows/action-build-libvgm,—,no
./.github/workflows/action-build.yml,—,no
./.github/workflows/action-fmt.yml,—,no
./.github/workflows/action-test-image.yml,—,no
./.github/workflows/action-test-k3s.yml,—,no
./.github/workflows/action-test-kind.yml,—,no
./.github/workflows/action-test-smoke.yml,—,no
./.github/workflows/action.yml,—,no
./.github/workflows/action_build.yml,—,no
./.github/workflows/actionlint.yaml,—,no
./.github/workflows/actions,—,no
./.github/workflows/actions/amplitude,—,no
./.github/workflows/actions/backend_api_test,—,no
./.github/workflows/actions/backend_test,—,no
./.github/workflows/actions/build,—,no
./.github/workflows/actions/build-cache,—,no
./.github/workflows/actions/build-container,—,no
./.github/workflows/actions/build-core,—,no
./.github/workflows/actions/build-test-pack,—,no
./.github/workflows/actions/check-git-context,—,no
./.github/workflows/actions/compatibility,—,no
./.github/workflows/actions/configuration,—,no
./.github/workflows/actions/download-archive,—,no
./.github/workflows/actions/frontend_test,—,no
./.github/workflows/actions/get-core-dependencies,—,no
./.github/workflows/actions/install,—,no
./.github/workflows/actions/install-node,—,no
./.github/workflows/actions/keychain,—,no
./.github/workflows/actions/lint,—,no
./.github/workflows/actions/pack,—,no
./.github/workflows/actions/prepare,—,no
./.github/workflows/actions/publish-npm,—,no
./.github/workflows/actions/quarto-dev,—,no
./.github/workflows/actions/quarto-dev/action.yml,—,no
./.github/workflows/actions/quarto-dev/deps.yml,—,no
./.github/workflows/actions/quarto-test-deps,—,no
./.github/workflows/actions/release-notes,—,no
./.github/workflows/actions/setup,—,no
./.github/workflows/actions/setup_node-cache_dep-install_dep,—,no
./.github/workflows/actions/test,—,no
./.github/workflows/actions/test-e2e,—,no
./.github/workflows/actions/test-monitor-process-results,—,no
./.github/workflows/actions/test-spec,—,no
./.github/workflows/actions/update-reference-screenshots,—,no
./.github/workflows/actions/upload-archive,—,no
./.github/workflows/actions/use-substrate,—,no
./.github/workflows/actions/visual-regression,—,no
./.github/workflows/adf_alpha.yml,—,no
./.github/workflows/agent.yml,—,no
./.github/workflows/agent_test.yml,—,no
./.github/workflows/aksc_deploy.yml,—,no
./.github/workflows/akstroubleshooting.yml,—,no
./.github/workflows/allowlist.yml,—,no
./.github/workflows/amp.yml,—,no
./.github/workflows/amplitude,—,no
./.github/workflows/amplitude/send-event,—,no
./.github/workflows/anaconda_linux.yml,—,no
./.github/workflows/anaconda_windows.yml,—,no
./.github/workflows/analysis.yml,—,no
./.github/workflows/analyze-test.yaml,—,no
./.github/workflows/analyze.yml,—,no
./.github/workflows/android-actions.yml,—,no
./.github/workflows/android.yml,—,no
./.github/workflows/ansible-test-integration.yml,—,no
./.github/workflows/ansible-test-sanity.yml,—,no
./.github/workflows/apidoc.yaml,—,no
./.github/workflows/app-build.yml,—,no
./.github/workflows/appdeploy_azurevote.yml,—,no
./.github/workflows/appimage.yml,—,no
./.github/workflows/appimage/,—,no
./.github/workflows/apt.yml,—,no
./.github/workflows/arm64_local_os_ci.yml,—,no
./.github/workflows/artifacts.yaml,—,no
./.github/workflows/asan_unit_tests.yml,—,no
./.github/workflows/assemble.yml,—,no
./.github/workflows/audit.yaml,—,no
./.github/workflows/auto-pr-ci.yaml,—,no
./.github/workflows/autobahn.yml,—,no
./.github/workflows/automationtemplate.yaml,—,no
./.github/workflows/automerge.yml,—,no
./.github/workflows/automerger.yml,—,no
./.github/workflows/aws-deploy-scanner.yml,—,no
./.github/workflows/azure-pipeline-action-fork,—,no
./.github/workflows/azureml-cpu-nightly.yml,—,no
./.github/workflows/azureml-gpu-nightly.yml,—,no
./.github/workflows/azureml-spark-nightly.yml,—,no
./.github/workflows/azureml-template.yml,—,no
./.github/workflows/azureml-unit-tests.yml,—,no
./.github/workflows/b-binary-build-and-e2e-tests.yaml,—,no
./.github/workflows/backend-template.yml,—,no
./.github/workflows/backend.yml,—,no
./.github/workflows/base-docker-publish.yml,—,no
./.github/workflows/base.yml,—,no
./.github/workflows/base_test_workflow.yml,—,no
./.github/workflows/basic-ci-amd64.yaml,—,no
./.github/workflows/bats-hub.yml,—,no
./.github/workflows/bats-mysql.yml,—,no
./.github/workflows/bats-postgres.yml,—,no
./.github/workflows/bats-sqlite-coverage.yml,—,no
./.github/workflows/bazel.yml,—,no
./.github/workflows/benchmark.yaml,—,no
./.github/workflows/benchmark.yml,—,no
./.github/workflows/benchmark_compilation.yml,—,no
./.github/workflows/benchmark_execution.yml,—,no
./.github/workflows/binary-combine-ios.yml,—,no
./.github/workflows/binary.yml,—,no
./.github/workflows/binary_packages.yml,—,no
./.github/workflows/bindings.python.yml,—,no
./.github/workflows/bindings_python.yml,—,no
./.github/workflows/bins.yml,—,no
./.github/workflows/bld_all.yml,—,no
./.github/workflows/bld_java_ubu_arm.yml,—,no
./.github/workflows/bld_maven.yml,—,no
./.github/workflows/bootstrap,—,no
./.github/workflows/bootstrap.yml,—,no
./.github/workflows/botcraft_build.yml,—,no
./.github/workflows/botonic-common-workflow.yml,—,no
./.github/workflows/bottle.yml,—,no
./.github/workflows/bridge.yml,—,no
./.github/workflows/build,—,no
./.github/workflows/build-airgap-image-bundle.yml,—,no
./.github/workflows/build-all-platforms.yml,—,no
./.github/workflows/build-alpine.yml,—,no
./.github/workflows/build-ami.yml,—,no
./.github/workflows/build-and-dockerize.yaml,—,no
./.github/workflows/build-and-publish-fbpcf-image.yml,—,no
./.github/workflows/build-and-publish-image.yml,—,no
./.github/workflows/build-and-publish-images.yaml,—,no
./.github/workflows/build-and-push-image-ssh.yml,—,no
./.github/workflows/build-and-push-image.yml,—,no
./.github/workflows/build-and-release.yml,—,no
./.github/workflows/build-and-test-linux.yml,—,no
./.github/workflows/build-and-test-pkg.yaml,—,no
./.github/workflows/build-and-test-windows.yml,—,no
./.github/workflows/build-and-test.workflow.yml,—,no
./.github/workflows/build-and-test.yml,—,no
./.github/workflows/build-and-upload-archives.yml,—,no
./.github/workflows/build-android.yml,—,no
./.github/workflows/build-anvil.yaml,—,no
./.github/workflows/build-apk-artifact.yml,—,no
./.github/workflows/build-apk.yml,—,no
./.github/workflows/build-app-self-hosted.yml,—,no
./.github/workflows/build-app.yml,—,no
./.github/workflows/build-appimage.yml,—,no
./.github/workflows/build-apps-workflow.yml,—,no
./.github/workflows/build-arch.yml,—,no
./.github/workflows/build-artifact.yml,—,no
./.github/workflows/build-ast.yml,—,no
./.github/workflows/build-backend.yml,—,no
./.github/workflows/build-bindings-android.yml,—,no
./.github/workflows/build-bindings-darwin.yml,—,no
./.github/workflows/build-bindings-ios.yml,—,no
./.github/workflows/build-bindings-linux.yml,—,no
./.github/workflows/build-bindings-windows.yml,—,no
./.github/workflows/build-boards.yml,—,no
./.github/workflows/build-branch.yml,—,no
./.github/workflows/build-builder.yml,—,no
./.github/workflows/build-callable.yml,—,no
./.github/workflows/build-cli.yml,—,no
./.github/workflows/build-cmake.yml,—,no
./.github/workflows/build-common.yml,—,no
./.github/workflows/build-container-image.yml,—,no
./.github/workflows/build-container-reusable.yml,—,no
./.github/workflows/build-container.yml,—,no
./.github/workflows/build-core-android.yml,—,no
./.github/workflows/build-coreos.yml,—,no
./.github/workflows/build-cross-compile.yml,—,no
./.github/workflows/build-darwin.yml,—,no
./.github/workflows/build-deb-packages.yml,—,no
./.github/workflows/build-deb-repo.yml,—,no
./.github/workflows/build-deb-substrate64.yml,—,no
./.github/workflows/build-deb.yml,—,no
./.github/workflows/build-debian-ext,—,no
./.github/workflows/build-debs.yml,—,no
./.github/workflows/build-deploy-docs.yml,—,no
./.github/workflows/build-deploy.yaml,—,no
./.github/workflows/build-deploy.yml,—,no
./.github/workflows/build-deps-ci-action-macos.yml,—,no
./.github/workflows/build-deps-ci-action.yml,—,no
./.github/workflows/build-deps-onedir-linux.yml,—,no
./.github/workflows/build-deps-onedir-macos.yml,—,no
./.github/workflows/build-deps-onedir-windows.yml,—,no
./.github/workflows/build-deps-onedir.yml,—,no
./.github/workflows/build-devcontainer.yaml,—,no
./.github/workflows/build-dist-cache.yml,—,no
./.github/workflows/build-distribution.yml,—,no
./.github/workflows/build-docker-image.yml,—,no
./.github/workflows/build-docker-images.yml,—,no
./.github/workflows/build-docker.yml,—,no
./.github/workflows/build-dockerfile.yml,—,no
./.github/workflows/build-dockerimage.yaml,—,no
./.github/workflows/build-docs,—,no
./.github/workflows/build-docs.yml,—,no
./.github/workflows/build-dotnet.yml,—,no
./.github/workflows/build-earthly.yml,—,no
./.github/workflows/build-enclave.yml,—,no
./.github/workflows/build-example.yml,—,no
./.github/workflows/build-examples.yml,—,no
./.github/workflows/build-exe.yml,—,no
./.github/workflows/build-firmware.yml,—,no
./.github/workflows/build-for-quarkus-version.yml,—,no
./.github/workflows/build-frontend.yml,—,no
./.github/workflows/build-helm-charts.yml,—,no
./.github/workflows/build-hopli.yaml,—,no
./.github/workflows/build-hoprd.yaml,—,no
./.github/workflows/build-id.yaml,—,no
./.github/workflows/build-image-ci.yaml,—,no
./.github/workflows/build-image-release.yaml,—,no
./.github/workflows/build-image.yaml,—,no
./.github/workflows/build-images.yaml,—,no
./.github/workflows/build-images.yml,—,no
./.github/workflows/build-internal.yaml,—,no
./.github/workflows/build-ios.yml,—,no
./.github/workflows/build-jekyll-site-action,—,no
./.github/workflows/build-job.yml,—,no
./.github/workflows/build-jobs.yaml,—,no
./.github/workflows/build-jobs.yml,—,no
./.github/workflows/build-k0s.yml,—,no
./.github/workflows/build-kata-static-tarball-amd64.yaml,—,no
./.github/workflows/build-kata-static-tarball-arm64.yaml,—,no
./.github/workflows/build-kata-static-tarball-s390x.yaml,—,no
./.github/workflows/build-kernel-a12.yml,—,no
./.github/workflows/build-kernel-a13.yml,—,no
./.github/workflows/build-kernel-arcvm.yml,—,no
./.github/workflows/build-kernel-wsa.yml,—,no
./.github/workflows/build-kotlin-binding.yml,—,no
./.github/workflows/build-ksud.yml,—,no
./.github/workflows/build-kube-fledged.yml,—,no
./.github/workflows/build-language-bindings.yml,—,no
./.github/workflows/build-libraries.yml,—,no
./.github/workflows/build-lint-test.yml,—,no
./.github/workflows/build-linux-ext,—,no
./.github/workflows/build-linux-mac-ext,—,no
./.github/workflows/build-linux-packages.yml,—,no
./.github/workflows/build-linux-pupnet.yaml,—,no
./.github/workflows/build-linux.yml,—,no
./.github/workflows/build-linuxstatic.yml,—,no
./.github/workflows/build-lxd.yml,—,no
./.github/workflows/build-mac-flacon.yml,—,no
./.github/workflows/build-macos-ext,—,no
./.github/workflows/build-macos-packages.yml,—,no
./.github/workflows/build-macos-repo.yml,—,no
./.github/workflows/build-macos-runner.yml,—,no
./.github/workflows/build-macos.yml,—,no
./.github/workflows/build-manager.yml,—,no
./.github/workflows/build-micro-service-manual.yml,—,no
./.github/workflows/build-mobile.yml,—,no
./.github/workflows/build-monorepo-action.yml,—,no
./.github/workflows/build-monorepo.yml,—,no
./.github/workflows/build-native-code.yml,—,no
./.github/workflows/build-native.yml,—,no
./.github/workflows/build-nightly-ci-docker-images.yml,—,no
./.github/workflows/build-npm-package-action.yml,—,no
./.github/workflows/build-npm-package.yml,—,no
./.github/workflows/build-nuget-packages.yml,—,no
./.github/workflows/build-one.yml,—,no
./.github/workflows/build-onedir-repo.yml,—,no
./.github/workflows/build-operator-manual.yml,—,no
./.github/workflows/build-os-image.yml,—,no
./.github/workflows/build-oss.yml,—,no
./.github/workflows/build-package.yml,—,no
./.github/workflows/build-packages.yml,—,no
./.github/workflows/build-plugin,—,no
./.github/workflows/build-plus.yml,—,no
./.github/workflows/build-pluto.yaml,—,no
./.github/workflows/build-pr-on.yml,—,no
./.github/workflows/build-production.yml,—,no
./.github/workflows/build-project.yaml,—,no
./.github/workflows/build-project.yml,—,no
./.github/workflows/build-publish-cfg.yaml,—,no
./.github/workflows/build-push-for-e2e.yml,—,no
./.github/workflows/build-python.yaml,—,no
./.github/workflows/build-python.yml,—,no
./.github/workflows/build-release-zip.yml,—,no
./.github/workflows/build-release.yaml,—,no
./.github/workflows/build-release.yml,—,no
./.github/workflows/build-repos.yml,—,no
./.github/workflows/build-reusable.yml,—,no
./.github/workflows/build-reuse-darwin-framework.yml,—,no
./.github/workflows/build-reuse-unix.yml,—,no
./.github/workflows/build-reuse-win.yml,—,no
./.github/workflows/build-reuse-winkernel.yml,—,no
./.github/workflows/build-river.yml,—,no
./.github/workflows/build-rpm-packages.yml,—,no
./.github/workflows/build-rpm-repo.yml,—,no
./.github/workflows/build-rpms.yml,—,no
./.github/workflows/build-rtools40.yml,—,no
./.github/workflows/build-rust.yml,—,no
./.github/workflows/build-salt-linux-packages.yml,—,no
./.github/workflows/build-salt-onedir-linux.yml,—,no
./.github/workflows/build-salt-onedir-macos.yml,—,no
./.github/workflows/build-salt-onedir-windows.yml,—,no
./.github/workflows/build-salt-onedir.yml,—,no
./.github/workflows/build-sample.yml,—,no
./.github/workflows/build-sd-images.yml,—,no
./.github/workflows/build-sign-notarize.yml,—,no
./.github/workflows/build-spike.yml,—,no
./.github/workflows/build-src-repo.yml,—,no
./.github/workflows/build-subrepos.yml,—,no
./.github/workflows/build-system-image.yml,—,no
./.github/workflows/build-template.yaml,—,no
./.github/workflows/build-terraform-cli.yml,—,no
./.github/workflows/build-terraform-oss.yml,—,no
./.github/workflows/build-test-emscripten.yml,—,no
./.github/workflows/build-test-fedora.yml,—,no
./.github/workflows/build-test-fedora35.yml,—,no
./.github/workflows/build-test-fedora37.yml,—,no
./.github/workflows/build-test-macos.yml,—,no
./.github/workflows/build-test-ubuntu-arm64.yml,—,no
./.github/workflows/build-test-ubuntu20.yml,—,no
./.github/workflows/build-test-ubuntu22.yml,—,no
./.github/workflows/build-test-windows.yml,—,no
./.github/workflows/build-test.yaml,—,no
./.github/workflows/build-test.yml,—,no
./.github/workflows/build-toolchain.yaml,—,no
./.github/workflows/build-toolchains.yml,—,no
./.github/workflows/build-tools.yml,—,no
./.github/workflows/build-trace-tools.yml,—,no
./.github/workflows/build-ubuntu.yml,—,no
./.github/workflows/build-ubuntu20.04-backwards-compatibility.yml,—,no
./.github/workflows/build-unity.yml,—,no
./.github/workflows/build-usd.yml,—,no
./.github/workflows/build-vault-ce.yml,—,no
./.github/workflows/build-vault-oss.yml,—,no
./.github/workflows/build-waypoint-oss.yml,—,no
./.github/workflows/build-web.yaml,—,no
./.github/workflows/build-win-ext,—,no
./.github/workflows/build-windows-msvc.yml,—,no
./.github/workflows/build-windows-packages.yml,—,no
./.github/workflows/build-windows-pupnet.yaml,—,no
./.github/workflows/build-windows-repo.yml,—,no
./.github/workflows/build-windows.yml,—,no
./.github/workflows/build-workflow.yml,—,no
./.github/workflows/build-wsa-5.10.117-kernel.yml,—,no
./.github/workflows/build-zip-and-run-smoke-tests.yml,—,no
./.github/workflows/build.yaml,—,no
./.github/workflows/build.yml,—,no
./.github/workflows/build_action.yml,—,no
./.github/workflows/build_all,—,no
./.github/workflows/build_all.yml,—,no
./.github/workflows/build_amplify_swift.yml,—,no
./.github/workflows/build_and_test.yaml,—,no
./.github/workflows/build_and_test.yml,—,no
./.github/workflows/build_and_test_ondemand.yml,—,no
./.github/workflows/build_and_test_provisioned.yml,—,no
./.github/workflows/build_and_test_ya.yml,—,no
./.github/workflows/build_android.yml,—,no
./.github/workflows/build_app.yml,—,no
./.github/workflows/build_artifacts.yml,—,no
./.github/workflows/build_backend.yml,—,no
./.github/workflows/build_benchmark_tools.yml,—,no
./.github/workflows/build_binary_image.yml,—,no
./.github/workflows/build_bundle.yml,—,no
./.github/workflows/build_client.yml,—,no
./.github/workflows/build_container.yml,—,no
./.github/workflows/build_dependency_image.yml,—,no
./.github/workflows/build_dependency_image_conditional.yml,—,no
./.github/workflows/build_docker_images.yml,—,no
./.github/workflows/build_dockers_workflow.yml,—,no
./.github/workflows/build_docs.yaml,—,no
./.github/workflows/build_docs.yml,—,no
./.github/workflows/build_e2e_test_artifacts.yml,—,no
./.github/workflows/build_firmware.yml,—,no
./.github/workflows/build_html_doc.yml,—,no
./.github/workflows/build_images.yml,—,no
./.github/workflows/build_ios.yml,—,no
./.github/workflows/build_iwasm_release.yml,—,no
./.github/workflows/build_linux.yaml,—,no
./.github/workflows/build_linux.yml,—,no
./.github/workflows/build_linux_wheel,—,no
./.github/workflows/build_llvm_libraries.yml,—,no
./.github/workflows/build_mac.yml,—,no
./.github/workflows/build_mac_wheel,—,no
./.github/workflows/build_macos.yaml,—,no
./.github/workflows/build_macos.yml,—,no
./.github/workflows/build_operator_image.yml,—,no
./.github/workflows/build_pex.yml,—,no
./.github/workflows/build_prepare.yaml,—,no
./.github/workflows/build_pypi.yml,—,no
./.github/workflows/build_release.yml,—,no
./.github/workflows/build_releases.yml,—,no
./.github/workflows/build_schema_page.yml,—,no
./.github/workflows/build_sidecar_image.yml,—,no
./.github/workflows/build_steps.yml,—,no
./.github/workflows/build_test.yml,—,no
./.github/workflows/build_test_deploy.yml,—,no
./.github/workflows/build_test_ios.yml,—,no
./.github/workflows/build_test_release_tag.yml,—,no
./.github/workflows/build_tf_integrations.yml,—,no
./.github/workflows/build_tvos.yml,—,no
./.github/workflows/build_ubuntu.yml,—,no
./.github/workflows/build_wamr_lldb.yml,—,no
./.github/workflows/build_wamr_sdk.yml,—,no
./.github/workflows/build_wamr_vscode_ext.yml,—,no
./.github/workflows/build_wamrc.yml,—,no
./.github/workflows/build_wheels.yml,—,no
./.github/workflows/build_whl.yml,—,no
./.github/workflows/build_windows.yaml,—,no
./.github/workflows/build_windows.yml,—,no
./.github/workflows/build_windows_wheel,—,no
./.github/workflows/build_xenon_image.yml,—,no
./.github/workflows/buildbase,—,no
./.github/workflows/builder-docker-image.yml,—,no
./.github/workflows/builder_container-based_slsa3.yml,—,no
./.github/workflows/builder_docker-based_slsa3.yml,—,no
./.github/workflows/builder_go_slsa3.yml,—,no
./.github/workflows/builders.yml,—,no
./.github/workflows/buildnative.yml,—,no
./.github/workflows/buildwindows.yml,—,no
./.github/workflows/buildx.yml,—,no
./.github/workflows/bump-channel-version,—,no
./.github/workflows/bump-tags.yml,—,no
./.github/workflows/bump-version,—,no
./.github/workflows/bump-version.yaml,—,no
./.github/workflows/bump-version.yml,—,no
./.github/workflows/bump_brew.yaml,—,no
./.github/workflows/bundle-and-deploy.yml,—,no
./.github/workflows/bundle-linux.yml,—,no
./.github/workflows/bundlesize.yaml,—,no
./.github/workflows/c-arduino-tests.yml,—,no
./.github/workflows/c-create-release.yaml,—,no
./.github/workflows/c-tests.yml,—,no
./.github/workflows/c-verifier-tests.yml,—,no
./.github/workflows/c-zephyr-tests.yml,—,no
./.github/workflows/ca-clone-hsm-test.yml,—,no
./.github/workflows/ca-clone-replicated-ds-test.yml,—,no
./.github/workflows/ca-clone-secure-ds-test.yml,—,no
./.github/workflows/ca-clone-shared-ds-test.yml,—,no
./.github/workflows/ca-clone-test.yml,—,no
./.github/workflows/ca-crl-test.yml,—,no
./.github/workflows/ca-lightweight-hsm-test.yml,—,no
./.github/workflows/ca-lightweight-test.yml,—,no
./.github/workflows/ca-notification-request-test.yml,—,no
./.github/workflows/ca-profile-cadirusercert-test.yml,—,no
./.github/workflows/ca-profile-caservercert-test.yml,—,no
./.github/workflows/ca-pruning-test.yml,—,no
./.github/workflows/ca-publishing-ca-cert-test.yml,—,no
./.github/workflows/ca-publishing-crl-file-test.yml,—,no
./.github/workflows/ca-publishing-crl-ldap-test.yml,—,no
./.github/workflows/ca-publishing-user-cert-test.yml,—,no
./.github/workflows/ca-rsnv1-test.yml,—,no
./.github/workflows/ca-secure-ds-test.yml,—,no
./.github/workflows/ca-sequential-test.yml,—,no
./.github/workflows/ca-user-cert-publishing-test.yml,—,no
./.github/workflows/cache-packages.yml,—,no
./.github/workflows/cache-pnpm-install.yml,—,no
./.github/workflows/cache-shared-deps.yml,—,no
./.github/workflows/cache-toolchain.yml,—,no
./.github/workflows/cache.yaml,—,no
./.github/workflows/call-build-docs.yaml,—,no
./.github/workflows/call-build-image.yaml,—,no
./.github/workflows/call-build-images.yaml,—,no
./.github/workflows/call-build-imgs.yaml,—,no
./.github/workflows/call-build-linux-packages.yaml,—,no
./.github/workflows/call-build-macos.yaml,—,no
./.github/workflows/call-build-windows.yaml,—,no
./.github/workflows/call-cd.yaml,—,no
./.github/workflows/call-ci.yaml,—,no
./.github/workflows/call-clean-ghcr.yaml,—,no
./.github/workflows/call-e2e.yaml,—,no
./.github/workflows/call-gen-release-notes.yaml,—,no
./.github/workflows/call-images-build.yaml,—,no
./.github/workflows/call-integration-image-build.yaml,—,no
./.github/workflows/call-lint-chart.yaml,—,no
./.github/workflows/call-offline-build.yaml,—,no
./.github/workflows/call-os-pkgs-build.yaml,—,no
./.github/workflows/call-release-changelog.yaml,—,no
./.github/workflows/call-release-chart.yaml,—,no
./.github/workflows/call-release-doc.yaml,—,no
./.github/workflows/call-release-image.yaml,—,no
./.github/workflows/call-release-pages.yaml,—,no
./.github/workflows/call-run-integration-test.yaml,—,no
./.github/workflows/call-save-release-notes.yaml,—,no
./.github/workflows/call-speedup-offline-packags.yaml,—,no
./.github/workflows/call-sync-repos.yaml,—,no
./.github/workflows/call-test-images.yaml,—,no
./.github/workflows/call-test-integration.yml,—,no
./.github/workflows/call-test-packages.yaml,—,no
./.github/workflows/call-trivy.yaml,—,no
./.github/workflows/call-update-githubpages.yaml,—,no
./.github/workflows/call-upload-qiniu.yaml,—,no
./.github/workflows/call.check-query-schema-against-subgraph.yml,—,no
./.github/workflows/call.deploy-hosted-service-subgraph.yml,—,no
./.github/workflows/call.deploy-satsuma-subgraph.yml,—,no
./.github/workflows/call.deploy-subgraph.yml,—,no
./.github/workflows/call.github_release.yml,—,no
./.github/workflows/call.platform_uploads.yml,—,no
./.github/workflows/call.setup-deploy-and-test-local-subgraph.yml,—,no
./.github/workflows/call.test-automation-contracts.yml,—,no
./.github/workflows/call.test-ethereum-contracts.yml,—,no
./.github/workflows/call.test-hardhat-deployer.yml,—,no
./.github/workflows/call.test-hot-fuzz.yml,—,no
./.github/workflows/call.test-local-subgraph.yml,—,no
./.github/workflows/call.test-sdk-core.yml,—,no
./.github/workflows/call.test-solidity-semantic-money.yml,—,no
./.github/workflows/call.test-spec-haskell.yml,—,no
./.github/workflows/call.test-subgraph-on-previous-sdk-core-versions.yml,—,no
./.github/workflows/call.upload-coverage-reports.yml,—,no
./.github/workflows/callable-canary-e2e-runner.yml,—,no
./.github/workflows/callable-canary-sampleapp-tests.yml,—,no
./.github/workflows/callable-prebuild-amplify-js.yml,—,no
./.github/workflows/callable-prebuild-samples-staging.yml,—,no
./.github/workflows/canary-test-config,—,no
./.github/workflows/canary.yml,—,no
./.github/workflows/cargo.yml,—,no
./.github/workflows/cc-payload-after-push-amd64.yaml,—,no
./.github/workflows/cc-payload-after-push-arm64.yaml,—,no
./.github/workflows/cc-payload-after-push-s390x.yaml,—,no
./.github/workflows/cd-production.yaml,—,no
./.github/workflows/cd-reset-internal-testnet.yml,—,no
./.github/workflows/cd-seed-chain.yml,—,no
./.github/workflows/cd-staging.yaml,—,no
./.github/workflows/cd-start-chain.yml,—,no
./.github/workflows/cd.yaml,—,no
./.github/workflows/centos.yml,—,no
./.github/workflows/changelog.yml,—,no
./.github/workflows/changes.yaml,—,no
./.github/workflows/changes.yml,—,no
./.github/workflows/chatbot-finetune-mpt-7b-chat-hpu.yml,—,no
./.github/workflows/chatbot-finetune-mpt-7b-chat.yml,—,no
./.github/workflows/chatbot-inference-llama-2-7b-chat-hf-hpu.yml,—,no
./.github/workflows/chatbot-inference-llama-2-7b-chat-hf.yml,—,no
./.github/workflows/chatbot-inference-mpt-7b-chat-hpu.yml,—,no
./.github/workflows/chatbot-inference-mpt-7b-chat.yml,—,no
./.github/workflows/check,—,no
./.github/workflows/check-deep-tests-reusable.yml,—,no
./.github/workflows/check-diff.yml,—,no
./.github/workflows/check-files.yml,—,no
./.github/workflows/check-format.yaml,—,no
./.github/workflows/check-format.yml,—,no
./.github/workflows/check-formatting.yml,—,no
./.github/workflows/check-js-code.yml,—,no
./.github/workflows/check-kernel-patches.yml,—,no
./.github/workflows/check-msrv.yml,—,no
./.github/workflows/check-parse-results.yml,—,no
./.github/workflows/check-php-code.yml,—,no
./.github/workflows/check-python.yaml,—,no
./.github/workflows/check-types.yml,—,no
./.github/workflows/check-version.yml,—,no
./.github/workflows/check.yml,—,no
./.github/workflows/check_license_and_history.yml,—,no
./.github/workflows/check_packages.yml,—,no
./.github/workflows/check_tflite_files.yml,—,no
./.github/workflows/check_update.yml,—,no
./.github/workflows/check_urls.yml,—,no
./.github/workflows/checkout-and-build-smithy,—,no
./.github/workflows/checkout_repo,—,no
./.github/workflows/checks.yaml,—,no
./.github/workflows/checks.yml,—,no
./.github/workflows/cherrypick.yml,—,no
./.github/workflows/chromatic-build.yml,—,no
./.github/workflows/ci,—,no
./.github/workflows/ci-astro-deploy.yml,—,no
./.github/workflows/ci-build-binaries.yml,—,no
./.github/workflows/ci-build-goreleaser-prep.yml,—,no
./.github/workflows/ci-build-image.yml,—,no
./.github/workflows/ci-build-sdks.yml,—,no
./.github/workflows/ci-build.yml,—,no
./.github/workflows/ci-check.yml,—,no
./.github/workflows/ci-code-analysis.yml,—,no
./.github/workflows/ci-commit.yml,—,no
./.github/workflows/ci-cover.yml,—,no
./.github/workflows/ci-db-tests.yml,—,no
./.github/workflows/ci-default.yml,—,no
./.github/workflows/ci-docker.yml,—,no
./.github/workflows/ci-info.yml,—,no
./.github/workflows/ci-install.yaml,—,no
./.github/workflows/ci-integration-test.yml,—,no
./.github/workflows/ci-jobs.yml,—,no
./.github/workflows/ci-lint.yml,—,no
./.github/workflows/ci-linux.yml,—,no
./.github/workflows/ci-linux_mac.yml,—,no
./.github/workflows/ci-mac.yml,—,no
./.github/workflows/ci-mutation-tests.yml,—,no
./.github/workflows/ci-prepare-release.yml,—,no
./.github/workflows/ci-python.yml,—,no
./.github/workflows/ci-release.yml,—,no
./.github/workflows/ci-rest.yml,—,no
./.github/workflows/ci-rocksdb-build.yml,—,no
./.github/workflows/ci-run-test.yml,—,no
./.github/workflows/ci-rust.yml,—,no
./.github/workflows/ci-steps.yml,—,no
./.github/workflows/ci-swan.yml,—,no
./.github/workflows/ci-template.yml,—,no
./.github/workflows/ci-test-dbt.yml,—,no
./.github/workflows/ci-test-go.yml,—,no
./.github/workflows/ci-test-python.yml,—,no
./.github/workflows/ci-test.yml,—,no
./.github/workflows/ci-tests.yml,—,no
./.github/workflows/ci-unit-test.yml,—,no
./.github/workflows/ci-web.yml,—,no
./.github/workflows/ci-windows.yml,—,no
./.github/workflows/ci-wrap-test-harness.yaml,—,no
./.github/workflows/ci.shellcode.yml,—,no
./.github/workflows/ci.yaml,—,no
./.github/workflows/ci.yml,—,no
./.github/workflows/ci__unstable.yaml,—,no
./.github/workflows/ci_checks.yml,—,no
./.github/workflows/ci_common.yml,—,no
./.github/workflows/ci_e2e-custom.yaml,—,no
./.github/workflows/ci_e2e-custom.yml,—,no
./.github/workflows/ci_e2e-customs.yml,—,no
./.github/workflows/ci_e2e-mariadb.yaml,—,no
./.github/workflows/ci_e2e-mariadb.yml,—,no
./.github/workflows/ci_e2e-mysql.yaml,—,no
./.github/workflows/ci_e2e-mysql.yml,—,no
./.github/workflows/ci_e2e-pgsql.yaml,—,no
./.github/workflows/ci_e2e-pgsql.yml,—,no
./.github/workflows/ci_e2e-unstable.yaml,—,no
./.github/workflows/ci_integration.yml,—,no
./.github/workflows/ci_macos.yml,—,no
./.github/workflows/ci_macos_arm.yml,—,no
./.github/workflows/ci_package.yml,—,no
./.github/workflows/ci_packages-unstable.yaml,—,no
./.github/workflows/ci_packages.yaml,—,no
./.github/workflows/ci_packages.yml,—,no
./.github/workflows/ci_pipe.yml,—,no
./.github/workflows/ci_release.yml,—,no
./.github/workflows/ci_rust.yml,—,no
./.github/workflows/ci_static-checks.yaml,—,no
./.github/workflows/ci_static-checks.yml,—,no
./.github/workflows/ci_ubuntu_arm.yml,—,no
./.github/workflows/ci_verify_docs_build.yml,—,no
./.github/workflows/ci_windows.yml,—,no
./.github/workflows/cibw_docker_image.yml,—,no
./.github/workflows/cifuzz.yml,—,no
./.github/workflows/clang13_test.yml,—,no
./.github/workflows/clang15_test.yml,—,no
./.github/workflows/clang_analyzer.yml,—,no
./.github/workflows/cleanup-baas.yml,—,no
./.github/workflows/cleanup.yml,—,no
./.github/workflows/cleanuprg.yml,—,no
./.github/workflows/cli-e2e-tests.yaml,—,no
./.github/workflows/cli-partial-release.yml,—,no
./.github/workflows/cli-tests.yaml,—,no
./.github/workflows/cli-tests.yml,—,no
./.github/workflows/cli.yml,—,no
./.github/workflows/cloud-tests-forked.yml,—,no
./.github/workflows/cloud-tests.yml,—,no
./.github/workflows/cloudflare.yml,—,no
./.github/workflows/cmake-builds.yml,—,no
./.github/workflows/cmake-ctest.yml,—,no
./.github/workflows/cmake-linux-coverage.yml,—,no
./.github/workflows/cmake.yml,—,no
./.github/workflows/cmd-publish-pr-on-npm.yml,—,no
./.github/workflows/cmd-run-benchmark.yml,—,no
./.github/workflows/codacy.yml,—,no
./.github/workflows/code-quality-check,—,no
./.github/workflows/code-quality.yaml,—,no
./.github/workflows/code_analysis.yml,—,no
./.github/workflows/code_coverage.yml,—,no
./.github/workflows/code_generator.yml,—,no
./.github/workflows/code_style_check.yml,—,no
./.github/workflows/codecheck.yaml,—,no
./.github/workflows/codecheckwf.yml,—,no
./.github/workflows/codecoverage.yml,—,no
./.github/workflows/codeql-analysis-base.yml,—,no
./.github/workflows/codeql-analysis.yml,—,no
./.github/workflows/codeql-reusable.yml,—,no
./.github/workflows/codeql.yml,—,no
./.github/workflows/codestyle.yml,—,no
./.github/workflows/codestyle_v2.yml,—,no
./.github/workflows/collator-selection.yml,—,no
./.github/workflows/collect-logs,—,no
./.github/workflows/comment-queue.yml,—,no
./.github/workflows/commisery-bump.yml,—,no
./.github/workflows/commit,—,no
./.github/workflows/common-build-docs.yaml,—,no
./.github/workflows/common-build-images.yaml,—,no
./.github/workflows/common-carvel.yml,—,no
./.github/workflows/common-codeql.yaml,—,no
./.github/workflows/common-trivy.yaml,—,no
./.github/workflows/common-verify-code.yaml,—,no
./.github/workflows/common-verify.yaml,—,no
./.github/workflows/common.yml,—,no
./.github/workflows/common_build_upload.yml,—,no
./.github/workflows/common_ci.yml,—,no
./.github/workflows/common_docker_image.yml,—,no
./.github/workflows/community-check.yml,—,no
./.github/workflows/community-operators.yml,—,no
./.github/workflows/comp-build-release-artifact.yaml,—,no
./.github/workflows/comp-compile-application-code.yaml,—,no
./.github/workflows/compatibility-check-template.yml,—,no
./.github/workflows/compatibility.yml,—,no
./.github/workflows/compile-requirements.yml,—,no
./.github/workflows/compile.yml,—,no
./.github/workflows/compiler-settings.yaml,—,no
./.github/workflows/compiler_format_and_linting.yml,—,no
./.github/workflows/compiler_macos_build_and_test.yml,—,no
./.github/workflows/compiler_tests.yml,—,no
./.github/workflows/complain.yml,—,no
./.github/workflows/component-test.yml,—,no
./.github/workflows/component.buildtest.yml,—,no
./.github/workflows/component.package.yml,—,no
./.github/workflows/component_canaries.yml,—,no
./.github/workflows/component_canaries_prune.yml,—,no
./.github/workflows/component_canary_alerts.yml,—,no
./.github/workflows/component_canary_alerts_delete.yml,—,no
./.github/workflows/component_docker_build.yml,—,no
./.github/workflows/component_docker_packaging.yml,—,no
./.github/workflows/component_docker_publish.yml,—,no
./.github/workflows/component_features.yml,—,no
./.github/workflows/component_linux_build.yml,—,no
./.github/workflows/component_linux_harvest_test.yml,—,no
./.github/workflows/component_linux_linter.yml,—,no
./.github/workflows/component_linux_packaging.yml,—,no
./.github/workflows/component_linux_proxy_test.yml,—,no
./.github/workflows/component_linux_publish.yml,—,no
./.github/workflows/component_linux_tools_unit_test.yml,—,no
./.github/workflows/component_linux_unit_test.yml,—,no
./.github/workflows/component_macos_harvest_test.yml,—,no
./.github/workflows/component_macos_linter.yml,—,no
./.github/workflows/component_macos_unit_test.yml,—,no
./.github/workflows/component_molecule_packaging.yml,—,no
./.github/workflows/component_prerelease_testing.yml,—,no
./.github/workflows/component_purge_cdn.yml,—,no
./.github/workflows/component_trivy.yml,—,no
./.github/workflows/component_windows_linter.yml,—,no
./.github/workflows/component_windows_publish.yml,—,no
./.github/workflows/component_windows_unit_test.yml,—,no
./.github/workflows/compose.yml,—,no
./.github/workflows/composer.yml,—,no
./.github/workflows/composer_template.yml,—,no
./.github/workflows/composite-actions/performance-tests,—,no
./.github/workflows/composite-actions/prep-go-runner,—,no
./.github/workflows/composite-actions/process-skip-directives,—,no
./.github/workflows/composite-actions/regression-tests,—,no
./.github/workflows/composite/bazel-gh-cache,—,no
./.github/workflows/composite/bootstrap-go,—,no
./.github/workflows/composite/build-push,—,no
./.github/workflows/composite/cartopy-cache,—,no
./.github/workflows/composite/collectlogs,—,no
./.github/workflows/composite/comment-on-pr,—,no
./.github/workflows/composite/conda-env-cache,—,no
./.github/workflows/composite/conda-pkg-cache,—,no
./.github/workflows/composite/docker-builder,—,no
./.github/workflows/composite/docker-builder-agw,—,no
./.github/workflows/composite/dp-integ-tests,—,no
./.github/workflows/composite/iris-data-cache,—,no
./.github/workflows/composite/maximize-build-space,—,no
./.github/workflows/composite/nox-cache,—,no
./.github/workflows/composite/sentry-create-and-upload-artifacts,—,no
./.github/workflows/composite/setup,—,no
./.github/workflows/composite/setup-dev-dependencies,—,no
./.github/workflows/composite/test-setup,—,no
./.github/workflows/composite_action,—,no
./.github/workflows/composite_action/hw,—,no
./.github/workflows/composite_action/prebuild,—,no
./.github/workflows/composite_action/sim,—,no
./.github/workflows/composites/build-controllers-project,—,no
./.github/workflows/composites/build-integration-tests-project,—,no
./.github/workflows/composites/cache,—,no
./.github/workflows/composites/clean-space,—,no
./.github/workflows/composites/download-docker-images,—,no
./.github/workflows/composites/echo-saved-images,—,no
./.github/workflows/composites/env-variables,—,no
./.github/workflows/composites/fabric8-istio,—,no
./.github/workflows/composites/fabric8-istio-integration-test,—,no
./.github/workflows/composites/load-docker-images,—,no
./.github/workflows/composites/matrix-bounds-on-test-times-cache-hit,—,no
./.github/workflows/composites/maven-build-with-dry-run-for-tests,—,no
./.github/workflows/composites/pre-test-actions,—,no
./.github/workflows/composites/run-and-save-test-times-when-cache-missing,—,no
./.github/workflows/composites/run-and-save-test-times-when-cache-present,—,no
./.github/workflows/composites/save-controller-images,—,no
./.github/workflows/composites/save-integration-tests-images,—,no
./.github/workflows/composites/setup,—,no
./.github/workflows/composites/setup-jdk1.8,—,no
./.github/workflows/composites/setup-jdk17,—,no
./.github/workflows/composites/test-bounds,—,no
./.github/workflows/composites/test-times,—,no
./.github/workflows/composites/unity-build-plugins/android/,—,no
./.github/workflows/composites/unity-build-plugins/ios/,—,no
./.github/workflows/composites/unity-build-plugins/linux/,—,no
./.github/workflows/composites/unity-build-plugins/osx/,—,no
./.github/workflows/composites/unity-build-plugins/windows/,—,no
./.github/workflows/composites/unity-download-backend/,—,no
./.github/workflows/composites/unity-setup/,—,no
./.github/workflows/composites/upload-docker-images,—,no
./.github/workflows/compute-changes.yml,—,no
./.github/workflows/compute-matrix.yml,—,no
./.github/workflows/conan.yml,—,no
./.github/workflows/concrete_cpu_test.yml,—,no
./.github/workflows/concrete_cuda_test.yml,—,no
./.github/workflows/concrete_python_build_and_test.yml,—,no
./.github/workflows/concrete_python_checks.yml,—,no
./.github/workflows/concrete_python_push_docker_image.yml,—,no
./.github/workflows/concrete_python_test_macos.yml,—,no
./.github/workflows/concrete_python_tests_macos.yml,—,no
./.github/workflows/condawf.yml,—,no
./.github/workflows/configdocsgenerator_test.yml,—,no
./.github/workflows/configuration_ui_test.yml,—,no
./.github/workflows/configurationserver_test.yml,—,no
./.github/workflows/configure-bigquery,—,no
./.github/workflows/console.yml,—,no
./.github/workflows/container-build.yml,—,no
./.github/workflows/container-image.yml,—,no
./.github/workflows/container-rebuild-action.yml,—,no
./.github/workflows/container.yml,—,no
./.github/workflows/container_app_push.yml,—,no
./.github/workflows/container_images.yaml,—,no
./.github/workflows/containers.yml,—,no
./.github/workflows/continuous-integration.yml,—,no
./.github/workflows/contoso-traders-cloud-testing-template.yml,—,no
./.github/workflows/contrib/checks.yml,—,no
./.github/workflows/contrib/rerun_py.yml,—,no
./.github/workflows/contrib_checks.yml,—,no
./.github/workflows/contrib_rerun_py.yml,—,no
./.github/workflows/contributed-recipes.yml,—,no
./.github/workflows/coordinator-publish.yml,—,no
./.github/workflows/copy-file,—,no
./.github/workflows/copy-images-to-dockerhub.yaml,—,no
./.github/workflows/copy-site-to-sourceforge.yml,—,no
./.github/workflows/core-build-and-draft.yml,—,no
./.github/workflows/core-cargo-test.yml,—,no
./.github/workflows/core-integration-test.yml,—,no
./.github/workflows/core-unit-test.yml,—,no
./.github/workflows/core.yml,—,no
./.github/workflows/coverage-nix.yml,—,no
./.github/workflows/coverage-win.yml,—,no
./.github/workflows/coverage.yaml,—,no
./.github/workflows/coverage.yml,—,no
./.github/workflows/coverity-linux.yaml,—,no
./.github/workflows/coverity-windows.yaml,—,no
./.github/workflows/cpp-lint.yml,—,no
./.github/workflows/cpp-ros2-tests.yml,—,no
./.github/workflows/cpp-tests.yml,—,no
./.github/workflows/cpp_build.yml,—,no
./.github/workflows/cpp_package.yaml,—,no
./.github/workflows/cpython_tests.yml,—,no
./.github/workflows/create-aks.yaml,—,no
./.github/workflows/create-artifact.yml,—,no
./.github/workflows/create-branch,—,no
./.github/workflows/create-checks.yml,—,no
./.github/workflows/create-cli-release.yml,—,no
./.github/workflows/create-cluster.yml,—,no
./.github/workflows/create-git-tag,—,no
./.github/workflows/create-git-tag.yaml,—,no
./.github/workflows/create-packages.yml,—,no
./.github/workflows/create-release-workflow.yml,—,no
./.github/workflows/create-release.yml,—,no
./.github/workflows/create-version.yaml,—,no
./.github/workflows/create_runner.yml,—,no
./.github/workflows/create_tag.yml,—,no
./.github/workflows/cri_tests.yml,—,no
./.github/workflows/crmsh-ci.yml,—,no
./.github/workflows/cross-build.yml,—,no
./.github/workflows/cross-platform.yml,—,no
./.github/workflows/cross.yml,—,no
./.github/workflows/csharp_build.yml,—,no
./.github/workflows/cspell.yml,—,no
./.github/workflows/ct.yml,—,no
./.github/workflows/cth-test.yml,—,no
./.github/workflows/cuda_dind_os_ci.yml,—,no
./.github/workflows/custom-actions/prep-for-appspot,—,no
./.github/workflows/custom-actions/set-commit-status,—,no
./.github/workflows/custom/after-install,—,no
./.github/workflows/custom/before-install,—,no
./.github/workflows/cygwin.yml,—,no
./.github/workflows/cypress.yml,—,no
./.github/workflows/d-publish-image.yaml,—,no
./.github/workflows/dagger_on_fly.yml,—,no
./.github/workflows/dagger_on_fly_docker.yml,—,no
./.github/workflows/dagger_on_github.yml,—,no
./.github/workflows/dagger_on_k8s.yml,—,no
./.github/workflows/dart-desktop-tests.yml,—,no
./.github/workflows/dart_dart2js.yaml,—,no
./.github/workflows/dart_ddc.yaml,—,no
./.github/workflows/dart_native.yaml,—,no
./.github/workflows/dart_vm.yaml,—,no
./.github/workflows/dashboard-build-and-draft.yml,—,no
./.github/workflows/dashboard.yaml,—,no
./.github/workflows/davinci-integration-tests.yml,—,no
./.github/workflows/dbtest.yaml,—,no
./.github/workflows/dci.yml,—,no
./.github/workflows/deb.yml,—,no
./.github/workflows/defaults,—,no
./.github/workflows/delete-aks.yaml,—,no
./.github/workflows/demo-linux.yml,—,no
./.github/workflows/demo-macos.yml,—,no
./.github/workflows/demo-test.yml,—,no
./.github/workflows/demo-windows.yml,—,no
./.github/workflows/democontainer.yaml,—,no
./.github/workflows/dendrite.yml,—,no
./.github/workflows/deny.yml,—,no
./.github/workflows/dep-matrix,—,no
./.github/workflows/dep-matrix-suggests,—,no
./.github/workflows/deploy-artifact-as-branch.yml,—,no
./.github/workflows/deploy-baas.yml,—,no
./.github/workflows/deploy-btp.yml,—,no
./.github/workflows/deploy-cloudflare.yml,—,no
./.github/workflows/deploy-container.yml,—,no
./.github/workflows/deploy-create-artifact.yml,—,no
./.github/workflows/deploy-dev.yaml,—,no
./.github/workflows/deploy-docs.yml,—,no
./.github/workflows/deploy-firebase.yml,—,no
./.github/workflows/deploy-gcp-tests.yml,—,no
./.github/workflows/deploy-github-demo.yml,—,no
./.github/workflows/deploy-github-docs.yml,—,no
./.github/workflows/deploy-npm.yml,—,no
./.github/workflows/deploy-preview-branch.yml,—,no
./.github/workflows/deploy-prod.yml,—,no
./.github/workflows/deploy-production.yml,—,no
./.github/workflows/deploy-to-astro-cloud-reuse-wf.yaml,—,no
./.github/workflows/deploy-to-node.yaml,—,no
./.github/workflows/deploy-to-qa.yml,—,no
./.github/workflows/deploy-website.yml,—,no
./.github/workflows/deploy.yaml,—,no
./.github/workflows/deploy.yml,—,no
./.github/workflows/deploy_package.yml,—,no
./.github/workflows/deploy_tre_reusable.yml,—,no
./.github/workflows/deployment-production.yaml,—,no
./.github/workflows/deployment-staging.yaml,—,no
./.github/workflows/deployment.container.template.yml,—,no
./.github/workflows/deployment.static.template.yml,—,no
./.github/workflows/deployment.template.yml,—,no
./.github/workflows/deployment.yaml,—,no
./.github/workflows/deployment.yml,—,no
./.github/workflows/deployments.yml,—,no
./.github/workflows/desktop.yml,—,no
./.github/workflows/detect_changes.yml,—,no
./.github/workflows/dev-build-tests_v2.yml,—,no
./.github/workflows/dev-environment.yml,—,no
./.github/workflows/dev-publish.yml,—,no
./.github/workflows/devcontainer-feature-test.yml,—,no
./.github/workflows/devcontainer.yaml,—,no
./.github/workflows/development.yml,—,no
./.github/workflows/diff-report.yaml,—,no
./.github/workflows/dind_os_ci.yml,—,no
./.github/workflows/discord-notify.yaml,—,no
./.github/workflows/discuss-notification.yml,—,no
./.github/workflows/disk-clean.yml,—,no
./.github/workflows/dispatch-build-and-test.yml,—,no
./.github/workflows/dispatch-openapi.yaml,—,no
./.github/workflows/dist-build-linux.yaml,—,no
./.github/workflows/dist-build-mac.yaml,—,no
./.github/workflows/dist-build-windows.yaml,—,no
./.github/workflows/dist_archives.yaml,—,no
./.github/workflows/dist_check.yaml,—,no
./.github/workflows/dist_check.yml,—,no
./.github/workflows/distribute-android.yml,—,no
./.github/workflows/distribute-ios.yml,—,no
./.github/workflows/doc.yml,—,no
./.github/workflows/doc_build.yml,—,no
./.github/workflows/doc_publish.yml,—,no
./.github/workflows/doc_to_pages.yml,—,no
./.github/workflows/docker-build-and-publish.yml,—,no
./.github/workflows/docker-build-integrations.yml,—,no
./.github/workflows/docker-build-publish-with-cfg.yml,—,no
./.github/workflows/docker-build-push.yml,—,no
./.github/workflows/docker-build-test-upload.yml,—,no
./.github/workflows/docker-build.yaml,—,no
./.github/workflows/docker-build.yml,—,no
./.github/workflows/docker-configure-build-push.yaml,—,no
./.github/workflows/docker-debian/,—,no
./.github/workflows/docker-hub-release.yaml,—,no
./.github/workflows/docker-hub-release.yml,—,no
./.github/workflows/docker-image-build.yml,—,no
./.github/workflows/docker-image.yml,—,no
./.github/workflows/docker-indexer-grpc-test.yaml,—,no
./.github/workflows/docker-jobs.yaml,—,no
./.github/workflows/docker-merge-tags.yml,—,no
./.github/workflows/docker-publish.yaml,—,no
./.github/workflows/docker-publish.yml,—,no
./.github/workflows/docker-push.yml,—,no
./.github/workflows/docker-pytest-image.yml,—,no
./.github/workflows/docker-readme,—,no
./.github/workflows/docker-rust-build.yaml,—,no
./.github/workflows/docker-tag-manifest-push.yml,—,no
./.github/workflows/docker-tag-push.yml,—,no
./.github/workflows/docker-wiki-update.yml,—,no
./.github/workflows/docker.workflow.yml,—,no
./.github/workflows/docker.yaml,—,no
./.github/workflows/docker.yml,—,no
./.github/workflows/docker_build.yml,—,no
./.github/workflows/docker_prime.yml,—,no
./.github/workflows/docker_reuse.yml,—,no
./.github/workflows/dockerised-postgres.yml,—,no
./.github/workflows/dockertests.yml,—,no
./.github/workflows/dockerwf.yml,—,no
./.github/workflows/docs-action.yml,—,no
./.github/workflows/docs.yaml,—,no
./.github/workflows/docs.yml,—,no
./.github/workflows/docstring.yml,—,no
./.github/workflows/documentation.yml,—,no
./.github/workflows/dotnet-format.yml,—,no
./.github/workflows/download-link-check-issue.yml,—,no
./.github/workflows/download-qt3,—,no
./.github/workflows/download_test.yml,—,no
./.github/workflows/draft-release.yml,—,no
./.github/workflows/dynamic-analysis.yaml,—,no
./.github/workflows/e2e,—,no
./.github/workflows/e2e-android.yml,—,no
./.github/workflows/e2e-app-store.yml,—,no
./.github/workflows/e2e-arm64-template.yaml,—,no
./.github/workflows/e2e-build.yaml,—,no
./.github/workflows/e2e-compatibility-workflow-call.yaml,—,no
./.github/workflows/e2e-embed-react.yml,—,no
./.github/workflows/e2e-embed.yml,—,no
./.github/workflows/e2e-init.yaml,—,no
./.github/workflows/e2e-ios.yml,—,no
./.github/workflows/e2e-k8s-workflow.yaml,—,no
./.github/workflows/e2e-kbcli.yml,—,no
./.github/workflows/e2e-matrix.yaml,—,no
./.github/workflows/e2e-mini.yml,—,no
./.github/workflows/e2e-pull-request.yml,—,no
./.github/workflows/e2e-reusable.yml,—,no
./.github/workflows/e2e-test-manual.yml,—,no
./.github/workflows/e2e-test-release.yml,—,no
./.github/workflows/e2e-test-workflow-call.yml,—,no
./.github/workflows/e2e-test.yaml,—,no
./.github/workflows/e2e-test.yml,—,no
./.github/workflows/e2e-testbench.yaml,—,no
./.github/workflows/e2e-tests.yml,—,no
./.github/workflows/e2e-upgrade.yaml,—,no
./.github/workflows/e2e-upgrade.yml,—,no
./.github/workflows/e2e-windows.yml,—,no
./.github/workflows/e2e.yaml,—,no
./.github/workflows/e2e.yml,—,no
./.github/workflows/e2e_android.yaml,—,no
./.github/workflows/e2e_ios.yaml,—,no
./.github/workflows/e2e_linux.yaml,—,no
./.github/workflows/e2e_tests.yml,—,no
./.github/workflows/e2e_web.yaml,—,no
./.github/workflows/e2e_windows.yaml,—,no
./.github/workflows/ec2-integration-test.yml,—,no
./.github/workflows/eclipse-distro-build.yml,—,no
./.github/workflows/eclipse-ls-extensions-build.yml,—,no
./.github/workflows/editor-sharded-tests.yml,—,no
./.github/workflows/elixir.yml,—,no
./.github/workflows/encryption-pvc-kms-ibm-kp,—,no
./.github/workflows/end-of-pipeline-metrics.yml,—,no
./.github/workflows/end-to-end.yml,—,no
./.github/workflows/enos-run-k8s.yml,—,no
./.github/workflows/enos-run.yml,—,no
./.github/workflows/ensure_changelog_label.yml,—,no
./.github/workflows/env-create-file.yml,—,no
./.github/workflows/env-vars-configure,—,no
./.github/workflows/env.yml,—,no
./.github/workflows/environment.yml,—,no
./.github/workflows/error-reporting.yml,—,no
./.github/workflows/eslint.yml,—,no
./.github/workflows/est-basic-test.yml,—,no
./.github/workflows/examples.yml,—,no
./.github/workflows/execute-tests.yml,—,no
./.github/workflows/export_pr_details.yml,—,no
./.github/workflows/extract-version.yaml,—,no
./.github/workflows/extract_pipeline_context.yml,—,no
./.github/workflows/extrinsic-ordering-check-on-release.yml,—,no
./.github/workflows/fast_checks.yml,—,no
./.github/workflows/fastlane_android.yml,—,no
./.github/workflows/faucet-tests-main.yaml,—,no
./.github/workflows/federation-compatibility.yaml,—,no
./.github/workflows/federation-compatibility.yml,—,no
./.github/workflows/federation-composition.yml,—,no
./.github/workflows/federation-integration.yml,—,no
./.github/workflows/fedora,—,no
./.github/workflows/fedora26,—,no
./.github/workflows/fedora27,—,no
./.github/workflows/fedora28,—,no
./.github/workflows/fedora29,—,no
./.github/workflows/fedora30,—,no
./.github/workflows/fedora31,—,no
./.github/workflows/fedora32,—,no
./.github/workflows/fedora33,—,no
./.github/workflows/fedora34,—,no
./.github/workflows/fedora35,—,no
./.github/workflows/fedora36,—,no
./.github/workflows/files-changed.yml,—,no
./.github/workflows/find-cached-disks.yml,—,no
./.github/workflows/flakybot.yaml,—,no
./.github/workflows/flatpak.yml,—,no
./.github/workflows/flutter-app-code-check.yml,—,no
./.github/workflows/flutter-build.yml,—,no
./.github/workflows/flutter-ci.yml,—,no
./.github/workflows/flutter-desktop-tests.yml,—,no
./.github/workflows/flutter-nightly.yml,—,no
./.github/workflows/flutter-prep.yaml,—,no
./.github/workflows/flutter_android.build.yaml,—,no
./.github/workflows/flutter_android.test.yaml,—,no
./.github/workflows/flutter_android.yaml,—,no
./.github/workflows/flutter_android_test.yml,—,no
./.github/workflows/flutter_ios.yaml,—,no
./.github/workflows/flutter_ios_test.yml,—,no
./.github/workflows/flutter_linux_test.yml,—,no
./.github/workflows/flutter_macos_test.yml,—,no
./.github/workflows/flutter_vm.yaml,—,no
./.github/workflows/flutter_windows_test.yml,—,no
./.github/workflows/focus-diff.yml,—,no
./.github/workflows/forge.yaml,—,no
./.github/workflows/forkless-update-data.yml,—,no
./.github/workflows/forkless-update-nodata.yml,—,no
./.github/workflows/forkless.yml,—,no
./.github/workflows/format-lint.yml,—,no
./.github/workflows/format.yaml,—,no
./.github/workflows/format.yml,—,no
./.github/workflows/fortify_scan.yml,—,no
./.github/workflows/framework-tests.yaml,—,no
./.github/workflows/free-disk-space,—,no
./.github/workflows/freebsd.yml,—,no
./.github/workflows/frontend.yml,—,no
./.github/workflows/full.yml,—,no
./.github/workflows/full_rust_checks.yml,—,no
./.github/workflows/fun_tests.yml,—,no
./.github/workflows/fuzzing.yml,—,no
./.github/workflows/fvt.yml,—,no
./.github/workflows/gcc_test.yml,—,no
./.github/workflows/gccold1.yml,—,no
./.github/workflows/gccold2.yml,—,no
./.github/workflows/gccold3.yml,—,no
./.github/workflows/gccsnapshot_test.yml,—,no
./.github/workflows/gcp-test-deploy.yml,—,no
./.github/workflows/generate-changelog,—,no
./.github/workflows/generate-matrix.yml,—,no
./.github/workflows/generate-measurements.yml,—,no
./.github/workflows/generate-modified-test-wrappers.yaml,—,no
./.github/workflows/generate-release-json,—,no
./.github/workflows/generate-slack-changelog,—,no
./.github/workflows/generate-smoke-tests-list,—,no
./.github/workflows/generate.yml,—,no
./.github/workflows/generate_docs.yml,—,no
./.github/workflows/generate_jsonschema,—,no
./.github/workflows/generate_provenance.yaml,—,no
./.github/workflows/generator-database-changelog-liquibase.yml,—,no
./.github/workflows/generator-generate-blueprint.yml,—,no
./.github/workflows/generator_generic_slsa3.yml,—,no
./.github/workflows/generic.github_release.yml,—,no
./.github/workflows/generic.platform_uploads.yml,—,no
./.github/workflows/generic.test.yml,—,no
./.github/workflows/generic_ci.yml,—,no
./.github/workflows/gentoo.yml,—,no
./.github/workflows/get-changed-apps,—,no
./.github/workflows/get-changed-examples-matrix.yml,—,no
./.github/workflows/get-changelog-datetime,—,no
./.github/workflows/get-example-changed.yml,—,no
./.github/workflows/get-examples-matrix.yml,—,no
./.github/workflows/get-frameworks.yml,—,no
./.github/workflows/get-leptos-changed.yml,—,no
./.github/workflows/get-next-release-branch,—,no
./.github/workflows/get-release-name,—,no
./.github/workflows/get-rust-versions.yml,—,no
./.github/workflows/get-target-branches.yml,—,no
./.github/workflows/get-version.yaml,—,no
./.github/workflows/get-version.yml,—,no
./.github/workflows/get_docs_changes.yml,—,no
./.github/workflows/get_image.yaml,—,no
./.github/workflows/get_versions.yml,—,no
./.github/workflows/gh-build-and-test.yml,—,no
./.github/workflows/gh-build.yml,—,no
./.github/workflows/gh-cleanup.yml,—,no
./.github/workflows/gh-hosted-eclipse-distro-build.yml,—,no
./.github/workflows/gh-pages.yml,—,no
./.github/workflows/gh-test.yml,—,no
./.github/workflows/gh_pages.yaml,—,no
./.github/workflows/gha-functional-tests.yaml,—,no
./.github/workflows/gha-scala-functional-tests.yaml,—,no
./.github/workflows/gha-scala-instrumentation-tests.yaml,—,no
./.github/workflows/gha-unit-tests.yaml,—,no
./.github/workflows/ghpagestest.yml,—,no
./.github/workflows/git-identity,—,no
./.github/workflows/github-cleanup.yml,—,no
./.github/workflows/gke_e2e_tests.yaml,—,no
./.github/workflows/gki-kernel.yml,—,no
./.github/workflows/go-ci.yml,—,no
./.github/workflows/go-lint.yaml,—,no
./.github/workflows/go-setup,—,no
./.github/workflows/go-test.yaml,—,no
./.github/workflows/go-tests.yml,—,no
./.github/workflows/go-version.yaml,—,no
./.github/workflows/go.yml,—,no
./.github/workflows/go_generate.yml,—,no
./.github/workflows/go_test.yaml,—,no
./.github/workflows/golang_build.yml,—,no
./.github/workflows/gorelease.yml,—,no
./.github/workflows/gosec.yml,—,no
./.github/workflows/governance.yml,—,no
./.github/workflows/graalvm-integration.yml,—,no
./.github/workflows/graphql-schema-publish.yaml,—,no
./.github/workflows/guitest.yml,—,no
./.github/workflows/h2spec.yml,—,no
./.github/workflows/haschanged.yml,—,no
./.github/workflows/hashibot-vars.yml,—,no
./.github/workflows/hello-charm-tests.yaml,—,no
./.github/workflows/hexagon.yml,—,no
./.github/workflows/highcharts-browserstack.yml,—,no
./.github/workflows/highcharts-headless.yml,—,no
./.github/workflows/holochain-build-and-test.yml,—,no
./.github/workflows/http-spec-compliance.yml,—,no
./.github/workflows/hwsapibot.yml,—,no
./.github/workflows/iac-smoke-tests.yml,—,no
./.github/workflows/identify-ros-distro.yml,—,no
./.github/workflows/image-build-template-workflow.yml,—,no
./.github/workflows/image-reuse.yaml,—,no
./.github/workflows/image-upload.yml,—,no
./.github/workflows/image.yml,—,no
./.github/workflows/images.yml,—,no
./.github/workflows/import-patch-image.yml,—,no
./.github/workflows/import-save-sealos.yml,—,no
./.github/workflows/index-packages.yml,—,no
./.github/workflows/init-data-repo,—,no
./.github/workflows/init.yml,—,no
./.github/workflows/install,—,no
./.github/workflows/install-mdbook,—,no
./.github/workflows/install-sh.yml,—,no
./.github/workflows/install.yml,—,no
./.github/workflows/install_dependencies,—,no
./.github/workflows/install_maven_dependencies.yml,—,no
./.github/workflows/install_windows_dependencies,—,no
./.github/workflows/integ-test-action-inputs-caching.yml,—,no
./.github/workflows/integ-test-action-inputs.yml,—,no
./.github/workflows/integ-test-cache-cleanup.yml,—,no
./.github/workflows/integ-test-dependency-graph.yml,—,no
./.github/workflows/integ-test-detect-java-toolchains.yml,—,no
./.github/workflows/integ-test-execution-with-caching.yml,—,no
./.github/workflows/integ-test-execution.yml,—,no
./.github/workflows/integ-test-gradle-versions.yml,—,no
./.github/workflows/integ-test-inject-gradle-enterprise.yml,—,no
./.github/workflows/integ-test-provision-gradle-versions.yml,—,no
./.github/workflows/integ-test-restore-configuration-cache.yml,—,no
./.github/workflows/integ-test-restore-containerized-gradle-home.yml,—,no
./.github/workflows/integ-test-restore-custom-gradle-home.yml,—,no
./.github/workflows/integ-test-restore-gradle-home.yml,—,no
./.github/workflows/integ-test-restore-java-toolchain.yml,—,no
./.github/workflows/integ-test-sample-gradle-plugin.yml,—,no
./.github/workflows/integ-test-sample-kotlin-dsl.yml,—,no
./.github/workflows/integ_test_analytics.yml,—,no
./.github/workflows/integ_test_api_functional.yml,—,no
./.github/workflows/integ_test_api_graphql_auth_directive.yml,—,no
./.github/workflows/integ_test_api_graphql_iam.yml,—,no
./.github/workflows/integ_test_api_graphql_lambda_auth.yml,—,no
./.github/workflows/integ_test_api_graphql_lazy_load.yml,—,no
./.github/workflows/integ_test_api_graphql_user_pool.yml,—,no
./.github/workflows/integ_test_api_rest_iam.yml,—,no
./.github/workflows/integ_test_api_rest_user_pool.yml,—,no
./.github/workflows/integ_test_auth.yml,—,no
./.github/workflows/integ_test_datastore_auth_cognito.yml,—,no
./.github/workflows/integ_test_datastore_auth_iam.yml,—,no
./.github/workflows/integ_test_datastore_base.yml,—,no
./.github/workflows/integ_test_datastore_cpk.yml,—,no
./.github/workflows/integ_test_datastore_lazy_load.yml,—,no
./.github/workflows/integ_test_datastore_multi_auth.yml,—,no
./.github/workflows/integ_test_datastore_v2.yml,—,no
./.github/workflows/integ_test_geo.yml,—,no
./.github/workflows/integ_test_logging.yml,—,no
./.github/workflows/integ_test_predictions.yml,—,no
./.github/workflows/integ_test_push_notifications.yml,—,no
./.github/workflows/integ_test_storage.yml,—,no
./.github/workflows/integration,—,no
./.github/workflows/integration-reusable.yml,—,no
./.github/workflows/integration-test-config,—,no
./.github/workflows/integration-test-config-latest-k8s,—,no
./.github/workflows/integration-test-config-older-k8s,—,no
./.github/workflows/integration-test-dumpling-common.yml,—,no
./.github/workflows/integration-test-setup,—,no
./.github/workflows/integration-test.yml,—,no
./.github/workflows/integration-tests-backend.yml,—,no
./.github/workflows/integration-tests-frontend-multicluster.yml,—,no
./.github/workflows/integration-tests-frontend.yml,—,no
./.github/workflows/integration-tests-kubernetes.yml,—,no
./.github/workflows/integration-tests-reusable.yml,—,no
./.github/workflows/integration-tests.yml,—,no
./.github/workflows/integration.yml,—,no
./.github/workflows/integration_test.yml,—,no
./.github/workflows/integrations.yml,—,no
./.github/workflows/integrationtest.yml,—,no
./.github/workflows/interchaintest_custom_runner.yml,—,no
./.github/workflows/interchaintest_runner.yml,—,no
./.github/workflows/interface-unit-tests.yml,—,no
./.github/workflows/ios-actions.yml,—,no
./.github/workflows/ios-build.yml,—,no
./.github/workflows/ios_swift_tests.yml,—,no
./.github/workflows/ip-leak-scan.yaml,—,no
./.github/workflows/issue_on_error.yml,—,no
./.github/workflows/it.yml,—,no
./.github/workflows/iwyu.yml,—,no
./.github/workflows/java-instrumentation-tests.yml,—,no
./.github/workflows/java_build.yml,—,no
./.github/workflows/jenkins-smoketest.yml,—,no
./.github/workflows/jest.yml,—,no
./.github/workflows/jetbrains-auto-update-template.yml,—,no
./.github/workflows/jetbrains-update-plugin-platform-template.yml,—,no
./.github/workflows/jetbrains-updates-template.yml,—,no
./.github/workflows/jira-issue-sync.yml,—,no
./.github/workflows/jira-pr-transition.yml,—,no
./.github/workflows/job-messages.yml,—,no
./.github/workflows/job-static-check.yml,—,no
./.github/workflows/job-valgrind-check.yml,—,no
./.github/workflows/job_create_release.yml,—,no
./.github/workflows/job_format.yml,—,no
./.github/workflows/job_generate_documentation.yml,—,no
./.github/workflows/job_get_changed_files.yml,—,no
./.github/workflows/job_lint.yml,—,no
./.github/workflows/job_slack_message.yml,—,no
./.github/workflows/job_tests.yml,—,no
./.github/workflows/job_typecheck.yml,—,no
./.github/workflows/jobs/build.yml,—,no
./.github/workflows/jobs/release.yml,—,no
./.github/workflows/jobs/update-translation.yml,—,no
./.github/workflows/js-tests.yml,—,no
./.github/workflows/js.yml,—,no
./.github/workflows/jsonlint.yml,—,no
./.github/workflows/k8s_e2e.yml,—,no
./.github/workflows/kanidm_individual_book.yml,—,no
./.github/workflows/kind.yaml,—,no
./.github/workflows/ksud.yml,—,no
./.github/workflows/kubeapps-general.yaml,—,no
./.github/workflows/kubeapps-main-reusable.yaml,—,no
./.github/workflows/kubeflow.yml,—,no
./.github/workflows/kurl-addon-kots-generate.yaml,—,no
./.github/workflows/kurl-addon-kots-test.yaml,—,no
./.github/workflows/labeler-reusable.yml,—,no
./.github/workflows/lang-dot-build.yml,—,no
./.github/workflows/langchain_release_docker.yml,—,no
./.github/workflows/lantern.yaml,—,no
./.github/workflows/largemodel_unit_test_ci.yml,—,no
./.github/workflows/layer-publish.yml,—,no
./.github/workflows/legacy-checkpoints.yml,—,no
./.github/workflows/lib-build.yaml,—,no
./.github/workflows/lib-e2e.yaml,—,no
./.github/workflows/lib-inject-publish.yml,—,no
./.github/workflows/lib-trivy.yaml,—,no
./.github/workflows/lib-validate.yaml,—,no
./.github/workflows/lib/export_pr_details.yml,—,no
./.github/workflows/library-android.yml,—,no
./.github/workflows/library-apple.yml,—,no
./.github/workflows/library-web.yml,—,no
./.github/workflows/license.yml,—,no
./.github/workflows/lighthouse-report.yml,—,no
./.github/workflows/linearizability-template.yaml,—,no
./.github/workflows/lint-action,—,no
./.github/workflows/lint-action.yml,—,no
./.github/workflows/lint-and-format.yml,—,no
./.github/workflows/lint-and-test.yml,—,no
./.github/workflows/lint-app.yml,—,no
./.github/workflows/lint-bicep.yml,—,no
./.github/workflows/lint-build-test.yml,—,no
./.github/workflows/lint-docs.yml,—,no
./.github/workflows/lint-golang.yaml,—,no
./.github/workflows/lint-js.yml,—,no
./.github/workflows/lint-knip-prod.yml,—,no
./.github/workflows/lint-knip.yml,—,no
./.github/workflows/lint-markdown.yml,—,no
./.github/workflows/lint-prettier.yml,—,no
./.github/workflows/lint-spelling.yml,—,no
./.github/workflows/lint-test.yaml,—,no
./.github/workflows/lint-test.yml,—,no
./.github/workflows/lint-unit-test.yml,—,no
./.github/workflows/lint-workflow.yml,—,no
./.github/workflows/lint.yaml,—,no
./.github/workflows/lint.yml,—,no
./.github/workflows/linter-and-unit-test.yml,—,no
./.github/workflows/linter.yml,—,no
./.github/workflows/linterb.yml,—,no
./.github/workflows/linters.yaml,—,no
./.github/workflows/linters.yml,—,no
./.github/workflows/linting.yaml,—,no
./.github/workflows/linting.yml,—,no
./.github/workflows/lintjs.yml,—,no
./.github/workflows/lintprettier.yml,—,no
./.github/workflows/lintscss.yml,—,no
./.github/workflows/linux-build.yml,—,no
./.github/workflows/linux-distro-support.yaml,—,no
./.github/workflows/linux-java-workflow.yml,—,no
./.github/workflows/linux-nodejs-workflow.yml,—,no
./.github/workflows/linux-precompiled-bin-workflow.yml,—,no
./.github/workflows/linux-test.yml,—,no
./.github/workflows/linux-wheel-workflow.yml,—,no
./.github/workflows/linux.yml,—,no
./.github/workflows/linux_build.yml,—,no
./.github/workflows/linux_build_flatpak.yml,—,no
./.github/workflows/linux_build_qt.yml,—,no
./.github/workflows/linux_build_wx.yml,—,no
./.github/workflows/linuxwf.yml,—,no
./.github/workflows/load-integrations-repo-list.yml,—,no
./.github/workflows/load-test.yml,—,no
./.github/workflows/loadbot.yml,—,no
./.github/workflows/loadtest.yml,—,no
./.github/workflows/local-action,—,no
./.github/workflows/local_os_ci.yml,—,no
./.github/workflows/lsp-tests.yml,—,no
./.github/workflows/lte-integ-test-containerized.yml,—,no
./.github/workflows/mac-java-workflow.yml,—,no
./.github/workflows/mac-nodejs-workflow.yml,—,no
./.github/workflows/mac-precompiled-bin-workflow.yml,—,no
./.github/workflows/mac-univ.yml,—,no
./.github/workflows/mac-wheel-workflow.yml,—,no
./.github/workflows/mac.yml,—,no
./.github/workflows/macos-build.yml,—,no
./.github/workflows/macos-test.yml,—,no
./.github/workflows/macos.yml,—,no
./.github/workflows/macos_build.yml,—,no
./.github/workflows/macos_ci.yml,—,no
./.github/workflows/macos_unit_tests.yml,—,no
./.github/workflows/macosx.yml,—,no
./.github/workflows/macwf.yml,—,no
./.github/workflows/main.yml,—,no
./.github/workflows/make-cmd-runner.yml,—,no
./.github/workflows/make.yml,—,no
./.github/workflows/make_pr_for_downstream_repo.yaml,—,no
./.github/workflows/manifest.yml,—,no
./.github/workflows/manual-publish.yml,—,no
./.github/workflows/manual.yml,—,no
./.github/workflows/mariadb.yml,—,no
./.github/workflows/markdown-link-check.yml,—,no
./.github/workflows/markdown-lint.yml,—,no
./.github/workflows/markdown-linter.yml,—,no
./.github/workflows/markdownlint.yml,—,no
./.github/workflows/market-test.yml,—,no
./.github/workflows/market-test_v2.yml,—,no
./.github/workflows/master-e2e.yaml,—,no
./.github/workflows/matrix.yml,—,no
./.github/workflows/matrix_prep.yml,—,no
./.github/workflows/maven-goal,—,no
./.github/workflows/maven-prepare.yml,—,no
./.github/workflows/maven-release-perform.yml,—,no
./.github/workflows/maven_test_publish.yml,—,no
./.github/workflows/maven_test_report.yml,—,no
./.github/workflows/mayhem-api-template.yml,—,no
./.github/workflows/merge_image.yml,—,no
./.github/workflows/metric-pipeline.yml,—,no
./.github/workflows/mingw.yml,—,no
./.github/workflows/minitest.yml,—,no
./.github/workflows/mirror.yml,—,no
./.github/workflows/misc.yml,—,no
./.github/workflows/mkdocs.yml,—,no
./.github/workflows/mobilecoin-workflow-dev-bootstrap.yaml,—,no
./.github/workflows/mobilecoin-workflow-dev-deploy.yaml,—,no
./.github/workflows/mobilecoin-workflow-dev-reset.yaml,—,no
./.github/workflows/mobilecoin-workflow-dev-setup-environment.yaml,—,no
./.github/workflows/mobilecoin-workflow-dev-test.yaml,—,no
./.github/workflows/mobilecoin-workflow-dev-update-consensus.yaml,—,no
./.github/workflows/mod-builder.yml,—,no
./.github/workflows/msrv.yml,—,no
./.github/workflows/msvc-build-preset.yml,—,no
./.github/workflows/msvc.yml,—,no
./.github/workflows/multios-unit-tests.yml,—,no
./.github/workflows/muzzle.yml,—,no
./.github/workflows/mysql.yml,—,no
./.github/workflows/native-image.yml,—,no
./.github/workflows/netpol-e2e-test.yaml,—,no
./.github/workflows/new-milestone-and-issue-in-other-repo.yml,—,no
./.github/workflows/nextjs-bundle-analysis.yml,—,no
./.github/workflows/nightly-browser-view.yml,—,no
./.github/workflows/nightly-build-reusable.yml,—,no
./.github/workflows/nightly-main.yml,—,no
./.github/workflows/nightly-rainforest.yml,—,no
./.github/workflows/nix-build.yml,—,no
./.github/workflows/nix-flake.yml,—,no
./.github/workflows/nix-update-wlroots.yml,—,no
./.github/workflows/nix.yaml,—,no
./.github/workflows/nix.yml,—,no
./.github/workflows/node-api-compatibility-tests.yaml,—,no
./.github/workflows/node-integration.yml,—,no
./.github/workflows/node-only-update.yml,—,no
./.github/workflows/node-only-update_v2.yml,—,no
./.github/workflows/node-test.yml,—,no
./.github/workflows/node-zxc-build-release-artifact.yaml,—,no
./.github/workflows/node-zxc-compile-application-code.yaml,—,no
./.github/workflows/node.js.yml,—,no
./.github/workflows/node_test.yaml,—,no
./.github/workflows/nodejs_build.yml,—,no
./.github/workflows/noosphere_apple_build.yaml,—,no
./.github/workflows/noosphere_cli_build.yaml,—,no
./.github/workflows/notify-statuscope.yml,—,no
./.github/workflows/notify.yml,—,no
./.github/workflows/notify_teams.yml,—,no
./.github/workflows/npm-cache-packages.yml,—,no
./.github/workflows/npm-test.yml,—,no
./.github/workflows/nx-cloud-main.yml,—,no
./.github/workflows/nx-run,—,no
./.github/workflows/nx.template.yml,—,no
./.github/workflows/observability-charm-tests.yaml,—,no
./.github/workflows/on-merge.yml,—,no
./.github/workflows/on-pr-changelog.yml,—,no
./.github/workflows/one_command_runner_test.yml,—,no
./.github/workflows/only-c.yml,—,no
./.github/workflows/only-cpp.yml,—,no
./.github/workflows/only-py.yml,—,no
./.github/workflows/only-rs.yml,—,no
./.github/workflows/only-ts.yml,—,no
./.github/workflows/open-release.yaml,—,no
./.github/workflows/openshift-upgrade-test.yaml,—,no
./.github/workflows/openssl-mac,—,no
./.github/workflows/optimizer.yml,—,no
./.github/workflows/optimizer_setup,—,no
./.github/workflows/ossar-scan.yml,—,no
./.github/workflows/ostests-e2e.yaml,—,no
./.github/workflows/osv-scanner-reusable-pr.yml,—,no
./.github/workflows/osv-scanner-reusable-scheduled.yml,—,no
./.github/workflows/osv-scanner-reusable.yml,—,no
./.github/workflows/other-runtime-unit-test.yml,—,no
./.github/workflows/pa_one_command_runner_test.yml,—,no
./.github/workflows/pack-reusable.yml,—,no
./.github/workflows/pack-upload.yml,—,no
./.github/workflows/package-reuse-linux.yml,—,no
./.github/workflows/package-server.yml,—,no
./.github/workflows/package.yaml,—,no
./.github/workflows/package.yml,—,no
./.github/workflows/package_and_release.yaml,—,no
./.github/workflows/packages.yml,—,no
./.github/workflows/pact-verify.yml,—,no
./.github/workflows/pake_build_single_app.yaml,—,no
./.github/workflows/pandoras_box.yml,—,no
./.github/workflows/parallel.yml,—,no
./.github/workflows/params-httpd.yml,—,no
./.github/workflows/params-memcd.yml,—,no
./.github/workflows/params-mongo.yml,—,no
./.github/workflows/params-mysql.yml,—,no
./.github/workflows/params-pgsql.yml,—,no
./.github/workflows/params-php.yml,—,no
./.github/workflows/params-redis.yml,—,no
./.github/workflows/parse-branch-name,—,no
./.github/workflows/part_dependabot.yml,—,no
./.github/workflows/part_docs.yml,—,no
./.github/workflows/part_release.yml,—,no
./.github/workflows/part_test.yml,—,no
./.github/workflows/part_tool_versioning.yml,—,no
./.github/workflows/partial-backend.yaml,—,no
./.github/workflows/partial-backend.yml,—,no
./.github/workflows/partial-builder.yml,—,no
./.github/workflows/partial-frontend.yaml,—,no
./.github/workflows/partial-frontend.yml,—,no
./.github/workflows/partial-release.yml,—,no
./.github/workflows/partial-trivy-backend-container-scanning.yml,—,no
./.github/workflows/partial-trivy-container-scanning.yml,—,no
./.github/workflows/partial-trivy-frontend-container-scanning.yml,—,no
./.github/workflows/patch-build-versions.yml,—,no
./.github/workflows/paths-filter.yml,—,no
./.github/workflows/payload-after-push-amd64.yaml,—,no
./.github/workflows/payload-after-push-arm64.yaml,—,no
./.github/workflows/payload-after-push-s390x.yaml,—,no
./.github/workflows/perf.yml,—,no
./.github/workflows/perf_common.yaml,—,no
./.github/workflows/perform-common-steps,—,no
./.github/workflows/performance-benchmarks.yml,—,no
./.github/workflows/performance-test.yml,—,no
./.github/workflows/performance.yml,—,no
./.github/workflows/permissions,—,no
./.github/workflows/persistent_storage.yml,—,no
./.github/workflows/phar,—,no
./.github/workflows/php-cs-fixer.yml,—,no
./.github/workflows/php.yml,—,no
./.github/workflows/php_build.yml,—,no
./.github/workflows/phpcs.yml,—,no
./.github/workflows/phpstan.yml,—,no
./.github/workflows/phpunit.yml,—,no
./.github/workflows/pickle.yml,—,no
./.github/workflows/pickle_wheel.yml,—,no
./.github/workflows/pin-requirements.yml,—,no
./.github/workflows/pip-compile.yml,—,no
./.github/workflows/pipeline-queuetime.yml,—,no
./.github/workflows/pipeline.yml,—,no
./.github/workflows/pkg-dist.yml,—,no
./.github/workflows/pkg-docker.yml,—,no
./.github/workflows/pkgbuild.yml,—,no
./.github/workflows/pkgci_build_packages.yml,—,no
./.github/workflows/pkgci_regression_test_amdgpu.yml,—,no
./.github/workflows/pkgci_regression_test_cpu.yml,—,no
./.github/workflows/pkgdown-build,—,no
./.github/workflows/pkgdown-deploy,—,no
./.github/workflows/platform-zxc-jrs-regression.yaml,—,no
./.github/workflows/platform-zxc-launch-jrs-workflow.yaml,—,no
./.github/workflows/platform-zxc-release-internal.yaml,—,no
./.github/workflows/platform-zxc-release-maven-central.yaml,—,no
./.github/workflows/platformio_tests.yml,—,no
./.github/workflows/playwright.yml,—,no
./.github/workflows/plgd-device-test-with-cfg.yml,—,no
./.github/workflows/plgd-hub-test-with-cfg.yml,—,no
./.github/workflows/plugin-it.yml,—,no
./.github/workflows/poetry-install.yml,—,no
./.github/workflows/polkadot-types.yml,—,no
./.github/workflows/post-build-release.yaml,—,no
./.github/workflows/post-to-slack,—,no
./.github/workflows/postdeploy.yml,—,no
./.github/workflows/postman-publish.yml,—,no
./.github/workflows/pr-binding-refs.yml,—,no
./.github/workflows/pr-checks-action.yml,—,no
./.github/workflows/pr-cypress.yml,—,no
./.github/workflows/pr-deploy.yml,—,no
./.github/workflows/pr-generator.yml,—,no
./.github/workflows/pr-number-assign.yml,—,no
./.github/workflows/pr-quick-check.yml,—,no
./.github/workflows/pr-reviewer.yml,—,no
./.github/workflows/pr-test.yml,—,no
./.github/workflows/pr.yml,—,no
./.github/workflows/pre-check-integration.yml,—,no
./.github/workflows/pre-commit-action.yml,—,no
./.github/workflows/pre-commit.yaml,—,no
./.github/workflows/pre-commit.yml,—,no
./.github/workflows/pre-release.yml,—,no
./.github/workflows/pre-run.yml,—,no
./.github/workflows/pre_ci.yml,—,no
./.github/workflows/preflight.yaml,—,no
./.github/workflows/preflight.yml,—,no
./.github/workflows/prepare-cache.yml,—,no
./.github/workflows/prepare-env.yaml,—,no
./.github/workflows/prepare-images.yml,—,no
./.github/workflows/prepare-release.yml,—,no
./.github/workflows/prepare.yml,—,no
./.github/workflows/prepare_vm_for_build.yml,—,no
./.github/workflows/prettier.yml,—,no
./.github/workflows/preview-build.yml,—,no
./.github/workflows/process-chart.yml,—,no
./.github/workflows/production-build-without-database.yml,—,no
./.github/workflows/production-build.yml,—,no
./.github/workflows/program-reusable.yml,—,no
./.github/workflows/promote-release.yml,—,no
./.github/workflows/promote.yml,—,no
./.github/workflows/proto.yml,—,no
./.github/workflows/provider-integration.yml,—,no
./.github/workflows/public-deployment.yaml,—,no
./.github/workflows/publish-action,—,no
./.github/workflows/publish-android.yml,—,no
./.github/workflows/publish-csharp.yml,—,no
./.github/workflows/publish-docker-image.yml,—,no
./.github/workflows/publish-docker-images.yml,—,no
./.github/workflows/publish-docker.yml,—,no
./.github/workflows/publish-docs.yml,—,no
./.github/workflows/publish-documentation.yml,—,no
./.github/workflows/publish-environment.yml,—,no
./.github/workflows/publish-flutter.yml,—,no
./.github/workflows/publish-frozen-build.yml,—,no
./.github/workflows/publish-github-pages.yml,—,no
./.github/workflows/publish-golang.yml,—,no
./.github/workflows/publish-google-play.yml,—,no
./.github/workflows/publish-image.yml,—,no
./.github/workflows/publish-ios.yml,—,no
./.github/workflows/publish-iscmagic.yml,—,no
./.github/workflows/publish-iscutils.yml,—,no
./.github/workflows/publish-kata-deploy-payload-amd64.yaml,—,no
./.github/workflows/publish-kata-deploy-payload-arm64.yaml,—,no
./.github/workflows/publish-kata-deploy-payload-s390x.yaml,—,no
./.github/workflows/publish-kotlin-mpp.yml,—,no
./.github/workflows/publish-linux-packages.yml,—,no
./.github/workflows/publish-macos.yml,—,no
./.github/workflows/publish-npm-gh.yml,—,no
./.github/workflows/publish-npm-latest.yml,—,no
./.github/workflows/publish-npm.yml,—,no
./.github/workflows/publish-pack-upload.yml,—,no
./.github/workflows/publish-ppa.yml,—,no
./.github/workflows/publish-pypi-pi_heif.yml,—,no
./.github/workflows/publish-pypi.yaml,—,no
./.github/workflows/publish-pypi.yml,—,no
./.github/workflows/publish-python.yml,—,no
./.github/workflows/publish-react-native.yml,—,no
./.github/workflows/publish-release-packages.yaml,—,no
./.github/workflows/publish-release-reusable.yml,—,no
./.github/workflows/publish-release-type.yaml,—,no
./.github/workflows/publish-release.yml,—,no
./.github/workflows/publish-releasenotes-for-twitter.yml,—,no
./.github/workflows/publish-releasenotes-outside.yml,—,no
./.github/workflows/publish-repositories.yml,—,no
./.github/workflows/publish-rust.yaml,—,no
./.github/workflows/publish-rust.yml,—,no
./.github/workflows/publish-snapshot.yml,—,no
./.github/workflows/publish-test-result-from-fork-action.yml,—,no
./.github/workflows/publish-test-results-action.yml,—,no
./.github/workflows/publish-to-dockerhub.yml,—,no
./.github/workflows/publish-to-ghcr.yml,—,no
./.github/workflows/publish-to-pypi.yaml,—,no
./.github/workflows/publish-to-pypi.yml,—,no
./.github/workflows/publish-windows.yml,—,no
./.github/workflows/publish.yaml,—,no
./.github/workflows/publish.yml,—,no
./.github/workflows/publish_charts.yml,—,no
./.github/workflows/publish_container.yml,—,no
./.github/workflows/publish_crates.yml,—,no
./.github/workflows/publish_docker.yml,—,no
./.github/workflows/publish_docker_image.yml,—,no
./.github/workflows/publish_helm_chart.yml,—,no
./.github/workflows/publish_layer.yml,—,no
./.github/workflows/publish_pypi.yml,—,no
./.github/workflows/publish_to_pypi.yml,—,no
./.github/workflows/publish_v2_layer.yml,—,no
./.github/workflows/pull-request-bot.yml,—,no
./.github/workflows/pull-request.yml,—,no
./.github/workflows/pulser-setup,—,no
./.github/workflows/push-amd64.yml,—,no
./.github/workflows/push-docker-image.yaml,—,no
./.github/workflows/push-new-version,—,no
./.github/workflows/push-release-data.yml,—,no
./.github/workflows/push.yml,—,no
./.github/workflows/push_docker.yml,—,no
./.github/workflows/py-lint.yml,—,no
./.github/workflows/py-prod-deps-smoke-test.yml,—,no
./.github/workflows/py-tests.yml,—,no
./.github/workflows/pypi-release.yml,—,no
./.github/workflows/pypi-wheel-builds.yml,—,no
./.github/workflows/pypi.yml,—,no
./.github/workflows/pypi_publish.yml,—,no
./.github/workflows/pypi_upload.yml,—,no
./.github/workflows/pypy_tests.yml,—,no
./.github/workflows/pytest-cpu.yaml,—,no
./.github/workflows/pytest-gpu.yaml,—,no
./.github/workflows/pytest.yaml,—,no
./.github/workflows/pytest.yml,—,no
./.github/workflows/python-formatting.yml,—,no
./.github/workflows/python-package,—,no
./.github/workflows/python-package.yml,—,no
./.github/workflows/python-tests,—,no
./.github/workflows/python-versions.yml,—,no
./.github/workflows/python.yaml,—,no
./.github/workflows/python.yml,—,no
./.github/workflows/python2_tests.yml,—,no
./.github/workflows/python_build.yml,—,no
./.github/workflows/python_cibuildwheel.yml,—,no
./.github/workflows/python_formatting.yml,—,no
./.github/workflows/python_tests.yml,—,no
./.github/workflows/qa-testbench.yaml,—,no
./.github/workflows/qc-prebuild.yml,—,no
./.github/workflows/quality-python.yml,—,no
./.github/workflows/qualitychecks.yml,—,no
./.github/workflows/quickstart_ci.yml,—,no
./.github/workflows/raspberry_package.yml,—,no
./.github/workflows/rate-limit,—,no
./.github/workflows/re_test-integration-aws.yml,—,no
./.github/workflows/re_test-integration-azure.yml,—,no
./.github/workflows/re_test-integration-cli.yml,—,no
./.github/workflows/re_test-integration-local.yml,—,no
./.github/workflows/re_test-integration-prepare.yml,—,no
./.github/workflows/react-day-picker.yml,—,no
./.github/workflows/read_build_targets.yml,—,no
./.github/workflows/recreate-runners.yml,—,no
./.github/workflows/registry-docs-pr-based.yml,—,no
./.github/workflows/registry-push.yml,—,no
./.github/workflows/regression-tests.yml,—,no
./.github/workflows/regression.yaml,—,no
./.github/workflows/regression.yml,—,no
./.github/workflows/regressions-template.yml,—,no
./.github/workflows/rel-lnx.yml,—,no
./.github/workflows/rel-nt.yml,—,no
./.github/workflows/rel_tag.yml,—,no
./.github/workflows/release-amd64.yaml,—,no
./.github/workflows/release-arm64.yaml,—,no
./.github/workflows/release-artifacts.yml,—,no
./.github/workflows/release-assets.yml,—,no
./.github/workflows/release-binaries.yml,—,no
./.github/workflows/release-branch.yml,—,no
./.github/workflows/release-build.yml,—,no
./.github/workflows/release-calculate-hash.yml,—,no
./.github/workflows/release-cli.yml,—,no
./.github/workflows/release-comments.yml,—,no
./.github/workflows/release-container-image.yml,—,no
./.github/workflows/release-copy-github-io-to-sourceforge.yml,—,no
./.github/workflows/release-dev-from-beta,—,no
./.github/workflows/release-docker.yaml,—,no
./.github/workflows/release-docs.yml,—,no
./.github/workflows/release-examples.yml,—,no
./.github/workflows/release-files.yml,—,no
./.github/workflows/release-homebrew.yaml,—,no
./.github/workflows/release-integration.yml,—,no
./.github/workflows/release-ionicons.yml,—,no
./.github/workflows/release-linux-distros.yml,—,no
./.github/workflows/release-linux.yml,—,no
./.github/workflows/release-mac-osx.yml,—,no
./.github/workflows/release-macos.yml,—,no
./.github/workflows/release-maven-perform.yml,—,no
./.github/workflows/release-maven-prepare.yml,—,no
./.github/workflows/release-new-milestone-and-issues-in-other-repos.yml,—,no
./.github/workflows/release-nightly.yml,—,no
./.github/workflows/release-package.yml,—,no
./.github/workflows/release-packages.yml,—,no
./.github/workflows/release-pr.yml,—,no
./.github/workflows/release-prepare.yml,—,no
./.github/workflows/release-publish-releasenotes-twitter.yml,—,no
./.github/workflows/release-s390x.yaml,—,no
./.github/workflows/release-script-tests.yml,—,no
./.github/workflows/release-set-version.yml,—,no
./.github/workflows/release-source.yml,—,no
./.github/workflows/release-stable.yaml,—,no
./.github/workflows/release-summary.yaml,—,no
./.github/workflows/release-test-docker.yml,—,no
./.github/workflows/release-test.yml,—,no
./.github/workflows/release-update-github-io.yml,—,no
./.github/workflows/release-update-github-page.yml,—,no
./.github/workflows/release-update-xdoc-with-releasenotes.yml,—,no
./.github/workflows/release-upload-all-jar.yml,—,no
./.github/workflows/release-windows-store.yml,—,no
./.github/workflows/release-windows.yml,—,no
./.github/workflows/release.yaml,—,no
./.github/workflows/release.yml,—,no
./.github/workflows/release_build.yml,—,no
./.github/workflows/release_drafter.yml,—,no
./.github/workflows/release_get_artifact.yml,—,no
./.github/workflows/release_github.yml,—,no
./.github/workflows/release_please.yml,—,no
./.github/workflows/release_pre_built,—,no
./.github/workflows/release_python.yml,—,no
./.github/workflows/release_rust.yml,—,no
./.github/workflows/release_test.yml,—,no
./.github/workflows/release_test_docker_images.yml,—,no
./.github/workflows/release_to_production.yml,—,no
./.github/workflows/remove-git-branch,—,no
./.github/workflows/remove-git-tag,—,no
./.github/workflows/remove-issue-label.yaml,—,no
./.github/workflows/remove-issue-label.yml,—,no
./.github/workflows/remove-label.yaml,—,no
./.github/workflows/remove_runner.yml,—,no
./.github/workflows/report.yml,—,no
./.github/workflows/report_test_results.yml,—,no
./.github/workflows/reports.yml,—,no
./.github/workflows/reprepro.yaml,—,no
./.github/workflows/requirements.yml,—,no
./.github/workflows/resolve-args.yaml,—,no
./.github/workflows/resolve_runner.yml,—,no
./.github/workflows/resuable_build_wheel.yml,—,no
./.github/workflows/resuable_cpu_build.yml,—,no
./.github/workflows/resuable_gpu_build.yml,—,no
./.github/workflows/reusable-api-e2e.yml,—,no
./.github/workflows/reusable-api-library-tests.yml,—,no
./.github/workflows/reusable-app-service-deploy.yml,—,no
./.github/workflows/reusable-assemble.yml,—,no
./.github/workflows/reusable-aura-tests.yml,—,no
./.github/workflows/reusable-bootstrap-integrations.yml,—,no
./.github/workflows/reusable-build-and-push.yml,—,no
./.github/workflows/reusable-build-flavor.yaml,—,no
./.github/workflows/reusable-build-framework-flavor.yaml,—,no
./.github/workflows/reusable-build-lib.yaml,—,no
./.github/workflows/reusable-build-on-alpine-static.yml,—,no
./.github/workflows/reusable-build-on-android.yml,—,no
./.github/workflows/reusable-build-on-debian-static.yml,—,no
./.github/workflows/reusable-build-on-fedora.yml,—,no
./.github/workflows/reusable-build-on-macos.yml,—,no
./.github/workflows/reusable-build-on-manylinux.yml,—,no
./.github/workflows/reusable-build-on-ubuntu.yml,—,no
./.github/workflows/reusable-build-on-windows-msvc.yml,—,no
./.github/workflows/reusable-build-on-windows.yml,—,no
./.github/workflows/reusable-build-provider.yaml,—,no
./.github/workflows/reusable-build-runtime-flavor.yaml,—,no
./.github/workflows/reusable-build-srpm.yml,—,no
./.github/workflows/reusable-build-test-push.yml,—,no
./.github/workflows/reusable-build-test.yml,—,no
./.github/workflows/reusable-build.yml,—,no
./.github/workflows/reusable-builder.yml,—,no
./.github/workflows/reusable-call-linter.yml,—,no
./.github/workflows/reusable-change-detection.yml,—,no
./.github/workflows/reusable-check-go-mod.yml,—,no
./.github/workflows/reusable-ci-backend.yml,—,no
./.github/workflows/reusable-ci-frontend.yml,—,no
./.github/workflows/reusable-ci-hpc.yml,—,no
./.github/workflows/reusable-ci.yml,—,no
./.github/workflows/reusable-cmake-build.yml,—,no
./.github/workflows/reusable-codeinspection.yml,—,no
./.github/workflows/reusable-codeql-analysis.yml,—,no
./.github/workflows/reusable-container-workflow.yaml,—,no
./.github/workflows/reusable-cookie.yml,—,no
./.github/workflows/reusable-coveralls.yml,—,no
./.github/workflows/reusable-create-collector-contrib-pull-request.yml,—,no
./.github/workflows/reusable-create-docs-pull-request.yml,—,no
./.github/workflows/reusable-create-homebrew-pr.yml,—,no
./.github/workflows/reusable-create-issue-for-failure.yml,—,no
./.github/workflows/reusable-create-java-contrib-pull-request.yml,—,no
./.github/workflows/reusable-create-java-docs-pull-request.yml,—,no
./.github/workflows/reusable-create-java-instrumentation-pull-request.yml,—,no
./.github/workflows/reusable-create-operator-pull-request.yml,—,no
./.github/workflows/reusable-create-source-tarball.yml,—,no
./.github/workflows/reusable-create-version-bump-pull-request.yml,—,no
./.github/workflows/reusable-create-website-pull-request.yml,—,no
./.github/workflows/reusable-cypher-builder-tests.yml,—,no
./.github/workflows/reusable-deploy.yml,—,no
./.github/workflows/reusable-dev-build-windows.yml,—,no
./.github/workflows/reusable-dev-build.yml,—,no
./.github/workflows/reusable-docker-arm-build.yaml,—,no
./.github/workflows/reusable-docker-build-integrations.yml,—,no
./.github/workflows/reusable-docker.yml,—,no
./.github/workflows/reusable-docs.yml,—,no
./.github/workflows/reusable-e2e.yml,—,no
./.github/workflows/reusable-earthly-image-tests.yml,—,no
./.github/workflows/reusable-encryption-test.yaml,—,no
./.github/workflows/reusable-example.yml,—,no
./.github/workflows/reusable-examples.yml,—,no
./.github/workflows/reusable-export-test.yml,—,no
./.github/workflows/reusable-federation-tests.yml,—,no
./.github/workflows/reusable-find-pr-changes.yaml,—,no
./.github/workflows/reusable-freediskspace.yml,—,no
./.github/workflows/reusable-get-pr-branch.yml,—,no
./.github/workflows/reusable-git-metadata-test.yml,—,no
./.github/workflows/reusable-gradle-plugins.yml,—,no
./.github/workflows/reusable-gradlevalidation.yml,—,no
./.github/workflows/reusable-grs-vhdl.yml,—,no
./.github/workflows/reusable-grs.yml,—,no
./.github/workflows/reusable-image-and-iso-arm-generic.yaml,—,no
./.github/workflows/reusable-inbound-mail-e2e.yml,—,no
./.github/workflows/reusable-industrial-ci-with-cache.yml,—,no
./.github/workflows/reusable-install-test.yaml,—,no
./.github/workflows/reusable-integration-tests-on-prem-nightly.yml,—,no
./.github/workflows/reusable-integration-tests-on-prem.yml,—,no
./.github/workflows/reusable-integration-tests.yml,—,no
./.github/workflows/reusable-integrationtests.yml,—,no
./.github/workflows/reusable-license-check.yml,—,no
./.github/workflows/reusable-lint.yml,—,no
./.github/workflows/reusable-main.yml,—,no
./.github/workflows/reusable-markdown-link-check.yml,—,no
./.github/workflows/reusable-markdown-lint-check.yml,—,no
./.github/workflows/reusable-markdown-lint.yml,—,no
./.github/workflows/reusable-misc-tests-1.yml,—,no
./.github/workflows/reusable-misc-tests-2.yml,—,no
./.github/workflows/reusable-misc-tests.yml,—,no
./.github/workflows/reusable-misspell-check.yml,—,no
./.github/workflows/reusable-muzzle.yml,—,no
./.github/workflows/reusable-neo-push-tests.yml,—,no
./.github/workflows/reusable-notification-center.yml,—,no
./.github/workflows/reusable-open-issue-on-failure.yml,—,no
./.github/workflows/reusable-operator-hub-release.yaml,—,no
./.github/workflows/reusable-package-tests.yml,—,no
./.github/workflows/reusable-phpunit-test.yml,—,no
./.github/workflows/reusable-project-builder.yml,—,no
./.github/workflows/reusable-provider-tests.yaml,—,no
./.github/workflows/reusable-provider-upgrade-latest-test.yaml,—,no
./.github/workflows/reusable-publish-assets.yaml,—,no
./.github/workflows/reusable-publish-autoinstrumentation-e2e-images.yaml,—,no
./.github/workflows/reusable-publish-docs.yml,—,no
./.github/workflows/reusable-push-integrations.yml,—,no
./.github/workflows/reusable-pytest.yml,—,no
./.github/workflows/reusable-qa.yml,—,no
./.github/workflows/reusable-qemu-acceptance-test.yaml,—,no
./.github/workflows/reusable-qemu-bundles-test.yaml,—,no
./.github/workflows/reusable-qemu-netboot-test.yaml,—,no
./.github/workflows/reusable-qemu-reset-test.yaml,—,no
./.github/workflows/reusable-race-test.yml,—,no
./.github/workflows/reusable-release-both.yml,—,no
./.github/workflows/reusable-release-drafter.yml,—,no
./.github/workflows/reusable-release.yml,—,no
./.github/workflows/reusable-repo-auth-tests.yml,—,no
./.github/workflows/reusable-revised-its.yml,—,no
./.github/workflows/reusable-ros-tooling-source-build.yml,—,no
./.github/workflows/reusable-rr-tests.yml,—,no
./.github/workflows/reusable-run-linting-check-and-unit-tests.yml,—,no
./.github/workflows/reusable-run-unit-tests.yml,—,no
./.github/workflows/reusable-scheduled-job-notification.yml,—,no
./.github/workflows/reusable-secrets-integrations.yml,—,no
./.github/workflows/reusable-serviceless-phpunit-test.yml,—,no
./.github/workflows/reusable-setup-cache.yml,—,no
./.github/workflows/reusable-shell-script-check.yml,—,no
./.github/workflows/reusable-single-unittest.yml,—,no
./.github/workflows/reusable-single-unittests.yml,—,no
./.github/workflows/reusable-smoke-test-images.yml,—,no
./.github/workflows/reusable-smoke-test.yml,—,no
./.github/workflows/reusable-spotless.yml,—,no
./.github/workflows/reusable-standard-its.yml,—,no
./.github/workflows/reusable-subscriptions-plugin-amqp-e2e-test.yml,—,no
./.github/workflows/reusable-test-indy.yml,—,no
./.github/workflows/reusable-test-latest-deps.yml,—,no
./.github/workflows/reusable-test-local.yml,—,no
./.github/workflows/reusable-test.yml,—,no
./.github/workflows/reusable-tests.yaml,—,no
./.github/workflows/reusable-tests.yml,—,no
./.github/workflows/reusable-toolbox-tests.yml,—,no
./.github/workflows/reusable-type.yml,—,no
./.github/workflows/reusable-unit-split.yml,—,no
./.github/workflows/reusable-unit-tests-docker.yml,—,no
./.github/workflows/reusable-unit-tests.yml,—,no
./.github/workflows/reusable-unit.yml,—,no
./.github/workflows/reusable-unittests.yml,—,no
./.github/workflows/reusable-upgrade-latest-test.yaml,—,no
./.github/workflows/reusable-upgrade-with-cli-test.yaml,—,no
./.github/workflows/reusable-wait-block-main.yml,—,no
./.github/workflows/reusable-wait-block-override.yml,—,no
./.github/workflows/reusable-wait-block-target.yml,—,no
./.github/workflows/reusable-web-e2e.yml,—,no
./.github/workflows/reusable-webhook-e2e.yml,—,no
./.github/workflows/reusable-widget-e2e.yml,—,no
./.github/workflows/reusable-windows-ci.yml,—,no
./.github/workflows/reusable-worker-e2e.yml,—,no
./.github/workflows/reusable-workflow-builder.yml,—,no
./.github/workflows/reusable-workflow-notification.yml,—,no
./.github/workflows/reusable-workflow.yaml,—,no
./.github/workflows/reusable-ws-e2e.yml,—,no
./.github/workflows/reusable-zfs-test.yaml,—,no
./.github/workflows/reusable.rebuild.yml,—,no
./.github/workflows/reusable.yml,—,no
./.github/workflows/reusable/build-dist-cache.yml,—,no
./.github/workflows/reusable/cached-build,—,no
./.github/workflows/reusable/check-msrv.yml,—,no
./.github/workflows/reusable/collect-and-upload-logs,—,no
./.github/workflows/reusable/load-integrations-repo-list.yml,—,no
./.github/workflows/reusable/nix-flake.yml,—,no
./.github/workflows/reusable/run-brokers-and-trackers,—,no
./.github/workflows/reusable/run-build.yml,—,no
./.github/workflows/reusable/run-tests.yml,—,no
./.github/workflows/reusable_backend.yml,—,no
./.github/workflows/reusable_bench.yml,—,no
./.github/workflows/reusable_build_and_test.yml,—,no
./.github/workflows/reusable_build_and_test_wheels.yml,—,no
./.github/workflows/reusable_build_and_upload_rerun_c.yml,—,no
./.github/workflows/reusable_build_dev.yaml,—,no
./.github/workflows/reusable_build_docker.yaml,—,no
./.github/workflows/reusable_build_packages.yaml,—,no
./.github/workflows/reusable_build_web.yml,—,no
./.github/workflows/reusable_build_web_demo.yml,—,no
./.github/workflows/reusable_cd_preview_workflow.yml,—,no
./.github/workflows/reusable_cd_workflow.yml,—,no
./.github/workflows/reusable_checks.yml,—,no
./.github/workflows/reusable_ci_workflow.yml,—,no
./.github/workflows/reusable_coverage_upload.yml,—,no
./.github/workflows/reusable_deploy_docs.yml,—,no
./.github/workflows/reusable_deploy_layer_stack.yml,—,no
./.github/workflows/reusable_deploy_v2_layer_stack.yml,—,no
./.github/workflows/reusable_deploy_v2_sar.yml,—,no
./.github/workflows/reusable_docker.yml,—,no
./.github/workflows/reusable_docker_builder.yml,—,no
./.github/workflows/reusable_export_pr_details.yml,—,no
./.github/workflows/reusable_fetch_version.yaml,—,no
./.github/workflows/reusable_frontend.yml,—,no
./.github/workflows/reusable_go_build.yml,—,no
./.github/workflows/reusable_kernel_tests.yaml,—,no
./.github/workflows/reusable_lint.yml,—,no
./.github/workflows/reusable_package_and_upload.yml,—,no
./.github/workflows/reusable_pip_index.yml,—,no
./.github/workflows/reusable_pip_test.yml,—,no
./.github/workflows/reusable_pr_link_docs.yml,—,no
./.github/workflows/reusable_pr_summary.yml,—,no
./.github/workflows/reusable_provenance.yaml,—,no
./.github/workflows/reusable_publish_changelog.yml,—,no
./.github/workflows/reusable_publish_docker.yaml,—,no
./.github/workflows/reusable_publish_docs.yml,—,no
./.github/workflows/reusable_publish_packages.yaml,—,no
./.github/workflows/reusable_ragger_tests_latest_speculos.yml,—,no
./.github/workflows/reusable_release_crates.yml,—,no
./.github/workflows/reusable_run_notebook.yml,—,no
./.github/workflows/reusable_run_tox_test.yml,—,no
./.github/workflows/reusable_test_packages.yaml,—,no
./.github/workflows/reusable_track_size.yml,—,no
./.github/workflows/reusable_update_pr_body.yml,—,no
./.github/workflows/reusable_update_v2_layer_arn_docs.yml,—,no
./.github/workflows/reusable_upload_web.yml,—,no
./.github/workflows/reusable_upload_web_demo.yml,—,no
./.github/workflows/reusable_upload_wheels.yml,—,no
./.github/workflows/reuse-wf-check-rc-release.yaml,—,no
./.github/workflows/reuse-wf-deploy-to-astro-cloud.yaml,—,no
./.github/workflows/reuse-wf-trigger-dag.yaml,—,no
./.github/workflows/reuse.benchmark.yml,—,no
./.github/workflows/reuse.linux.hive.yml,—,no
./.github/workflows/reuse.linux.yml,—,no
./.github/workflows/reuse.macos.yml,—,no
./.github/workflows/reuse_latest_release_binaries.yml,—,no
./.github/workflows/reuseable-build-dist-cache.yml,—,no
./.github/workflows/reuseable-list-integration-repos.yml,—,no
./.github/workflows/reuseable-load-integrations-repo-list.yml,—,no
./.github/workflows/reuseable-pr-from-artifact.yml,—,no
./.github/workflows/reuseable-pr.yml,—,no
./.github/workflows/reuseable_test.yaml,—,no
./.github/workflows/revised-its.yml,—,no
./.github/workflows/rgw-multisite-test,—,no
./.github/workflows/riscv_postmerge.yml,—,no
./.github/workflows/robustness-template-arm64.yaml,—,no
./.github/workflows/robustness-template.yaml,—,no
./.github/workflows/rosa-cluster-delete.yml,—,no
./.github/workflows/roxygenize,—,no
./.github/workflows/rpi.yml,—,no
./.github/workflows/rpm.yml,—,no
./.github/workflows/rs-tests.yml,—,no
./.github/workflows/rubocop.yml,—,no
./.github/workflows/run-as-coder.yml,—,no
./.github/workflows/run-bench.yml,—,no
./.github/workflows/run-benchmarks.yml,—,no
./.github/workflows/run-build.yml,—,no
./.github/workflows/run-cargo-make-task.yml,—,no
./.github/workflows/run-checks.yml,—,no
./.github/workflows/run-ci-script.yml,—,no
./.github/workflows/run-clang-tidy.yml,—,no
./.github/workflows/run-compatibility-tests.yml,—,no
./.github/workflows/run-containerd-stability-tests.yaml,—,no
./.github/workflows/run-cri-containerd-tests.yaml,—,no
./.github/workflows/run-docker-tests-on-garm.yaml,—,no
./.github/workflows/run-example-task.yml,—,no
./.github/workflows/run-forge.yaml,—,no
./.github/workflows/run-fullnode-sync.yaml,—,no
./.github/workflows/run-integ-tests.yaml,—,no
./.github/workflows/run-k8s-tests-on-aks.yaml,—,no
./.github/workflows/run-k8s-tests-on-garm.yaml,—,no
./.github/workflows/run-k8s-tests-on-sev.yaml,—,no
./.github/workflows/run-k8s-tests-on-snp.yaml,—,no
./.github/workflows/run-k8s-tests-on-tdx.yaml,—,no
./.github/workflows/run-k8s-tests-with-crio-on-garm.yaml,—,no
./.github/workflows/run-kata-coco-tests.yaml,—,no
./.github/workflows/run-kata-deploy-tests-on-aks.yaml,—,no
./.github/workflows/run-kata-deploy-tests-on-garm.yaml,—,no
./.github/workflows/run-kata-deploy-tests-on-tdx.yaml,—,no
./.github/workflows/run-kata-monitor-tests.yaml,—,no
./.github/workflows/run-launchtimes-metrics.yaml,—,no
./.github/workflows/run-matrix.yml,—,no
./.github/workflows/run-maze-runner.yml,—,no
./.github/workflows/run-metrics.yaml,—,no
./.github/workflows/run-nerdctl-tests-on-garm.yaml,—,no
./.github/workflows/run-nydus-tests.yaml,—,no
./.github/workflows/run-phar-tests.yml,—,no
./.github/workflows/run-playwright-tests.yml,—,no
./.github/workflows/run-runk-tests.yaml,—,no
./.github/workflows/run-syne-tune.yml,—,no
./.github/workflows/run-test,—,no
./.github/workflows/run-test-suite.yml,—,no
./.github/workflows/run-tests-compatibility.yml,—,no
./.github/workflows/run-tests-default.yml,—,no
./.github/workflows/run-tests.yml,—,no
./.github/workflows/run-tracing-tests.yaml,—,no
./.github/workflows/run-validations.yml,—,no
./.github/workflows/run-vfio-tests.yaml,—,no
./.github/workflows/run-wp-env,—,no
./.github/workflows/run_fvt_tests.yaml,—,no
./.github/workflows/run_integration_tests.yml,—,no
./.github/workflows/run_integtests,—,no
./.github/workflows/run_keras_tests.yml,—,no
./.github/workflows/run_merge_tests.yml,—,no
./.github/workflows/run_pytorch_tests.yml,—,no
./.github/workflows/run_system_tests.yml,—,no
./.github/workflows/run_test_suite.yml,—,no
./.github/workflows/run_tests,—,no
./.github/workflows/run_tests.yaml,—,no
./.github/workflows/run_tests.yml,—,no
./.github/workflows/run_tests_in_tox.yml,—,no
./.github/workflows/run_unit_tests.yml,—,no
./.github/workflows/run_xcodebuild_test_platforms.yml,—,no
./.github/workflows/rununitybuildmultiversion.yml,—,no
./.github/workflows/rununitysinglebuild.yml,—,no
./.github/workflows/rununitytests.yml,—,no
./.github/workflows/rust-build.yaml,—,no
./.github/workflows/rust-plugin-build.yaml,—,no
./.github/workflows/rust.yml,—,no
./.github/workflows/rust_build.yml,—,no
./.github/workflows/rust_format_check.yml,—,no
./.github/workflows/sanitize.yml,—,no
./.github/workflows/sanitycheck.yml,—,no
./.github/workflows/save-artifacts.yaml,—,no
./.github/workflows/save-event.yml,—,no
./.github/workflows/sbom.yml,—,no
./.github/workflows/sbom_manifest_action.yml,—,no
./.github/workflows/scan_bandit.yml,—,no
./.github/workflows/scan_codeql.yml,—,no
./.github/workflows/scan_coverage.yml,—,no
./.github/workflows/scan_coverity.yml,—,no
./.github/workflows/scan_documentation.yml,—,no
./.github/workflows/scan_ubsan.yml,—,no
./.github/workflows/scenario-test.yml,—,no
./.github/workflows/scep-test.yml,—,no
./.github/workflows/scorecard.yml,—,no
./.github/workflows/screenshots.yml,—,no
./.github/workflows/scripttest.yml,—,no
./.github/workflows/sdk-integration-test.yaml,—,no
./.github/workflows/sdk-release.yaml,—,no
./.github/workflows/sdk-reusable.yml,—,no
./.github/workflows/sdk.yml,—,no
./.github/workflows/search-cache.yml,—,no
./.github/workflows/secrets-setup,—,no
./.github/workflows/security-shared.yml,—,no
./.github/workflows/security.template.yaml,—,no
./.github/workflows/security.template.yml,—,no
./.github/workflows/security.yml,—,no
./.github/workflows/seed_maven_cache.yml,—,no
./.github/workflows/select-runner.yml,—,no
./.github/workflows/selenium-lab-tests.yaml,—,no
./.github/workflows/self-hosted-eclipse-distro-build.yml,—,no
./.github/workflows/self-nightly-scheduled.yml,—,no
./.github/workflows/self-past.yml,—,no
./.github/workflows/self_hosted_integration_tests.yml,—,no
./.github/workflows/self_test.yaml,—,no
./.github/workflows/semantic-release-part.yml,—,no
./.github/workflows/semantic.yml,—,no
./.github/workflows/send-slack-message.yaml,—,no
./.github/workflows/sentry-release.yaml,—,no
./.github/workflows/sentry_release.yml,—,no
./.github/workflows/sequential.yml,—,no
./.github/workflows/serialization-tests.yml,—,no
./.github/workflows/server-backup-test.yml,—,no
./.github/workflows/server-basic-test.yml,—,no
./.github/workflows/server-container-test.yml,—,no
./.github/workflows/server-https-jks-test.yml,—,no
./.github/workflows/server-https-nss-test.yml,—,no
./.github/workflows/server-https-pem-test.yml,—,no
./.github/workflows/server-https-pkcs12-test.yml,—,no
./.github/workflows/server-upgrade-test.yml,—,no
./.github/workflows/server.update-config.yml,—,no
./.github/workflows/set-postfix-value,—,no
./.github/workflows/set-status.yml,—,no
./.github/workflows/setup,—,no
./.github/workflows/setup-cluster-env,—,no
./.github/workflows/setup-cluster-resources,—,no
./.github/workflows/setup-go-cache.yml,—,no
./.github/workflows/setup-mysql-and-mariadb,—,no
./.github/workflows/setup-node,—,no
./.github/workflows/setup-python,—,no
./.github/workflows/setup-python-environment.yml,—,no
./.github/workflows/setup-rust-cache,—,no
./.github/workflows/setup-snowflake-and-kafka,—,no
./.github/workflows/setup-test-tools,—,no
./.github/workflows/setup-venv,—,no
./.github/workflows/setup.runtime.yml,—,no
./.github/workflows/setup.yml,—,no
./.github/workflows/setup_ghdl.yml,—,no
./.github/workflows/setup_ios.yml,—,no
./.github/workflows/setup_iverilog.yml,—,no
./.github/workflows/setup_k8s_matrix.yaml,—,no
./.github/workflows/setup_macos.yaml,—,no
./.github/workflows/setup_tools_macos/,—,no
./.github/workflows/shared-apps.yml,—,no
./.github/workflows/shared-build-and-upload-artifact.yml,—,no
./.github/workflows/shared-build.yml,—,no
./.github/workflows/shared-test-integration.yml,—,no
./.github/workflows/shared-test-unit.yml,—,no
./.github/workflows/shared-workflow.yaml,—,no
./.github/workflows/shellcheck.yml,—,no
./.github/workflows/sign-image.yml,—,no
./.github/workflows/sign.yml,—,no
./.github/workflows/simulator_tests.yml,—,no
./.github/workflows/single-matrix-pr.yml,—,no
./.github/workflows/single-postgres.yml,—,no
./.github/workflows/single.yml,—,no
./.github/workflows/sixtyfps_tool_binary.yaml,—,no
./.github/workflows/size-report.yml,—,no
./.github/workflows/skip_duplicate_workflow_runs.yaml,—,no
./.github/workflows/slack-notify,—,no
./.github/workflows/slack-notify.yml,—,no
./.github/workflows/slack-vars.yml,—,no
./.github/workflows/slint_tool_binary.yaml,—,no
./.github/workflows/slsa2_provenance.yml,—,no
./.github/workflows/slsa3_builder.yml,—,no
./.github/workflows/smoke-test.yml,—,no
./.github/workflows/smoke-tests-ess.yml,—,no
./.github/workflows/smoke-tests-os.yml,—,no
./.github/workflows/smoke-tests.yml,—,no
./.github/workflows/smoke.yaml,—,no
./.github/workflows/smoke_test.yaml,—,no
./.github/workflows/snap.yml,—,no
./.github/workflows/snapshot-cargo.yml,—,no
./.github/workflows/snapshot-marine-js.yml,—,no
./.github/workflows/snapshot.yml,—,no
./.github/workflows/snapshots-android.yml,—,no
./.github/workflows/snapshots-windows.yml,—,no
./.github/workflows/snyk.yml,—,no
./.github/workflows/sonar.yml,—,no
./.github/workflows/sonarcloud.yml,—,no
./.github/workflows/sparse-zephyr.yml,—,no
./.github/workflows/spellcheck.yml,—,no
./.github/workflows/spine-godot-v4.yml,—,no
./.github/workflows/srtool.yml,—,no
./.github/workflows/stacks.yml,—,no
./.github/workflows/stage-settings.yml,—,no
./.github/workflows/staging_build.yml,—,no
./.github/workflows/staleness_check.yml,—,no
./.github/workflows/standard-its.yml,—,no
./.github/workflows/starknet-js-tests.yml,—,no
./.github/workflows/starknet-rs-tests.yml,—,no
./.github/workflows/start-agents.yml,—,no
./.github/workflows/start-nx-cloud.yml,—,no
./.github/workflows/start-self-hosted-worker.yml,—,no
./.github/workflows/start_slab.yml,—,no
./.github/workflows/stash,—,no
./.github/workflows/static-preview.yaml,—,no
./.github/workflows/staticcheck.yaml,—,no
./.github/workflows/stats-comment.yml,—,no
./.github/workflows/status_embed.yaml,—,no
./.github/workflows/std.yml,—,no
./.github/workflows/step_build-wheel.yaml,—,no
./.github/workflows/step_test.yaml,—,no
./.github/workflows/stockfish_analyzers.yml,—,no
./.github/workflows/stockfish_arm_binaries.yml,—,no
./.github/workflows/stockfish_binaries.yml,—,no
./.github/workflows/stockfish_compile_test.yml,—,no
./.github/workflows/stockfish_sanitizers.yml,—,no
./.github/workflows/stockfish_test.yml,—,no
./.github/workflows/stop-nx-cloud.yml,—,no
./.github/workflows/stop-self-hosted-worker.yml,—,no
./.github/workflows/storybook.yaml,—,no
./.github/workflows/stress.yml,—,no
./.github/workflows/style,—,no
./.github/workflows/sub_testing.yml,—,no
./.github/workflows/subca-basic-test.yml,—,no
./.github/workflows/subca-clone-hsm-test.yml,—,no
./.github/workflows/subca-clone-test.yml,—,no
./.github/workflows/subca-cmc-test.yml,—,no
./.github/workflows/subca-external-test.yml,—,no
./.github/workflows/subca-hsm-test.yml,—,no
./.github/workflows/submit-traces.yml,—,no
./.github/workflows/supported-linux-oss.yaml,—,no
./.github/workflows/sync-build-release.yml,—,no
./.github/workflows/sync.yml,—,no
./.github/workflows/syntax-php.yml,—,no
./.github/workflows/syntax-xml.yml,—,no
./.github/workflows/tag-create-github-release.yml,—,no
./.github/workflows/tag-registry-examples.yaml,—,no
./.github/workflows/tag-release.yml,—,no
./.github/workflows/tagrelease.yml,—,no
./.github/workflows/tarball.yml,—,no
./.github/workflows/task_backend_tests.yml,—,no
./.github/workflows/task_e2e_tests.yml,—,no
./.github/workflows/task_env.yml,—,no
./.github/workflows/telegram-uploader.yml,—,no
./.github/workflows/template-api.yml,—,no
./.github/workflows/template-buildsample.yml,—,no
./.github/workflows/template-buildwebsite.yml,—,no
./.github/workflows/template-dotnet-maui-cd.yml,—,no
./.github/workflows/template-dotnet-maui-ci.yml,—,no
./.github/workflows/template-e2e-test,—,no
./.github/workflows/template-hub.yml,—,no
./.github/workflows/template-publish-image,—,no
./.github/workflows/template-setup-e2e-test,—,no
./.github/workflows/template-upgradesample.yml,—,no
./.github/workflows/template-web.yml,—,no
./.github/workflows/templates-test.yml,—,no
./.github/workflows/templates/output-info,—,no
./.github/workflows/templates/setup-ios,—,no
./.github/workflows/terraform.yml,—,no
./.github/workflows/test,—,no
./.github/workflows/test-action,—,no
./.github/workflows/test-action-macos.yml,—,no
./.github/workflows/test-action.yml,—,no
./.github/workflows/test-addon,—,no
./.github/workflows/test-addon.yaml,—,no
./.github/workflows/test-aits.yml,—,no
./.github/workflows/test-all-deps.yml,—,no
./.github/workflows/test-all-versions.yml,—,no
./.github/workflows/test-all.yml,—,no
./.github/workflows/test-analysis.yml,—,no
./.github/workflows/test-and-build-docker-images.yml,—,no
./.github/workflows/test-and-build.yaml,—,no
./.github/workflows/test-android.yml,—,no
./.github/workflows/test-apt-packages.yml,—,no
./.github/workflows/test-base.yml,—,no
./.github/workflows/test-bsd.yml,—,no
./.github/workflows/test-build-and-deploy.yml,—,no
./.github/workflows/test-build-mcux-sdk.yml,—,no
./.github/workflows/test-build-sim-tpm.yml,—,no
./.github/workflows/test-build.yml,—,no
./.github/workflows/test-bundlers.yml,—,no
./.github/workflows/test-cli-ui.yml,—,no
./.github/workflows/test-cli-ui_oss.yml,—,no
./.github/workflows/test-client.yml,—,no
./.github/workflows/test-code-coverage.yml,—,no
./.github/workflows/test-component-starter.yml,—,no
./.github/workflows/test-distribution.yml,—,no
./.github/workflows/test-docker.yml,—,no
./.github/workflows/test-docs.yml,—,no
./.github/workflows/test-e2e-cypress-6.3rc2.yml,—,no
./.github/workflows/test-e2e-cypress.yml,—,no
./.github/workflows/test-e2e.yml,—,no
./.github/workflows/test-each-node.yml,—,no
./.github/workflows/test-functional-testcafe.yml,—,no
./.github/workflows/test-functional.yml,—,no
./.github/workflows/test-go.yml,—,no
./.github/workflows/test-install.yml,—,no
./.github/workflows/test-installed-cli.yml,—,no
./.github/workflows/test-int.yml,—,no
./.github/workflows/test-ios.yml,—,no
./.github/workflows/test-jobs.yml,—,no
./.github/workflows/test-js.yml,—,no
./.github/workflows/test-k8s.yml,—,no
./.github/workflows/test-keytools.yml,—,no
./.github/workflows/test-latest-deps.yml,—,no
./.github/workflows/test-lighty-app-action,—,no
./.github/workflows/test-lighty-app.yml,—,no
./.github/workflows/test-linux.yml,—,no
./.github/workflows/test-macos.yml,—,no
./.github/workflows/test-minimal-deps.yml,—,no
./.github/workflows/test-net-core.yml,—,no
./.github/workflows/test-net-framework.yml,—,no
./.github/workflows/test-nightly.yml,—,no
./.github/workflows/test-node.yml,—,no
./.github/workflows/test-os.yml,—,no
./.github/workflows/test-other-ml.yml,—,no
./.github/workflows/test-package-downloads-action-linux.yml,—,no
./.github/workflows/test-package-downloads-action-macos.yml,—,no
./.github/workflows/test-package-downloads-action-windows.yml,—,no
./.github/workflows/test-packages-action-macos.yml,—,no
./.github/workflows/test-packages-action.yml,—,no
./.github/workflows/test-packages.yml,—,no
./.github/workflows/test-php-unit.yml,—,no
./.github/workflows/test-pkg-repo-uploads.yml,—,no
./.github/workflows/test-release.yml,—,no
./.github/workflows/test-results-master.yml,—,no
./.github/workflows/test-ruby.yml,—,no
./.github/workflows/test-run-acc-tests-for-path.yml,—,no
./.github/workflows/test-run-enos-scenario-matrix.yml,—,no
./.github/workflows/test-run-go-tests-for-path.yml,—,no
./.github/workflows/test-server.yml,—,no
./.github/workflows/test-setup.yml,—,no
./.github/workflows/test-single.yml,—,no
./.github/workflows/test-smokes.yml,—,no
./.github/workflows/test-source-generation.yml,—,no
./.github/workflows/test-src-build-linux.yml,—,no
./.github/workflows/test-src-build-macos.yml,—,no
./.github/workflows/test-src-build-windows.yml,—,no
./.github/workflows/test-storybook.yml,—,no
./.github/workflows/test-target.yml,—,no
./.github/workflows/test-taskfile.yaml,—,no
./.github/workflows/test-template.yml,—,no
./.github/workflows/test-tvos.yml,—,no
./.github/workflows/test-types.yml,—,no
./.github/workflows/test-unit.yml,—,no
./.github/workflows/test-unity.yml,—,no
./.github/workflows/test-uwp-managed.yml,—,no
./.github/workflows/test-warehouse.yml,—,no
./.github/workflows/test-weaver.yml,—,no
./.github/workflows/test-windows.yml,—,no
./.github/workflows/test-woven-classes.yml,—,no
./.github/workflows/test-xamarinandroid.yml,—,no
./.github/workflows/test-xamarinios.yml,—,no
./.github/workflows/test-xamarinmacos.yml,—,no
./.github/workflows/test.yaml,—,no
./.github/workflows/test.yml,—,no
./.github/workflows/test_all.yml,—,no
./.github/workflows/test_app.yml,—,no
./.github/workflows/test_codestyle_v2.yml,—,no
./.github/workflows/test_cpp.yml,—,no
./.github/workflows/test_csharp.yml,—,no
./.github/workflows/test_fuzz.yml,—,no
./.github/workflows/test_java.yml,—,no
./.github/workflows/test_main.yml,—,no
./.github/workflows/test_miri,—,no
./.github/workflows/test_objectivec.yml,—,no
./.github/workflows/test_php.yml,—,no
./.github/workflows/test_php_ext.yml,—,no
./.github/workflows/test_python.yml,—,no
./.github/workflows/test_python_workflow.yml,—,no
./.github/workflows/test_ruby.yml,—,no
./.github/workflows/test_ruby_install.yml,—,no
./.github/workflows/test_runner.yml,—,no
./.github/workflows/test_rust.yml,—,no
./.github/workflows/test_rust_workflow.yml,—,no
./.github/workflows/test_sanitizer,—,no
./.github/workflows/test_set_1.yml,—,no
./.github/workflows/test_set_2.yml,—,no
./.github/workflows/test_setup.yaml,—,no
./.github/workflows/test_sourcebuild.yaml,—,no
./.github/workflows/test_template.yml,—,no
./.github/workflows/test_tutorials.yml,—,no
./.github/workflows/test_typing.yml,—,no
./.github/workflows/test_upb.yml,—,no
./.github/workflows/testbench.yaml,—,no
./.github/workflows/testing.yaml,—,no
./.github/workflows/testpackageonwindows.yml,—,no
./.github/workflows/tests-arm64-template.yaml,—,no
./.github/workflows/tests-indy.yml,—,no
./.github/workflows/tests-integration-reusable.yml,—,no
./.github/workflows/tests-ui.yml,—,no
./.github/workflows/tests.yaml,—,no
./.github/workflows/tests.yml,—,no
./.github/workflows/tests_coverage.yml,—,no
./.github/workflows/tests_tutorials.yml,—,no
./.github/workflows/tests_wf.yml,—,no
./.github/workflows/testwindows.yml,—,no
./.github/workflows/tmate_debug,—,no
./.github/workflows/tool_docker.yml,—,no
./.github/workflows/tools.yaml,—,no
./.github/workflows/tools.yml,—,no
./.github/workflows/transactional.yaml,—,no
./.github/workflows/translation-report.yml,—,no
./.github/workflows/translation_update.yml,—,no
./.github/workflows/trigger-dag-reuse-wf.yaml,—,no
./.github/workflows/trivy-scan-image.yaml,—,no
./.github/workflows/trusted-benchmark.yml,—,no
./.github/workflows/try-runtime.yml,—,no
./.github/workflows/ts-tests.yml,—,no
./.github/workflows/twine-check-action.yml,—,no
./.github/workflows/type-check.yml,—,no
./.github/workflows/typecheck.yml,—,no
./.github/workflows/typechecking.yml,—,no
./.github/workflows/typedocs.yml,—,no
./.github/workflows/typescript-typecheck.yaml,—,no
./.github/workflows/ubuntu.yml,—,no
./.github/workflows/ubuntu_clang.yml,—,no
./.github/workflows/ubuntu_gcc.yml,—,no
./.github/workflows/unifiedbuildtestandinstall.yml,—,no
./.github/workflows/unit-integration-tests.yml,—,no
./.github/workflows/unit-test-runs.yml,—,no
./.github/workflows/unit-test-with-cfg.yml,—,no
./.github/workflows/unit-test.yml,—,no
./.github/workflows/unit-test_v2.yml,—,no
./.github/workflows/unit-tests-workflow.yml,—,no
./.github/workflows/unit-tests.yaml,—,no
./.github/workflows/unit-tests.yml,—,no
./.github/workflows/unit.yml,—,no
./.github/workflows/unit_mac.yml,—,no
./.github/workflows/unit_test.yml,—,no
./.github/workflows/unit_test_200gb_ci.yml,—,no
./.github/workflows/unit_test_analytics.yml,—,no
./.github/workflows/unit_test_api.yml,—,no
./.github/workflows/unit_test_auth.yml,—,no
./.github/workflows/unit_test_datastore.yml,—,no
./.github/workflows/unit_test_geo.yml,—,no
./.github/workflows/unit_test_internal_pinpoint.yml,—,no
./.github/workflows/unit_test_predictions.yml,—,no
./.github/workflows/unit_test_push_notifications.yml,—,no
./.github/workflows/unit_test_storage.yml,—,no
./.github/workflows/unit_tests.yaml,—,no
./.github/workflows/unit_tests.yml,—,no
./.github/workflows/unit_tests_publish.yml,—,no
./.github/workflows/unit_tests_report.yml,—,no
./.github/workflows/unit_windows.yml,—,no
./.github/workflows/units-tests-reusable.yml,—,no
./.github/workflows/unstash,—,no
./.github/workflows/update-branch-version.yml,—,no
./.github/workflows/update-e2e-template.yml,—,no
./.github/workflows/update-github-io.yml,—,no
./.github/workflows/update-kubean-support-matrix.yaml,—,no
./.github/workflows/update-openapi-schema.yml,—,no
./.github/workflows/update-prod-staging.yml,—,no
./.github/workflows/update-readme-txt,—,no
./.github/workflows/update-snapshots,—,no
./.github/workflows/update-sources.yml,—,no
./.github/workflows/update-translation.yml,—,no
./.github/workflows/update-translations.yml,—,no
./.github/workflows/update.yml,—,no
./.github/workflows/update_links.yml,—,no
./.github/workflows/update_tracking_issue.yml,—,no
./.github/workflows/update_translations.yml,—,no
./.github/workflows/update_verification_metadata.yml,—,no
./.github/workflows/update_versions.yml,—,no
./.github/workflows/updates-notification.yml,—,no
./.github/workflows/upload-all-jar.yml,—,no
./.github/workflows/upload-aws.yml,—,no
./.github/workflows/upload-cdn.yml,—,no
./.github/workflows/upload-coverage,—,no
./.github/workflows/upload-dockerimage.yaml,—,no
./.github/workflows/upload-file-s3.yml,—,no
./.github/workflows/upload-gog.yml,—,no
./.github/workflows/upload-installer-to-release.yaml,—,no
./.github/workflows/upload-json.yml,—,no
./.github/workflows/upload-packages.yml,—,no
./.github/workflows/upload-perf-results.yml,—,no
./.github/workflows/upload_coverage_for_develop.yml,—,no
./.github/workflows/upload_coverage_report.yml,—,no
./.github/workflows/upload_github_release_asset.yml,—,no
./.github/workflows/upload_to_s3.yml,—,no
./.github/workflows/upload_wheel,—,no
./.github/workflows/vagrant-artifacts.yml,—,no
./.github/workflows/valgrind-tests.yml,—,no
./.github/workflows/valgrind.yml,—,no
./.github/workflows/valid-style.yml,—,no
./.github/workflows/validate,—,no
./.github/workflows/validate-aarch64-linux-binaries.yml,—,no
./.github/workflows/validate-binaries.yml,—,no
./.github/workflows/validate-demo-metadata.yml,—,no
./.github/workflows/validate-domain-library.yml,—,no
./.github/workflows/validate-linux-binaries.yml,—,no
./.github/workflows/validate-local-links-in-md.yml,—,no
./.github/workflows/validate-macos-arm64-binaries.yml,—,no
./.github/workflows/validate-macos-binaries.yml,—,no
./.github/workflows/validate-openapi.yaml,—,no
./.github/workflows/validate-run-checks,—,no
./.github/workflows/validate-windows-binaries.yml,—,no
./.github/workflows/validate.yml,—,no
./.github/workflows/validate_filenames.yml,—,no
./.github/workflows/validate_generate_files.yml,—,no
./.github/workflows/validate_generated_files.yml,—,no
./.github/workflows/validate_release.yml,—,no
./.github/workflows/validate_secrets.yml,—,no
./.github/workflows/variables.yml,—,no
./.github/workflows/vcpkg-deps-linux.yml,—,no
./.github/workflows/veinmind-build.yml,—,no
./.github/workflows/veinmind-package.yml,—,no
./.github/workflows/veinmind-push.yml,—,no
./.github/workflows/veinmind-sync.yml,—,no
./.github/workflows/veinmind-test.yml,—,no
./.github/workflows/verify-devcontainers.yml,—,no
./.github/workflows/verify-example.yml,—,no
./.github/workflows/verify-versions.yml,—,no
./.github/workflows/verify.yml,—,no
./.github/workflows/verify_changes.yml,—,no
./.github/workflows/verify_cli_tags,—,no
./.github/workflows/verify_core_tags,—,no
./.github/workflows/verifyinstrumentation.yml,—,no
./.github/workflows/version.yml,—,no
./.github/workflows/versioning-release.yml,—,no
./.github/workflows/versioning.yml,—,no
./.github/workflows/versionsapi,—,no
./.github/workflows/versionsapi.yml,—,no
./.github/workflows/virus-total-scan.yml,—,no
./.github/workflows/viz-build.yml,—,no
./.github/workflows/vm-tests.yml,—,no
./.github/workflows/vpn_test.yml,—,no
./.github/workflows/vuln-check.yaml,—,no
./.github/workflows/vuln.yaml,—,no
./.github/workflows/vulnerability-scan.yaml,—,no
./.github/workflows/vxlan-tests.yml,—,no
./.github/workflows/w-deploy-npm.yml,—,no
./.github/workflows/w-install-dependencies.yml,—,no
./.github/workflows/w-run-linters.yml,—,no
./.github/workflows/w-run-tests.yml,—,no
./.github/workflows/wait-for-build.yml,—,no
./.github/workflows/wasm_demos.yaml,—,no
./.github/workflows/wasm_editor_and_interpreter.yaml,—,no
./.github/workflows/wc-create-pr-branch.yaml,—,no
./.github/workflows/wc-deploy-schema.yaml,—,no
./.github/workflows/wc-ghalint.yaml,—,no
./.github/workflows/wc-go-mod-tidy.yaml,—,no
./.github/workflows/wc-integration-test.yaml,—,no
./.github/workflows/wc-renovate-config-validator.yaml,—,no
./.github/workflows/wc-test-docker-prebuilt.yaml,—,no
./.github/workflows/wc-test-get-target-config.yaml,—,no
./.github/workflows/wc-test-list-working-dirs.yaml,—,no
./.github/workflows/wc-test.yaml,—,no
./.github/workflows/wc-update-aqua-checksums.yaml,—,no
./.github/workflows/webgl.yml,—,no
./.github/workflows/webgpu.yml,—,no
./.github/workflows/website.yaml,—,no
./.github/workflows/website.yml,—,no
./.github/workflows/wf_test-integration.yml,—,no
./.github/workflows/wheels-pi_heif.yml,—,no
./.github/workflows/wheels-pillow_heif.yml,—,no
./.github/workflows/wheels_recipe.yml,—,no
./.github/workflows/wheels_reusable.yml,—,no
./.github/workflows/windows-build.yml,—,no
./.github/workflows/windows-cuda-dependency.yml,—,no
./.github/workflows/windows-java-workflow.yml,—,no
./.github/workflows/windows-ncnn.yml,—,no
./.github/workflows/windows-nodejs-workflow.yml,—,no
./.github/workflows/windows-ort.yml,—,no
./.github/workflows/windows-ov.yml,—,no
./.github/workflows/windows-precompiled-bin-workflow.yml,—,no
./.github/workflows/windows-signer.yml,—,no
./.github/workflows/windows-test.yml,—,no
./.github/workflows/windows-trt.yml,—,no
./.github/workflows/windows-wheel-workflow.yml,—,no
./.github/workflows/windows.yml,—,no
./.github/workflows/windows/prepare-build,—,no
./.github/workflows/windows_acceptance_tests.yml,—,no
./.github/workflows/windows_build_qt.yml,—,no
./.github/workflows/windows_build_wx.yml,—,no
./.github/workflows/windows_ci.yml,—,no
./.github/workflows/windows_python.yml,—,no
./.github/workflows/winext,—,no
./.github/workflows/winget.yml,—,no
./.github/workflows/wordpress.yml,—,no
./.github/workflows/workflow-2.yml,—,no
./.github/workflows/workflow-build-wtl-cache.yml,—,no
./.github/workflows/workflow-build-wtl-submodule.yml,—,no
./.github/workflows/workflow-deployments.yaml,—,no
./.github/workflows/workflow-rebuild-all-deps.yml,—,no
./.github/workflows/workflow-run-execution-performance.yaml,—,no
./.github/workflows/workflow-run-forge.yaml,—,no
./.github/workflows/workflow-run-module-verify.yaml,—,no
./.github/workflows/workflow-run-replay-verify.yaml,—,no
./.github/workflows/workflow.yml,—,no
./.github/workflows/workflow_container_image.yml,—,no
./.github/workflows/workflow_installer.yml,—,no
./.github/workflows/workspace-check.yml,—,no
./.github/workflows/workspace-integration-tests.yml,—,no
./.github/workflows/wrappers.yml,—,no
./.github/workflows/www.yml,—,no
./.github/workflows/x-reusable-buildagent.yml,—,no
./.github/workflows/x-reusable-verifyinstrumentation.yml,—,no
./.github/workflows/xcm.yml,—,no
./.github/workflows/xtask.yml,—,no
./.github/workflows/xtensa.yml,—,no
./.github/workflows/xtensa_postmerge.yml,—,no
./.github/workflows/xtensa_presubmit.yml,—,no
./.github/workflows/xunit-tests-reusable.yml,—,no
./.github/workflows/xz-mac,—,no
./.github/workflows/yamllint.yml,—,no
./.github/workflows/yarn,—,no
./.github/workflows/yarn-dev.yml,—,no
./.github/workflows/yarn-install.yml,—,no
./.github/workflows/zephyr.yml,—,no
./.github/workflows/zfs-linux-tests.yml,—,no
./.github/workflows/zxc-jrs-regression.yaml,—,no
./.github/workflows/zzz-reuse-tests.yml,—,no
./.github/writerside-build,—,no
./.industrial_ci/,—,no
./.ryujinx-mako/.github/actions/setup-mako,—,no
./__builder_checkout_dir__/.github/actions/create-container_based-predicate,—,no
./__builder_checkout_dir__/.github/actions/create-docker_based-predicate,—,no
./__builder_checkout_dir__/.github/actions/generate-attestations,—,no
./__builder_checkout_dir__/.github/actions/secure-download-artifact,—,no
./__builder_checkout_dir__/.github/actions/secure-project-checkout-go,—,no
./__builder_checkout_dir__/.github/actions/secure-project-checkout-node,—,no
./__builder_checkout_dir__/.github/actions/secure-upload-artifact,—,no
./__builder_checkout_dir__/.github/actions/sign-attestations,—,no
./__builder_checkout_dir__/internal/builders/docker/actions/create-predicate,—,no
./acapy/.github/actions/run-integration-tests,—,no
./acapy/actions/run-indy-tails-server,—,no
./acapy/actions/run-integration-tests,—,no
./acapy/actions/run-von-network,—,no
./action,—,no
./action-base/create-milestone,—,no
./action-base/duplicate-handler-for-app-studio,—,no
./action-base/issue-assigned-for-app-studio,—,no
./action-base/issue-milestoned,—,no
./action-shellcheck,—,no
./action-support/.github/actions/sync-to-bucket,—,no
./action.yml,—,no
./actions-install,—,no
./actions-unstable/iac,—,no
./actions-unstable/sca,—,no
./actions-unstable/secret,—,no
./actions/.github/actions/e2e/cleanup,—,no
./actions/.github/actions/e2e/create-cluster,—,no
./actions/.github/actions/e2e/dump-logs,—,no
./actions/.github/actions/e2e/install-karpenter,—,no
./actions/.github/actions/e2e/install-prometheus,—,no
./actions/.github/actions/e2e/slack/notify,—,no
./actions/.github/actions/e2e/upgrade-crds,—,no
./actions/approve,—,no
./actions/attach-package,—,no
./actions/author-detector,—,no
./actions/backport,—,no
./actions/build-openapi/,—,no
./actions/commands,—,no
./actions/containers,—,no
./actions/copy-assets,—,no
./actions/create-milestone,—,no
./actions/delegator/setup-token,—,no
./actions/deploy,—,no
./actions/detect-package-metadata,—,no
./actions/docs-target,—,no
./actions/duplicate-handler-for-app-studio,—,no
./actions/enable-auto-merge,—,no
./actions/get-github-release,—,no
./actions/gha-mergify-merge-queue-labels-copier.yaml,—,no
./actions/gha-mergify-merge-queue-labels-copier/,—,no
./actions/has-matching-release-tag,—,no
./actions/image,—,no
./actions/init-pants,—,no
./actions/installer,—,no
./actions/kubectl-versions,—,no
./actions/linux-musl,—,no
./actions/locker,—,no
./actions/metrics-collector,—,no
./actions/needs-more-info-closer,—,no
./actions/notify-slack,—,no
./actions/one-on-one/,—,no
./actions/pr-checks,—,no
./actions/run-many,—,no
./actions/run-tests,—,no
./actions/run-unittesting,—,no
./actions/secret,—,no
./actions/set-shas,—,no
./actions/setup,—,no
./actions/setup-token,—,no
./actions/setup-unittesting,—,no
./actions/stale-closer,—,no
./actions/test-plan-item-validator,—,no
./actions/version-tag,—,no
./add-solution-component,—,no
./agoric-sdk/.github/actions/get-latest-check,—,no
./agoric-sdk/.github/actions/notify-status,—,no
./agoric-sdk/.github/actions/restore-golang,—,no
./agoric-sdk/.github/actions/restore-node,—,no
./amplify-js/.github/actions/node-and-build,—,no
./amplify-js/.github/actions/setup-samples-staging,—,no
./analyze,—,no
./android/automated_build/,—,no
./app/.github/actions/npm-install-dependencies,—,no
./app/.github/actions/setup-node,—,no
./apps/.github/actions/ci-container,—,no
./arrow/.github/actions/sync-nightlies,—,no
./assign-group,—,no
./assign-user,—,no
./audacious/.github/actions/run-action,—,no
./aws-sdk-kotlin/.github/actions/setup-build,—,no
./azuretools/triage-actions/locker,—,no
./azuretools/triage-actions/needs-more-info-closer,—,no
./azuretools/triage-actions/stale-closer,—,no
./backtrace/.github/actions/build-with-patched-std,—,no
./backup-environment,—,no
./branch/.github/cache-sources-action,—,no
./build-scripts/s3cloudfront-hosting/actions/sync,—,no
./build/.github/actions/setup-jvmci-graal,—,no
./build/ci-action/,—,no
./build/manylinux/${{ matrix.manylinux_tag }},—,no
./build/manylinux/manylinux2014_aarch64,—,no
./build/manylinux/manylinux2014_x86_64,—,no
./buildah-build/,—,no
./cache,—,no
./carbonate,—,no
./cccl/.github/actions/configure_cccl_sccache,—,no
./check-r-package,—,no
./check-solution,—,no
./ci/actions/windll,—,no
./ci/container,—,no
./ci/deploy-k8s-aws,—,no
./ci/get-driver-status,—,no
./ci/images/debian10,—,no
./ci/images/debian8,—,no
./ci/run-did-test-suite,—,no
./ci/smoke-tests,—,no
./clone-solution,—,no
./close-when-stale,—,no
./compare/.github/actions/linux_install,—,no
./component-template/.github/actions/build_component_wheels,—,no
./component-template/.github/actions/run_e2e,—,no
./composite,—,no
./config/version-pr,—,no
./configurator/.github/actions/build-pyinstaller,—,no
./constellation/.github/actions/container_registry_login,—,no
./contribution/comment-action/,—,no
./copy-environment,—,no
./create-environment,—,no
./delete-environment,—,no
./delete-solution,—,no
./deploy-package,—,no
./deploy/release,—,no
./devops,—,no
./devops/linux-builder,—,no
./devops/ubuntu,—,no
./dir1,—,no
./dir2,—,no
./doc-gen,—,no
./docker-build/,—,no
./dockerfiles,—,no
./download-paportal,—,no
./duckdb/.github/actions/ubuntu_18_setup,—,no
./eclipse-distro-build.yml,—,no
./eng/actions/backport,—,no
./execute,—,no
./execute-gitversion,—,no
./export-secrets,—,no
./export-solution,—,no
./generator-jhipster-kotlin/.github/actions/compare,—,no
./generator-jhipster-kotlin/.github/actions/compare-base,—,no
./generator-jhipster/.github/actions/compare,—,no
./generator-jhipster/.github/actions/compare-base,—,no
./generator-jhipster/.github/actions/setup,—,no
./get-target-config,—,no
./gh-actions/actions/commit-deployment,—,no
./gh-actions/actions/create-deployment,—,no
./gh-actions/actions/destroy-distribution-by-name,—,no
./gh-actions/actions/find-files,—,no
./gh-actions/actions/get-artifact,—,no
./gha/build_setup,—,no
./gha/unity,—,no
./ghca/actions/buildkite-slash-commands,—,no
./ghca/actions/slash-command-error,—,no
./github-actions,—,no
./github/actions/init-jvm-gradle,—,no
./github/actions/init-jvm-gradle.yml,—,no
./github/actions/set-up-go,—,no
./github/actions/setupvim,—,no
./github/workflows/integ-test-inject-gradle-enterprise.yml,—,no
./gitversion/execute,—,no
./gitversion/setup,—,no
./gloo/.github/workflows/composite-actions/prep-go-runner,—,no
./go/src/github.com/scylladb/scylla-operator/.github/actions/release-notes,—,no
./go/src/github.com/scylladb/scylla-operator/.github/actions/run-e2e,—,no
./go/src/github.com/scylladb/scylla-operator/.github/actions/setup-minikube,—,no
./hack/actions/e2e,—,no
./halo/.github/actions/build,—,no
./head/.github/actions/setup_env,—,no
./head_ref/root/.github/actions/build,—,no
./hlint-run,—,no
./hlint-setup,—,no
./import-solution,—,no
./init,—,no
./install-application,—,no
./integration-release-action,—,no
./jhipster-kotlin/.github/actions/compare,—,no
./jhipster-kotlin/.github/actions/compare-base,—,no
./jhipster-kotlin/.github/actions/setup,—,no
./jira/gajira-close,—,no
./jira/gajira-issue-update,—,no
./k-repo/.github/actions/with-docker,—,no
./kani/.github/actions/setup,—,no
./kie-tools/.github/actions/bootstrap,—,no
./kie-tools/.github/actions/checkout-pr,—,no
./kie-tools/.github/actions/deploy-openshift,—,no
./kie-tools/.github/actions/merge-pr-changes,—,no
./kie-tools/.github/actions/setup-env,—,no
./kie-tools/.github/actions/setup-kie-tools-bot,—,no
./kogito-tooling/.github/actions/deploy-openshift,—,no
./kogito-tooling/.github/actions/merge-pr-changes,—,no
./kogito-tooling/.github/actions/setup-env,—,no
./kogito-tooling/.github/actions/setup-kogito-tooling-bot,—,no
./laghos/.github/actions/install-hypre,—,no
./laghos/.github/actions/install-metis,—,no
./laghos/.github/actions/install-mfem,—,no
./list-targets,—,no
./list-working-dirs,—,no
./macos.yml,—,no
./main/.github/actions/set-git-credentials,—,no
./maintain-one-comment,—,no
./mathesar/.github/actions/ansible,—,no
./matrixone/.github/actions/setup_env,—,no
./mfem/.github/actions/build-mfem,—,no
./mfem/.github/actions/install-hypre,—,no
./mfem/.github/actions/install-metis,—,no
./mfem/.github/actions/upload-coverage,—,no
./misc/action/fetch-workflows,—,no
./misc/action/find-workflows,—,no
./misc/action/json-output,—,no
./misc/action/package-downloads,—,no
./mnt/ozone/.github/buildenv,—,no
./mobilecoin/.github/actions/check-dependent-rust-repo,—,no
./modules/kotlin_jvm/.github/actions/create-android-export-template,—,no
./monorepo/.github/actions/turnstile,—,no
./monorepo/projects/github-actions/push-to-mirrors,—,no
./needs-more-info,—,no
./needs-repro,—,no
./new/.github/actions/setup,—,no
./nickel-nix-repo/.github/actions/common-setup,—,no
./node/.github/actions/free-disk-space,—,no
./nominatim/.github/actions/build-nominatim,—,no
./nominatim/.github/actions/setup-postgresql,—,no
./nuttx/.github/actions/ci-container,—,no
./ockam/.github/actions/nix_installer,—,no
./ockam/.github/actions/nix_installer_and_cache,—,no
./ockam/.github/actions/nix_upload_store,—,no
./ockam_bats/.github/actions/cargo_home_cache,—,no
./ockam_bats/.github/actions/cargo_target_dir_cache,—,no
./ockam_bats/.github/actions/cargo_target_dir_pre_cache,—,no
./ockam_bats/.github/actions/nix_installer,—,no
./ockam_bats/.github/actions/nix_installer_and_cache,—,no
./ockam_bats/.github/actions/nix_upload_store,—,no
./ockam_library/.github/actions/nix_installer,—,no
./ockam_library/.github/actions/nix_installer_and_cache,—,no
./old/.github/actions/setup,—,no
./one-on-one-action/,—,no
./one_command_runner_test.yml,—,no
./pa_one_command_runner_test.yml,—,no
./pack-solution,—,no
./package/woocommerce/.github/actions/cache-deps,—,no
./package/woocommerce/.github/actions/install-build,—,no
./packages/action,—,no
./packages/actions/src/formattag,—,no
./packages/actions/src/pnpmcache,—,no
./packages/actions/src/uploadcoverage,—,no
./packages/actions/src/uploaddocumentation,—,no
./packages/actions/src/yarncache,—,no
./packages/artifact/__tests__/ci-test-action/,—,no
./packages/cache/__tests__/__fixtures__/,—,no
./packages/d2-crud-plus-example/,—,no
./packages/ethereum-contracts,—,no
./packaging/kata-deploy/action,—,no
./pelikan/.github/actions/ca,—,no
./pelikan/.github/actions/pingproxy,—,no
./pelikan/.github/actions/pingserver,—,no
./pelikan/.github/actions/rpc-perf,—,no
./pelikan/.github/actions/setup-protoc,—,no
./platforms,—,no
./plugin/.github/actions/build-dependencies,—,no
./plugin/.github/actions/build-plugin,—,no
./plugin/.github/actions/package-plugin,—,no
./plugin/.github/actions/run-tests,—,no
./projects/github-actions/pr-is-up-to-date,—,no
./projects/github-actions/push-to-mirrors,—,no
./projects/github-actions/repo-gardening,—,no
./projects/github-actions/test-results-to-slack,—,no
./publish-solution,—,no
./repo/.github/actions/common-setup,—,no
./reset-environment,—,no
./restore-environment,—,no
./s2n-quic/.github/actions/duvet,—,no
./scripts/ci/readme_metadata_stylecheck,—,no
./scripts/formattag,—,no
"./scripts/versionbump.sh $type ""$release_notes""",—,no
"./scripts/versionbump.sh ${{ github.event.inputs.type }} ""${{ github.event.inputs.releasenote }}""",—,no
"./scripts/versionbump.sh ${{ inputs.type }} ""${{ inputs.releasenote }}""",—,no
./sdk/.github/actions/setup-and-build,—,no
./security-scanner,—,no
./sensei/.github/actions/deepen-to-merge-base,—,no
./sensei/.github/actions/install-php,—,no
./setup,—,no
./setup-gitversion,—,no
./setup-pandoc,—,no
./setup-r,—,no
./setup-r-dependencies,—,no
./setup-tinytex,—,no
./sifchain-devops/release,—,no
./skript/.github/workflows/docs/generate-docs,—,no
./skript/.github/workflows/docs/push-docs,—,no
./skript/.github/workflows/docs/setup-docs,—,no
./smithy-rs/.github/actions/docker-build,—,no
./smithy-rs/.github/actions/download-all-artifacts,—,no
./source/.github/actions/alembic-install-dep,—,no
./source/.github/actions/android-ci,—,no
./source/.github/actions/android-ndk-install-tool,—,no
./source/.github/actions/assimp-install-dep,—,no
./source/.github/actions/coverage-ci,—,no
./source/.github/actions/draco-install-dep,—,no
./source/.github/actions/f3d-dependencies,—,no
./source/.github/actions/generic-ci,—,no
./source/.github/actions/imath-install-dep,—,no
./source/.github/actions/lfs-copy,—,no
./source/.github/actions/mesa-install,—,no
./source/.github/actions/mesa-install-bin,—,no
./source/.github/actions/occt-install-dep,—,no
./source/.github/actions/ospray-sb-install-dep,—,no
./source/.github/actions/ospray-superbuild-install-dep,—,no
./source/.github/actions/pybind11-install-dep,—,no
./source/.github/actions/python-ci,—,no
./source/.github/actions/qt5-build,—,no
./source/.github/actions/qt6-build,—,no
./source/.github/actions/sanitizer-ci,—,no
./source/.github/actions/setup-build-agent,—,no
./source/.github/actions/static-analysis-ci,—,no
./source/.github/actions/tbb-install-dep,—,no
./source/.github/actions/vtk-android-install-dep,—,no
./source/.github/actions/vtk-install-dep,—,no
./source/.github/actions/webassembly-ci,—,no
./source/f3d/.github/actions/external-build-ci,—,no
./source/f3d/.github/actions/tbb-install-dep,—,no
./source/f3d/.github/actions/vtk-install-dep,—,no
./sources/nuttx/.github/actions/ci-container,—,no
./sources/testing/.github/actions/ci-container,—,no
./sparse-checkout,—,no
./spellchecker,—,no
./src/.github/actions/setup-server,—,no
./src/.github/actions/setup/ubuntu,—,no
./src/.github/actions/slack,—,no
./src/fast-dds/.github/actions/fetch-fastdds-repos,—,no
./src/fast-dds/.github/actions/install-apt-packages,—,no
./src/fast-dds/.github/actions/install-gtest-linux,—,no
./src/fast-dds/.github/actions/install-python-packages,—,no
./src/fastrtps/.github/actions/install-apt-packages,—,no
./src/fastrtps/.github/actions/install-apt-packages-documentation,—,no
./src/fastrtps/.github/actions/install-python-packages,—,no
./src/github.com/nats-io/nats-server/.github/actions/nightly-release,—,no
./src/github.com/newrelic/infrastructure-agent/.github/actions/generate-checksums,—,no
./srcdir/.github/actions/basic-autotools,—,no
./srcdir/.github/actions/basic-meson,—,no
./support/actions/pnpm,—,no
./support/actions/pr,—,no
./target/.github/actions/build-sssd-srpm,—,no
./tasks/check,—,no
./tasks/starthardhatnode.sh start,—,no
./terraform-apply,—,no
./terraform-check,—,no
./terraform-destroy,—,no
./terraform-destroy-workspace,—,no
./terraform-fmt,—,no
./terraform-fmt-check,—,no
./terraform-new-workspace,—,no
./terraform-output,—,no
./terraform-plan,—,no
./terraform-remote-state,—,no
./terraform-unlock-state,—,no
./terraform-validate,—,no
./terraform-version,—,no
./test,—,no
./test-infra/.github/actions/pull-docker-image,—,no
./test-infra/.github/actions/setup-linux,—,no
./test-infra/.github/actions/teardown-linux,—,no
./testdata/actions/collect,—,no
./testdata/actions/coverage,—,no
./testdata/coverage_action/,—,no
./testing/.github/actions/ci-container,—,no
./tfmigrate-plan,—,no
./tmp/actions/cache,—,no
./toltec/.github/actions/setup,—,no
./tools-shared/.github/actions/deploy,—,no
./tools/cherry-picker/,—,no
./tools/crowdin/actions/convert-chinese,—,no
./tools/crowdin/actions/hide-non-translated-strings,—,no
./tools/crowdin/actions/hide-specific-string,—,no
./tools/crowdin/actions/pr-creator,—,no
./tools/crowdin/actions/remove-deleted-files,—,no
./tools/crowdin/actions/unhide-specific-string,—,no
./tools/github-actions/setup-deps,—,no
./tools/pipeline-linter,—,no
./tools/pipeline-readme,—,no
./tools/pipeline-runner,—,no
./tools/pull-request-labeler,—,no
./tools/slack-release-notifier/,—,no
./translation-validation-bot/,—,no
./unittesting/actions/run-syntax-tests,—,no
./unittesting/actions/run-tests,—,no
./unittesting/actions/setup,—,no
./unpack-solution,—,no
./upload-paportal,—,no
./util/ci/actions/archlinux-test,—,no
./whitesource-actions/snyk-issue,—,no
./whitesource-actions/snyk-pr,—,no
./whitesource-actions/whitesource-pr,—,no
./who-am-i,—,no
.github/actions/cleanup-archived-projects,—,no
.github/actions/download-workflow-run-artifact,—,no
.github/actions/generate_release_notes,—,no
.github/actions/github-release,—,no
.github/actions/increment_version_number,—,no
.github/actions/injection,—,no
.github/actions/install-kustomize,—,no
.github/actions/kustomizations-materialize,—,no
.github/actions/linux-deps,—,no
.github/actions/module/verify.yml,—,no
.github/actions/nuget-pack,—,no
.github/actions/one-on-one,—,no
.github/actions/project-build,—,no
.github/actions/setup,—,no
.github/actions/setup-node-with-cache,—,no
.github/actions/update-stats,—,no
.github/create-or-update-comment,—,no
.github/workflows/actions/backend_test,—,no
.github/workflows/actions/frontend_test,—,no
.github/workflows/build-images.yml,—,no
.github/workflows/build.yml,—,no
.github/workflows/checks.yml,—,no
.github/workflows/common.yml,—,no
.github/workflows/deploy.yml,—,no
.github/workflows/devcontainer-feature-test.yml,—,no
.github/workflows/e2e-test-workflow-call.yml,—,no
.github/workflows/highcharts-browserstack.yml,—,no
.github/workflows/images.yml,—,no
.github/workflows/lint.yml,—,no
.github/workflows/main.yml,—,no
.github/workflows/release-container-image.yml,—,no
.github/workflows/release.yml,—,no
.github/workflows/tests.yml,—,no
/.github/actions/install-kustomize,—,no
/.github/actions/kurl-addon-kots-test,—,no
/.github/actions/kustomizations-install,—,no
/.github/actions/kustomizations-materialize,—,no
/.github/actions/kustomize-install,—,no
10up/action-wordpress-plugin-build-zip,10up/action-wordpress-plugin-build-zip,no
10up/wpcs-action,10up/wpcs-action,no
123flo321/action-eslint-standalone,123flo321/action-eslint-standalone,no
13rac1/block-fixup-merge-action,13rac1/block-fixup-merge-action,no
18.x,—,no
1natsu172/github-action-auto-card-assign,1natsu172/github-action-auto-card-assign,no
1password/check-signed-commits-action,1password/check-signed-commits-action,no
1password/install-cli-action,1password/install-cli-action,no
2428392/gh-truncate-string-action,2428392/gh-truncate-string-action,no
3bit/setup-hcloud,3bit/setup-hcloud,no
5monkeys/cobertura-action,5monkeys/cobertura-action,no
<no value>,—,no
a-kenji/update-rust-toolchain,a-kenji/update-rust-toolchain,no
a7ul/tar-action,a7ul/tar-action,no
aabadie/riot-action,aabadie/riot-action,no
aarebecca/stats,aarebecca/stats,no
abinoda/label-when-approved-action,abinoda/label-when-approved-action,no
abutler/upload-release-assets,abutler/upload-release-assets,no
ackeecz/load-xcode-version,ackeecz/load-xcode-version,no
acorn-io/actions-setup-keychain,acorn-io/actions-setup-keychain,no
acq688/request-reviewer-for-team-action,acq688/request-reviewer-for-team-action,no
action-get-npm-version,—,no
actions-checkout,—,no
actions-cool/check-pr-ci,actions-cool/check-pr-ci,no
actions-cool/check-user-permission,actions-cool/check-user-permission,no
actions-cool/ci-notice,actions-cool/ci-notice,no
actions-cool/emoji-helper,actions-cool/emoji-helper,no
actions-cool/issues-helper,actions-cool/issues-helper,no
actions-cool/issues-similarity-analysis,actions-cool/issues-similarity-analysis,no
actions-cool/maintain-one-comment,actions-cool/maintain-one-comment,no
actions-cool/pr-auto-label,actions-cool/pr-auto-label,no
actions-cool/pr-check-fill,actions-cool/pr-check-fill,no
actions-cool/pr-welcome,actions-cool/pr-welcome,no
actions-cool/release-helper,actions-cool/release-helper,no
actions-cool/translation-helper,actions-cool/translation-helper,no
actions-cool/verify-files-modify,actions-cool/verify-files-modify,no
actions-ecosystem/action-add-labels,actions-ecosystem/action-add-labels,no
actions-ecosystem/action-create-comment,actions-ecosystem/action-create-comment,no
actions-ecosystem/action-create-issue,actions-ecosystem/action-create-issue,no
actions-ecosystem/action-remove-labels,actions-ecosystem/action-remove-labels,no
actions-ecosystem/action-size,actions-ecosystem/action-size,no
actions-r-us/actions-tagger,actions-r-us/actions-tagger,no
actions-rs/audit-check,actions-rs/audit-check,no
actions-rs/cargo,actions-rs/cargo,no
actions-rs/clippy-check,actions-rs/clippy-check,no
actions-rs/rust-cargo,actions-rs/rust-cargo,no
actions-rs/tarpaulin,actions-rs/tarpaulin,no
actions-rs/toolchain,actions-rs/toolchain,no
actions-rust-lang/audit,actions-rust-lang/audit,no
actions-rust-lang/setup-rust-toolchain,actions-rust-lang/setup-rust-toolchain,no
actions-setup-node,—,no
actions/,—,no
actions//upload-artifact,actions/upload-artifact,no
actions/add-to-project,actions/add-to-project,no
actions/cache,actions/cache,no
actions/cache/restore,actions/cache,no
actions/cache/save,actions/cache,no
actions/checkout,actions/checkout,no
actions/create-github-app-token,actions/create-github-app-token,no
actions/dependency-review-action,actions/dependency-review-action,no
actions/download-artifact,actions/download-artifact,no
actions/first-interaction,actions/first-interaction,no
actions/github-script,actions/github-script,no
actions/go-dependency-submission,actions/go-dependency-submission,no
actions/labeler,actions/labeler,no
actions/setup-dotnet,actions/setup-dotnet,no
actions/setup-go,actions/setup-go,no
actions/setup-java,actions/setup-java,no
actions/setup-node,actions/setup-node,no
actions/setup-python,actions/setup-python,no
actions/stale,actions/stale,no
actions/upload-a-build-artifact,actions/upload-a-build-artifact,no
actions/upload-artifact,actions/upload-artifact,no
actions:checkout,—,no
actions\setup-python,—,no
actionsx/prettier,actionsx/prettier,no
ad1992/clean-commit-action,ad1992/clean-commit-action,no
adoptium/run-aqa,adoptium/run-aqa,no
adrianjost/files-sync-action,adrianjost/files-sync-action,no
adshao/chatgpt-code-review-action,adshao/chatgpt-code-review-action,no
advanced-security/component-detection-dependency-submission-action,advanced-security/component-detection-dependency-submission-action,no
advanced-security/filter-sarif,advanced-security/filter-sarif,no
advanced-security/ghas-to-csv,advanced-security/ghas-to-csv,no
advanced-security/maven-dependency-submission-action,advanced-security/maven-dependency-submission-action,no
advanced-security/sbom-generator-action,advanced-security/sbom-generator-action,no
advanced-security/spdx-dependency-submission-action,advanced-security/spdx-dependency-submission-action,no
adwerx/pronto-ruby,adwerx/pronto-ruby,no
aevea/commitsar,aevea/commitsar,no
aglipanci/laravel-pint-action,aglipanci/laravel-pint-action,no
agrc/create-reminder-action,agrc/create-reminder-action,no
agrc/reminder-action,agrc/reminder-action,no
aidan-mundy/react-to-issue,aidan-mundy/react-to-issue,no
ajilraju/actions-date,ajilraju/actions-date,no
ajinabraham/njsscan-action,ajinabraham/njsscan-action,no
akheron/dependabot-cron-action,akheron/dependabot-cron-action,no
akhilmhdh/contributors-readme-action,akhilmhdh/contributors-readme-action,no
aki77/delete-pr-comments-action,aki77/delete-pr-comments-action,no
aki77/simplecov-report-action,aki77/simplecov-report-action,no
akkjon/close-milestone,akkjon/close-milestone,no
akosbalasko/coffee-readme,akosbalasko/coffee-readme,no
aksh1618/update-aur-package,aksh1618/update-aur-package,no
aktions/codeclimate-test-reporter,aktions/codeclimate-test-reporter,no
akwodkiewicz/simple-pr-stats,akwodkiewicz/simple-pr-stats,no
al-cheb/configure-pagefile-action,al-cheb/configure-pagefile-action,no
alaegin/detekt-action,alaegin/detekt-action,no
alanhg/repo-star-count-action,alanhg/repo-star-count-action,no
alehechka/download-tartifact,alehechka/download-tartifact,no
alehechka/upload-tartifact,alehechka/upload-tartifact,no
alex-page/github-project-automation-plus,alex-page/github-project-automation-plus,no
alex079/setup-custom-tool,alex079/setup-custom-tool,no
alexleventer/github-issue-due-dates-action,alexleventer/github-issue-due-dates-action,no
alexperathoner/xcresulttool-alternative-action,alexperathoner/xcresulttool-alternative-action,no
alexweininger/bump-prerelease-version,alexweininger/bump-prerelease-version,no
algolia/setup-algolia-cli,algolia/setup-algolia-cli,no
alialaa/issue-action,alialaa/issue-action,no
allanchain/poetry-cache-action,allanchain/poetry-cache-action,no
allenevans/set-env,allenevans/set-env,no
alstr/todo-to-issue-action,alstr/todo-to-issue-action,no
alteryx/create-feedstock-meta-yaml,alteryx/create-feedstock-meta-yaml,no
alteryx/minimum-dependency-generator,alteryx/minimum-dependency-generator,no
alxarno/stale,alxarno/stale,no
amadevus/pwsh-script,amadevus/pwsh-script,no
amancevice/setup-code-climate,amancevice/setup-code-climate,no
amauryval/publish_conda_package_action,amauryval/publish_conda_package_action,no
ame-yu/action-delete-latest-release,ame-yu/action-delete-latest-release,no
ammaraskar/gcc-problem-matcher,ammaraskar/gcc-problem-matcher,no
ammaraskar/msvc-problem-matcher,ammaraskar/msvc-problem-matcher,no
amoeba/standardrb-action,amoeba/standardrb-action,no
amwam/issue-comment-action,amwam/issue-comment-action,no
amyu/setup-android,amyu/setup-android,no
anc95/chatgpt-codereview,anc95/chatgpt-codereview,no
andoshin11/typescript-error-reporter-action,andoshin11/typescript-error-reporter-action,no
andrea-armstrong/github-list-pull-requests,andrea-armstrong/github-list-pull-requests,no
andreasaugustin/actions-template-sync,andreasaugustin/actions-template-sync,no
andremiras/coveralls-python-action,andremiras/coveralls-python-action,no
andresz1/size-limit-action,andresz1/size-limit-action,no
andrewiggins/tachometer-reporter-action,andrewiggins/tachometer-reporter-action,no
andrewmcodes/bundler-audit-action,andrewmcodes/bundler-audit-action,no
andrewmcodes/standardrb-action,andrewmcodes/standardrb-action,no
andrewmusgrave/automatic-pull-request-review,andrewmusgrave/automatic-pull-request-review,no
andrewslotin/go-proxy-pull-action,andrewslotin/go-proxy-pull-action,no
andrii-bodnar/action-crowdin-contributors,andrii-bodnar/action-crowdin-contributors,no
andstor/file-existence-action,andstor/file-existence-action,no
andstor/jsdoc-action,andstor/jsdoc-action,no
andy-v-h/get-release-asset-action,andy-v-h/get-release-asset-action,no
andymckay/cancel-action,andymckay/cancel-action,no
andymckay/labeler,andymckay/labeler,no
andymckay/pycodestyle-action,andymckay/pycodestyle-action,no
anmol098/waka-readme-stats,anmol098/waka-readme-stats,no
ansible-community/ansible-test-gh-action,ansible-community/ansible-test-gh-action,no
ansible/ansible-lint,ansible/ansible-lint,no
antfu/export-size-action,antfu/export-size-action,no
anthonyvscode/newman-action,anthonyvscode/newman-action,no
anuraag016/jest-coverage-diff,anuraag016/jest-coverage-diff,no
anyone-developer/anyone-validate-json,anyone-developer/anyone-validate-json,no
apache/skywalking-eyes,apache/skywalking-eyes,no
apache/skywalking-eyes/dependency,apache/skywalking-eyes,no
apache/skywalking-eyes/header,apache/skywalking-eyes,no
apache/yetus-test-patch-action,apache/yetus-test-patch-action,no
apexskier/github-release-commenter,apexskier/github-release-commenter,no
apollographql/federation-subgraph-compatibility,apollographql/federation-subgraph-compatibility,no
appany/helm-oci-chart-releaser,appany/helm-oci-chart-releaser,no
appimagecrafters/build-appimage,appimagecrafters/build-appimage,no
appthreat/sast-scan-action,appthreat/sast-scan-action,no
apt install chromium-browser,—,no
aquasecurity/tfsec-pr-commenter-action,aquasecurity/tfsec-pr-commenter-action,no
ardalanamini/auto-changelog,ardalanamini/auto-changelog,no
arduino/setup-protoc,arduino/setup-protoc,no
arduino/setup-task,arduino/setup-task,no
ariperkkio/eslint-remote-tester-run-action,ariperkkio/eslint-remote-tester-run-action,no
arma-actions/bom-check,arma-actions/bom-check,no
arma-actions/sqflint,arma-actions/sqflint,no
arma-actions/workshop-upload,arma-actions/workshop-upload,no
artemnovichkov/action-homebrew,artemnovichkov/action-homebrew,no
articulate/actions-markdownlint,articulate/actions-markdownlint,no
artiomtr/jest-coverage-report-action,artiomtr/jest-coverage-report-action,no
artplan1/brakeman-action,artplan1/brakeman-action,no
asasinnab/regex-action,asasinnab/regex-action,no
ashley-taylor/read-json-property-action,ashley-taylor/read-json-property-action,no
ashley-taylor/regex-property-action,ashley-taylor/regex-property-action,no
ashutoshgngwr/validate-fastlane-supply-metadata,ashutoshgngwr/validate-fastlane-supply-metadata,no
aslafy-z/conventional-pr-title-action,aslafy-z/conventional-pr-title-action,no
asmfnk/my-github-project-automation,asmfnk/my-github-project-automation,no
astro/deadnix-action,astro/deadnix-action,no
aszc/change-string-case-action,aszc/change-string-case-action,no
at-wat/go-sum-fix-action,at-wat/go-sum-fix-action,no
ataylorme/eslint-annotate-action,ataylorme/eslint-annotate-action,no
athleticnet/comment-test-coverage,athleticnet/comment-test-coverage,no
athul/waka-readme,athul/waka-readme,no
atiltedtree/setup-rust,atiltedtree/setup-rust,no
atlassian/gajira-cli,atlassian/gajira-cli,no
atlassian/gajira-comment,atlassian/gajira-comment,no
atlassian/gajira-create,atlassian/gajira-create,no
atlassian/gajira-find-issue-key,atlassian/gajira-find-issue-key,no
atlassian/gajira-login,atlassian/gajira-login,no
atlassian/gajira-transition,atlassian/gajira-transition,no
atsign-company/certinfo-action,atsign-company/certinfo-action,no
aurelien-baudet/workflow-dispatch,aurelien-baudet/workflow-dispatch,no
autero1/action-gotestsum,autero1/action-gotestsum,no
authzed/action-spicedb,authzed/action-spicedb,no
authzed/action-spicedb-validate,authzed/action-spicedb-validate,no
automattic/action-repo-gardening,automattic/action-repo-gardening,no
automattic/action-required-review,automattic/action-required-review,no
automodality/action-xunit-viewer,automodality/action-xunit-viewer,no
autotelic/action-wait-for-status-check,autotelic/action-wait-for-status-check,no
auycro/netframework-action-template,auycro/netframework-action-template,no
avides/actions-project-version-check,avides/actions-project-version-check,no
awact/cloudfront-action,awact/cloudfront-action,no
awalsh128/cache-apt-pkgs-action,awalsh128/cache-apt-pkgs-action,no
aws-actions/codeguru-reviewer,aws-actions/codeguru-reviewer,no
ayachensiyuan/get-action-job-id,ayachensiyuan/get-action-job-id,no
azure/load-testing,azure/load-testing,no
b3b00/coverlet-action,b3b00/coverlet-action,no
b3b00/refreshbadgesaction,b3b00/refreshbadgesaction,no
bacongobbler/azure-blob-storage-upload,bacongobbler/azure-blob-storage-upload,no
badasintended/autojitpack,badasintended/autojitpack,no
badsyntax/github-action-issue-comment,badsyntax/github-action-issue-comment,no
balevine/mark-as-spam,balevine/mark-as-spam,no
banyan/auto-label,banyan/auto-label,no
basefas/upload-release-asset-action,basefas/upload-release-asset-action,no
batect/batect-wrapper-validation-action,batect/batect-wrapper-validation-action,no
bbeesley/gha-auto-dependabot-rebase,bbeesley/gha-auto-dependabot-rebase,no
bbonkr/get-version-action,bbonkr/get-version-action,no
bchir/update-nuget,bchir/update-nuget,no
bcomnes/cleanup-xvfb,bcomnes/cleanup-xvfb,no
bcomnes/npm-bump,bcomnes/npm-bump,no
bdougie/close-issues-based-on-label,bdougie/close-issues-based-on-label,no
beakyn/gha-close-milestone,beakyn/gha-close-milestone,no
beakyn/gha-comment-pull-request,beakyn/gha-comment-pull-request,no
beaujr/gogitops-action,beaujr/gogitops-action,no
ben-z/actions-comment-on-issue,ben-z/actions-comment-on-issue,no
ben-z/gh-action-mutex,ben-z/gh-action-mutex,no
benelan/milestone-action,benelan/milestone-action,no
benelan/need-info-action,benelan/need-info-action,no
benjaminjonard/crowdin-translations-progress-action,benjaminjonard/crowdin-translations-progress-action,no
benjavicente/setup-poetry,benjavicente/setup-poetry,no
bennypowers/commitlint-gh-actions,bennypowers/commitlint-gh-actions,no
berniwittmann/background-server-action,berniwittmann/background-server-action,no
best-of-lists/best-of-update-action,best-of-lists/best-of-update-action,no
beyondstorage/setup-hdfs,beyondstorage/setup-hdfs,no
bflad/action-migrate-issue,bflad/action-migrate-issue,no
bflad/action-milestone-comment,bflad/action-milestone-comment,no
bhacaz/checkout-files,bhacaz/checkout-files,no
bhowell2/github-substring-action,bhowell2/github-substring-action,no
bibipkins/dotnet-test-reporter,bibipkins/dotnet-test-reporter,no
birthdayresearch/oss-governance-bot,birthdayresearch/oss-governance-bot,no
bison-packages/install-bison,bison-packages/install-bison,no
bluefireteam/spec-action,bluefireteam/spec-action,no
bluwy/release-for-reddit-action,bluwy/release-for-reddit-action,no
bluwy/substitute-string-action,bluwy/substitute-string-action,no
booxmedialtd/ws-action-parse-semver,booxmedialtd/ws-action-parse-semver,no
borjaouterelo/test-file-system-action,borjaouterelo/test-file-system-action,no
boundfoxstudios/action-gource,boundfoxstudios/action-gource,no
boundfoxstudios/action-unassign-contributor-after-days-of-inactivity,boundfoxstudios/action-unassign-contributor-after-days-of-inactivity,no
bradennapier/eslint-plus-action,bradennapier/eslint-plus-action,no
brettcannon/pip-secure-install,brettcannon/pip-secure-install,no
brew install gcc step,—,no
brew install gfortran,—,no
bridgecrewio/checkov-action,bridgecrewio/checkov-action,no
brokenpip3/setup-bats-libs,brokenpip3/setup-bats-libs,no
brokeyourbike/ocvalidate-action,brokeyourbike/ocvalidate-action,no
browniebroke/hacktoberfest-labeler-action,browniebroke/hacktoberfest-labeler-action,no
browniebroke/pre-commit-autoupdate-action,browniebroke/pre-commit-autoupdate-action,no
brpaz/godacov-action,brpaz/godacov-action,no
bruceadams/get-release,bruceadams/get-release,no
bsfishy/pip-action,bsfishy/pip-action,no
bufbuild/buf-breaking-action,bufbuild/buf-breaking-action,no
bufbuild/buf-lint-action,bufbuild/buf-lint-action,no
bufbuild/buf-push-action,bufbuild/buf-push-action,no
bufbuild/buf-setup-action,bufbuild/buf-setup-action,no
bullrich/generate-release-changelog,bullrich/generate-release-changelog,no
bvm/gh-action,bvm/gh-action,no
c-bata/github-actions-kurobako,c-bata/github-actions-kurobako,no
c-bata/github-actions-kurobako/plot,c-bata/github-actions-kurobako,no
cadwallion/publish-rubygems-action,cadwallion/publish-rubygems-action,no
calibreapp/image-actions,calibreapp/image-actions,no
callmekatootie/carbonate,callmekatootie/carbonate,no
camilogarcialarotta/watermelon-http-client,camilogarcialarotta/watermelon-http-client,no
canastro/copy-action,canastro/copy-action,no
canonical/has-signed-canonical-cla,canonical/has-signed-canonical-cla,no
carbonneuron/ghactionsignhash,carbonneuron/ghactionsignhash,no
cardinalby/export-env-action,cardinalby/export-env-action,no
cardinalby/git-get-release-action,cardinalby/git-get-release-action,no
cardinalby/git-tag-action,cardinalby/git-tag-action,no
cargo build,—,no
cargo doc --all-features --workspace,—,no
cargo install cargo-careful,—,no
cargo-generate/cargo-generate/.github/workflows/build.yml,cargo-generate/cargo-generate,no
carlesnunez/check-my-bundlephobia,carlesnunez/check-my-bundlephobia,no
carlosperate/download-file-action,carlosperate/download-file-action,no
carterbox/release-archive-with-hash,carterbox/release-archive-with-hash,no
cashapp/activate-hermit,cashapp/activate-hermit,no
cb80/delrel,cb80/delrel,no
cclauss/github-action-for-flake8,cclauss/github-action-for-flake8,no
cclauss/github-action-for-pylint,cclauss/github-action-for-pylint,no
celinekurpershoek/link-checker,celinekurpershoek/link-checker,no
cgetc/automatically-set-milestone-to-issue,cgetc/automatically-set-milestone-to-issue,no
chaos-mesh/chaos-mesh-action,chaos-mesh/chaos-mesh-action,no
chapmanjacobd/create-release-node16,chapmanjacobd/create-release-node16,no
char0n/swagger-editor-validate,char0n/swagger-editor-validate,no
charmbracelet/vhs-action,charmbracelet/vhs-action,no
check-spelling/check-spelling,check-spelling/check-spelling,no
checkmarx/chainalert-github-action,checkmarx/chainalert-github-action,no
checkmarx/kics-github-action,checkmarx/kics-github-action,no
checkout,—,no
chekalsky/phpcs-action,chekalsky/phpcs-action,no
chindit/actions-phpcs,chindit/actions-phpcs,no
chriscarini/intellij-platform-plugin-verifier-action,chriscarini/intellij-platform-plugin-verifier-action,no
chrisdickinson/setup-yq,chrisdickinson/setup-yq,no
chrislennon/action-aws-cli,chrislennon/action-aws-cli,no
christian-draeger/write-properties,christian-draeger/write-properties,no
christianvuerings/add-labels,christianvuerings/add-labels,no
christophebedard/tag-version-commit,christophebedard/tag-version-commit,no
christophelav/wack-certification,christophelav/wack-certification,no
chromaui/action,chromaui/action,no
chrysanthos/simple-asset-size-reporter,chrysanthos/simple-asset-size-reporter,no
chuhlomin/render-template,chuhlomin/render-template,no
cicirello/generate-sitemap,cicirello/generate-sitemap,no
cicirello/jacoco-badge-generator,cicirello/jacoco-badge-generator,no
cicirello/javadoc-cleanup,cicirello/javadoc-cleanup,no
cirolini/chatgpt-github-actions,cirolini/chatgpt-github-actions,no
cirrus-actions/rebase,cirrus-actions/rebase,no
citation-file-format/cffconvert-github-action,citation-file-format/cffconvert-github-action,no
ckotzbauer/label-command-action,ckotzbauer/label-command-action,no
classabbyamp/treeless-checkout-action,classabbyamp/treeless-checkout-action,no
clementtsang/delete-tag-and-release,clementtsang/delete-tag-and-release,no
cloudquery/setup-cloudquery,cloudquery/setup-cloudquery,no
cocoalibs/xcode-notarization-action,cocoalibs/xcode-notarization-action,no
codacy/codacy-analysis-cli-action,codacy/codacy-analysis-cli-action,no
codacy/codacy-coverage-reporter-action,codacy/codacy-coverage-reporter-action,no
code-hex/first-label-interaction,code-hex/first-label-interaction,no
code-hex/gqldoc-actions,code-hex/gqldoc-actions,no
codecov/codecov-action,codecov/codecov-action,no
codefresh-io/codefresh-report-image,codefresh-io/codefresh-report-image,no
codeinwp/gha-pr-check-helper,codeinwp/gha-pr-check-helper,no
codelytv/pr-size-labeler,codelytv/pr-size-labeler,no
codesee-io/codesee-detect-languages-action,codesee-io/codesee-detect-languages-action,no
codesee-io/codesee-map-action,codesee-io/codesee-map-action,no
codespell-project/actions-codespell,codespell-project/actions-codespell,no
codex-team/action-nodejs-package-info,codex-team/action-nodejs-package-info,no
codspeedhq/action,codspeedhq/action,no
cognitedata/auto-approve-dependabot-action,cognitedata/auto-approve-dependabot-action,no
colinpitrat/update-release,colinpitrat/update-release,no
conda-incubator/setup-miniconda,conda-incubator/setup-miniconda,no
configcat/scan-repository,configcat/scan-repository,no
conormacbride/install-package,conormacbride/install-package,no
contributor-assistant/github-action,contributor-assistant/github-action,no
controlplaneio/kubesec-action,controlplaneio/kubesec-action,no
coroo/pytest-coverage-commentator,coroo/pytest-coverage-commentator,no
cosmos/gosec,cosmos/gosec,no
coverallsapp/github-action,coverallsapp/github-action,no
cpanato/vault-installer,cpanato/vault-installer,no
cpp-linter/cpp-linter-action,cpp-linter/cpp-linter-action,no
crate-ci/committed,crate-ci/committed,no
crate-ci/typos,crate-ci/typos,no
crazy-max/ghaction-github-labeler,crazy-max/ghaction-github-labeler,no
crazy-max/ghaction-import-gpg,crazy-max/ghaction-import-gpg,no
crazy-max/ghaction-virustotal,crazy-max/ghaction-virustotal,no
crec0/announce-n-crosspost,crec0/announce-n-crosspost,no
creekorful/goreportcard-action,creekorful/goreportcard-action,no
creyd/prettier_action,creyd/prettier_action,no
crondaemon/close-pr,crondaemon/close-pr,no
crowdin/github-action,crowdin/github-action,no
crytic/slither-action,crytic/slither-action,no
cschleiden/replace-tokens,cschleiden/replace-tokens,no
cuchi/jinja2-action,cuchi/jinja2-action,no
cue-lang/setup-cue,cue-lang/setup-cue,no
cumulusds/get-yaml-paths-action,cumulusds/get-yaml-paths-action,no
cutecutecat/go-cover-merge,cutecutecat/go-cover-merge,no
cyb3r-jak3/html5validator-action,cyb3r-jak3/html5validator-action,no
cyberandrii/setup-steamcmd,cyberandrii/setup-steamcmd,no
cyberandrii/steam-totp,cyberandrii/steam-totp,no
cyberbeni/install-swift-tool,cyberbeni/install-swift-tool,no
cyberjunk/gha-ubuntu-cross,cyberjunk/gha-ubuntu-cross,no
cycjimmy/semantic-release-action,cycjimmy/semantic-release-action,no
cyclonedx/gh-dotnet-generate-sbom,cyclonedx/gh-dotnet-generate-sbom,no
cyclonedx/gh-gomod-generate-sbom,cyclonedx/gh-gomod-generate-sbom,no
cyclonedx/gh-node-module-generatebom,cyclonedx/gh-node-module-generatebom,no
cyclonedx/gh-python-generate-sbom,cyclonedx/gh-python-generate-sbom,no
cygnetdigital/wait_for_response,cygnetdigital/wait_for_response,no
cytopia/upload-artifact-retry-action,cytopia/upload-artifact-retry-action,no
d3adb5/helm-unittest-action,d3adb5/helm-unittest-action,no
daaku/gh-action-apt-install,daaku/gh-action-apt-install,no
dabutvin/chive-action,dabutvin/chive-action,no
dacbd/create-issue-action,dacbd/create-issue-action,no
damccorm/tag-ur-it,damccorm/tag-ur-it,no
daneden/enable-automerge-action,daneden/enable-automerge-action,no
dangoslen/changelog-enforcer,dangoslen/changelog-enforcer,no
danhellem/github-actions-issue-to-work-item,danhellem/github-actions-issue-to-work-item,no
danhellem/github-actions-pr-to-work-item,danhellem/github-actions-pr-to-work-item,no
danielealbano/lcov-action,danielealbano/lcov-action,no
danielpalme/reportgenerator-github-action,danielpalme/reportgenerator-github-action,no
danieltamkin/haslabel,danieltamkin/haslabel,no
dannevesdantas/set-version-assemblyinfo,dannevesdantas/set-version-assemblyinfo,no
daohoangson/comment-on-github,daohoangson/comment-on-github,no
darenm/setup-vstest,darenm/setup-vstest,no
darenm/unlist-nuget,darenm/unlist-nuget,no
dart-actions/tweet,dart-actions/tweet,no
datadog/agent-github-action,datadog/agent-github-action,no
david-a-wheeler/flawfinder,david-a-wheeler/flawfinder,no
davidanson/markdownlint-cli2-action,davidanson/markdownlint-cli2-action,no
davidlienhard/php-simple-lint,davidlienhard/php-simple-lint,no
davidschuppa/base64secret-tofile-action,davidschuppa/base64secret-tofile-action,no
davidslusser/actions_python_bandit,davidslusser/actions_python_bandit,no
davidwengier/postadaptivecard,davidwengier/postadaptivecard,no
dawidd6/action-delete-branch,dawidd6/action-delete-branch,no
dawidd6/action-get-tag,dawidd6/action-get-tag,no
dawidd6/action-send-mail,dawidd6/action-send-mail,no
dbelyaev/action-checkstyle,dbelyaev/action-checkstyle,no
dblock/create-a-github-issue,dblock/create-a-github-issue,no
dcarbone/install-jq-action,dcarbone/install-jq-action,no
dciborow/action-pylint,dciborow/action-pylint,no
dcodeio/setup-node-nvm,dcodeio/setup-node-nvm,no
ddev/github-action-setup-ddev,ddev/github-action-setup-ddev,no
de-vri-es/setup-git-credentials,de-vri-es/setup-git-credentials,no
decathlon/release-notes-generator-action,decathlon/release-notes-generator-action,no
deconz-community/ddf-validator-action,deconz-community/ddf-validator-action,no
deedeeg/rebase-github-action,deedeeg/rebase-github-action,no
deep-entertainment/doc8-action,deep-entertainment/doc8-action,no
deepakputhraya/action-branch-name,deepakputhraya/action-branch-name,no
deepakputhraya/action-pr-title,deepakputhraya/action-pr-title,no
defensecode/thunderscan-action,defensecode/thunderscan-action,no
deka0106/upload-to-dropbox,deka0106/upload-to-dropbox,no
dekinderfiets/pr-description-enforcer,dekinderfiets/pr-description-enforcer,no
demoorjasper/stale,demoorjasper/stale,no
denoland/setup-deno,denoland/setup-deno,no
dependabot/fetch-metadata,dependabot/fetch-metadata,no
dependency-check/dependency-check_action,dependency-check/dependency-check_action,no
deptno/action-aws-ssm-to-dotenv,deptno/action-aws-ssm-to-dotenv,no
derberg/npm-dependency-manager-for-your-github-org,derberg/npm-dependency-manager-for-your-github-org,no
derekprior/add-autoresponse,derekprior/add-autoresponse,no
desiderati/github-action-pushover,desiderati/github-action-pushover,no
dessant/issue-states,dessant/issue-states,no
dessant/label-actions,dessant/label-actions,no
dessant/lock-threads,dessant/lock-threads,no
dessant/repo-lockdown,dessant/repo-lockdown,no
dessant/support-requests,dessant/support-requests,no
determinatesystems/flake-checker-action,determinatesystems/flake-checker-action,no
determinatesystems/flakehub-push,determinatesystems/flakehub-push,no
determinatesystems/update-flake-lock,determinatesystems/update-flake-lock,no
dev-drprasad/delete-older-releases,dev-drprasad/delete-older-releases,no
dev-drprasad/delete-tag-and-release,dev-drprasad/delete-tag-and-release,no
devblackops/github-action-psscriptanalyzer,devblackops/github-action-psscriptanalyzer,no
devcontainers/action,devcontainers/action,no
devexpress/testcafe-action,devexpress/testcafe-action,no
devicons/public-upload-to-imgur,devicons/public-upload-to-imgur,no
devlooped/actions-bot,devlooped/actions-bot,no
devlooped/actions-includes,devlooped/actions-includes,no
devlooped/actions-sponsor,devlooped/actions-sponsor,no
devmasx/brakeman-linter-action,devmasx/brakeman-linter-action,no
devmasx/coverage-check-action,devmasx/coverage-check-action,no
devops-actions/actionlint,devops-actions/actionlint,no
devops-actions/json-to-file,devops-actions/json-to-file,no
dieghernan/cff-validator,dieghernan/cff-validator,no
directorytree/setup-openldap,directorytree/setup-openldap,no
djarek/bloaty-analyze,djarek/bloaty-analyze,no
dlemstra/code-sign-action,dlemstra/code-sign-action,no
dmikey/package-json-version,dmikey/package-json-version,no
docker-compose up -d lbrynet postgres,—,no
docker://${{ matrix.docker-image }},—,no
docker://${{ steps.setup.outputs.build_image }},—,no
docker://aaubry/yamldotnet-syntax-checker,—,no
docker://aevea/commitsar,—,no
docker://aevea/release-notary,—,no
docker://agilepathway/pull-request-label-checker,—,no
docker://alpine,—,no
docker://amazon/aws-cli,—,no
docker://antonyurchenko/git-release,—,no
docker://antora/antora,—,no
docker://appimagecrafters/appimage-builder,—,no
docker://archlinux,—,no
docker://arm32v7/debian,—,no
docker://arm32v7/fedora,—,no
docker://arm32v7/node,—,no
docker://arm32v7/ubuntu,—,no
docker://arm64v8/python,—,no
docker://asciidoctor/docker-asciidoctor,—,no
docker://avtodev/markdown-lint,—,no
docker://bepsays/ci-goreleaser,—,no
docker://bitnami/openldap,—,no
docker://calibreapp/github-image-actions,—,no
docker://centos,—,no
docker://chinthakagodawita/autoupdate-action,—,no
docker://chubbyphp/ci-php74,—,no
docker://chubbyphp/ci-php80,—,no
docker://chubbyphp/ci-php81,—,no
docker://chubbyphp/ci-php82,—,no
docker://cilium/cilium-checkpatch,—,no
docker://cilium/coccicheck,—,no
docker://cilium/docs-builder,—,no
docker://cirrusactions/rebase,—,no
docker://clickable/ci-16.04-amd64,—,no
docker://clickable/ci-16.04-arm64,—,no
docker://clickable/ci-16.04-armhf,—,no
docker://clickable/ci-dev-16.04-arm64,—,no
docker://clickable/ci-dev-16.04-armhf,—,no
docker://cloudposse/packages-apkbuild,—,no
docker://codenotary/cas,—,no
docker://commitsar/commitsar,—,no
docker://commitsar/release-notary,—,no
docker://composer,—,no
docker://conanio/gcc8,—,no
docker://continuumio/conda-ci-linux-64-python2.7,—,no
docker://continuumio/conda-ci-linux-64-python3.7,—,no
docker://continuumio/conda-ci-linux-64-python3.8,—,no
docker://continuumio/conda-ci-linux-64-python3.9,—,no
docker://cypress/base,—,no
docker://cypress/browsers,—,no
docker://danger/danger-js,—,no
docker://debian,—,no
docker://debian/eol,—,no
docker://decathlon/release-notes-generator-action,—,no
docker://decathlon/wiki-page-creator-action,—,no
docker://deluan/ci-goreleaser,—,no
docker://dependabot/dependabot-core,—,no
docker://dkhamsing/awesome_bot,—,no
docker://docker,—,no
docker://docker.io/aquasec/trivy,—,no
docker://docker.io/cilium/image-maker,—,no
docker://docker.io/ilyam8/periodic-pr-labeler,—,no
docker://docker.io/nixos/nix,—,no
docker://docker.io/rclone/rclone,—,no
docker://docker.io/sphinxdoc/sphinx-latexpdf,—,no
docker://docker.mirror.hashicorp.services/rhysd/actionlint,—,no
docker://dragonflyoss/linter,—,no
docker://elixir,—,no
docker://epmlsop/buildpack-arm64,—,no
docker://epmlsop/buildpack-centos7,—,no
docker://ergebnis/composer-normalize-action,—,no
docker://ergebnis/composer-root-version-action,—,no
docker://exodusprivacy/exodus-standalone,—,no
docker://extdn/magento-phpstan-action,—,no
docker://fedora,—,no
docker://ferrarimarco/github-changelog-generator,—,no
docker://foundeo/minibox,—,no
docker://fsfe/reuse,—,no
docker://ganeti/ci,—,no
docker://gcr.io/gem5-test/ubuntu-22.04_min-dependencies,—,no
docker://gcr.io/pipecd/codegen,—,no
docker://getneil/tea-builder,—,no
docker://getpagespeed/rpmbuilder,—,no
docker://ghcr.io/asam-ev/project-guide-docker,—,no
docker://ghcr.io/asgeriversen/pr-version-comment,—,no
docker://ghcr.io/automattic/gha-mjolnir,—,no
docker://ghcr.io/build-trust/ockam-builder@sha256,—,no
docker://ghcr.io/buildpacks/actions/registry,—,no
docker://ghcr.io/buildpacks/actions/registry/request-add-entry,—,no
docker://ghcr.io/codfish/semantic-release-action,—,no
docker://ghcr.io/danger/danger-js,—,no
docker://ghcr.io/danger/danger-swift-with-swiftlint,—,no
docker://ghcr.io/enricomi/download-buildkite-artifact-action,—,no
docker://ghcr.io/enricomi/publish-unit-test-result-action,—,no
docker://ghcr.io/fjorgemota/gha-mjolnir,—,no
docker://ghcr.io/flathub/flatpak-external-data-checker,—,no
docker://ghcr.io/fluidattacks/makes,—,no
docker://ghcr.io/github/super-linter,—,no
docker://ghcr.io/haproxytech/commit-check,—,no
docker://ghcr.io/haproxytech/go-linter,—,no
docker://ghcr.io/igorshubovych/markdownlint-cli,—,no
docker://ghcr.io/irgolic/autopr,—,no
docker://ghcr.io/kastelo/sphinx-build,—,no
docker://ghcr.io/laminas/automatic-releases,—,no
docker://ghcr.io/maxking/mailman-ci-runner-falcon,—,no
docker://ghcr.io/nfrechette/toolchain-amd64-bionic,—,no
docker://ghcr.io/nfrechette/toolchain-amd64-focal,—,no
docker://ghcr.io/nfrechette/toolchain-amd64-linux-emscripten,—,no
docker://ghcr.io/nfrechette/toolchain-amd64-linux-sonarcloud,—,no
docker://ghcr.io/nfrechette/toolchain-amd64-lunar,—,no
docker://ghcr.io/nfrechette/toolchain-amd64-xenial,—,no
docker://ghcr.io/nonebot/auto-changelog,—,no
docker://ghcr.io/nonebot/nonebot2-publish-bot,—,no
docker://ghcr.io/nonebot/noneflow,—,no
docker://ghcr.io/noxworld-dev/docker-build,—,no
docker://ghcr.io/paketo-buildpacks/actions/draft-release,—,no
docker://ghcr.io/paketo-buildpacks/actions/maven-dependency,—,no
docker://ghcr.io/paketo-buildpacks/actions/spring-generations,—,no
docker://ghcr.io/pipe-cd/codegen@sha256,—,no
docker://ghcr.io/ponylang/release-bot-action,—,no
docker://ghcr.io/ponylang/release-notes-bot-action,—,no
docker://ghcr.io/ponylang/release-notes-reminder-bot-action,—,no
docker://ghcr.io/ponylang/shared-docker-ci-actionlint,—,no
docker://ghcr.io/psalm/psalm-security-scan,—,no
docker://ghcr.io/pyca/cryptography-manylinux2014_aarch64,—,no
docker://ghcr.io/shyim/danger-php,—,no
docker://ghcr.io/step-security/code-reviewer/int,—,no
docker://ghcr.io/step-security/integration-test/int,—,no
docker://ghcr.io/sudo-bmitch/version-bump,—,no
docker://ghcr.io/tflm-bot/tflm-ci,—,no
docker://ghcr.io/trxcllnt/action-cxx-toolkit,—,no
docker://ghcr.io/veracruz-project/veracruz/veracruz,—,no
docker://ghcr.io/wolfi-dev/wolfictl,—,no
docker://ghcr.io/xandrosdarkstorm/docker-build,—,no
docker://ghcr.io/yannh/kubeconform,—,no
docker://github/ghx,—,no
docker://github/super-linter,—,no
docker://golang,—,no
docker://golangci/golangci-lint,—,no
docker://golemfactory/build-aarch64,—,no
docker://goreleaser/goreleaser,—,no
docker://guillaumefalourd/ritchiecli,—,no
docker://hadolint/hadolint,—,no
docker://haproxytech/check-commit,—,no
docker://hemtt/hemtt,—,no
docker://hhvm/hhvm,—,no
docker://hirosystems/clarinet,—,no
docker://hivesolutions/python,—,no
docker://homeassistant/home-assistant,—,no
docker://homebrew/brew,—,no
docker://i386/debian,—,no
docker://i386/ubuntu,—,no
docker://igorgov/auto-inc-ver,—,no
docker://ilegeul/debian,—,no
docker://j12934/one-click-docker@sha256,—,no
docker://jakzal/phpqa,—,no
docker://jderusse/gitsplit,—,no
docker://jnorwood/helm-docs,—,no
docker://jonasfranz/crowdin,—,no
docker://jpwithers/tflite-micro-tests,—,no
docker://k8slt/closed-issue-label-action@sha256,—,no
docker://k8slt/github-labeler-action@sha256,—,no
docker://keybaseio/client,—,no
docker://kiwicom/black,—,no
docker://kiwicom/mypy,—,no
docker://koalaman/shellcheck,—,no
docker://koalaman/shellcheck-alpine,—,no
docker://kong/release-script,—,no
docker://konstin2/maturin,—,no
docker://krakend/builder,—,no
docker://krakend/fpm,—,no
docker://laurentsimon/scorecard-action,—,no
docker://licenseweasel/weasel,—,no
docker://localheinz/composer-normalize-action,—,no
docker://localheinz/composer-require-checker-action,—,no
docker://localheinz/php-library-template-php-7.2,—,no
docker://localheinz/php-library-template-php-7.3,—,no
docker://localheinz/php-library-template-php-7.3-with-xdebug,—,no
docker://lpenz/ghaction-packagecloud,—,no
docker://lsiodev/readme-sync,—,no
docker://lucteo/action-cxx-toolkit.clang12,—,no
docker://lucteo/action-cxx-toolkit.gcc11,—,no
docker://malept/gha-gh-pages,—,no
docker://marpteam/marp-cli,—,no
docker://maven,—,no
docker://maxandersen/jbang-epic-maker,—,no
docker://mcr.microsoft.com/dotnet/sdk,—,no
docker://mcr.microsoft.com/mssql-tools,—,no
docker://mcr.microsoft.com/playwright,—,no
docker://mercari/wrench,—,no
docker://messense/rust-musl-cross,—,no
docker://mono,—,no
docker://morphy/revive-action,—,no
docker://mozilla/sbt,—,no
docker://mstruebing/editorconfig-checker,—,no
docker://muglug/psalm-github-actions,—,no
docker://multiarch/alpine,—,no
docker://multiarch/debian-debootstrap,—,no
docker://multiarch/ubuntu-core,—,no
docker://node,—,no
docker://norberttech/md-link-linter,—,no
docker://noxworld/alpine-386-gcc-github,—,no
docker://noxworld/alpine-wasm-github,—,no
docker://nyholm/roave-bc-check-ga,—,no
docker://odolbeau/swarrot-phpqa,—,no
docker://openapitools/openapi-diff,—,no
docker://openjdk,—,no
docker://openjournals/paperdraft,—,no
docker://opensuse/amd64,—,no
docker://opensuse/leap,—,no
docker://opensuse/tumbleweed,—,no
docker://orrosenblatt/validate-json-action,—,no
docker://oskarstark/doctor-rst,—,no
docker://oskarstark/php-cs-fixer-ga,—,no
docker://oskarstark/phpcs-ga,—,no
docker://oskarstark/phpstan-ga,—,no
docker://outillage/release-notary,—,no
docker://pandoc/core,—,no
docker://pandoc/extra,—,no
docker://pandoc/latex,—,no
docker://pcit/pages,—,no
docker://peaceiris/gh-pages,—,no
docker://php,—,no
docker://phparkitect/arkitect-github-actions,—,no
docker://phparkitect/phparkitect,—,no
docker://phpdoc/phar-ga,—,no
docker://phpdoc/phpcs-ga,—,no
docker://phpdoc/phpstan-ga,—,no
docker://phpdoc/phpunit-ga,—,no
docker://phpga/composer-require-checker-ga,—,no
docker://pipelinecomponents/jsonlint,—,no
docker://pipelinecomponents/remark-lint,—,no
docker://pipelinecomponents/yamllint,—,no
docker://pivotalrabbitmq/delete-release-action,—,no
docker://plugins/s3,—,no
docker://ponylang/release-bot-action,—,no
docker://ponylang/release-notes-bot-action,—,no
docker://ponylang/release-notes-reminder-bot-action,—,no
docker://ponylang/shared-docker-ci-actionlint,—,no
docker://postgres,—,no
docker://pplotka/local-php-security-checker-github-actions,—,no
docker://prominfra/prombench,—,no
docker://protolambda/forkdiff,—,no
docker://puppet/pdk,—,no
docker://pyscf/pyscf-conda-env,—,no
docker://pyscf/pyscf-pypa-env,—,no
docker://python,—,no
docker://quay.io/cilium/cilium-checkpatch,—,no
docker://quay.io/cilium/image-maker,—,no
docker://quay.io/cilium/scruffy,—,no
docker://quay.io/goswagger/swagger,—,no
docker://quay.io/helmpack/chart-testing,—,no
docker://quay.io/isovalent/gke-test-cluster-requester,—,no
docker://quay.io/pypa/manylinux1_i686,—,no
docker://quay.io/pypa/manylinux1_x86_64,—,no
docker://quay.io/pypa/manylinux2010_i686,—,no
docker://quay.io/pypa/manylinux2010_x86_64,—,no
docker://quay.io/pypa/manylinux2014_aarch64,—,no
docker://quay.io/pypa/manylinux2014_i686,—,no
docker://quay.io/pypa/manylinux2014_s390x,—,no
docker://quay.io/pypa/manylinux2014_x86_64,—,no
docker://quay.io/pypa/manylinux_2_24_x86_64,—,no
docker://raspbian/jessie,—,no
docker://raspbian/stretch,—,no
docker://redhat/ubi8,—,no
docker://registry.hub.docker.com/library/python,—,no
docker://reviewdog/action-golangci-lint,—,no
docker://rhysd/actionlint,—,no
docker://rtcamp/base-wo,—,no
docker://rust,—,no
docker://s390x/python,—,no
docker://snakepacker/python,—,no
docker://softprops/action-gh-release,—,no
docker://speechly/cli,—,no
docker://squidfunk/mkdocs-material,—,no
docker://swift,—,no
docker://takanabe/github-actions-automate-projects,—,no
docker://talebook/calibre,—,no
docker://termux/package-builder,—,no
docker://thecodingmachine/deeployer-cleanup-action@master,—,no
docker://tiangolo/label-approved,—,no
docker://tiangolo/latest-changes,—,no
docker://ubuntu,—,no
docker://us-docker.pkg.dev/gcpdiag-dist/common/gcpdiag-hugo,—,no
docker://us-docker.pkg.dev/gcpdiag-repo/devel/gcpdiag-hugo,—,no
docker://us-docker.pkg.dev/gcr-cleaner/gcr-cleaner/gcr-cleaner-cli,—,no
docker://vapor/swift,—,no
docker://vimeo/psalm-github-actions,—,no
docker://w9jds/firebase-action,—,no
docker://webfactory/composer-require-checker,—,no
docker://yeasy/docker_practice,—,no
docker://yireo/github-actions-magento-integration-tests,—,no
docker://yireo/github-actions-magento-unit-tests,—,no
docker://zmkfirmware/zephyr-west-action-arm,—,no
docuactions/cache,docuactions/cache,no
dodopizza/setup-thrift,dodopizza/setup-thrift,no
doozyx/clang-format-lint-action,doozyx/clang-format-lint-action,no
dopplerhq/cli-action,dopplerhq/cli-action,no
dorny/test-reporter,dorny/test-reporter,no
dotnet pack -c release,—,no
dotnet/versionsweeper,dotnet/versionsweeper,no
doyensec/electronegativity-action,doyensec/electronegativity-action,no
dprint/check,dprint/check,no
dschoordsch/slack-review-stats,dschoordsch/slack-review-stats,no
dsherret/rust-toolchain-file,dsherret/rust-toolchain-file,no
dtinth/patch-generator-action,dtinth/patch-generator-action,no
dtinth/todo-actions,dtinth/todo-actions,no
dtolnay/install-buck2,dtolnay/install-buck2,no
dtolnay/rust-toolchain,dtolnay/rust-toolchain,no
ducksoft/create-7z-action,ducksoft/create-7z-action,no
duncanmcclean/post-release-comments,duncanmcclean/post-release-comments,no
dwenegar/upload-release-assets,dwenegar/upload-release-assets,no
easimon/maximize-build-space,easimon/maximize-build-space,no
easimon/wipe-cache,easimon/wipe-cache,no
echapmanfrombunnings/upload-release-assets,echapmanfrombunnings/upload-release-assets,no
echo ${{ github.event.type }},—,no
eddiehubcommunity/gh-action-open-source-labels,eddiehubcommunity/gh-action-open-source-labels,no
editorconfig-checker/action-editorconfig-checker,editorconfig-checker/action-editorconfig-checker,no
edumserrano/find-create-or-update-comment,edumserrano/find-create-or-update-comment,no
edwardday/upgrade-gradle-action,edwardday/upgrade-gradle-action,no
edwardgeorge/file-outputs-action,edwardgeorge/file-outputs-action,no
effector/size-compare,effector/size-compare,no
egor-tensin/clang-format,egor-tensin/clang-format,no
egor-tensin/cleanup-path,egor-tensin/cleanup-path,no
egor-tensin/setup-clang,egor-tensin/setup-clang,no
egor-tensin/setup-cygwin,egor-tensin/setup-cygwin,no
egor-tensin/setup-gcc,egor-tensin/setup-gcc,no
egor-tensin/setup-mingw,egor-tensin/setup-mingw,no
egor-tensin/setup-wireguard,egor-tensin/setup-wireguard,no
egor-tensin/vs-shell,egor-tensin/vs-shell,no
egorpugin/sw-action,egorpugin/sw-action,no
eindex/bump-homebrew-cask-action,eindex/bump-homebrew-cask-action,no
embarkstudios/cargo-deny-action,embarkstudios/cargo-deny-action,no
emibcn/badge-action,emibcn/badge-action,no
emilgedda/include-what-you-use-action,emilgedda/include-what-you-use-action,no
emmyoop/changie_bot,emmyoop/changie_bot,no
endbug/add-and-commit,endbug/add-and-commit,no
endbug/discuss-on-discord,endbug/discuss-on-discord,no
endbug/export-label-config,endbug/export-label-config,no
endbug/label-sync,endbug/label-sync,no
endbug/latest-tag,endbug/latest-tag,no
enflo/curl-action,enflo/curl-action,no
enhancedocs/setup-enhancedocs,enhancedocs/setup-enhancedocs,no
enricomi/publish-unit-test-result-action,enricomi/publish-unit-test-result-action,no
enricomi/publish-unit-test-result-action/composite,enricomi/publish-unit-test-result-action,no
entimaniac/read-pom-version-action,entimaniac/read-pom-version-action,no
eomm/why-don-t-you-tweet,eomm/why-don-t-you-tweet,no
epmatt/reviewdog-action-prettier,epmatt/reviewdog-action-prettier,no
eps1lon/actions-label-merge-conflict,eps1lon/actions-label-merge-conflict,no
equitybee/team-label-action,equitybee/team-label-action,no
erclu/check-crlf,erclu/check-crlf,no
ergebnis/composer-root-version-action,ergebnis/composer-root-version-action,no
ericcornelissen/svgo-action,ericcornelissen/svgo-action,no
erzz/codeclimate-standalone,erzz/codeclimate-standalone,no
erzz/dockle-action,erzz/dockle-action,no
ethansk/git-branch-name-action,ethansk/git-branch-name-action,no
ethersphere/update-supported-bee-action,ethersphere/update-supported-bee-action,no
ethomson/issue-dashboard,ethomson/issue-dashboard,no
eun/http-server-action,eun/http-server-action,no
evantorrie/mott-the-tidier,evantorrie/mott-the-tidier,no
everpcpc/comment-on-pr-action,everpcpc/comment-on-pr-action,no
ewatercycle/setup-singularity,ewatercycle/setup-singularity,no
ewjoachim/coverage-comment-action,ewjoachim/coverage-comment-action,no
exercism/pr-commenter-action,exercism/pr-commenter-action,no
exions/merge-upstream,exions/merge-upstream,no
expo/expo-preview-action,expo/expo-preview-action,no
extractions/netrc,extractions/netrc,no
extractions/setup-crate,extractions/setup-crate,no
extractions/setup-just,extractions/setup-just,no
fabriciomurta/ensure-nuget-source,fabriciomurta/ensure-nuget-source,no
fabriciomurta/ragha-build,fabriciomurta/ragha-build,no
fac/ruby-gem-push-action,fac/ruby-gem-push-action,no
facebook/pysa-action,facebook/pysa-action,no
fadenb/matrix-chat-message,fadenb/matrix-chat-message,no
"failure,cancelled,skipped",—,no
false,—,no
fangbinwei/aliyun-oss-website-action,fangbinwei/aliyun-oss-website-action,no
fangqiuming/latest-release-version,fangqiuming/latest-release-version,no
fastify/github-action-merge-dependabot,fastify/github-action-merge-dependabot,no
fcakyon/conda-publish-action,fcakyon/conda-publish-action,no
fearphage/shellcheck-action,fearphage/shellcheck-action,no
federicocarboni/setup-ffmpeg,federicocarboni/setup-ffmpeg,no
fedora-copr/vcs-diff-lint-action,fedora-copr/vcs-diff-lint-action,no
fedora-python/tox-github-action,fedora-python/tox-github-action,no
feiskyer/chatgpt-reviewer,feiskyer/chatgpt-reviewer,no
felippechemello/merge-bot,felippechemello/merge-bot,no
fersilva16/ts-report-action,fersilva16/ts-report-action,no
fertrig/create-file-action,fertrig/create-file-action,no
ffittschen/pr-branch-labeler,ffittschen/pr-branch-labeler,no
fforres/validate-changed-files,fforres/validate-changed-files,no
ffurrer2/extract-release-notes,ffurrer2/extract-release-notes,no
fieldguide/action-hasura-change-summary,fieldguide/action-hasura-change-summary,no
fifsky/dingtalk-action,fifsky/dingtalk-action,no
fillefilip8/docfxtomarkdown,fillefilip8/docfxtomarkdown,no
finnp/create-file-action,finnp/create-file-action,no
firebelley/godot-export,firebelley/godot-export,no
firehed/lint-php-action,firehed/lint-php-action,no
fitomad/github-chatgpt-integration,fitomad/github-chatgpt-integration,no
fjeremic/cron-first-interaction,fjeremic/cron-first-interaction,no
fjeremic/cron-labeler,fjeremic/cron-labeler,no
flameddd/screenshots-ci-action,flameddd/screenshots-ci-action,no
flcdrg/remove-release-asset-action,flcdrg/remove-release-asset-action,no
flood-io/is-published-on-npm,flood-io/is-published-on-npm,no
flowwer-dev/pull-request-stats,flowwer-dev/pull-request-stats,no
foo-software/lighthouse-check-action,foo-software/lighthouse-check-action,no
fooji/create-aws-profile-action,fooji/create-aws-profile-action,no
forallsecure/mapi-action,forallsecure/mapi-action,no
forallsecure/mcode-action,forallsecure/mcode-action,no
formsort/action-check-codecov-config,formsort/action-check-codecov-config,no
fornever/changelogautomation.action,fornever/changelogautomation.action,no
foundry-rs/foundry-toolchain,foundry-rs/foundry-toolchain,no
foxundermoon/setup-qshell,foxundermoon/setup-qshell,no
frabert/replace-string-action,frabert/replace-string-action,no
frankdejonge/use-subsplit-publish,frankdejonge/use-subsplit-publish,no
frederick888/gh-ph,frederick888/gh-ph,no
fregante/daily-version-action,fregante/daily-version-action,no
fregante/release-with-changelog,fregante/release-with-changelog,no
fregante/title-to-labels-action,fregante/title-to-labels-action,no
frenck/action-addon-information,frenck/action-addon-information,no
frenck/action-setup-yq,frenck/action-setup-yq,no
freshly/octocop,freshly/octocop,no
frgfm/validate-python-headers,frgfm/validate-python-headers,no
fryorcraken/size-limit-action,fryorcraken/size-limit-action,no
fsfe/reuse-action,fsfe/reuse-action,no
funnyzak/jishida-action,funnyzak/jishida-action,no
funnyzak/pushoo-action,funnyzak/pushoo-action,no
fuxingloh/multi-labeler,fuxingloh/multi-labeler,no
fxchen/code-review,fxchen/code-review,no
g-rath/check-with-osv-detector,g-rath/check-with-osv-detector,no
g4s8/xcop-action,g4s8/xcop-action,no
gabrielbb/xvfb-action,gabrielbb/xvfb-action,no
gautamkrishnar/blog-post-workflow,gautamkrishnar/blog-post-workflow,no
gdut-dynamic-x/ros-build-deb-action,gdut-dynamic-x/ros-build-deb-action,no
gerbal/always-cache,gerbal/always-cache,no
geritol/match-tag-to-package-version,geritol/match-tag-to-package-version,no
germanbluefox/code-sign-action,germanbluefox/code-sign-action,no
gerrit0/circular-dependency-check,gerrit0/circular-dependency-check,no
gerrymanoim/pr-prefix-labeler,gerrymanoim/pr-prefix-labeler,no
getsentry/action-git-diff-suggestions,getsentry/action-git-diff-suggestions,no
getsentry/action-github-app-token,getsentry/action-github-app-token,no
gh-bot/fix-labeler,gh-bot/fix-labeler,no
gha-utilities/init-pull-request,gha-utilities/init-pull-request,no
gi0baro/setup-poetry-bin,gi0baro/setup-poetry-bin,no
gimmyxd/rtc-action,gimmyxd/rtc-action,no
giraffate/clippy-action,giraffate/clippy-action,no
git submodule update --init --recursive,—,no
git-for-windows/get-azure-pipelines-artifact,git-for-windows/get-azure-pipelines-artifact,no
git-for-windows/setup-git-for-windows-sdk,git-for-windows/setup-git-for-windows-sdk,no
gitguardian/ggshield-action,gitguardian/ggshield-action,no
github-action-modify-file-content,—,no
github-actions-up-and-running/pr-comment,github-actions-up-and-running/pr-comment,no
github/accessibility-alt-text-bot,github/accessibility-alt-text-bot,no
github/combine-prs,github/combine-prs,no
github/issue-labeler,github/issue-labeler,no
githubocto/flat,githubocto/flat,no
githubocto/repo-visualizer,githubocto/repo-visualizer,no
gitleaks/gitleaks-action,gitleaks/gitleaks-action,no
glassechidna/resharper-action,glassechidna/resharper-action,no
gleich/gh_fsync,gleich/gh_fsync,no
glennawatson/changelog,glennawatson/changelog,no
glennawatson/signclient,glennawatson/signclient,no
gmiam/rust-musl-action,gmiam/rust-musl-action,no
goatg33k/fivem-lua-lint-action,goatg33k/fivem-lua-lint-action,no
godaddy-wordpress/setup-wp-cli,godaddy-wordpress/setup-wp-cli,no
godaddy-wordpress/setup-wp-env,godaddy-wordpress/setup-wp-env,no
godaddy/tartufo-action,godaddy/tartufo-action,no
golang/govulncheck-action,golang/govulncheck-action,no
golfzaptw/action-auto-reviews-from-branches,golfzaptw/action-auto-reviews-from-branches,no
gongt/actions-recreate-release,gongt/actions-recreate-release,no
google-github-actions/auth,google-github-actions/auth,no
gorillio/github-action-cherry-pick,gorillio/github-action-cherry-pick,no
goto-bus-stop/setup-zig,goto-bus-stop/setup-zig,no
gozala/typescript-error-reporter-action,gozala/typescript-error-reporter-action,no
gr2m/app-stats-action,gr2m/app-stats-action,no
gr2m/create-or-update-pull-request-action,gr2m/create-or-update-pull-request-action,no
gr2m/merge-schedule-action,gr2m/merge-schedule-action,no
gradle-update/update-gradle-wrapper-action,gradle-update/update-gradle-wrapper-action,no
gradle/wrapper-validation-action,gradle/wrapper-validation-action,no
grantbirki/comment,grantbirki/comment,no
grantbirki/issue-template-parser,grantbirki/issue-template-parser,no
grantmcconnaughey/lintly-flake8-github-action,grantmcconnaughey/lintly-flake8-github-action,no
gregsdennis/dependencies-action,gregsdennis/dependencies-action,no
gregziegan/fetch-latest-release,gregziegan/fetch-latest-release,no
gsactions/commit-message-checker,gsactions/commit-message-checker,no
gscho/setup-cloud-custodian,gscho/setup-cloud-custodian,no
guguducken/change-paths-action,guguducken/change-paths-action,no
guguducken/label-size-action,guguducken/label-size-action,no
guguducken/milestone-add-action,guguducken/milestone-add-action,no
guguducken/workflow-rerun-action,guguducken/workflow-rerun-action,no
guidepup/setup-action,guidepup/setup-action,no
guillaumefalourd/clone-github-repo-action,guillaumefalourd/clone-github-repo-action,no
guillaumefalourd/create-other-repo-branch-action,guillaumefalourd/create-other-repo-branch-action,no
guillaumefalourd/diff-action,guillaumefalourd/diff-action,no
guillaumefalourd/ritchie-cli-action,guillaumefalourd/ritchie-cli-action,no
guillaumefalourd/setup-windows10-sdk-action,guillaumefalourd/setup-windows10-sdk-action,no
guillaumefalourd/write-java-properties-file,guillaumefalourd/write-java-properties-file,no
guptalakshya92/delete_gem,guptalakshya92/delete_gem,no
guumaster/aur-publish-docker-action,guumaster/aur-publish-docker-action,no
hack-ink/cargo-featalign-action,hack-ink/cargo-featalign-action,no
hack-ink/subalfred-check-features-action,hack-ink/subalfred-check-features-action,no
hack-ink/subalfred-check-runtime-action,hack-ink/subalfred-check-runtime-action,no
hacksore/node-red-flow,hacksore/node-red-flow,no
hadialqattan/relies-on,hadialqattan/relies-on,no
hahwul/deadfinder,hahwul/deadfinder,no
harishteens/hacktoberfest-greet,harishteens/hacktoberfest-greet,no
harupy/auto-labeling,harupy/auto-labeling,no
harupy/comment-on-pr,harupy/comment-on-pr,no
hashicorp-terraform,—,no
hasura/comment-progress,hasura/comment-progress,no
hattan/verify-linked-issue-action,hattan/verify-linked-issue-action,no
haya14busa/action-bumpr,haya14busa/action-bumpr,no
haya14busa/action-cond,haya14busa/action-cond,no
hayesgm/seacrest,hayesgm/seacrest,no
hendrikmuhs/ccache-action,hendrikmuhs/ccache-action,no
heowc/action-file.io,heowc/action-file.io,no
heromo/pronto-action,heromo/pronto-action,no
hidakatsuya/action-setup-diff-pdf,hidakatsuya/action-setup-diff-pdf,no
hidakatsuya/setup-diff-pdf,hidakatsuya/setup-diff-pdf,no
highbyte/sonarscan-dotnet,highbyte/sonarscan-dotnet,no
hiwelo/new-dependencies-action,hiwelo/new-dependencies-action,no
hmarr/auto-approve-action,hmarr/auto-approve-action,no
hmarr/debug-action,hmarr/debug-action,no
hocgin/action-edge-addone-upload,hocgin/action-edge-addone-upload,no
hoho4190/issue-pr-labeler,hoho4190/issue-pr-labeler,no
honeybadger-io/github-notify-deploy-action,honeybadger-io/github-notify-deploy-action,no
honeycombio/gha-create-asana-task,honeycombio/gha-create-asana-task,no
hrishikesh-kadam/setup-lcov,hrishikesh-kadam/setup-lcov,no
huggingface/helm-publish-action,huggingface/helm-publish-action,no
hugo19941994/delete-draft-releases,hugo19941994/delete-draft-releases,no
humbletim/install-vulkan-sdk,humbletim/install-vulkan-sdk,no
humbletim/setup-vulkan-sdk,humbletim/setup-vulkan-sdk,no
hustcer/setup-nu,hustcer/setup-nu,no
hyper-tuner/ini-validate-action,hyper-tuner/ini-validate-action,no
i3h/download-release-asset,i3h/download-release-asset,no
iamshankhadeep/setup-ffmpeg,iamshankhadeep/setup-ffmpeg,no
ianwalter/bsl,ianwalter/bsl,no
ianwalter/puppeteer-container,ianwalter/puppeteer-container,no
ibiqlik/action-yamllint,ibiqlik/action-yamllint,no
ibnesayeed/repo-attrs,ibnesayeed/repo-attrs,no
icrawl/action-eslint,icrawl/action-eslint,no
icrawl/action-tsc,icrawl/action-tsc,no
ievangelist/resource-translator,ievangelist/resource-translator,no
igabaydulin/helm-check-action,igabaydulin/helm-check-action,no
igorjs/gh-actions-clean-workflow,igorjs/gh-actions-clean-workflow,no
igsekor/pyspelling-any,igsekor/pyspelling-any,no
ihub-pub/bot,ihub-pub/bot,no
iksaku/openstack-swift-action,iksaku/openstack-swift-action,no
imba-tjd/rebase-upstream-action,imba-tjd/rebase-upstream-action,no
imjasonh/setup-crane,imjasonh/setup-crane,no
imjohnbo/gh-polls-bot-action,imjohnbo/gh-polls-bot-action,no
imjohnbo/issue-bot,imjohnbo/issue-bot,no
inception-health/otel-export-trace-action,inception-health/otel-export-trace-action,no
inception-health/otel-upload-test-artifact-action,inception-health/otel-upload-test-artifact-action,no
indiesdev/curl,indiesdev/curl,no
infraway/tweet-action,infraway/tweet-action,no
install dependencies,—,no
install-dev-system,—,no
intel/cve-bin-tool-action,intel/cve-bin-tool-action,no
invertase/github-action-dart-analyzer,invertase/github-action-dart-analyzer,no
ioggstream/bandit-report-artifacts,ioggstream/bandit-report-artifacts,no
iranzo/gh-pages-jekyll-action,iranzo/gh-pages-jekyll-action,no
iron-ham/swift-format-linter-action,iron-ham/swift-format-linter-action,no
itsdrike/setup-poetry,itsdrike/setup-poetry,no
itsmeow/curseforge-upload,itsmeow/curseforge-upload,no
itsoliverbott/assign-pr-author-as-assignee,itsoliverbott/assign-pr-author-as-assignee,no
itsoliverbott/assign-pr-reviewers,itsoliverbott/assign-pr-reviewers,no
ivanfon/super-labeler-action,ivanfon/super-labeler-action,no
jackenmen/label-doconly-changes,jackenmen/label-doconly-changes,no
jackyef/bundlewatch-gh-action,jackyef/bundlewatch-gh-action,no
jactions/maven-version,jactions/maven-version,no
jakebailey/pyright-action,jakebailey/pyright-action,no
jakejarvis/lighthouse-action,jakejarvis/lighthouse-action,no
jakejarvis/wait-action,jakejarvis/wait-action,no
jamesgeorge007/github-activity-readme,jamesgeorge007/github-activity-readme,no
jamesives/fetch-api-data-action,jamesives/fetch-api-data-action,no
jamessingleton/is-organization-member,jamessingleton/is-organization-member,no
jandelgado/gcov2lcov-action,jandelgado/gcov2lcov-action,no
jannekem/run-python-script-action,jannekem/run-python-script-action,no
jarrodparkes/git-log-action,jarrodparkes/git-log-action,no
jason-dour/action-setup-gomplate,jason-dour/action-setup-gomplate,no
jasonetco/build-and-tag-action,jasonetco/build-and-tag-action,no
jasonetco/create-an-issue,jasonetco/create-an-issue,no
jasonetco/upload-to-release,jasonetco/upload-to-release,no
jbangdev/jbang-action,jbangdev/jbang-action,no
jbergstroem/hadolint-gh-action,jbergstroem/hadolint-gh-action,no
jbutcher5/read-yaml,jbutcher5/read-yaml,no
jef/conventional-commits-pr-action,jef/conventional-commits-pr-action,no
jerome1337/gofmt-action,jerome1337/gofmt-action,no
jerome1337/goimports-action,jerome1337/goimports-action,no
jerome1337/golint-action,jerome1337/golint-action,no
jerryjvl/jekyll-build-action,jerryjvl/jekyll-build-action,no
jessetg/rm,jessetg/rm,no
jetbrains/qodana-action,jetbrains/qodana-action,no
jfrog/frogbot,jfrog/frogbot,no
jfversluis/dotnet-format,jfversluis/dotnet-format,no
jgehrcke/github-repo-stats,jgehrcke/github-repo-stats,no
jidicula/clang-format-action,jidicula/clang-format-action,no
jidicula/go-fuzz-action,jidicula/go-fuzz-action,no
jimver/cuda-toolkit,jimver/cuda-toolkit,no
jipaix/package-json-updated-action,jipaix/package-json-updated-action,no
jiro4989/setup-nim-action,jiro4989/setup-nim-action,no
jj/github-pr-contains-action,jj/github-pr-contains-action,no
joelanford/go-apidiff,joelanford/go-apidiff,no
joelwmale/webhook-action,joelwmale/webhook-action,no
joerdav/run-xc,joerdav/run-xc,no
joffrey-bion/gradle-library-release-action,joffrey-bion/gradle-library-release-action,no
johanvanhelden/gha-clover-test-coverage-check,johanvanhelden/gha-clover-test-coverage-check,no
johelegp/gcc-snapshot,johelegp/gcc-snapshot,no
johnnymorganz/stylua-action,johnnymorganz/stylua-action,no
johnwason/vcpkg-action,johnwason/vcpkg-action,no
jongwooo/gatsby-cache,jongwooo/gatsby-cache,no
josethen/comment-pr,josethen/comment-pr,no
joshuakgoldberg/release-it-action,joshuakgoldberg/release-it-action,no
jossef/action-semantic-release-info,jossef/action-semantic-release-info,no
jozsefsallai/node-package-version,jozsefsallai/node-package-version,no
jpmcb/prow-github-actions,jpmcb/prow-github-actions,no
jroehl/gsheet.action,jroehl/gsheet.action,no
jrylan/github-action-reviews-counter,jrylan/github-action-reviews-counter,no
jtalk/url-health-check-action,jtalk/url-health-check-action,no
jtmullen/submodule-branch-check-action,jtmullen/submodule-branch-check-action,no
julb/action-post-twitter-status,julb/action-post-twitter-status,no
julbme/gh-action-manage-milestone,julbme/gh-action-manage-milestone,no
julbme/gh-action-manage-tag,julbme/gh-action-manage-tag,no
juliangruber/approve-pull-request-action,juliangruber/approve-pull-request-action,no
juliangruber/find-pull-request-action,juliangruber/find-pull-request-action,no
juliangruber/merge-pull-request-action,juliangruber/merge-pull-request-action,no
juliangruber/read-file-action,juliangruber/read-file-action,no
juliangruber/sleep-action,juliangruber/sleep-action,no
julianwachholz/flake8-action,julianwachholz/flake8-action,no
julienkode/team-labeler-action,julienkode/team-labeler-action,no
justalemon/versionpatcher,justalemon/versionpatcher,no
justinbeckwith/linkinator-action,justinbeckwith/linkinator-action,no
justintime50/homebrew-releaser,justintime50/homebrew-releaser,no
juuxel/publish-checkstyle-report,juuxel/publish-checkstyle-report,no
jwgmeligmeyling/checkstyle-github-action,jwgmeligmeyling/checkstyle-github-action,no
jwgmeligmeyling/pmd-github-action,jwgmeligmeyling/pmd-github-action,no
jwgmeligmeyling/spotbugs-github-action,jwgmeligmeyling/spotbugs-github-action,no
k0staa/download-gdrive-file-action,k0staa/download-gdrive-file-action,no
k1low/gostyle-action,k1low/gostyle-action,no
k1low/octocov-action,k1low/octocov-action,no
kalgurn/update-project-item-status,kalgurn/update-project-item-status,no
kameshsampath/antora-site-action,kameshsampath/antora-site-action,no
kamilkisiela/graphql-inspector,kamilkisiela/graphql-inspector,no
kanga333/comment-hider,kanga333/comment-hider,no
kanga333/variable-mapper,kanga333/variable-mapper,no
kas-tle/find-forks-action,kas-tle/find-forks-action,no
katexochen/go-tidy-check,katexochen/go-tidy-check,no
kaven-universe/github-action-current-date-time,kaven-universe/github-action-current-date-time,no
keisukeyamashita/create-comment,keisukeyamashita/create-comment,no
kenchan0130/actions-system-info,kenchan0130/actions-system-info,no
kenji-miyake/setup-git-cliff,kenji-miyake/setup-git-cliff,no
kentaro-m/auto-assign-action,kentaro-m/auto-assign-action,no
kentaro-m/task-completed-checker-action,kentaro-m/task-completed-checker-action,no
khannaabhinav/random-selector-action,khannaabhinav/random-selector-action,no
kiancross/checkstyle-annotations-action,kiancross/checkstyle-annotations-action,no
kibalabs/github-action-create-annotations,kibalabs/github-action-create-annotations,no
kir-antipov/mc-publish,kir-antipov/mc-publish,no
kishikawakatsumi/xcresulttool,kishikawakatsumi/xcresulttool,no
kitabisa/sonarqube-action,kitabisa/sonarqube-action,no
kkak10/pr-number-action,kkak10/pr-number-action,no
klemensas/chrome-extension-upload-action,klemensas/chrome-extension-upload-action,no
kludge-cs/gitcord-release-changelogger,kludge-cs/gitcord-release-changelogger,no
kmulvey/govulncheck-action,kmulvey/govulncheck-action,no
knl/niv-updater-action,knl/niv-updater-action,no
knope-dev/action,knope-dev/action,no
komorebitech/read-files-action,komorebitech/read-files-action,no
konradpabjan/move-labeled-or-milestoned-issue,konradpabjan/move-labeled-or-milestoned-issue,no
koozz/yamllint-action,koozz/yamllint-action,no
korandoru/hawkeye,korandoru/hawkeye,no
korandoru/setup-zig,korandoru/setup-zig,no
korelstar/phplint-problem-matcher,korelstar/phplint-problem-matcher,no
korelstar/xmllint-problem-matcher,korelstar/xmllint-problem-matcher,no
korthout/backport-action,korthout/backport-action,no
krdlab/setup-haxe,krdlab/setup-haxe,no
krizzu/issue-triage-action,krizzu/issue-triage-action,no
kt3k/update-pr-description,kt3k/update-pr-description,no
kubevious/cli,kubevious/cli,no
kuler90/setup-unity,kuler90/setup-unity,no
kyle-verhoog/upstream-issue-notifier,kyle-verhoog/upstream-issue-notifier,no
kylemayes/install-llvm-action,kylemayes/install-llvm-action,no
kyverno/action-install-cli,kyverno/action-install-cli,no
kyze8439690/action-release-releaseapk,kyze8439690/action-release-releaseapk,no
kzrnm/get-net-sdk-project-versions-action,kzrnm/get-net-sdk-project-versions-action,no
label305/autorebase,label305/autorebase,no
ladycailin/azure-table-storage-upload,ladycailin/azure-table-storage-upload,no
laminas/automatic-releases,laminas/automatic-releases,no
lando/transfer-issue-action,lando/transfer-issue-action,no
lannonbr/issue-label-manager-action,lannonbr/issue-label-manager-action,no
lannonbr/repo-permission-check-action,lannonbr/repo-permission-check-action,no
laputansoft/github-tag-action,laputansoft/github-tag-action,no
laser-yi/workflow-status,laser-yi/workflow-status,no
lazy-actions/gitrivy,lazy-actions/gitrivy,no
lee-dohm/close-matching-issues,lee-dohm/close-matching-issues,no
lee-dohm/select-matching-issues,lee-dohm/select-matching-issues,no
legal-and-general/dependabot-batcher,legal-and-general/dependabot-batcher,no
legion2/arduino-builder-action,legion2/arduino-builder-action,no
legion2/swagger-ui-action,legion2/swagger-ui-action,no
legithubdetai/github-to-discord,legithubdetai/github-to-discord,no
legorooj/skip-ci,legorooj/skip-ci,no
leleliu008/github-actions-vagrant,leleliu008/github-actions-vagrant,no
leonsteinhaeuser/project-beta-automations,leonsteinhaeuser/project-beta-automations,no
lesmiscore/musl-cross-compilers,lesmiscore/musl-cross-compilers,no
lhotari/action-upterm,lhotari/action-upterm,no
lhstrh/action-repo-semver,lhstrh/action-repo-semver,no
libsdl-org/setup-sdl,libsdl-org/setup-sdl,no
limitusus/json-syntax-check,limitusus/json-syntax-check,no
linear-b/gitstream-github-action,linear-b/gitstream-github-action,no
linhbn123/rebase-pull-requests,linhbn123/rebase-pull-requests,no
lint-md/github-action,lint-md/github-action,no
linter,—,no
linuxdeepin/action-cppcheck,linuxdeepin/action-cppcheck,no
liskin/gh-problem-matcher-wrap,liskin/gh-problem-matcher-wrap,no
little-core-labs/netrc-creds,little-core-labs/netrc-creds,no
lizheming/github-translate-action,lizheming/github-translate-action,no
logerfo/newline-action,logerfo/newline-action,no
logflare/action,logflare/action,no
loligothick/clippy-check,loligothick/clippy-check,no
loligothick/rustfmt-check,loligothick/rustfmt-check,no
lots0logs/gh-action-get-changed-files,lots0logs/gh-action-get-changed-files,no
louisbrunner/checks-action,louisbrunner/checks-action,no
lovetoknow/slackify-markdown-action,lovetoknow/slackify-markdown-action,no
lowlighter/metrics,lowlighter/metrics,no
lowlighter/metrics/.github/workflows/examples.presets.yml,lowlighter/metrics,no
lowlighter/metrics/.github/workflows/examples.yml,lowlighter/metrics,no
lowlighter/metrics/.github/workflows/test.yml,lowlighter/metrics,no
lsegal/github-release-from-changelog-action,lsegal/github-release-from-changelog-action,no
luanpotter/changes-requested,luanpotter/changes-requested,no
lucacome/docker-image-update-checker,lucacome/docker-image-update-checker,no
lucasbento/auto-close-issues,lucasbento/auto-close-issues,no
lucasnlm/ktlint-action,lucasnlm/ktlint-action,no
luisfontes19/slither-static-analysis-action,luisfontes19/slither-static-analysis-action,no
luizm/action-sh-checker,luizm/action-sh-checker,no
luke142367/docker-lint-action,luke142367/docker-lint-action,no
lukecarr/nightly-check,lukecarr/nightly-check,no
lukka/set-shell-env,lukka/set-shell-env,no
lwhiteley/dependent-jobs-result-check,lwhiteley/dependent-jobs-result-check,no
m19c/action-lerna,m19c/action-lerna,no
m1ner79/github-twittction,m1ner79/github-twittction,no
maaassistantarknights/maa-electronui-builder,maaassistantarknights/maa-electronui-builder,no
maadhattah/combine-dependabot-prs,maadhattah/combine-dependabot-prs,no
madhead/read-java-properties,madhead/read-java-properties,no
madrapps/jacoco-report,madrapps/jacoco-report,no
magnetikonline/action-golang-cache,magnetikonline/action-golang-cache,no
main-quest/actions.clean-permissions,main-quest/actions.clean-permissions,no
majkrzak/create-release,majkrzak/create-release,no
makaroni4/prcop,makaroni4/prcop,no
malachi-constant/jekyll-deploy-action,malachi-constant/jekyll-deploy-action,no
malmstein/github-asana-action,malmstein/github-asana-action,no
mamba-org/setup-micromamba,mamba-org/setup-micromamba,no
managedkaos/print-env,managedkaos/print-env,no
maniaciachao/aur-sync-action,maniaciachao/aur-sync-action,no
manoelcampos/asciidoctor-ghpages-action,manoelcampos/asciidoctor-ghpages-action,no
mansagroup/nrwl-nx-action,mansagroup/nrwl-nx-action,no
maolonglong/actions-starcharts,maolonglong/actions-starcharts,no
marcantondahmen/release-notes-action,marcantondahmen/release-notes-action,no
marcoieni/release-plz-action,marcoieni/release-plz-action,no
marcoroth/dependabot-bump-together-action,marcoroth/dependabot-bump-together-action,no
markgilbert-git/file-changes-action,markgilbert-git/file-changes-action,no
marocchino/tool-versions-action,marocchino/tool-versions-action,no
marocchino/validate-dependabot,marocchino/validate-dependabot,no
martialonline/workflow-status,martialonline/workflow-status,no
martincostello/update-dotnet-sdk,martincostello/update-dotnet-sdk,no
martincostello/update-dotnet-sdk/.github/workflows/update-dotnet-sdk.yml,martincostello/update-dotnet-sdk,no
masci/datadog,masci/datadog,no
mathematic-inc/setup-buf,mathematic-inc/setup-buf,no
mathiasvr/command-output,mathiasvr/command-output,no
mathieu-bour/setup-sentry-cli,mathieu-bour/setup-sentry-cli,no
mathieudutour/github-tag-action,mathieudutour/github-tag-action,no
mathnogueira/user-blocklist,mathnogueira/user-blocklist,no
matoous/golangci-lint-action,matoous/golangci-lint-action,no
matt-ball/newman-action,matt-ball/newman-action,no
mattermost/action-mattermost-notify,mattermost/action-mattermost-notify,no
matticusau/pr-helper,matticusau/pr-helper,no
matticusau/projectcard-autolabel,matticusau/projectcard-autolabel,no
mattpolzin/swift-codecov-action,mattpolzin/swift-codecov-action,no
maturin publish,—,no
mavrosxristoforos/get-xml-info,mavrosxristoforos/get-xml-info,no
maxep/spm-lcov-action,maxep/spm-lcov-action,no
maxibor/conda-package-publish-action,maxibor/conda-package-publish-action,no
maxim-lobanov/setup-cocoapods,maxim-lobanov/setup-cocoapods,no
maxim-lobanov/setup-xamarin,maxim-lobanov/setup-xamarin,no
maxim-lobanov/setup-xcode,maxim-lobanov/setup-xcode,no
maxkomarychev/merge-pal-action,maxkomarychev/merge-pal-action,no
maxkomarychev/oction-create-issue,maxkomarychev/oction-create-issue,no
mbowman100/swagger-validator-action,mbowman100/swagger-validator-action,no
mbrobbel/rustfmt-check,mbrobbel/rustfmt-check,no
mbround18/install-jq,mbround18/install-jq,no
mcjack123/ghaction-generate-release-hashes,mcjack123/ghaction-generate-release-hashes,no
meedamian/sync-readme,meedamian/sync-readme,no
meilcli/carthage-update-check-action,meilcli/carthage-update-check-action,no
meilcli/danger-action,meilcli/danger-action,no
mercymeilya/last-workflow-status,mercymeilya/last-workflow-status,no
meterianhq/meterian-github-action,meterianhq/meterian-github-action,no
mfinelli/setup-imagemagick,mfinelli/setup-imagemagick,no
mfinelli/setup-shfmt,mfinelli/setup-shfmt,no
mheap/automatic-approve-action,mheap/automatic-approve-action,no
mheap/github-action-required-labels,mheap/github-action-required-labels,no
mheap/require-checklist-action,mheap/require-checklist-action,no
mi-kas/kover-report,mi-kas/kover-report,no
micalevisk/last-issue-action,micalevisk/last-issue-action,no
michaeljolley/aggregit,michaeljolley/aggregit,no
michaelsjp/conda-package-publish-action,michaelsjp/conda-package-publish-action,no
micnncim/action-label-syncer,micnncim/action-label-syncer,no
microsoft/devskim-action,microsoft/devskim-action,no
microsoft/inclusivenessanalyzer,microsoft/inclusivenessanalyzer,no
microsoft/infersharpaction,microsoft/infersharpaction,no
microsoft/install-databricks-cli,microsoft/install-databricks-cli,no
microsoft/msvc-code-analysis-action,microsoft/msvc-code-analysis-action,no
microsoft/pr-metrics,microsoft/pr-metrics,no
microsoft/psscriptanalyzer-action,microsoft/psscriptanalyzer-action,no
microsoft/richcodenavindexer,microsoft/richcodenavindexer,no
microsoft/security-devops-action,microsoft/security-devops-action,no
mig4/setup-bats,mig4/setup-bats,no
mikeal/merge-release,mikeal/merge-release,no
mikeal/npx,mikeal/npx,no
mikeal/publish-to-github-action,mikeal/publish-to-github-action,no
mikepenz/action-junit-report,mikepenz/action-junit-report,no
mikepenz/gradle-dependency-submission,mikepenz/gradle-dependency-submission,no
mikepenz/release-changelog-builder-action,mikepenz/release-changelog-builder-action,no
mindgamesnl/openaudio-maven-discord-integration,mindgamesnl/openaudio-maven-discord-integration,no
mindsers/changelog-reader-action,mindsers/changelog-reader-action,no
mingjun97/file-regex-replace,mingjun97/file-regex-replace,no
miniscruff/changie-action,miniscruff/changie-action,no
miragenet/nunit-reporter,miragenet/nunit-reporter,no
mishakav/jest-coverage-comment,mishakav/jest-coverage-comment,no
mishakav/pytest-coverage-comment,mishakav/pytest-coverage-comment,no
mislav/bump-homebrew-formula-action,mislav/bump-homebrew-formula-action,no
mkroening/rust-toolchain-toml,mkroening/rust-toolchain-toml,no
mobsf/mobsfscan,mobsf/mobsfscan,no
model-checking/kani-github-action,model-checking/kani-github-action,no
mondeja/pr-linked-issues-action,mondeja/pr-linked-issues-action,no
mondeja/remove-labels-gh-action,mondeja/remove-labels-gh-action,no
mondoohq/actions,mondoohq/actions,no
mondoohq/actions/docker-image,mondoohq/actions,no
mondoohq/actions/k8s-manifest,mondoohq/actions,no
monkeywie/get-latest-release,monkeywie/get-latest-release,no
montyd/package-json-updated-action,montyd/package-json-updated-action,no
morphy2k/revive-action,morphy2k/revive-action,no
morrisoncole/pr-lint-action,morrisoncole/pr-lint-action,no
moustacheful/github-api-exec-action,moustacheful/github-api-exec-action,no
mristin/opinionated-commit-message,mristin/opinionated-commit-message,no
mrousavy/action-ktlint,mrousavy/action-ktlint,no
mschilde/auto-label-merge-conflicts,mschilde/auto-label-merge-conflicts,no
mskelton/changelog-reminder-action,mskelton/changelog-reminder-action,no
mskri/check-uncommitted-changes-action,mskri/check-uncommitted-changes-action,no
msnyder-msft/i18n-auto-translation-action,msnyder-msft/i18n-auto-translation-action,no
mstimberg/github-calc-nep29,mstimberg/github-calc-nep29,no
mszostok/codeowners-validator,mszostok/codeowners-validator,no
mtardy/setup-bpftool,mtardy/setup-bpftool,no
mtfoley/pr-compliance-action,mtfoley/pr-compliance-action,no
mtkennerly/dunamai-action,mtkennerly/dunamai-action,no
mugi111/tweet-trigger-release,mugi111/tweet-trigger-release,no
mujo-code/puppeteer-headful,mujo-code/puppeteer-headful,no
muno92/resharper_inspectcode,muno92/resharper_inspectcode,no
musichin/ktlint-check,musichin/ktlint-check,no
mwilliamson/setup-wasmtime-action,mwilliamson/setup-wasmtime-action,no
mxie/pagerduty-oncall-action,mxie/pagerduty-oncall-action,no
my-mc/check-sync-volta-and-node-version,my-mc/check-sync-volta-and-node-version,no
myconsciousness/bluesky-post,myconsciousness/bluesky-post,no
myrotvorets/info-from-package-json-action,myrotvorets/info-from-package-json-action,no
nadock/verified_commits_check,nadock/verified_commits_check,no
nambers/replacestringinfile,nambers/replacestringinfile,no
namchee/conventional-pr,namchee/conventional-pr,no
namoscato/action-tinify,namoscato/action-tinify,no
nanoframework/nanodu,nanoframework/nanodu,no
nanoufo/action-upload-artifacts-and-release-assets,nanoufo/action-upload-artifacts-and-release-assets,no
nanzm/get-time-action,nanzm/get-time-action,no
naomi-lgbt/dependency-pin-check,naomi-lgbt/dependency-pin-check,no
naomi-lgbt/eslint-disable-action,naomi-lgbt/eslint-disable-action,no
nashmaniac/create-issue-action,nashmaniac/create-issue-action,no
natanlao/perl-critic-action,natanlao/perl-critic-action,no
nathanielhill/check-pr-label-action,nathanielhill/check-pr-label-action,no
natiginfo/action-detekt-all,natiginfo/action-detekt-all,no
naturalclar/issue-action,naturalclar/issue-action,no
naveenk1223/action-pr-title,naveenk1223/action-pr-title,no
navikt/github-app-token-generator,navikt/github-app-token-generator,no
nbprojekt/gource-action,nbprojekt/gource-action,no
ncruces/go-coverage-report,ncruces/go-coverage-report,no
necojackarc/auto-request-review,necojackarc/auto-request-review,no
nejczdovc/bundle-size-diff,nejczdovc/bundle-size-diff,no
nekmo/pip-rating,nekmo/pip-rating,no
neofinancial/ticket-check-action,neofinancial/ticket-check-action,no
nev7n/wait_for_response,nev7n/wait_for_response,no
nexus-actions/create-nexus-staging-repo,nexus-actions/create-nexus-staging-repo,no
nflaig/release-comment-on-pr,nflaig/release-comment-on-pr,no
ngs/go-release.action,ngs/go-release.action,no
nhn/toast-ui.detect-runtime-error-actions,nhn/toast-ui.detect-runtime-error-actions,no
niccomlt/setup-antlr4,niccomlt/setup-antlr4,no
nicholasboll/action-forward-merge-pr,nicholasboll/action-forward-merge-pr,no
nick-fields/assert-action,nick-fields/assert-action,no
nickhstr/action-setup-golangci-lint,nickhstr/action-setup-golangci-lint,no
nikhilbadyal/ghaction-rm-releases,nikhilbadyal/ghaction-rm-releases,no
nikitasavinov/checkstyle-action,nikitasavinov/checkstyle-action,no
nirinchev/verify-todo,nirinchev/verify-todo,no
nix develop -c bash -xe {0},—,no
nnichols/maven-version-bump-action,nnichols/maven-version-bump-action,no
nobrayner/discord-webhook,nobrayner/discord-webhook,no
node index.js,—,no
nodenv/actions-node-version,nodenv/actions-node-version,no
noriban/sign-android-release,noriban/sign-android-release,no
norio-nomura/action-swiftlint,norio-nomura/action-swiftlint,no
nosborn/github-action-markdown-cli,nosborn/github-action-markdown-cli,no
nosborn/github-action-whitespace-linter,nosborn/github-action-whitespace-linter,no
nosborn/github-action-yamllint,nosborn/github-action-yamllint,no
nox,—,no
npm run build,—,no
npm run test,—,no
nschloe/action-cached-lfs-checkout,nschloe/action-cached-lfs-checkout,no
nttld/setup-ndk,nttld/setup-ndk,no
nuget/setup-nuget,nuget/setup-nuget,no
numtide/clean-git-action,numtide/clean-git-action,no
nwestfall/openapi-action,nwestfall/openapi-action,no
nxtlvlsoftware/git-subtree-action,nxtlvlsoftware/git-subtree-action,no
nyaa8/package-version,nyaa8/package-version,no
o1-labs/wait-for-mina-network-action,o1-labs/wait-for-mina-network-action,no
obfusk/gradle-update-action,obfusk/gradle-update-action,no
obi1kenobi/cargo-semver-checks-action,obi1kenobi/cargo-semver-checks-action,no
ochanje210/simple-s3-upload-action,ochanje210/simple-s3-upload-action,no
octodemo/pr-gatekeeper,octodemo/pr-gatekeeper,no
octokit/graphql-action,octokit/graphql-action,no
octokit/request-action,octokit/request-action,no
octomind-dev/automagically-action-execute,octomind-dev/automagically-action-execute,no
ocular-d/trailing-spaces,ocular-d/trailing-spaces,no
oilbeater/smart-review,oilbeater/smart-review,no
oke-py/npm-audit-action,oke-py/npm-audit-action,no
olabiniv2/repo-notifications-action,olabiniv2/repo-notifications-action,no
olegtarasov/get-tag,olegtarasov/get-tag,no
olivernybroe/action-conflict-finder,olivernybroe/action-conflict-finder,no
olix0r/cargo-action-fmt,olix0r/cargo-action-fmt,no
olix0r/cargo-action-fmt/setup,olix0r/cargo-action-fmt,no
open-sauced/release,open-sauced/release,no
openjournals/openjournals-draft-action,openjournals/openjournals-draft-action,no
ophub/amlogic-s9xxx-armbian,ophub/amlogic-s9xxx-armbian,no
ophub/amlogic-s9xxx-openwrt,ophub/amlogic-s9xxx-openwrt,no
ophub/delete-releases-workflows,ophub/delete-releases-workflows,no
ophub/flippy-openwrt-actions,ophub/flippy-openwrt-actions,no
orbitalowen/desktop-screenshot-action,orbitalowen/desktop-screenshot-action,no
orgoro/coverage,orgoro/coverage,no
orhun/git-cliff-action,orhun/git-cliff-action,no
ory/closed-reference-notifier,ory/closed-reference-notifier,no
ory/label-sync-action,ory/label-sync-action,no
osdkdev/lock-issues,osdkdev/lock-issues,no
osdkdev/unlock-issues,osdkdev/unlock-issues,no
ossf/scorecard-action,ossf/scorecard-action,no
ossillate-inc/packj-github-action,ossillate-inc/packj-github-action,no
oven-sh/setup-bun,oven-sh/setup-bun,no
overtrue/phplint,overtrue/phplint,no
oxsecurity/megalinter,oxsecurity/megalinter,no
oxsecurity/megalinter/flavors/documentation,oxsecurity/megalinter,no
oxsecurity/megalinter/flavors/dotnet,oxsecurity/megalinter,no
oxsecurity/megalinter/flavors/javascript,oxsecurity/megalinter,no
oxsecurity/megalinter/flavors/python,oxsecurity/megalinter,no
paambaati/codeclimate-action,paambaati/codeclimate-action,no
palewire/install-python-pipenv-pipfile,palewire/install-python-pipenv-pipfile,no
pantheon-systems/action-wporg-validator,pantheon-systems/action-wporg-validator,no
parasoft/run-cpptest-action,parasoft/run-cpptest-action,no
pascalgn/size-label-action,pascalgn/size-label-action,no
patch-technology/action-haml-lint,patch-technology/action-haml-lint,no
patrick-kidger/action_update_python_project,patrick-kidger/action_update_python_project,no
patrickjahns/version-drafter-action,patrickjahns/version-drafter-action,no
paulfantom/periodic-labeler,paulfantom/periodic-labeler,no
pavelzw/manim_community_renderer,pavelzw/manim_community_renderer,no
pavpanchekha/setup-z3,pavpanchekha/setup-z3,no
pcgeek86/publish-powershell-module-action,pcgeek86/publish-powershell-module-action,no
pcolby/post-to-slack,pcolby/post-to-slack,no
pcysl5edgo/cat,pcysl5edgo/cat,no
pdamianik/release-tag-to-upload-url-action,pdamianik/release-tag-to-upload-url-action,no
pdm-project/setup-pdm,pdm-project/setup-pdm,no
pdm-project/update-deps-action,pdm-project/update-deps-action,no
peaceiris/actions-github-app-token,peaceiris/actions-github-app-token,no
peaceiris/actions-label-commenter,peaceiris/actions-label-commenter,no
petarpetrovt/setup-sde,petarpetrovt/setup-sde,no
petems/csv-to-md-table-action,petems/csv-to-md-table-action,no
peter-evans/autopep8,peter-evans/autopep8,no
peter-evans/close-issue,peter-evans/close-issue,no
peter-evans/close-pull,peter-evans/close-pull,no
peter-evans/commit-comment,peter-evans/commit-comment,no
peter-evans/create-issue-from-file,peter-evans/create-issue-from-file,no
peter-evans/create-or-update-comment,peter-evans/create-or-update-comment,no
peter-evans/create-or-update-project-card,peter-evans/create-or-update-project-card,no
peter-evans/create-pull-request,peter-evans/create-pull-request,no
peter-evans/find-comment,peter-evans/find-comment,no
peter-evans/rebase,peter-evans/rebase,no
peter-evans/slash-command-dispatch,peter-evans/slash-command-dispatch,no
peter-murray/issue-forms-body-parser,peter-murray/issue-forms-body-parser,no
peter-murray/setup-detekt,peter-murray/setup-detekt,no
peter-murray/workflow-application-token-action,peter-murray/workflow-application-token-action,no
peterjgrainger/action-changelog-reminder,peterjgrainger/action-changelog-reminder,no
peterjgrainger/action-create-branch,peterjgrainger/action-create-branch,no
peterus/platformio_dependabot,peterus/platformio_dependabot,no
peterzepf/action-electron-builder,peterzepf/action-electron-builder,no
philips-labs/tern-action,philips-labs/tern-action,no
philips-software/sonar-scanner-action,philips-software/sonar-scanner-action,no
phoenix-actions/test-reporting,phoenix-actions/test-reporting,no
php-actions/composer,php-actions/composer,no
pierotofy/set-swap-space,pierotofy/set-swap-space,no
pierreprinetti/backport,pierreprinetti/backport,no
pipeline-components/php-codesniffer,pipeline-components/php-codesniffer,no
pipeline-components/remark-lint,pipeline-components/remark-lint,no
pipeline-components/yamllint,pipeline-components/yamllint,no
pipx install poetry,—,no
pjoc-team/swagger-ui-action,pjoc-team/swagger-ui-action,no
pkg-size/action,pkg-size/action,no
pkg-src/github-action-git-bash,pkg-src/github-action-git-bash,no
plasmohq/download-release-asset,plasmohq/download-release-asset,no
platisd/clang-tidy-pr-comments,platisd/clang-tidy-pr-comments,no
plettich/action-codespell,plettich/action-codespell,no
plexsystems/container-structure-test-action,plexsystems/container-structure-test-action,no
plexsystems/protolint-action,plexsystems/protolint-action,no
plm9606/automerge_actions,plm9606/automerge_actions,no
pmd/pmd-github-action,pmd/pmd-github-action,no
pmeier/pytest-results-action,pmeier/pytest-results-action,no
potatoqualitee/azuright,potatoqualitee/azuright,no
potatoqualitee/mssqlsuite,potatoqualitee/mssqlsuite,no
potatoqualitee/psmodulecache,potatoqualitee/psmodulecache,no
pozil/auto-assign-issue,pozil/auto-assign-issue,no
pozil/codetour-watch,pozil/codetour-watch,no
pplanel/hash-calculator-action,pplanel/hash-calculator-action,no
prabhakarareddygaddam-mcd/replace-action,prabhakarareddygaddam-mcd/replace-action,no
pre-commit/action,pre-commit/action,no
preactjs/compressed-size-action,preactjs/compressed-size-action,no
prefix-dev/setup-pixi,prefix-dev/setup-pixi,no
prewk/s3-cp-action,prewk/s3-cp-action,no
primer/figma-action,primer/figma-action,no
prometheus/promci,prometheus/promci,no
proudust/gh-describe,proudust/gh-describe,no
prymitive/depcheck-action,prymitive/depcheck-action,no
psalm/psalm-github-actions,psalm/psalm-github-actions,no
puneetmatharu/cmake-format-lint-action,puneetmatharu/cmake-format-lint-action,no
pxyup/protoc-actions,pxyup/protoc-actions,no
py-cov-action/python-coverage-comment-action,py-cov-action/python-coverage-comment-action,no
pypa/gh-action-pip-audit,pypa/gh-action-pip-audit,no
pyupio/safety,pyupio/safety,no
qard/heaviest-objects-in-the-universe,qard/heaviest-objects-in-the-universe,no
qmonnet/git-archive-all-action,qmonnet/git-archive-all-action,no
qqxiaoming/create-dmg-action,qqxiaoming/create-dmg-action,no
queallytech/read-apk-info-action,queallytech/read-apk-info-action,no
quentinguidee/pep8-action,quentinguidee/pep8-action,no
qwermike/xpath-action,qwermike/xpath-action,no
qxip/please-star-light,qxip/please-star-light,no
radcortez/project-metadata-action,radcortez/project-metadata-action,no
rafikfarhad/clang-format-github-action,rafikfarhad/clang-format-github-action,no
randomairborne/r2-release,randomairborne/r2-release,no
rasmus-saks/release-a-changelog-action,rasmus-saks/release-a-changelog-action,no
raven-actions/actionlint,raven-actions/actionlint,no
raviqqe/markdown-link-check,raviqqe/markdown-link-check,no
rbialon/flake8-annotations,rbialon/flake8-annotations,no
rdp-studio/ssh2actions,rdp-studio/ssh2actions,no
readme-workflows/readme-replacer,readme-workflows/readme-replacer,no
readme-workflows/recent-activity,readme-workflows/recent-activity,no
rebeccastevens/issue-closed-labeler-action,rebeccastevens/issue-closed-labeler-action,no
redhat-actions/try-in-web-ide,redhat-actions/try-in-web-ide,no
redhat-plumbers-in-action/advanced-issue-labeler,redhat-plumbers-in-action/advanced-issue-labeler,no
redhat-plumbers-in-action/devel-freezer,redhat-plumbers-in-action/devel-freezer,no
redhat-plumbers-in-action/differential-shellcheck,redhat-plumbers-in-action/differential-shellcheck,no
reitermarkus/automerge,reitermarkus/automerge,no
relative-ci/agent-action,relative-ci/agent-action,no
relative-ci/agent-upload-artifact-action,relative-ci/agent-upload-artifact-action,no
release-kit/semver,release-kit/semver,no
remix-run/release-comment-action,remix-run/release-comment-action,no
remorses/bump-version,remorses/bump-version,no
renato66/auto-label,renato66/auto-label,no
renovatebot/github-action,renovatebot/github-action,no
repo-sync/pull-request,repo-sync/pull-request,no
retorquere/label-gun,retorquere/label-gun,no
reviewdog/action-actionlint,reviewdog/action-actionlint,no
reviewdog/action-alex,reviewdog/action-alex,no
reviewdog/action-detect-secrets,reviewdog/action-detect-secrets,no
reviewdog/action-eslint,reviewdog/action-eslint,no
reviewdog/action-flake8,reviewdog/action-flake8,no
reviewdog/action-golangci-lint,reviewdog/action-golangci-lint,no
reviewdog/action-hadolint,reviewdog/action-hadolint,no
reviewdog/action-languagetool,reviewdog/action-languagetool,no
reviewdog/action-markdownlint,reviewdog/action-markdownlint,no
reviewdog/action-misspell,reviewdog/action-misspell,no
reviewdog/action-pyflakes,reviewdog/action-pyflakes,no
reviewdog/action-reek,reviewdog/action-reek,no
reviewdog/action-remark-lint,reviewdog/action-remark-lint,no
reviewdog/action-rubocop,reviewdog/action-rubocop,no
reviewdog/action-setup,reviewdog/action-setup,no
reviewdog/action-shellcheck,reviewdog/action-shellcheck,no
reviewdog/action-shfmt,reviewdog/action-shfmt,no
reviewdog/action-staticcheck,reviewdog/action-staticcheck,no
reviewdog/action-stylelint,reviewdog/action-stylelint,no
reviewdog/action-suggester,reviewdog/action-suggester,no
reviewdog/action-vint,reviewdog/action-vint,no
reviewdog/action-yamllint,reviewdog/action-yamllint,no
rez0n/actions-coudflare-dns,rez0n/actions-coudflare-dns,no
rhysd/action-setup-vim,rhysd/action-setup-vim,no
ribtoks/tdg-github-action,ribtoks/tdg-github-action,no
richardsimko/update-tag,richardsimko/update-tag,no
rickstaa/top-issues-action,rickstaa/top-issues-action,no
ridedott/merge-me-action,ridedott/merge-me-action,no
ridedott/release-me-action,ridedott/release-me-action,no
rigs-it/xanitizer-action,rigs-it/xanitizer-action,no
rikhuijzer/cache-install,rikhuijzer/cache-install,no
rinchsan/renovate-config-validator,rinchsan/renovate-config-validator,no
rinx/setup-graalvm-ce,rinx/setup-graalvm-ce,no
rishabh510/path-lister-action,rishabh510/path-lister-action,no
rishabhgupta/split-by,rishabhgupta/split-by,no
rjstone/discord-webhook-notify,rjstone/discord-webhook-notify,no
rlespinasse/git-commit-data-action,rlespinasse/git-commit-data-action,no
robertfischer/detect-secrets-action,robertfischer/detect-secrets-action,no
robherley/go-test-action,robherley/go-test-action,no
robvanderleek/create-issue-branch,robvanderleek/create-issue-branch,no
rolfbjarne/autoformat,rolfbjarne/autoformat,no
roryq/checkmate,roryq/checkmate,no
rowi1de/auto-assign-review-teams,rowi1de/auto-assign-review-teams,no
rrbutani/use-nix-shell-action,rrbutani/use-nix-shell-action,no
rtcamp/action-phpcs-code-review,rtcamp/action-phpcs-code-review,no
ruairidhwm/action-cats,ruairidhwm/action-cats,no
rubbaboy/byob,rubbaboy/byob,no
rubixdev/modrinth-upload,rubixdev/modrinth-upload,no
ruby/setup-ruby-pkgs,ruby/setup-ruby-pkgs,no
ructions/toolchain,ructions/toolchain,no
rulesets/rulesets,rulesets/rulesets,no
ruzickap/action-my-markdown-link-checker,ruzickap/action-my-markdown-link-checker,no
ruzickap/action-my-markdown-linter,ruzickap/action-my-markdown-linter,no
ryankurte/action-apt,ryankurte/action-apt,no
rytswd/respost,rytswd/respost,no
s-weigand/setup-conda,s-weigand/setup-conda,no
saadmk11/github-actions-version-updater,saadmk11/github-actions-version-updater,no
sakebook/actions-flutter-pub-publisher,sakebook/actions-flutter-pub-publisher,no
sakhnovict/add-reviewers-action,sakhnovict/add-reviewers-action,no
samuelcolvin/check-python-version,samuelcolvin/check-python-version,no
samuelmeuli/action-snapcraft,samuelmeuli/action-snapcraft,no
sap/fosstars-rating-core-action,sap/fosstars-rating-core-action,no
sarnold/cccc-action,sarnold/cccc-action,no
satackey/action-js-inline,satackey/action-js-inline,no
satak/webrequest-action,satak/webrequest-action,no
saucelabs/saucectl-run-action,saucelabs/saucectl-run-action,no
scacap/action-ktlint,scacap/action-ktlint,no
scacap/action-surefire-report,scacap/action-surefire-report,no
schdck/create-env-json,schdck/create-env-json,no
schemathesis/action,schemathesis/action,no
scherermichael-oss/action-has-permission,scherermichael-oss/action-has-permission,no
scholliyt/broken-links-crawler-action,scholliyt/broken-links-crawler-action,no
scottbrenner/generate-changelog-action,scottbrenner/generate-changelog-action,no
seanzhengw/sphinx-pages,seanzhengw/sphinx-pages,no
sebastianpopp/discord-action,sebastianpopp/discord-action,no
sebastiengllmt/chrome-addon,sebastiengllmt/chrome-addon,no
sebrollen/toml-action,sebrollen/toml-action,no
seeebiii/redoc-cli-github-action,seeebiii/redoc-cli-github-action,no
seisvelas/comment-email-address-alerts,seisvelas/comment-email-address-alerts,no
sekwah41/upload-release-assets,sekwah41/upload-release-assets,no
semoal/action-netlify-deploy,semoal/action-netlify-deploy,no
sergeysova/gist-read-action,sergeysova/gist-read-action,no
seripap/gh-linear-action,seripap/gh-linear-action,no
sersoft-gmbh/setup-gh-cli-action,sersoft-gmbh/setup-gh-cli-action,no
sersoft-gmbh/swift-coverage-action,sersoft-gmbh/swift-coverage-action,no
setup kind,—,no
setup mambaforge python 3.7,—,no
setup-go,—,no
shadowmoose/gha-loc-badge,shadowmoose/gha-loc-badge,no
shaman123/lcov-reporter-action,shaman123/lcov-reporter-action,no
shanemcd/simple-changelog-generator,shanemcd/simple-changelog-generator,no
shaowenchen/debugger-action,shaowenchen/debugger-action,no
shiftleftsecurity/scan-action,shiftleftsecurity/scan-action,no
shinhwagk/remote-bash,shinhwagk/remote-bash,no
shogo82148/actions-create-release,shogo82148/actions-create-release,no
shogo82148/actions-go-fuzz/list,shogo82148/actions-go-fuzz,no
shogo82148/actions-go-fuzz/run,shogo82148/actions-go-fuzz,no
shogo82148/actions-goveralls,shogo82148/actions-goveralls,no
shogo82148/actions-setup-mysql,shogo82148/actions-setup-mysql,no
shogo82148/actions-setup-redis,shogo82148/actions-setup-redis,no
shogo82148/actions-upload-release-asset,shogo82148/actions-upload-release-asset,no
shundor/python-bandit-scan,shundor/python-bandit-scan,no
shyim/junit-report-annotations-action,shyim/junit-report-annotations-action,no
siddharth2016/quote-readme,siddharth2016/quote-readme,no
sidx1024/report-nyc-coverage-github-action,sidx1024/report-nyc-coverage-github-action,no
siegerts/pending-author-response,siegerts/pending-author-response,no
siegerts/pending-response,siegerts/pending-response,no
sierrasoftworks/setup-grcov,sierrasoftworks/setup-grcov,no
sigma/vsce-publish-action,sigma/vsce-publish-action,no
sigstore/gh-action-sigstore-python,sigstore/gh-action-sigstore-python,no
sigstore/sigstore-conformance,sigstore/sigstore-conformance,no
simek/yarn-lock-changes,simek/yarn-lock-changes,no
simon-k/dotnet-code-coverage-badge,simon-k/dotnet-code-coverage-badge,no
simple-elf/allure-report-action,simple-elf/allure-report-action,no
simplyqio/publish-rubygems-action,simplyqio/publish-rubygems-action,no
sinshutu/upload-to-discord,sinshutu/upload-to-discord,no
sitezen/pr-comment-checker,sitezen/pr-comment-checker,no
sjinks/setup-wordpress-test-library,sjinks/setup-wordpress-test-library,no
skaut/wordpress-version-checker,skaut/wordpress-version-checker,no
skjnldsv/check-actor-permission,skjnldsv/check-actor-permission,no
skymatic/code-sign-action,skymatic/code-sign-action,no
slavcodev/coverage-monitor-action,slavcodev/coverage-monitor-action,no
sliteteam/github-action-git-crypt-unlock,sliteteam/github-action-git-crypt-unlock,no
slsa-framework/github-actions-demo,slsa-framework/github-actions-demo,no
smorks/keepass-download-action,smorks/keepass-download-action,no
snickerbockers/submodules-init,snickerbockers/submodules-init,no
sniddl/discord-commits,sniddl/discord-commits,no
snok/install-poetry,snok/install-poetry,no
snyk/actions/docker,snyk/actions,no
snyk/actions/golang,snyk/actions,no
snyk/actions/gradle,snyk/actions,no
snyk/actions/gradle-jdk11,snyk/actions,no
snyk/actions/iac,snyk/actions,no
snyk/actions/node,snyk/actions,no
snyk/actions/php,snyk/actions,no
snyk/actions/python,snyk/actions,no
snyk/actions/python-3.10,snyk/actions,no
snyk/actions/python-3.7,snyk/actions,no
snyk/actions/python-3.8,snyk/actions,no
snyk/actions/ruby,snyk/actions,no
snyk/actions/setup,snyk/actions,no
snyk/release-notes-preview,snyk/release-notes-preview,no
sobolevn/misspell-fixer-action,sobolevn/misspell-fixer-action,no
softcreatr/validate-yaml-schema,softcreatr/validate-yaml-schema,no
software-mansion/setup-scarb,software-mansion/setup-scarb,no
someimportantcompany/github-actions-slack-message,someimportantcompany/github-actions-slack-message,no
sonarsource/sonarcloud-github-action,sonarsource/sonarcloud-github-action,no
sonarsource/sonarcloud-github-c-cpp,sonarsource/sonarcloud-github-c-cpp,no
sonarsource/sonarqube-quality-gate-action,sonarsource/sonarqube-quality-gate-action,no
sonarsource/sonarqube-scan-action,sonarsource/sonarqube-scan-action,no
sonatype-nexus-community/nancy-github-action,sonatype-nexus-community/nancy-github-action,no
sonicgarden/rspec-report-action,sonicgarden/rspec-report-action,no
sorosliu1029/follower-change,sorosliu1029/follower-change,no
sourcegraph/codenotify,sourcegraph/codenotify,no
southpolesteve/cosmos-emulator-github-action,southpolesteve/cosmos-emulator-github-action,no
spenserblack/actions-set-output,spenserblack/actions-set-output,no
spinyowl/publish-artifact-to-git,spinyowl/publish-artifact-to-git,no
squalrus/merge-bot,squalrus/merge-bot,no
srebhan/label-milestone-action,srebhan/label-milestone-action,no
sreimers/pr-dependency-action,sreimers/pr-dependency-action,no
srfrnk/current-time,srfrnk/current-time,no
srggrs/assign-one-project-github-action,srggrs/assign-one-project-github-action,no
srikanthccv/verify-linked-issue-action,srikanthccv/verify-linked-issue-action,no
srt32/revert,srt32/revert,no
srvaroa/labeler,srvaroa/labeler,no
ssciwr/doxygen-install,ssciwr/doxygen-install,no
stackrox/kube-linter-action,stackrox/kube-linter-action,no
standardnotes/brakeman-action,standardnotes/brakeman-action,no
start hardhat node,—,no
stefanbuck/github-issue-parser,stefanbuck/github-issue-parser,no
stefanzweifel/git-auto-commit-action,stefanzweifel/git-auto-commit-action,no
stelligent/cfn_nag,stelligent/cfn_nag,no
step-security/harden-runner,step-security/harden-runner,no
step-security/wait-for-secrets,step-security/wait-for-secrets,no
stephanebour/actions-php-cs-fixer,stephanebour/actions-php-cs-fixer,no
stephanebour/actions-php-security-checker,stephanebour/actions-php-security-checker,no
stockopedia/action-get-changed-files,stockopedia/action-get-changed-files,no
stoplightio/spectral-action,stoplightio/spectral-action,no
streetsidesoftware/cspell-action,streetsidesoftware/cspell-action,no
stripethree/gpr-janitor,stripethree/gpr-janitor,no
sturdy-dev/codeball-action,sturdy-dev/codeball-action,no
stuyarrow/publish-release,stuyarrow/publish-release,no
styleshit/action-whitelist-users,styleshit/action-whitelist-users,no
sudo apt-get install nasm xorg-dev libxcb-shape0-dev libxcb-render0-dev libxcb-xfixes0-dev,—,no
sudo-bot/action-doctum,sudo-bot/action-doctum,no
sudo-bot/action-scrutinizer,sudo-bot/action-scrutinizer,no
sudo-bot/action-shellcheck,sudo-bot/action-shellcheck,no
sudo-bot/action-shunit2,sudo-bot/action-shunit2,no
sukki37/first-contribution-check-action,sukki37/first-contribution-check-action,no
sumally/github-check-tasklist-action,sumally/github-check-tasklist-action,no
super-linter/super-linter,super-linter/super-linter,no
super-linter/super-linter/slim,super-linter/super-linter,no
superbrothers/close-pull-request,superbrothers/close-pull-request,no
supplypike/setup-bin,supplypike/setup-bin,no
surgo/docker-smart-tag-action,surgo/docker-smart-tag-action,no
sushichop/action-repository-permission,sushichop/action-repository-permission,no
suzuki-shunsuke/watch-star-action,suzuki-shunsuke/watch-star-action,no
svanboxel/codeowners-action,svanboxel/codeowners-action,no
svanboxel/delete-merged-branch,svanboxel/delete-merged-branch,no
swatinem/rust-cache,swatinem/rust-cache,no
swift-actions/setup-swift,swift-actions/setup-swift,no
swiftdocorg/swift-doc,swiftdocorg/swift-doc,no
symfonycorp/security-checker-action,symfonycorp/security-checker-action,no
tachiyomiorg/issue-moderator-action,tachiyomiorg/issue-moderator-action,no
taiki-e/create-gh-release-action,taiki-e/create-gh-release-action,no
taiki-e/upload-rust-binary-action,taiki-e/upload-rust-binary-action,no
tailaiw/mind-your-language-action,tailaiw/mind-your-language-action,no
takanabe/github-actions-automate-projects,takanabe/github-actions-automate-projects,no
talentia-software-oss/check-pr-comments-action,talentia-software-oss/check-pr-comments-action,no
tarides/changelog-check-action,tarides/changelog-check-action,no
taskmedia/action-conventional-commits,taskmedia/action-conventional-commits,no
tayfun/flake8-your-pr,tayfun/flake8-your-pr,no
tbroadley/spellchecker-cli-action,tbroadley/spellchecker-cli-action,no
teatimeguest/setup-texlive-action,teatimeguest/setup-texlive-action,no
technote-space/assign-author,technote-space/assign-author,no
technote-space/auto-cancel-redundant-workflow,technote-space/auto-cancel-redundant-workflow,no
technote-space/broken-link-checker-action,technote-space/broken-link-checker-action,no
technote-space/create-pr-action,technote-space/create-pr-action,no
technote-space/create-project-card-action,technote-space/create-project-card-action,no
technote-space/get-diff-action,technote-space/get-diff-action,no
technote-space/package-version-check-action,technote-space/package-version-check-action,no
technote-space/pr-commit-body-action,technote-space/pr-commit-body-action,no
technote-space/release-github-actions,technote-space/release-github-actions,no
technote-space/toc-generator,technote-space/toc-generator,no
technote-space/workflow-conclusion-action,technote-space/workflow-conclusion-action,no
teddyking/dependency-action,teddyking/dependency-action,no
templum/govulncheck-action,templum/govulncheck-action,no
tenhaus/get-release-or-tag,tenhaus/get-release-or-tag,no
termux/upload-release-action,termux/upload-release-action,no
terraform-linters/setup-tflint,terraform-linters/setup-tflint,no
test-room-7/action-update-file,test-room-7/action-update-file,no
test-summary/action,test-summary/action,no
testomatio/check-tests,testomatio/check-tests,no
testspace-com/setup-testspace,testspace-com/setup-testspace,no
tgymnich/fork-sync,tgymnich/fork-sync,no
the-coding-turtle/ga-yaml-parser,the-coding-turtle/ga-yaml-parser,no
theahura/pytype-action,theahura/pytype-action,no
thebinaryfelix/check-file-existence-action,thebinaryfelix/check-file-existence-action,no
theburchlog/body-env-tag-action,theburchlog/body-env-tag-action,no
thebusybiscuit/recently-closed-issues,thebusybiscuit/recently-closed-issues,no
thedragoncode/codestyler,thedragoncode/codestyler,no
thehanimo/pr-title-checker,thehanimo/pr-title-checker,no
thelastproject/contributors-to-file-action,thelastproject/contributors-to-file-action,no
thelastproject/keep-remote-file-locally-up-to-date-action,thelastproject/keep-remote-file-locally-up-to-date-action,no
themoddinginquisition/actions-team-membership,themoddinginquisition/actions-team-membership,no
thenabeel/action-phpcs,thenabeel/action-phpcs,no
thepbone/xamltranslationvalidator,thepbone/xamltranslationvalidator,no
thepieterdc/intellij-plugin-verifier-action,thepieterdc/intellij-plugin-verifier-action,no
thiagodnf/yaml-schema-checker,thiagodnf/yaml-schema-checker,no
thomaseizinger/assign-pr-creator-action,thomaseizinger/assign-pr-creator-action,no
thomaseizinger/create-pull-request,thomaseizinger/create-pull-request,no
thomaseizinger/create-release,thomaseizinger/create-release,no
thomaseizinger/set-crate-version,thomaseizinger/set-crate-version,no
threeal/cmake-action,threeal/cmake-action,no
tianhaoz95/mirror-action,tianhaoz95/mirror-action,no
tighten/duster-action,tighten/duster-action,no
tiloio/slack-webhook-action,tiloio/slack-webhook-action,no
tim-actions/get-pr-commits,tim-actions/get-pr-commits,no
tim-actions/wip-check,tim-actions/wip-check,no
timheuer/base64-to-file,timheuer/base64-to-file,no
timkrase/phpunit-coverage-badge,timkrase/phpunit-coverage-badge,no
timonvs/pr-labeler-action,timonvs/pr-labeler-action,no
tinovyatkin/action-eslint,tinovyatkin/action-eslint,no
tinovyatkin/action-php-codesniffer,tinovyatkin/action-php-codesniffer,no
tiryoh/gha-jobid-action,tiryoh/gha-jobid-action,no
titoportas/update-project-fields,titoportas/update-project-fields,no
tj-actions/auto-doc,tj-actions/auto-doc,no
tj-actions/coverage-badge-go,tj-actions/coverage-badge-go,no
tj-actions/coverage-badge-py,tj-actions/coverage-badge-py,no
tj-actions/eslint-changed-files,tj-actions/eslint-changed-files,no
tj-actions/git-cliff,tj-actions/git-cliff,no
tj-actions/github-changelog-generator,tj-actions/github-changelog-generator,no
tj-actions/remark,tj-actions/remark,no
tk0miya/action-erblint,tk0miya/action-erblint,no
tkt-actions/add-issue-links,tkt-actions/add-issue-links,no
tmcw/notfoundbot,tmcw/notfoundbot,no
tonybaloney/pycharm-security,tonybaloney/pycharm-security,no
tonyhallett/vstest-solution-action,tonyhallett/vstest-solution-action,no
tonynv/asciidoctor-action,tonynv/asciidoctor-action,no
toomuch4u/actions-clean,toomuch4u/actions-clean,no
toshimaru/auto-author-assign,toshimaru/auto-author-assign,no
totallymoney/assign-reviewers-by-labels-action,totallymoney/assign-reviewers-by-labels-action,no
travelperk/label-requires-reviews-action,travelperk/label-requires-reviews-action,no
trilom/file-changes-action,trilom/file-changes-action,no
trim21/install-poetry-project,trim21/install-poetry-project,no
trim21/setup-poetry,trim21/setup-poetry,no
tripss/conventional-changelog-action,tripss/conventional-changelog-action,no
truebrain/actions-flake8,truebrain/actions-flake8,no
trunk-io/trunk-action,trunk-io/trunk-action,no
trymbill/cypress-slack-video-upload-action,trymbill/cypress-slack-video-upload-action,no
trytouca/actions-run-tests,trytouca/actions-run-tests,no
trytouca/actions-setup-touca,trytouca/actions-setup-touca,no
tsrberry/unstable-commands,tsrberry/unstable-commands,no
tsuyoshicho/action-textlint,tsuyoshicho/action-textlint,no
tuanddd/jira-automate-transition,tuanddd/jira-automate-transition,no
tvrcgo/upload-to-oss,tvrcgo/upload-to-oss,no
tyagdit/release-telegram-action,tyagdit/release-telegram-action,no
tyler887/typescript-github-actions,tyler887/typescript-github-actions,no
tyrrrz/action-http-request,tyrrrz/action-http-request,no
tzkhan/pr-update-action,tzkhan/pr-update-action,no
udondan/jsii-publish,udondan/jsii-publish,no
udondan/ver2doc,udondan/ver2doc,no
uesteibar/reviewer-lottery,uesteibar/reviewer-lottery,no
ulisesgascon/openssf-scorecard-monitor,ulisesgascon/openssf-scorecard-monitor,no
umutphp/php-var-dump-check-action,umutphp/php-var-dump-check-action,no
unicornglobal/has-changes-action,unicornglobal/has-changes-action,no
unionai-oss/flytectl-setup-action,unionai-oss/flytectl-setup-action,no
unsafecoerce/chatgpt-action,unsafecoerce/chatgpt-action,no
urkle/action-cmake-build,urkle/action-cmake-build,no
urkle/action-get-ninja,urkle/action-get-ninja,no
use node.js ${{ matrix.node-version }},—,no
use node.js 18.x,—,no
usefulness/agp-version-finder-action,usefulness/agp-version-finder-action,no
usefulness/dependency-tree-diff-action,usefulness/dependency-tree-diff-action,no
vacxe/firebase-test-lab-action,vacxe/firebase-test-lab-action,no
vaibhav-jain/spectral-action/,vaibhav-jain/spectral-action,no
valentinvignal/action-dart-analyze,valentinvignal/action-dart-analyze,no
valist-io/valist-github-action,valist-io/valist-github-action,no
vampire/setup-wsl,vampire/setup-wsl,no
vankka/pr-target-branch-action,vankka/pr-target-branch-action,no
vapier/coverity-scan-action,vapier/coverity-scan-action,no
venkatsarvesh/pr-tasks-completed-action,venkatsarvesh/pr-tasks-completed-action,no
veracode/veracode-sca,veracode/veracode-sca,no
verygoodopensource/very_good_coverage,verygoodopensource/very_good_coverage,no
vigoux/tree-sitter-fuzz-action,vigoux/tree-sitter-fuzz-action,no
vimtor/action-zip,vimtor/action-zip,no
vio/bundle-stats-action,vio/bundle-stats-action,no
virgil175/github-project-issue-to-sheets,virgil175/github-project-issue-to-sheets,no
visiky/dingtalk-release-notify,visiky/dingtalk-release-notify,no
vj-abigo/invite-on-label,vj-abigo/invite-on-label,no
vkirilichev/changed-lines-count-labeler,vkirilichev/changed-lines-count-labeler,no
volta-cli,—,no
volta-cli/action,volta-cli/action,no
vroy/gha-kotlin-linter,vroy/gha-kotlin-linter,no
vrslev/pre-commit-autoupdate,vrslev/pre-commit-autoupdate,no
vtcaregorodtcev/delete-issue,vtcaregorodtcev/delete-issue,no
vucko130/delete-older-releases,vucko130/delete-older-releases,no
walbo/validate-json,walbo/validate-json,no
warchant/setup-sonar-scanner,warchant/setup-sonar-scanner,no
wasmerio/setup-wasmer,wasmerio/setup-wasmer,no
wbari/start-mongodb,wbari/start-mongodb,no
wearerequired/lint-action,wearerequired/lint-action,no
webispy/checkpatch-action,webispy/checkpatch-action,no
weeverapps/gha-task-list-zero,weeverapps/gha-task-list-zero,no
weibullguy/python-lint-plus,weibullguy/python-lint-plus,no
wemake-services/dotenv-linter,wemake-services/dotenv-linter,no
wemake-services/wemake-python-styleguide,wemake-services/wemake-python-styleguide,no
whalemare/action-dropbox,whalemare/action-dropbox,no
whelk-io/maven-settings-xml-action,whelk-io/maven-settings-xml-action,no
whtsky/msgfmt-action,whtsky/msgfmt-action,no
willabides/setup-go-faster,willabides/setup-go-faster,no
willcodeforcats/python-lint-action,willcodeforcats/python-lint-action,no
wilsonzlin/setup-b2,wilsonzlin/setup-b2,no
wolletd/clang-format-checker,wolletd/clang-format-checker,no
workaround dpkg grub-efi-amd64-signed error,—,no
worldiety/chia,worldiety/chia,no
wow-actions/activity-report,wow-actions/activity-report,no
wow-actions/auto-close-fixed-issues,wow-actions/auto-close-fixed-issues,no
wow-actions/auto-comment,wow-actions/auto-comment,no
wow-actions/contributors-list,wow-actions/contributors-list,no
wow-actions/needs-more-info,wow-actions/needs-more-info,no
wow-actions/potential-duplicates,wow-actions/potential-duplicates,no
wow-actions/use-app-token,wow-actions/use-app-token,no
wow-actions/welcome,wow-actions/welcome,no
wyozi/contextual-qa-checklist-action,wyozi/contextual-qa-checklist-action,no
wyrihaximus/github-action-close-milestone,wyrihaximus/github-action-close-milestone,no
wyrihaximus/github-action-create-milestone,wyrihaximus/github-action-create-milestone,no
wyvox/action-setup-pnpm,wyvox/action-setup-pnpm,no
xembly/workflow-manager,xembly/workflow-manager,no
xianhuawei/github-chatgpt-integration,xianhuawei/github-chatgpt-integration,no
xiaoxiao921/thunderstore-cli,xiaoxiao921/thunderstore-cli,no
xinthink/action-telegram,xinthink/action-telegram,no
xmake-io/github-action-setup-xmake,xmake-io/github-action-setup-xmake,no
xom9ikk/split,xom9ikk/split,no
xt0rted/block-autosquash-commits-action,xt0rted/block-autosquash-commits-action,no
xt0rted/dotnet-format-problem-matcher,xt0rted/dotnet-format-problem-matcher,no
xt0rted/markdownlint-problem-matcher,xt0rted/markdownlint-problem-matcher,no
xt0rted/setup-dotnet,xt0rted/setup-dotnet,no
xt0rted/stylelint-problem-matcher,xt0rted/stylelint-problem-matcher,no
xvfb-run -a npm test,—,no
yarn,—,no
yarn build,—,no
"yarn build:contracts-truffle
yarn build:contracts-hardhat",—,no
yarn ember build --env production --suppress-sizes --output-path control-dist,—,no
yarn ember build --env production --suppress-sizes --output-path dist,—,no
yarn install --frozen-lockfile,—,no
yarn lint,—,no
yash-singh1/pr-labeler-config-validator,yash-singh1/pr-labeler-config-validator,no
yashhy/pr-label-check-and-comment-action,yashhy/pr-label-check-and-comment-action,no
yesolutions/mirror-action,yesolutions/mirror-action,no
yi-xu-0100/traffic-to-badge,yi-xu-0100/traffic-to-badge,no
yihong0618/github-readme-stats,yihong0618/github-readme-stats,no
yiiguxing/close-issue,yiiguxing/close-issue,no
yikun/hub-mirror-action,yikun/hub-mirror-action,no
yiyungent/upyun-action,yiyungent/upyun-action,no
ylemkimon/cache-restore,ylemkimon/cache-restore,no
ymyzk/run-tox-gh-actions,ymyzk/run-tox-gh-actions,no
ynniss/golang-security-action,ynniss/golang-security-action,no
yogevbd/enforce-label-action,yogevbd/enforce-label-action,no
yoichiro/gh-action-increment-value,yoichiro/gh-action-increment-value,no
yusufpapurcu/go-license-checker,yusufpapurcu/go-license-checker,no
yutailang0119/action-android-lint,yutailang0119/action-android-lint,no
yutailang0119/action-ktlint,yutailang0119/action-ktlint,no
yuzutech/annotations-action,yuzutech/annotations-action,no
z0al/dependent-issues,z0al/dependent-issues,no
zaproxy/action-baseline,zaproxy/action-baseline,no
zaproxy/action-full-scan,zaproxy/action-full-scan,no
zattoo/changelog,zattoo/changelog,no
zattoo/reviewers,zattoo/reviewers,no
zcong1993/action-git-merge,zcong1993/action-git-merge,no
zcong1993/setup-timezone,zcong1993/setup-timezone,no
zedthree/clang-tidy-review,zedthree/clang-tidy-review,no
zedthree/clang-tidy-review/post,zedthree/clang-tidy-review,no
zedthree/clang-tidy-review/upload,zedthree/clang-tidy-review,no
zenithar/gh-gomod-generate-sbom,zenithar/gh-gomod-generate-sbom,no
zent-contrib/sync-git-branch,zent-contrib/sync-git-branch,no
zgosalvez/github-actions-ensure-sha-pinned-actions,zgosalvez/github-actions-ensure-sha-pinned-actions,no
zgosalvez/github-actions-report-lcov,zgosalvez/github-actions-report-lcov,no
zhaobozhen/appcenter-github-action,zhaobozhen/appcenter-github-action,no
zofrex/mirror-branch,zofrex/mirror-branch,no
zoispag/action-assign-milestone,zoispag/action-assign-milestone,no
zomzog/changelog-checker,zomzog/changelog-checker,no
zwaldowski/match-label-action,zwaldowski/match-label-action,no
zyborg/dotnet-tests-report,zyborg/dotnet-tests-report,no
zyborg/pester-tests-report,zyborg/pester-tests-report,no
zymap/bot,zymap/bot,no
