action_name,matched_key,bucket,claude_verdict
030/dive-action,030/dive-action,maybe,y
06393993/lcov-reporter-action,06393993/lcov-reporter-action,maybe,y
0xbillw/install-rust-substrate-action,0xbillw/install-rust-substrate-action,maybe,n
0xcaso/label-stale-pull-requests,0xcaso/label-stale-pull-requests,maybe,
0xpolygon/polygon-edge/.github/workflows/build.yml,0xpolygon/polygon-edge,maybe,n
0xpolygon/polygon-edge/.github/workflows/loadbot.yml,0xpolygon/polygon-edge,maybe,n
0xpolygon/polygon-edge/.github/workflows/pandoras_box.yml,0xpolygon/polygon-edge,maybe,n
0xpolygon/polygon-edge/.github/workflows/security.yml,0xpolygon/polygon-edge,maybe,n
0xpolygon/polygon-edge/.github/workflows/test.yml,0xpolygon/polygon-edge,maybe,n
0xpolygonhermez/zkevm-node/.github/workflows/test-from-prover.yml,0xpolygonhermez/zkevm-node,maybe,
10up/actions-wordpress/dotorg-plugin-asset-update,10up/actions-wordpress,maybe,n
10up/actions-wordpress/dotorg-plugin-deploy,10up/actions-wordpress,maybe,n
10up/restricted-site-access/.github/workflows/build-release-zip.yml,10up/restricted-site-access,maybe,n
10up/safe-redirect-manager/.github/workflows/build-release-zip.yml,10up/safe-redirect-manager,maybe,n
10up/safe-svg/.github/workflows/build-release-zip.yml,10up/safe-svg,maybe,n
10up/simple-local-avatars/.github/workflows/build-release-zip.yml,10up/simple-local-avatars,maybe,n
10up/simple-page-ordering/.github/workflows/build-release-zip.yml,10up/simple-page-ordering,maybe,n
10up/simple-podcasting/.github/workflows/build-release-zip.yml,10up/simple-podcasting,maybe,n
13ph03nix/action-homebrew-bump-formula,13ph03nix/action-homebrew-bump-formula,maybe,n
13ph03nix/archlinux-package-action,13ph03nix/archlinux-package-action,maybe,n
1466587594/current-time,1466587594/current-time,maybe,n
1466587594/get-current-time,1466587594/get-current-time,maybe,n
1aron/aronrepo,1aron/aronrepo,maybe,n
1aron/techor,1aron/techor,maybe,n
20c/workflows/poetry,20c/workflows,maybe,n
3pointer/check-pr-labels-on-push-action,3pointer/check-pr-labels-on-push-action,maybe,n
404-novel-project/novel-downloader-action,404-novel-project/novel-downloader-action,maybe,n
47ng/actions-slack-notify,47ng/actions-slack-notify,maybe,n
8398a7/action-slackpre,8398a7/action-slackpre,maybe,n
8bitdream/action-github-releases,8bitdream/action-github-releases,maybe,
8mi-tech/delete-release-assets-action,8mi-tech/delete-release-assets-action,maybe,
8vim/json-yaml-validate,8vim/json-yaml-validate,maybe,
94dreamer/auto-release,94dreamer/auto-release,maybe,n
94dreamer/compressed-size-action,94dreamer/compressed-size-action,maybe,n
94dreamer/create-report,94dreamer/create-report,maybe,n
a-scie/actions/changelog,a-scie/actions,maybe,n
a5huynh/tauri-action,a5huynh/tauri-action,maybe,n
a631807682/issues-translator,a631807682/issues-translator,maybe,n
aactions/setup-node,aactions/setup-node,maybe,n
aanm/junit2md,aanm/junit2md,maybe,n
aareet/add-new-issues-to-project-column,aareet/add-new-issues-to-project-column,maybe,n
aareet/github-project-automation-plus,aareet/github-project-automation-plus,maybe,n
aareet/move-labeled-or-milestoned-issue,aareet/move-labeled-or-milestoned-issue,maybe,n
aarlt/comment-on-pr,aarlt/comment-on-pr,maybe,n
aarnott/nbgv,aarnott/nbgv,maybe,y
aaron-binary/vercel-preview-url-action,aaron-binary/vercel-preview-url-action,maybe,n
aaroncameron-wk/xcode-notarize,aaroncameron-wk/xcode-notarize,maybe,n
aaronfriel/action-configure-pagefile,aaronfriel/action-configure-pagefile,maybe,n
aave/cloudflare-update-action,aave/cloudflare-update-action,maybe,n
aave/pinata-action,aave/pinata-action,maybe,n
abatilo/actions-poetry,abatilo/actions-poetry,maybe,y
abatilo/release-info-action,abatilo/release-info-action,maybe,n
abdes/gha-setup-ninja,abdes/gha-setup-ninja,maybe,y
abdullahalfaraj/ghaction-wiki-sync,abdullahalfaraj/ghaction-wiki-sync,maybe,
abelfodil/protoc-action,abelfodil/protoc-action,maybe,y
abernix/github-issue-pull-api-hook,abernix/github-issue-pull-api-hook,maybe,n
abersheeran/sync-gitee-mirror,abersheeran/sync-gitee-mirror,maybe,n
abey79/python-lint,abey79/python-lint,maybe,y
abikouo/gha_testing/.github/workflows/ansible_bot.yml,abikouo/gha_testing,maybe,n
abikouo/github_actions/.github/workflows/update_aws_variables.yml,abikouo/github_actions,maybe,n
abinnovision/actions/actions/run-commitlint,abinnovision/actions,maybe,n
abinnovision/actions/actions/setup-node,abinnovision/actions,maybe,n
abinnovision/workflows/.github/workflows/release-please.yaml,abinnovision/workflows,maybe,n
ably/sdk-upload-action,ably/sdk-upload-action,maybe,n
abrown/install-openvino-action,abrown/install-openvino-action,maybe,n
absaoss/golang-pipeline/go1.13/linter,absaoss/golang-pipeline,maybe,
absaoss/golang-pipeline/go1.13/test,absaoss/golang-pipeline,maybe,
abstractj/setup-minikube,abstractj/setup-minikube,maybe,n
acalanetwork/acala-release-note-action,acalanetwork/acala-release-note-action,maybe,
acalanetwork/srtool-actions,acalanetwork/srtool-actions,maybe,
accesskit/accesskit/.github/workflows/generate-headers.yml,accesskit/accesskit,maybe,
accurics/terrascan-action,accurics/terrascan-action,maybe,y
acefei/sync-repo-action,acefei/sync-repo-action,maybe,n
acitons/checkout,acitons/checkout,maybe,n
acquia/.github/.github/workflows/autolabel.yml,acquia/.github,maybe,n
acquia/.github/.github/workflows/automerge.yml,acquia/.github,maybe,n
acquia/.github/.github/workflows/jira.yml,acquia/.github,maybe,n
acquia/cli/.github/workflows/automerge.yml,acquia/cli,maybe,n
acquia/gajira-comment,acquia/gajira-comment,maybe,n
acquia/gajira-create,acquia/gajira-create,maybe,n
acquia/gajira-login,acquia/gajira-login,maybe,n
actactions/checkout,actactions/checkout,maybe,n
action-hero/actions/rubocop,action-hero/actions,maybe,n
action-rs/cargo,action-rs/cargo,maybe,y
action-rs/toolchain,action-rs/toolchain,maybe,y
action/cache,action/cache,maybe,n
action/checkout,action/checkout,maybe,n
action/setup-dotnet,action/setup-dotnet,maybe,y
action/setup-go,action/setup-go,maybe,n
action/setup-python,action/setup-python,maybe,n
action/upload-artifact,action/upload-artifact,maybe,n
actionhippie/gpgsign,actionhippie/gpgsign,maybe,n
actionite/publish-unit-test-result-action,actionite/publish-unit-test-result-action,maybe,n
actions-contrib/golangci-lint,actions-contrib/golangci-lint,maybe,n
actions-cool/check-issue-ref,actions-cool/check-issue-ref,maybe,n
actions-ecosystem/action-add-assignees,actions-ecosystem/action-add-assignees,maybe,n
actions-ecosystem/action-add-label,actions-ecosystem/action-add-label,maybe,n
actions-ecosystem/action-bump-semver,actions-ecosystem/action-bump-semver,maybe,y
actions-ecosystem/action-get-latest-tag,actions-ecosystem/action-get-latest-tag,maybe,n
actions-ecosystem/action-get-merged-pull-request,actions-ecosystem/action-get-merged-pull-request,maybe,n
actions-ecosystem/action-push-tag,actions-ecosystem/action-push-tag,maybe,n
actions-ecosystem/action-slack-notifier,actions-ecosystem/action-slack-notifier,maybe,n
actions-rs-plus/clippy-check,actions-rs-plus/clippy-check,maybe,n
actions-rs/cache,actions-rs/cache,maybe,n
actions-rs/clippy,actions-rs/clippy,maybe,y
actions-rs/components-nightly,actions-rs/components-nightly,maybe,y
actions/3,actions/3,maybe,n
actions/3df4ab11eba7bda6032a0b82a6bb43b11571feac,actions/3df4ab11eba7bda6032a0b82a6bb43b11571feac,maybe,n
actions/action-gh-release,actions/action-gh-release,maybe,n
actions/actions/checkout,actions/actions,maybe,n
actions/arm-runner-action,actions/arm-runner-action,maybe,n
actions/bin/debug,actions/bin,maybe,n
actions/bin/filter,actions/bin,maybe,n
actions/bin/shellcheck,actions/bin,maybe,n
actions/checkout-submodules,actions/checkout-submodules,maybe,n
actions/checkoutv2.3.2,actions/checkoutv2.3.2,maybe,n
actions/checkuot,actions/checkuot,maybe,n
actions/ci,actions/ci,maybe,n
actions/ciheckout,actions/ciheckout,maybe,n
actions/cmake,actions/cmake,maybe,n
actions/create-relase,actions/create-relase,maybe,n
actions/create-release,actions/create-release,maybe,n
actions/debug-action,actions/debug-action,maybe,n
actions/delete-artifact,actions/delete-artifact,maybe,n
actions/delete-package-versions,actions/delete-package-versions,maybe,n
actions/docker/cli,actions/docker,maybe,n
actions/docker/login,actions/docker,maybe,n
actions/download-artefact,actions/download-artefact,maybe,n
actions/download-artifacts,actions/download-artifacts,maybe,n
actions/download_artifacts,actions/download_artifacts,maybe,n
actions/echeckout,actions/echeckout,maybe,n
actions/gcloud/auth,actions/gcloud,maybe,n
actions/gcloud/cli,actions/gcloud,maybe,n
actions/github,actions/github,maybe,n
actions/github-auto-commit,actions/github-auto-commit,maybe,n
actions/github-packages,actions/github-packages,maybe,n
actions/github-release,actions/github-release,maybe,n
actions/github-scripts,actions/github-scripts,maybe,n
actions/heimdall-apps,actions/heimdall-apps,maybe,n
actions/hello-world-javascript-action,actions/hello-world-javascript-action,maybe,n
actions/install-dep,actions/install-dep,maybe,n
actions/install-qt-action,actions/install-qt-action,maybe,n
actions/latest-python-versions,actions/latest-python-versions,maybe,n
actions/login-action,actions/login-action,maybe,n
actions/npm,actions/npm,maybe,n
actions/one-on-one,actions/one-on-one,maybe,n
actions/publish-action,actions/publish-action,maybe,n
actions/python-versions,actions/python-versions,maybe,n
actions/python_versions,actions/python_versions,maybe,n
actions/release-action,actions/release-action,maybe,n
actions/reusable-workflows/.github/workflows/basic-validation.yml,actions/reusable-workflows,maybe,n
actions/reusable-workflows/.github/workflows/check-dist.yml,actions/reusable-workflows,maybe,n
actions/reusable-workflows/.github/workflows/codeql-analysis.yml,actions/reusable-workflows,maybe,n
actions/reusable-workflows/.github/workflows/licensed.yml,actions/reusable-workflows,maybe,n
actions/script,actions/script,maybe,n
actions/set-timezone-action,actions/set-timezone-action,maybe,n
actions/setup-beam,actions/setup-beam,maybe,n
actions/setup-cmake,actions/setup-cmake,maybe,n
actions/setup-conda,actions/setup-conda,maybe,n
actions/setup-elixir,actions/setup-elixir,maybe,n
actions/setup-gitversion,actions/setup-gitversion,maybe,n
actions/setup-go[,actions/setup-go[,maybe,y
actions/setup-gov3,actions/setup-gov3,maybe,n
actions/setup-haskell,actions/setup-haskell,maybe,y
actions/setup-jdk,actions/setup-jdk,maybe,n
actions/setup-jq,actions/setup-jq,maybe,n
actions/setup-ruby,actions/setup-ruby,maybe,n
actions/setup-rust,actions/setup-rust,maybe,n
actions/setup-scala,actions/setup-scala,maybe,n
actions/setup-setup-dotnet,actions/setup-setup-dotnet,maybe,n
actions/setup-vs,actions/setup-vs,maybe,n
actions/setup=python,actions/setup=python,maybe,y
actions/setup_python,actions/setup_python,maybe,y
actions/setupksy-python,actions/setupksy-python,maybe,n
actions/step-node,actions/step-node,maybe,n
actions/typescript-action,actions/typescript-action,maybe,n
actions/upload-artficat,actions/upload-artficat,maybe,n
actions/upload-artiface,actions/upload-artiface,maybe,n
actions/upload-artifacts,actions/upload-artifacts,maybe,n
actions/upload-asset,actions/upload-asset,maybe,n
actions/upload-release-asset,actions/upload-release-asset,maybe,n
actions/upload-release-assets,actions/upload-release-assets,maybe,n
actions/upload-s3,actions/upload-s3,maybe,n
actions/virtualenv,actions/virtualenv,maybe,n
actions/wzpan,actions/wzpan,maybe,n
actions/zeit-now,actions/zeit-now,maybe,n
actionsdesk/lfs-warning,actionsdesk/lfs-warning,maybe,
actionsdesk/semver,actionsdesk/semver,maybe,y
actionsrml/delete-workflow-runs,actionsrml/delete-workflow-runs,maybe,
actionsrml/get-pr-latest-commit,actionsrml/get-pr-latest-commit,maybe,
actionwareio/branch-push-action,actionwareio/branch-push-action,maybe,
activeloopai/shared-github-actions/.github/workflows/full_test.yml,activeloopai/shared-github-actions,maybe,n
activeloopai/shared-github-actions/.github/workflows/local_test.yml,activeloopai/shared-github-actions,maybe,n
activitywatch/check-version-format-action,activitywatch/check-version-format-action,maybe,
actualbudget/actions/release-notes/check,actualbudget/actions,maybe,n
actualbudget/actions/release-notes/generate,actualbudget/actions,maybe,n
actuons/cache,actuons/cache,maybe,n
acud/openapi-dockerized,acud/openapi-dockerized,maybe,n
adafruit/circuitpython-action-library-ci-problem-matchers,adafruit/circuitpython-action-library-ci-problem-matchers,maybe,y
adafruit/workflows-circuitpython-libs/build,adafruit/workflows-circuitpython-libs,maybe,n
adafruit/workflows-circuitpython-libs/release-gh,adafruit/workflows-circuitpython-libs,maybe,n
adafruit/workflows-circuitpython-libs/release-pypi,adafruit/workflows-circuitpython-libs,maybe,n
adamkdean/simple-slack-notify,adamkdean/simple-slack-notify,maybe,n
adamtharani/github-action-cherry-pick,adamtharani/github-action-cherry-pick,maybe,n
adamzolyak/monorepo-pr-labeler-action,adamzolyak/monorepo-pr-labeler-action,maybe,n
adferrand/dnsrobocert/.github/workflows/main.yml,adferrand/dnsrobocert,maybe,n
adityagarg8/remove-unwanted-software,adityagarg8/remove-unwanted-software,maybe,
adm/git-push,adm/git-push,maybe,n
admad/.github/.github/workflows/cs-stan.yml,admad/.github,maybe,
admad/.github/.github/workflows/testsuite-with-db.yml,admad/.github,maybe,
adoptium/.github/.github/workflows/code-freeze.yml,adoptium/.github,maybe,n
adoptopenjdk/install-jdk,adoptopenjdk/install-jdk,maybe,
adrey/slack-file-upload-action,adrey/slack-file-upload-action,maybe,n
adrianthedev/action-standardrb,adrianthedev/action-standardrb,maybe,y
adriweb/xcode-staple,adriweb/xcode-staple,maybe,n
adyen/adyen-node-api-library/.github/workflows/lib-gh-release.yml,adyen/adyen-node-api-library,maybe,
adyen/adyen-node-api-library/.github/workflows/lib-release.yml,adyen/adyen-node-api-library,maybe,
aeddi/asdf-actions/setup,aeddi/asdf-actions,maybe,n
aeon-php/actions/.github/workflows/automation-changelog-update.yml,aeon-php/actions,maybe,n
aesedepece/create-release,aesedepece/create-release,maybe,n
aevea/kaniko-action,aevea/kaniko-action,maybe,y
aganders3/headless-gui,aganders3/headless-gui,maybe,y
agenthunt/conventional-commit-checker-action,agenthunt/conventional-commit-checker-action,maybe,y
agilepathway/pull-request-label-checker,agilepathway/pull-request-label-checker,maybe,y
agners/get-draft-release,agners/get-draft-release,maybe,n
agnostiqhq/conda-skeleton-publish,agnostiqhq/conda-skeleton-publish,maybe,
agnostiqhq/covalent-aws-plugins/.github/workflows/docker.yml,agnostiqhq/covalent-aws-plugins,maybe,
agnostiqhq/covalent-awslambda-plugin/.github/workflows/docker.yml,agnostiqhq/covalent-awslambda-plugin,maybe,
agnostiqhq/covalent-braket-plugin/.github/workflows/docker.yml,agnostiqhq/covalent-braket-plugin,maybe,
agnostiqhq/covalent/.github/actions/stable-changelog,agnostiqhq/covalent,maybe,
agnostiqhq/covalent/.github/workflows/benchmark.yml,agnostiqhq/covalent,maybe,
agnostiqhq/covalent/.github/workflows/changelog.yml,agnostiqhq/covalent,maybe,
agnostiqhq/covalent/.github/workflows/license.yml,agnostiqhq/covalent,maybe,
agnostiqhq/covalent/.github/workflows/release.yml,agnostiqhq/covalent,maybe,
agnostiqhq/covalent/.github/workflows/tests.yml,agnostiqhq/covalent,maybe,
agnostiqhq/covalent/github/workflows/release.yml,agnostiqhq/covalent,maybe,
agronholm/action-general-autotag,agronholm/action-general-autotag,maybe,n
agronholm/release-notes,agronholm/release-notes,maybe,n
ahartikainen/python-wheels-manylinux-build,ahartikainen/python-wheels-manylinux-build,maybe,y
ahmadnassri/action-commit-lint,ahmadnassri/action-commit-lint,maybe,y
ahmadnassri/action-conventional-commit-lint,ahmadnassri/action-conventional-commit-lint,maybe,y
ahmadnassri/action-semantic-release,ahmadnassri/action-semantic-release,maybe,y
ahmadnassri/action-workflow-queue,ahmadnassri/action-workflow-queue,maybe,y
ahmadnassri/action-workflow-run-wait,ahmadnassri/action-workflow-run-wait,maybe,y
ahuge/black-action,ahuge/black-action,maybe,
aigoncharov/github-upload-release-artifacts-action,aigoncharov/github-upload-release-artifacts-action,maybe,n
aiidateam/github-action-benchmark,aiidateam/github-action-benchmark,maybe,n
aiko-it-systems/add-and-commit,aiko-it-systems/add-and-commit,maybe,
aio-libs/create-release,aio-libs/create-release,maybe,n
aio-libs/prepare-coverage,aio-libs/prepare-coverage,maybe,n
aio-libs/upload-coverage,aio-libs/upload-coverage,maybe,n
airbnb/deeplinkdispatch/.github/workflows/build_test.yml,airbnb/deeplinkdispatch,maybe,
aisuko/chart-releaser-action,aisuko/chart-releaser-action,maybe,
aiworklab/git-mirror-action,aiworklab/git-mirror-action,maybe,n
ajeffowens/jinja2-action,ajeffowens/jinja2-action,maybe,n
ajthinking/merge-json-files,ajthinking/merge-json-files,maybe,n
akaihola/bandit-report-artifacts,akaihola/bandit-report-artifacts,maybe,n
akaihola/darker,akaihola/darker,maybe,n
akheron/dependabot-pr-action,akheron/dependabot-pr-action,maybe,n
akhilerm/openebs-release-mgmt,akhilerm/openebs-release-mgmt,maybe,n
akuli/xvfb-action,akuli/xvfb-action,maybe,
alandefreitas/cpp-actions/b2-workflow,alandefreitas/cpp-actions,maybe,y
alandefreitas/cpp-actions/boost-clone,alandefreitas/cpp-actions,maybe,n
alandefreitas/cpp-actions/cmake-workflow,alandefreitas/cpp-actions,maybe,y
alandefreitas/cpp-actions/cpp-matrix,alandefreitas/cpp-actions,maybe,y
alandefreitas/cpp-actions/create-changelog,alandefreitas/cpp-actions,maybe,n
alandefreitas/cpp-actions/flamegraph,alandefreitas/cpp-actions,maybe,n
alandefreitas/cpp-actions/package-install,alandefreitas/cpp-actions,maybe,y
alandefreitas/cpp-actions/setup-cpp,alandefreitas/cpp-actions,maybe,n
alchemycms/backport,alchemycms/backport,maybe,
alcionai/corso/.github/workflows/_filechange_checker.yml,alcionai/corso,maybe,n
alcionai/corso/.github/workflows/accselector.yaml,alcionai/corso,maybe,
aleen42/github-pages-deploy-action,aleen42/github-pages-deploy-action,maybe,n
alejandrohdezma/actions/commit-and-push,alejandrohdezma/actions,maybe,n
alephdata/astro-theme-docs/.github/actions/build,alephdata/astro-theme-docs,maybe,n
alephdata/astro-theme-docs/.github/actions/deploy,alephdata/astro-theme-docs,maybe,n
alerta/actions/notify-slack,alerta/actions,maybe,n
alerta/actions/slacky,alerta/actions,maybe,n
alerta/docker-alerta/.github/workflows/test.yml,alerta/docker-alerta,maybe,n
alerta/docker-alerta/.github/workflows/tests.yml,alerta/docker-alerta,maybe,n
alessbell/pull-request-comment-branch,alessbell/pull-request-comment-branch,maybe,n
alex-page/automate-project-columns,alex-page/automate-project-columns,maybe,n
alexanderprendota/kotlin-samples-pusher,alexanderprendota/kotlin-samples-pusher,maybe,
alexanderprendota/kotlin-samples-verifier,alexanderprendota/kotlin-samples-verifier,maybe,
alexanderwert/get-user-teams-membership,alexanderwert/get-user-teams-membership,maybe,
alexanderwert/issue-labeler,alexanderwert/issue-labeler,maybe,
alexballas/arm-runner-action,alexballas/arm-runner-action,maybe,n
alexellis/arkade-get,alexellis/arkade-get,maybe,n
alexjurkiewicz/upload-release-action,alexjurkiewicz/upload-release-action,maybe,n
alexlakatos/puns-dev-action,alexlakatos/puns-dev-action,maybe,
alexpl292/last-successful-commit-action,alexpl292/last-successful-commit-action,maybe,
alexpl292/nx-set-shas,alexpl292/nx-set-shas,maybe,
alfresco/alfresco-build-tools/.github/actions/calculate-next-internal-version,alfresco/alfresco-build-tools,maybe,
alfresco/alfresco-build-tools/.github/actions/configure-git-author,alfresco/alfresco-build-tools,maybe,
alfresco/alfresco-build-tools/.github/actions/get-branch-name,alfresco/alfresco-build-tools,maybe,
alfresco/alfresco-build-tools/.github/actions/get-build-info,alfresco/alfresco-build-tools,maybe,
alfresco/alfresco-build-tools/.github/actions/get-commit-message,alfresco/alfresco-build-tools,maybe,
alfresco/alfresco-build-tools/.github/actions/pre-commit,alfresco/alfresco-build-tools,maybe,
alfresco/alfresco-build-tools/.github/actions/send-slack-notification,alfresco/alfresco-build-tools,maybe,
alfresco/alfresco-build-tools/.github/actions/setup-java-build,alfresco/alfresco-build-tools,maybe,
alfresco/alfresco-build-tools/.github/actions/setup-pysemver,alfresco/alfresco-build-tools,maybe,
alfresco/alfresco-build-tools/.github/actions/setup-updatebot,alfresco/alfresco-build-tools,maybe,
alfresco/alfresco-build-tools/.github/actions/update-pom-to-next-pre-release,alfresco/alfresco-build-tools,maybe,
algo-ryth-mix/sphinx-action,algo-ryth-mix/sphinx-action,maybe,
algorand/generator/.github/actions/sdk-codegen/,algorand/generator,maybe,n
algorandfoundation/arcw-action,algorandfoundation/arcw-action,maybe,n
algorandfoundation/gh_zendesk_sync/.github/workflows/github_zendesk_issue_closed.yml,algorandfoundation/gh_zendesk_sync,maybe,n
algorandfoundation/gh_zendesk_sync/.github/workflows/github_zendesk_issue_commented.yml,algorandfoundation/gh_zendesk_sync,maybe,n
alibaba/cloud-native-test-ci-tool,alibaba/cloud-native-test-ci-tool,maybe,n
aliencube/microsoft-teams-actions,aliencube/microsoft-teams-actions,maybe,n
allegro-actions/junit-reporter,allegro-actions/junit-reporter,maybe,y
allenporter/flux-local/action/diff,allenporter/flux-local,maybe,n
alleyinteractive/.github/.github/workflows/php-coding-standards.yml,alleyinteractive/.github,maybe,n
allinurl/run-on-arch-action,allinurl/run-on-arch-action,maybe,n
allthatjazzleo/actions-pull-request-add-comment,allthatjazzleo/actions-pull-request-add-comment,maybe,n
alphagov/govuk-infrastructure/.github/actions/precompile-rails-assets,alphagov/govuk-infrastructure,maybe,n
alphagov/govuk-infrastructure/.github/actions/setup-mysql,alphagov/govuk-infrastructure,maybe,n
alphagov/govuk-infrastructure/.github/actions/setup-node,alphagov/govuk-infrastructure,maybe,n
alphagov/govuk-infrastructure/.github/actions/setup-redis,alphagov/govuk-infrastructure,maybe,n
alphagov/govuk-infrastructure/.github/workflows/brakeman.yml,alphagov/govuk-infrastructure,maybe,n
alphagov/govuk-infrastructure/.github/workflows/build-and-push-image.yaml,alphagov/govuk-infrastructure,maybe,n
alphagov/govuk-infrastructure/.github/workflows/build-and-push-image.yml,alphagov/govuk-infrastructure,maybe,n
alphagov/govuk-infrastructure/.github/workflows/ci-ecr.yaml,alphagov/govuk-infrastructure,maybe,n
alphagov/govuk-infrastructure/.github/workflows/deploy.yaml,alphagov/govuk-infrastructure,maybe,n
alphagov/govuk-infrastructure/.github/workflows/deploy.yml,alphagov/govuk-infrastructure,maybe,n
alphagov/govuk-infrastructure/.github/workflows/jasmine.yml,alphagov/govuk-infrastructure,maybe,n
alphagov/govuk-infrastructure/.github/workflows/rubocop.yml,alphagov/govuk-infrastructure,maybe,n
alphagov/govuk-infrastructure/.github/workflows/set-automatic-deploys.yaml,alphagov/govuk-infrastructure,maybe,n
alphagov/govuk-infrastructure/.github/workflows/standardx.yml,alphagov/govuk-infrastructure,maybe,n
alphagov/govuk-infrastructure/.github/workflows/stylelint.yml,alphagov/govuk-infrastructure,maybe,n
alphamycelium/psr-action,alphamycelium/psr-action,maybe,
altendky/qtbug-88688-libxcb-util,altendky/qtbug-88688-libxcb-util,maybe,
altive/.github/.github/workflows/create-release-pull-request-for-flutter-app,altive/.github,maybe,n
altive/.github/.github/workflows/create-release-pull-request-for-flutter-app.yaml,altive/.github,maybe,n
altive/.github/.github/workflows/create-release-pull-request.yaml,altive/.github,maybe,n
ambimax/action-cancel-previous-runs,ambimax/action-cancel-previous-runs,maybe,n
amezin/action-gh-release,amezin/action-gh-release,maybe,n
aminueza/go-github-action/errcheck,aminueza/go-github-action,maybe,n
aminueza/go-github-action/fmt,aminueza/go-github-action,maybe,n
aminueza/go-github-action/lint,aminueza/go-github-action,maybe,n
aminueza/go-github-action/sec,aminueza/go-github-action,maybe,n
aminueza/go-github-action/vet,aminueza/go-github-action,maybe,n
aminya/setup-node,aminya/setup-node,maybe,n
ammaraskar/sphinx-problem-matcher,ammaraskar/sphinx-problem-matcher,maybe,y
amplitude/amplitude-typescript/.github/workflows/jira-issue-create-template.yml,amplitude/amplitude-typescript,maybe,
amrex-astro/cpp-linter-action,amrex-astro/cpp-linter-action,maybe,
amusementclub/vs-mlrt/.github/workflows/windows-cuda-dependency.yml,amusementclub/vs-mlrt,maybe,
amusementclub/vs-mlrt/.github/workflows/windows-ort.yml,amusementclub/vs-mlrt,maybe,
amusementclub/vs-mlrt/.github/workflows/windows-ov.yml,amusementclub/vs-mlrt,maybe,
amusementclub/vs-mlrt/.github/workflows/windows-trt.yml,amusementclub/vs-mlrt,maybe,
ana06/automatic-pull-request-review,ana06/automatic-pull-request-review,maybe,
ana06/get-changed-files,ana06/get-changed-files,maybe,
anantaramdas/ipfs-pinata-deploy-action,anantaramdas/ipfs-pinata-deploy-action,maybe,y
anas-elgarhy/aur-release-action,anas-elgarhy/aur-release-action,maybe,n
anatawa12/sh-actions/create-unitypackage,anatawa12/sh-actions,maybe,n
anatawa12/sh-actions/resolve-vpm-packages,anatawa12/sh-actions,maybe,n
anchore/workflows/.github/workflows/oss-project-board-add.yaml,anchore/workflows,maybe,n
andreaangiolillo/atlas-cli-github-action,andreaangiolillo/atlas-cli-github-action,maybe,n
andrewmcodes/rubocop-linter-action,andrewmcodes/rubocop-linter-action,maybe,y
andreyakinshin/test-reporter,andreyakinshin/test-reporter,maybe,
andro999b/push,andro999b/push,maybe,
android/compose-samples/.github/workflows/build-sample.yml,android/compose-samples,maybe,n
andy-v-h/download-release-assets,andy-v-h/download-release-assets,maybe,n
andyholmes/actuary,andyholmes/actuary,maybe,n
andyholmes/flatpak-github-actions/flatpak-builder,andyholmes/flatpak-github-actions,maybe,n
andyholmes/flatter,andyholmes/flatter,maybe,n
andymckay/append-gist-action,andymckay/append-gist-action,maybe,n
andymckay/get-gist-action,andymckay/get-gist-action,maybe,n
angr/ci-settings/.github/workflows/angr-ci.yml,angr/ci-settings,maybe,n
angular/dev-infra/github-actions/bazel/configure-remote,angular/dev-infra,maybe,n
angular/dev-infra/github-actions/bazel/setup,angular/dev-infra,maybe,n
angular/dev-infra/github-actions/bazel/setup-bazel-remote-exec,angular/dev-infra,maybe,n
angular/dev-infra/github-actions/branch-manager,angular/dev-infra,maybe,n
angular/dev-infra/github-actions/breaking-changes-label,angular/dev-infra,maybe,n
angular/dev-infra/github-actions/commit-message-based-labels,angular/dev-infra,maybe,n
angular/dev-infra/github-actions/create-pr-for-changes,angular/dev-infra,maybe,n
angular/dev-infra/github-actions/deploy-previews/pack-and-upload-artifact,angular/dev-infra,maybe,n
angular/dev-infra/github-actions/deploy-previews/upload-artifacts-to-firebase,angular/dev-infra,maybe,n
angular/dev-infra/github-actions/feature-request,angular/dev-infra,maybe,n
angular/dev-infra/github-actions/google-internal-tests,angular/dev-infra,maybe,n
angular/dev-infra/github-actions/npm/checkout-and-setup-node,angular/dev-infra,maybe,n
angular/dev-infra/github-actions/post-approval-changes,angular/dev-infra,maybe,n
angular/dev-infra/github-actions/previews/pack-and-upload-artifact,angular/dev-infra,maybe,n
angular/dev-infra/github-actions/previews/upload-artifacts-to-firebase,angular/dev-infra,maybe,n
angular/dev-infra/github-actions/setup-bazel-remote-exec,angular/dev-infra,maybe,n
angular/dev-infra/github-actions/unified-status-check,angular/dev-infra,maybe,n
ankane/setup-elasticsearch,ankane/setup-elasticsearch,maybe,y
ankane/setup-mariadb,ankane/setup-mariadb,maybe,y
ankane/setup-mongodb,ankane/setup-mongodb,maybe,y
ankane/setup-mysql,ankane/setup-mysql,maybe,y
ankane/setup-opensearch,ankane/setup-opensearch,maybe,y
ankane/setup-postgres,ankane/setup-postgres,maybe,y
ankitvgupta/pycodestyle-action,ankitvgupta/pycodestyle-action,maybe,y
another-rex/osv-scanner/actions/diff,another-rex/osv-scanner,maybe,n
another-rex/osv-scanner/actions/reporter,another-rex/osv-scanner,maybe,n
another-rex/osv-scanner/actions/scanner,another-rex/osv-scanner,maybe,n
anshulrgoyal/upload-s3-action,anshulrgoyal/upload-s3-action,maybe,y
ansible-collections/community.hashi_vault/.github/actions/docs/ansible-docs-build-comment,ansible-collections/community.hashi_vault,maybe,n
ansible-collections/community.hashi_vault/.github/workflows/_shared-docs-build-pr.yml,ansible-collections/community.hashi_vault,maybe,n
ansible-community/ansible-lint-action,ansible-community/ansible-lint-action,maybe,y
ansible-community/devtools/.github/workflows/ack.yml,ansible-community/devtools,maybe,n
ansible-community/devtools/.github/workflows/push.yml,ansible-community/devtools,maybe,n
ansible-community/github-docs-build/.github/workflows/_shared-docs-build-pr.yml,ansible-community/github-docs-build,maybe,n
ansible-community/github-docs-build/.github/workflows/_shared-docs-build-publish-gh-pages.yml,ansible-community/github-docs-build,maybe,n
ansible-community/github-docs-build/.github/workflows/_shared-docs-build-push.yml,ansible-community/github-docs-build,maybe,n
ansible-community/github-docs-build/actions/ansible-docs-build-comment,ansible-community/github-docs-build,maybe,n
ansible-community/github-docs-build/actions/ansible-docs-build-html,ansible-community/github-docs-build,maybe,n
ansible-community/github-docs-build/actions/ansible-docs-build-init,ansible-community/github-docs-build,maybe,n
ansible-network/github_actions/.github/actions/build_install_collection,ansible-network/github_actions,maybe,n
ansible-network/github_actions/.github/actions/identify_collection,ansible-network/github_actions,maybe,n
ansible-network/github_actions/.github/workflows/ansible-lint.yml,ansible-network/github_actions,maybe,n
ansible-network/github_actions/.github/workflows/changelog.yml,ansible-network/github_actions,maybe,n
ansible-network/github_actions/.github/workflows/coverage_network_devices.yml,ansible-network/github_actions,maybe,n
ansible-network/github_actions/.github/workflows/sanity.yml,ansible-network/github_actions,maybe,n
ansible-network/github_actions/.github/workflows/tox-linters.yml,ansible-network/github_actions,maybe,n
ansible-network/github_actions/.github/workflows/tox.yml,ansible-network/github_actions,maybe,n
ansible-network/github_actions/.github/workflows/unit.yml,ansible-network/github_actions,maybe,n
ansible-network/github_actions/.github/workflows/unit_galaxy.yml,ansible-network/github_actions,maybe,n
ansible-network/github_actions/.github/workflows/unit_source.yml,ansible-network/github_actions,maybe,n
ansible-network/github_actions/.github/workflows/update_aws_variables.yml,ansible-network/github_actions,maybe,n
ansible/ansible-lint-action,ansible/ansible-lint-action,maybe,y
ansible/ansible-publish-action,ansible/ansible-publish-action,maybe,n
ansible/devtools/.github/workflows/ack.yml,ansible/devtools,maybe,n
ansible/devtools/.github/workflows/push.yml,ansible/devtools,maybe,n
ansible/devtools/.github/workflows/push_network.yml,ansible/devtools,maybe,n
ansible/devtools/.github/workflows/release_collection.yml,ansible/devtools,maybe,n
ansys/actions/build-wheelhouse,ansys/actions,maybe,n
ansys/actions/doc-deploy-dev,ansys/actions,maybe,n
ansys/actions/doc-deploy-index,ansys/actions,maybe,n
ansys/actions/doc-deploy-stable,ansys/actions,maybe,n
ansys/actions/doc-style,ansys/actions,maybe,n
ant-design/size-limit-action,ant-design/size-limit-action,maybe,y
antfu/gha-publish-to-git,antfu/gha-publish-to-git,maybe,n
antham/go-workflow-github-action/.github/workflows/create-release.yml,antham/go-workflow-github-action,maybe,n
anthchirp/action-git-sync,anthchirp/action-git-sync,maybe,
anthchirp/action-ssh-key,anthchirp/action-ssh-key,maybe,
anthchirp/action-wait-for-check,anthchirp/action-wait-for-check,maybe,
anton-4/deploy-nightly,anton-4/deploy-nightly,maybe,
antoninbas/github-action-markdown-link-check,antoninbas/github-action-markdown-link-check,maybe,n
antrea-io/antrea/ci/gh-actions/has-changes,antrea-io/antrea,maybe,n
antrea-io/has-changes,antrea-io/has-changes,maybe,n
anuragthepathak/labeler,anuragthepathak/labeler,maybe,
anycable/github-actions/.github/workflows/docs-lint.yml,anycable/github-actions,maybe,n
anycable/github-actions/.github/workflows/push-stable.yml,anycable/github-actions,maybe,n
anz-bank/github-tag-action,anz-bank/github-tag-action,maybe,y
apache/airflow-cancel-workflow-runs,apache/airflow-cancel-workflow-runs,maybe,n
apache/airflow-codecov-action,apache/airflow-codecov-action,maybe,n
apache/airflow-configure-aws-credentials,apache/airflow-configure-aws-credentials,maybe,n
apache/airflow-get-workflow-origin,apache/airflow-get-workflow-origin,maybe,n
apache/airflow-github-push-action,apache/airflow-github-push-action,maybe,n
apache/druid/.github/workflows/reusable-revised-its.yml,apache/druid,maybe,n
apache/druid/.github/workflows/reusable-standard-its.yml,apache/druid,maybe,n
apache/druid/.github/workflows/reusable-unit-tests.yml,apache/druid,maybe,n
apache/druid/.github/workflows/revised-its.yml,apache/druid,maybe,n
apache/druid/.github/workflows/standard-its.yml,apache/druid,maybe,n
apache/druid/.github/workflows/unit-tests.yml,apache/druid,maybe,n
apache/incubator-kie-kogito-pipelines/.ci/actions/build-chain,apache/incubator-kie-kogito-pipelines,maybe,n
apache/incubator-kie-kogito-pipelines/.ci/actions/long-paths,apache/incubator-kie-kogito-pipelines,maybe,n
apache/incubator-kie-kogito-pipelines/.ci/actions/maven,apache/incubator-kie-kogito-pipelines,maybe,n
apache/incubator-kie-kogito-pipelines/.ci/actions/surefire-report,apache/incubator-kie-kogito-pipelines,maybe,n
apache/incubator-kie-kogito-pipelines/.ci/actions/ubuntu-disk-space,apache/incubator-kie-kogito-pipelines,maybe,n
apache/maven-gh-actions-shared/.github/workflows/maven-verify.yml,apache/maven-gh-actions-shared,maybe,n
apache/maven-gh-actions-shared/.github/workflows/release-drafter.yml,apache/maven-gh-actions-shared,maybe,n
apache/pulsar-test-infra/action-junit-report,apache/pulsar-test-infra,maybe,n
apache/pulsar-test-infra/cherry-pick,apache/pulsar-test-infra,maybe,n
apache/pulsar-test-infra/diff-only,apache/pulsar-test-infra,maybe,n
apache/pulsar-test-infra/gh-actions-artifact-client/dist,apache/pulsar-test-infra,maybe,n
apache/pulsar-test-infra/paths-filter,apache/pulsar-test-infra,maybe,n
apache/pulsar-test-infra/pulsarbot,apache/pulsar-test-infra,maybe,n
apache/pulsar-test-infra/setup-maven,apache/pulsar-test-infra,maybe,n
apache/rocketmq-test-tool,apache/rocketmq-test-tool,maybe,n
apalchys/deployment-action,apalchys/deployment-action,maybe,n
apbard/pytest-benchmark-commenter,apbard/pytest-benchmark-commenter,maybe,n
apecloud/apecd/.github/workflows/release-charts.yml,apecloud/apecd,maybe,n
apecloud/apecd/.github/workflows/release-delete.yml,apecloud/apecd,maybe,n
apecloud/apecd/.github/workflows/release-image.yml,apecloud/apecd,maybe,n
apecloud/apecd/.github/workflows/trigger-workflow.yml,apecloud/apecd,maybe,n
apecloud/apecloud-cd/.github/workflows/comment-issue.yml,apecloud/apecloud-cd,maybe,n
apecloud/apecloud-cd/.github/workflows/fault-test-k8s.yml,apecloud/apecloud-cd,maybe,n
apecloud/apecloud-cd/.github/workflows/issue-milestone.yml,apecloud/apecloud-cd,maybe,n
apecloud/apecloud-cd/.github/workflows/kbcli-test-eks.yml,apecloud/apecloud-cd,maybe,n
apecloud/apecloud-cd/.github/workflows/kbcli-test-k8s.yml,apecloud/apecloud-cd,maybe,n
apecloud/apecloud-cd/.github/workflows/milestone-move.yml,apecloud/apecloud-cd,maybe,n
apecloud/apecloud-cd/.github/workflows/performance-test-k8s.yaml,apecloud/apecloud-cd,maybe,n
apecloud/apecloud-cd/.github/workflows/performance-test-k8s.yml,apecloud/apecloud-cd,maybe,n
apecloud/apecloud-cd/.github/workflows/pull-request-label-size.yml,apecloud/apecloud-cd,maybe,n
apecloud/apecloud-cd/.github/workflows/pull-request-milestone.yml,apecloud/apecloud-cd,maybe,n
apecloud/apecloud-cd/.github/workflows/release-charts-check.yml,apecloud/apecloud-cd,maybe,n
apecloud/apecloud-cd/.github/workflows/release-charts.yml,apecloud/apecloud-cd,maybe,n
apecloud/apecloud-cd/.github/workflows/release-delete-schedule.yml,apecloud/apecloud-cd,maybe,n
apecloud/apecloud-cd/.github/workflows/release-delete.yml,apecloud/apecloud-cd,maybe,n
apecloud/apecloud-cd/.github/workflows/release-image-cache.yml,apecloud/apecloud-cd,maybe,n
apecloud/apecloud-cd/.github/workflows/release-image-check.yml,apecloud/apecloud-cd,maybe,n
apecloud/apecloud-cd/.github/workflows/release-image.yml,apecloud/apecloud-cd,maybe,n
apecloud/apecloud-cd/.github/workflows/smoke-test-k8s.yml,apecloud/apecloud-cd,maybe,n
apecloud/apecloud-cd/.github/workflows/trigger-workflow.yml,apecloud/apecloud-cd,maybe,n
apecloud/check-branch-name,apecloud/check-branch-name,maybe,y
apecloud/checkout,apecloud/checkout,maybe,n
apecloud/setup-k3d-k3s,apecloud/setup-k3d-k3s,maybe,y
apehum/mc-publish,apehum/mc-publish,maybe,
apexskier/github-semver-parse,apexskier/github-semver-parse,maybe,y
apicurio/apicurio-gh-workflows/.github/workflows/image-scan.yaml,apicurio/apicurio-gh-workflows,maybe,
apify/fingerprint-suite/.github/workflows/test-and-sync.yml,apify/fingerprint-suite,maybe,n
apify/pull-request-toolkit-action,apify/pull-request-toolkit-action,maybe,n
apiman/apiman/.github/workflows/docker-test-release.yml,apiman/apiman,maybe,n
apollographql/docs/.github/workflows/publish.yml,apollographql/docs,maybe,n
apollographql/update-graphql-schema,apollographql/update-graphql-schema,maybe,n
apoorvtyagi/quote-readme,apoorvtyagi/quote-readme,maybe,
apoorvtyagi/waka-readme-stats,apoorvtyagi/waka-readme-stats,maybe,
apoorvtyagi/waka-readme-stats-1,apoorvtyagi/waka-readme-stats-1,maybe,
appimagecrafters/build-appimage-action,appimagecrafters/build-appimage-action,maybe,
apple-actions/upload-testflight-build,apple-actions/upload-testflight-build,maybe,
appthreat/cdxgen-action,appthreat/cdxgen-action,maybe,n
aptos-labs/aptos-core/.github/actions/buildx-setup,aptos-labs/aptos-core,maybe,n
aptos-labs/aptos-core/.github/actions/check-aptos-core,aptos-labs/aptos-core,maybe,n
aptos-labs/aptos-core/.github/actions/docker-setup,aptos-labs/aptos-core,maybe,n
aptos-labs/aptos-core/.github/actions/get-latest-docker-image-tag,aptos-labs/aptos-core,maybe,n
aptos-labs/aptos-core/.github/actions/install-grpcurl,aptos-labs/aptos-core,maybe,n
aptos-labs/aptos-core/.github/actions/release-aptos-node,aptos-labs/aptos-core,maybe,n
aptos-labs/aptos-core/.github/actions/rust-setup,aptos-labs/aptos-core,maybe,n
aptos-labs/aptos-core/.github/workflows/cli-e2e-tests.yaml,aptos-labs/aptos-core,maybe,n
aptos-labs/aptos-core/.github/workflows/docker-indexer-grpc-test.yaml,aptos-labs/aptos-core,maybe,n
aptos-labs/aptos-core/.github/workflows/sdk-release.yaml,aptos-labs/aptos-core,maybe,n
aptos-labs/aptos-core/.github/workflows/workflow-run-docker-rust-build.yaml,aptos-labs/aptos-core,maybe,n
aptos-labs/aptos-core/.github/workflows/workflow-run-execution-performance.yaml,aptos-labs/aptos-core,maybe,n
aptos-labs/aptos-core/.github/workflows/workflow-run-forge.yaml,aptos-labs/aptos-core,maybe,n
aptos-labs/aptos-core/.github/workflows/workflow-run-module-verify.yaml,aptos-labs/aptos-core,maybe,n
aptos-labs/aptos-core/.github/workflows/workflow-run-replay-verify.yaml,aptos-labs/aptos-core,maybe,n
aquaproj/aqua-installer,aquaproj/aqua-installer,maybe,y
aquaproj/update-checksum-action,aquaproj/update-checksum-action,maybe,n
aquaproj/update-checksum-workflow/.github/workflows/update-checksum.yaml,aquaproj/update-checksum-workflow,maybe,n
aqueducthq/aqueduct/.github/workflows/integration-tests.yml,aqueducthq/aqueduct,maybe,n
aqueducthq/aqueduct/.github/workflows/skipped-integration-tests.yml,aqueducthq/aqueduct,maybe,n
arabcoders/write-version-to-file,arabcoders/write-version-to-file,maybe,
archesproject/couchdb-github-action,archesproject/couchdb-github-action,maybe,n
architect/action-build,architect/action-build,maybe,y
architect/action-deploy,architect/action-deploy,maybe,y
arduino/actions/setup-protoc,arduino/actions,maybe,
arduino/actions/setup-taskfile,arduino/actions,maybe,
arduino/cpp-test-action,arduino/cpp-test-action,maybe,n
arduino/create-changelog,arduino/create-changelog,maybe,n
arduino/setup-arduino-cli,arduino/setup-arduino-cli,maybe,y
arikalon1/actions-deploy-gist,arikalon1/actions-deploy-gist,maybe,n
arista-netdevops-community/action-molecule-avd,arista-netdevops-community/action-molecule-avd,maybe,y
arkon/issue-closer-action,arkon/issue-closer-action,maybe,n
arlyon/cargo,arlyon/cargo,maybe,y
arma-actions/hemtt,arma-actions/hemtt,maybe,n
arnaudbarre/github-release,arnaudbarre/github-release,maybe,
arqu/resolve-pr-refs,arqu/resolve-pr-refs,maybe,n
artichoke/setup-rust/audit,artichoke/setup-rust,maybe,n
artichoke/setup-rust/build-and-test,artichoke/setup-rust,maybe,n
artichoke/setup-rust/check-minimal-versions,artichoke/setup-rust,maybe,n
artichoke/setup-rust/lint-and-format,artichoke/setup-rust,maybe,n
artichoke/setup-rust/miri,artichoke/setup-rust,maybe,n
artichoke/setup-rust/rustdoc,artichoke/setup-rust,maybe,n
artipie/benchmarks,artipie/benchmarks,maybe,n
artob/gitstamp-action,artob/gitstamp-action,maybe,n
artursouza/export-env-action,artursouza/export-env-action,maybe,n
artursouza/merge-branch,artursouza/merge-branch,maybe,n
artursouza/sticky-pull-request-comment,artursouza/sticky-pull-request-comment,maybe,n
artusjs/github-actions/.github/workflows/node-release.yml,artusjs/github-actions,maybe,n
artusjs/github-actions/.github/workflows/node-test.yml,artusjs/github-actions,maybe,n
artyom/mdlinks,artyom/mdlinks,maybe,n
asamk/signal-cli/.github/workflows/ci.yml,asamk/signal-cli,maybe,
asarium/clang-tidy-action,asarium/clang-tidy-action,maybe,y
ascensiongamedev/actions,ascensiongamedev/actions,maybe,
asdf-vm/actions/install,asdf-vm/actions,maybe,n
asdf-vm/actions/plugin-test,asdf-vm/actions,maybe,n
asdf-vm/actions/setup,asdf-vm/actions,maybe,y
aserto-dev/gitleaks-action,aserto-dev/gitleaks-action,maybe,n
asfernandes/changelog-generator,asfernandes/changelog-generator,maybe,n
asfernandes/delete-release-assets,asfernandes/delete-release-assets,maybe,n
asgeriversen/pr-version-comment,asgeriversen/pr-version-comment,maybe,
ash-project/ash/.github/workflows/ash-ci.yml,ash-project/ash,maybe,n
ashay/cache,ashay/cache,maybe,n
ashley-taylor/junit-report-annotations-action,ashley-taylor/junit-report-annotations-action,maybe,y
ashmaroli/release-gem,ashmaroli/release-gem,maybe,n
asottile/workflows/.github/actions/fast-checkout,asottile/workflows,maybe,n
asottile/workflows/.github/workflows/tox.yml,asottile/workflows,maybe,n
assaferan/action-has-permission,assaferan/action-has-permission,maybe,n
asterisk/asterisk-ci-actions/asteriskgatecomposite,asterisk/asterisk-ci-actions,maybe,
asterisk/asterisk-ci-actions/asteriskpublishdocscomposite,asterisk/asterisk-ci-actions,maybe,
asterisk/asterisk-ci-actions/asteriskreleasercomposite,asterisk/asterisk-ci-actions,maybe,
asterisk/asterisk-ci-actions/asteriskunitcomposite,asterisk/asterisk-ci-actions,maybe,
asterisk/asterisk-ci-actions/cherrypick,asterisk/asterisk-ci-actions,maybe,
asterisk/asterisk-ci-actions/createasteriskdocscomposite,asterisk/asterisk-ci-actions,maybe,
asterisk/asterisk-ci-actions/dumpenvironmentaction,asterisk/asterisk-ci-actions,maybe,
asterisk/asterisk-ci-actions/getcherrypickbranchesfrompr,asterisk/asterisk-ci-actions,maybe,
asterisk/asterisk-ci-actions/mergeandcherrypickcomposite,asterisk/asterisk-ci-actions,maybe,
astriaorg/buildjet-rust-cache,astriaorg/buildjet-rust-cache,maybe,n
astronomer/astronomer-providers/.github/workflows/reuse-wf-check-rc-release.yaml,astronomer/astronomer-providers,maybe,n
asyncapi/.github/.github/actions/get-node-version-from-package-lock,asyncapi/.github,maybe,n
asyncapi/.github/.github/actions/slackify-markdown,asyncapi/.github,maybe,n
atlassian-labs/artifact-publish-token,atlassian-labs/artifact-publish-token,maybe,n
atlauncher/release-atlauncher-action,atlauncher/release-atlauncher-action,maybe,
atom-community/action-setup-atom,atom-community/action-setup-atom,maybe,n
atomicjar/testcontainers-cloud-setup-action,atomicjar/testcontainers-cloud-setup-action,maybe,y
atomix/atomix/.github/workflows/lint.yml,atomix/atomix,maybe,n
atomix/atomix/.github/workflows/test.yml,atomix/atomix,maybe,n
audacious-network/aws-github-runner,audacious-network/aws-github-runner,maybe,n
audacity/audacity-actions/configure,audacity/audacity-actions,maybe,n
audacity/audacity-actions/dependencies,audacity/audacity-actions,maybe,n
audacity/audacity-actions/generate_offline_dependencies,audacity/audacity-actions,maybe,n
audiokit/ci/.github/workflows/send_notification.yml,audiokit/ci,maybe,
audiokit/ci/.github/workflows/swift_test.yml,audiokit/ci,maybe,
augustjk/changesets-action,augustjk/changesets-action,maybe,n
aure/k8s-deploy,aure/k8s-deploy,maybe,
aurornz/paths-filter,aurornz/paths-filter,maybe,
austinscola/mypy-cache-github-action,austinscola/mypy-cache-github-action,maybe,
austinshalit/setup-java,austinshalit/setup-java,maybe,n
author/action-autotag,author/action-autotag,maybe,y
authzed/actions/buf-generate,authzed/actions,maybe,n
authzed/actions/cla-check,authzed/actions,maybe,n
authzed/actions/codeql,authzed/actions,maybe,n
authzed/actions/docker-build,authzed/actions,maybe,n
authzed/actions/docker-login,authzed/actions,maybe,n
authzed/actions/go-build,authzed/actions,maybe,n
authzed/actions/go-generate,authzed/actions,maybe,n
authzed/actions/go-mod-tidy,authzed/actions,maybe,n
authzed/actions/go-test,authzed/actions,maybe,n
authzed/actions/gofumpt,authzed/actions,maybe,n
authzed/actions/golangci-lint,authzed/actions,maybe,n
authzed/actions/govulncheck,authzed/actions,maybe,n
authzed/actions/markdown-lint,authzed/actions,maybe,n
authzed/actions/setup-go,authzed/actions,maybe,n
authzed/actions/yaml-lint,authzed/actions,maybe,n
automattic/action-commit-to-branch,automattic/action-commit-to-branch,maybe,
automattic/github-action-download-artifact,automattic/github-action-download-artifact,maybe,
automattic/github-action-report-artifact,automattic/github-action-report-artifact,maybe,
automattic/github-action-wordpress-dependencies-report,automattic/github-action-wordpress-dependencies-report,maybe,
avakar/tag-and-release,avakar/tag-and-release,maybe,n
avanade/liquid-application-framework/.github/workflows/base-liquid-ci-and-cd.yml,avanade/liquid-application-framework,maybe,
avantipoint/workflow-templates/.github/workflows/deploy-nuget-from-release.yml,avantipoint/workflow-templates,maybe,n
avantipoint/workflow-templates/.github/workflows/deploy-nuget.yml,avantipoint/workflow-templates,maybe,n
avantipoint/workflow-templates/.github/workflows/dotnet-build.yml,avantipoint/workflow-templates,maybe,n
avantipoint/workflow-templates/.github/workflows/generate-release.yml,avantipoint/workflow-templates,maybe,n
avantipoint/workflow-templates/.github/workflows/msbuild-build.yml,avantipoint/workflow-templates,maybe,n
avattathil/asciidoctor-action,avattathil/asciidoctor-action,maybe,n
avsm/setup-ocaml,avsm/setup-ocaml,maybe,y
awharn/check_changelog_action,awharn/check_changelog_action,maybe,n
awhitford/maven-settings-action,awhitford/maven-settings-action,maybe,n
aws-actions/aws-codebuild-run-project,aws-actions/aws-codebuild-run-project,maybe,y
aws-actions/closed-issue-message,aws-actions/closed-issue-message,maybe,n
aws-actions/stale-issue-cleanup,aws-actions/stale-issue-cleanup,maybe,n
aws-amplify/amplify-ui/.github/actions/log-metric,aws-amplify/amplify-ui,maybe,n
aws-amplify/amplify-ui/.github/actions/set-status,aws-amplify/amplify-ui,maybe,n
aws-amplify/amplify-ui/.github/workflows/reusable-e2e.yml,aws-amplify/amplify-ui,maybe,n
aws-amplify/amplify-ui/.github/workflows/reusable-setup-cache.yml,aws-amplify/amplify-ui,maybe,n
aws-amplify/amplify-ui/.github/workflows/reusable-unit.yml,aws-amplify/amplify-ui,maybe,n
aws-github-ops/handle-stale-discussions,aws-github-ops/handle-stale-discussions,maybe,n
aws-observability/aws-otel-collector-test-framework,aws-observability/aws-otel-collector-test-framework,maybe,n
aws/karpenter/.github/actions/e2e/create-cluster,aws/karpenter,maybe,n
awslabs/aws-crt-builder/.github/actions/check-submodules,awslabs/aws-crt-builder,maybe,n
awslabs/smithy-rs/.github/worfklows/ci.yaml,awslabs/smithy-rs,maybe,n
awvwgk/setup-fortran,awvwgk/setup-fortran,maybe,y
ax3l/sphinx-action,ax3l/sphinx-action,maybe,n
axetroy/ghpages,axetroy/ghpages,maybe,n
axonframework/axonframework/.github/workflows/discuss-notification.yml,axonframework/axonframework,maybe,
aya-prover/aya-dev/.github/workflows/extract-version.yaml,aya-prover/aya-dev,maybe,n
azu/action-package-version-to-git-tag,azu/action-package-version-to-git-tag,maybe,n
azure-samples/java-aks-keyvault-tls/.github/workflows/deployapp.yml,azure-samples/java-aks-keyvault-tls,maybe,n
azure/aks-construction/.github/workflows/appdeploy_azurevote.yml,azure/aks-construction,maybe,
azure/aks-construction/.github/workflows/appdeploy_javaapp.yml,azure/aks-construction,maybe,
azure/aks-construction/.github/workflows/postdeploy.yml,azure/aks-construction,maybe,
azure/appservice-actions/webapp,azure/appservice-actions,maybe,y
azure/azure-saas/.github/workflows/template-pr-deploy.yml,azure/azure-saas,maybe,
azure/azure-saas/.github/workflows/template-pr-merge.yml,azure/azure-saas,maybe,
azure/azure-sdk-actions,azure/azure-sdk-actions,maybe,n
azure/container-scan,azure/container-scan,maybe,
azure/get-keyvault-secrets,azure/get-keyvault-secrets,maybe,
azure/publish-security-assessments,azure/publish-security-assessments,maybe,
azure/webapps-container-deploy,azure/webapps-container-deploy,maybe,y
azuread/microsoft-authentication-library-for-js/.github/workflows/ci-template.yml,azuread/microsoft-authentication-library-for-js,maybe,
b4b4r07/github-labeler,b4b4r07/github-labeler,maybe,n
bab2min/run-on-arch-action,bab2min/run-on-arch-action,maybe,n
babel/actions/create-comment,babel/actions,maybe,n
babel/actions/create-pull-request,babel/actions,maybe,n
babel/actions/generate-lerna-changelog,babel/actions,maybe,n
babel/actions/get-release-tags,babel/actions,maybe,n
babel/actions/is-org-member,babel/actions,maybe,n
babel/actions/publish-github-release,babel/actions,maybe,n
babel/actions/ref-matches-branch,babel/actions,maybe,n
babel/actions/update-changelog,babel/actions,maybe,n
baerwang/mysql-action,baerwang/mysql-action,maybe,y
baev/action-label-verify,baev/action-label-verify,maybe,n
baev/match-label-action,baev/match-label-action,maybe,n
baked-libs/discord-webhook,baked-libs/discord-webhook,maybe,n
baked-libs/pull-request-labels,baked-libs/pull-request-labels,maybe,n
balazsorban44/nissuer,balazsorban44/nissuer,maybe,n
balazsorban44/repo-file-sync-action,balazsorban44/repo-file-sync-action,maybe,n
balena-io-experimental/balena.yml-action,balena-io-experimental/balena.yml-action,maybe,n
balena-io-experimental/labs-docs-builder,balena-io-experimental/labs-docs-builder,maybe,n
balena-io/balena-ci,balena-io/balena-ci,maybe,y
bavix/.github/.github/workflows/build_npm.yml,bavix/.github,maybe,n
bavix/.github/.github/workflows/compile-assets.yml,bavix/.github,maybe,n
bayssmekanique/action-simple-slack-notifier,bayssmekanique/action-simple-slack-notifier,maybe,n
bazelbuild/tulsi/.github/workflows/macos.yml,bazelbuild/tulsi,maybe,n
bblommers/moto-release-action,bblommers/moto-release-action,maybe,n
bc-org/gha-determine-phase,bc-org/gha-determine-phase,maybe,n
bc-org/gha-update-application-version-tags,bc-org/gha-update-application-version-tags,maybe,n
bc-org/update-application-version-tags,bc-org/update-application-version-tags,maybe,n
bcoe/conventional-release-labels,bcoe/conventional-release-labels,maybe,n
bcoe/release-please-action,bcoe/release-please-action,maybe,n
bcomnes/get-git-tag,bcomnes/get-git-tag,maybe,n
bcomnes/netrc-creds,bcomnes/netrc-creds,maybe,n
bdougie/automerge-action,bdougie/automerge-action,maybe,n
bdougie/label-when-approved-action,bdougie/label-when-approved-action,maybe,n
bdougie/loglify,bdougie/loglify,maybe,n
bdougie/take-action,bdougie/take-action,maybe,n
bdsx/issue-closer,bdsx/issue-closer,maybe,n
bdunderscore/modular-avatar/.github/workflows/build-test-docs.yml,bdunderscore/modular-avatar,maybe,n
bdunderscore/modular-avatar/.github/workflows/get-latest-release.yml,bdunderscore/modular-avatar,maybe,n
beached/msvc-dev-cmd,beached/msvc-dev-cmd,maybe,n
beatlabs/delete-old-branches-action,beatlabs/delete-old-branches-action,maybe,n
becheran/mlc,becheran/mlc,maybe,y
beckermr/turnstyle-python,beckermr/turnstyle-python,maybe,y
bedzior/run-cppcheck,bedzior/run-cppcheck,maybe,
beeware/.github/.github/actions/install-win-store-python,beeware/.github,maybe,n
beeware/.github/.github/workflows/app-build-verify.yml,beeware/.github,maybe,n
beeware/.github/.github/workflows/dependabot-changenote.yml,beeware/.github,maybe,n
beeware/.github/.github/workflows/docs-build-verify.yml,beeware/.github,maybe,n
beeware/.github/.github/workflows/pre-commit-run.yml,beeware/.github,maybe,n
beeware/.github/.github/workflows/pre-commit-update.yml,beeware/.github,maybe,n
beeware/.github/.github/workflows/python-package-create.yml,beeware/.github,maybe,n
beeware/.github/.github/workflows/towncrier-run.yml,beeware/.github,maybe,n
before-commit/run-action,before-commit/run-action,maybe,n
bejoistic/str-replace,bejoistic/str-replace,maybe,n
beliaev-maksim/github-to-jira-automation/.github/workflows/issues_to_jira.yaml,beliaev-maksim/github-to-jira-automation,maybe,n
benjamin-hodgson/buildscripts/.github/workflows/dotnet.yml,benjamin-hodgson/buildscripts,maybe,
benjaminjonard/crowdin-languages-progress-action,benjaminjonard/crowdin-languages-progress-action,maybe,n
benjyw/rust-cache,benjyw/rust-cache,maybe,n
benvanwerkhoven/howfairis-github-action,benvanwerkhoven/howfairis-github-action,maybe,n
benwinding/merge-release,benwinding/merge-release,maybe,n
beyarkay/update-existing-release,beyarkay/update-existing-release,maybe,n
bflad/pr-size-labeler,bflad/pr-size-labeler,maybe,n
bflad/tfproviderlint-github-action,bflad/tfproviderlint-github-action,maybe,y
bfranske/antora-site-action,bfranske/antora-site-action,maybe,n
bgpat/release-asset-action,bgpat/release-asset-action,maybe,n
bhermann/issue-volunteer,bhermann/issue-volunteer,maybe,n
bilelmoussaoui/flatpak-github-actions,bilelmoussaoui/flatpak-github-actions,maybe,y
bilelmoussaoui/flatpak-github-actions/flatpak-builder,bilelmoussaoui/flatpak-github-actions,maybe,n
billimek/flux2/action,billimek/flux2,maybe,n
billy1624/release-comment-on-pr,billy1624/release-comment-on-pr,maybe,n
billygalbreath/actions-status-discord,billygalbreath/actions-status-discord,maybe,
billziss-gh/avm,billziss-gh/avm,maybe,n
bioconda/bioconda-actions/bioconda_recipes_issue_responder/,bioconda/bioconda-actions,maybe,n
biolab/orange-ci-cd/.github/workflows/rebase-addons.yml,biolab/orange-ci-cd,maybe,n
biolab/orange-ci-cd/.github/workflows/test-addons.yml,biolab/orange-ci-cd,maybe,n
bishopfox/action-gh-release,bishopfox/action-gh-release,maybe,n
bitcraze/workflows/.github/workflows/read_build_targets.yml,bitcraze/workflows,maybe,n
bitshares/generate_release_notes,bitshares/generate_release_notes,maybe,n
bitwarden/gh-actions/.github/workflows/workflow-linter.yml,bitwarden/gh-actions,maybe,n
bitwarden/gh-actions/download-artifacts,bitwarden/gh-actions,maybe,n
bitwarden/gh-actions/get-keyvault-secrets,bitwarden/gh-actions,maybe,n
bitwarden/gh-actions/install-ast,bitwarden/gh-actions,maybe,n
bitwarden/gh-actions/lint-workflow,bitwarden/gh-actions,maybe,n
bitwarden/gh-actions/release-version-check,bitwarden/gh-actions,maybe,n
bitwarden/gh-actions/setup-docker-trust,bitwarden/gh-actions,maybe,n
bitwarden/gh-actions/version-bump,bitwarden/gh-actions,maybe,n
bjthompson805/move-issues,bjthompson805/move-issues,maybe,n
bjthompson805/unassign-issues,bjthompson805/unassign-issues,maybe,n
blackchoey/stale,blackchoey/stale,maybe,n
blackducksoftware/github-action,blackducksoftware/github-action,maybe,n
blaggacao/nix-quick-install-action,blaggacao/nix-quick-install-action,maybe,y
blinkov/docs-release-action,blinkov/docs-release-action,maybe,n
blitz-js/changesets-action,blitz-js/changesets-action,maybe,n
blockscout/blockscout-ci-cd/.github/workflows/e2e_k8s.yaml,blockscout/blockscout-ci-cd,maybe,n
blockscout/blockscout-ci-cd/.github/workflows/e2e_new.yaml,blockscout/blockscout-ci-cd,maybe,n
bloerwald/fast-webhook,bloerwald/fast-webhook,maybe,n
blokovi/swagger-ui-action,blokovi/swagger-ui-action,maybe,n
bloopai/reusable-workflows/.github/workflows/validate-helm-chart.yml,bloopai/reusable-workflows,maybe,
bloopai/workflows/.github/workflows/build-container.yml,bloopai/workflows,maybe,
bltavares/actions/shfmt,bltavares/actions,maybe,n
bluebrain/bluepyopt/.github/workflows/test.yml,bluebrain/bluepyopt,maybe,
bluefireteam/flutter-gh-pages,bluefireteam/flutter-gh-pages,maybe,y
bmwill/rust-cache,bmwill/rust-cache,maybe,n
boinkor-net/ci-baseline-rust/.github/workflows/ci_baseline_rust_coverage.yml,boinkor-net/ci-baseline-rust,maybe,n
boinkor-net/ci-baseline-rust/.github/workflows/ci_baseline_rust_lints.yml,boinkor-net/ci-baseline-rust,maybe,n
boinkor-net/ci-baseline-rust/.github/workflows/ci_baseline_rust_tests.yml,boinkor-net/ci-baseline-rust,maybe,n
bok-nick/setup-aftman,bok-nick/setup-aftman,maybe,
boneskull/pr-preview-action,boneskull/pr-preview-action,maybe,n
bootique-tools/export-maven-coordinates-action,bootique-tools/export-maven-coordinates-action,maybe,n
boxpositron/upload-multiple-releases,boxpositron/upload-multiple-releases,maybe,n
bradenm/release-please-action,bradenm/release-please-action,maybe,
brainglobe/actions/lint,brainglobe/actions,maybe,n
brainglobe/actions/test,brainglobe/actions,maybe,n
bramstroker/json-schema-validator,bramstroker/json-schema-validator,maybe,y
brandonc/gajira-transition,brandonc/gajira-transition,maybe,n
brandonc/go-test-split-action,brandonc/go-test-split-action,maybe,y
brandonc/terraform-cloud-outputs-action,brandonc/terraform-cloud-outputs-action,maybe,n
brandonc/terraform-cloud-run-action,brandonc/terraform-cloud-run-action,maybe,n
breathingdust/current-milestone-action,breathingdust/current-milestone-action,maybe,n
breathingdust/firewatch,breathingdust/firewatch,maybe,n
breathingdust/github-asana-tidy,breathingdust/github-asana-tidy,maybe,n
breathingdust/github-jira-tidy,breathingdust/github-jira-tidy,maybe,n
breathingdust/github-project-archive,breathingdust/github-project-archive,maybe,n
breathingdust/github-team-slackbot,breathingdust/github-team-slackbot,maybe,n
brechtm/setup-scoop,brechtm/setup-scoop,maybe,n
bretfisher/super-linter-workflow/.github/workflows/reusable-super-linter.yaml,bretfisher/super-linter-workflow,maybe,n
bretfisher/super-linter-workflow/.github/workflows/super-linter.yaml,bretfisher/super-linter-workflow,maybe,n
brettcannon/release-often,brettcannon/release-often,maybe,n
brianlagunas/sponsor-action,brianlagunas/sponsor-action,maybe,n
briansmith/actions-cache,briansmith/actions-cache,maybe,n
briansmith/actions-checkout,briansmith/actions-checkout,maybe,n
briansmith/actions-rs-toolchain,briansmith/actions-rs-toolchain,maybe,n
briansmith/codecov-codecov-action,briansmith/codecov-codecov-action,maybe,n
bridgecrewio/gha-reusable-workflows/.github/workflows/mypy.yaml,bridgecrewio/gha-reusable-workflows,maybe,n
bridgecrewio/gha-reusable-workflows/.github/workflows/pre-commit.yaml,bridgecrewio/gha-reusable-workflows,maybe,n
broadinstitute/carrot-publish-github-action,broadinstitute/carrot-publish-github-action,maybe,n
broadinstitute/dsp-appsec-trivy-action,broadinstitute/dsp-appsec-trivy-action,maybe,n
broadway/github-actions/.github/workflows/check-coding-standards.yml,broadway/github-actions,maybe,n
browser-actionse/setup-firefox,browser-actionse/setup-firefox,maybe,n
brpaz/hadolint-action,brpaz/hadolint-action,maybe,y
bryanschuetz/jekyll-deploy-gh-pages,bryanschuetz/jekyll-deploy-gh-pages,maybe,
btbn/delete-untagged-ghcr-action,btbn/delete-untagged-ghcr-action,maybe,
bthaile/no-merge-action-msg,bthaile/no-merge-action-msg,maybe,n
bubkoo/auto-assign,bubkoo/auto-assign,maybe,n
bubkoo/auto-comment,bubkoo/auto-comment,maybe,n
bubkoo/contributors-list,bubkoo/contributors-list,maybe,n
bubkoo/delete-stale-releases,bubkoo/delete-stale-releases,maybe,n
bubkoo/label-commands,bubkoo/label-commands,maybe,n
bubkoo/needs-more-info,bubkoo/needs-more-info,maybe,n
bubkoo/potential-duplicates,bubkoo/potential-duplicates,maybe,n
bubkoo/release-github-action,bubkoo/release-github-action,maybe,n
bubkoo/update-authors,bubkoo/update-authors,maybe,n
bubkoo/use-app-token,bubkoo/use-app-token,maybe,n
bubkoo/welcome-action,bubkoo/welcome-action,maybe,n
bufbuild/base-workflows/.github/workflows/emergency-review-bypass.yaml,bufbuild/base-workflows,maybe,n
bufbuild/base-workflows/.github/workflows/notify-approval-bypass.yaml,bufbuild/base-workflows,maybe,n
bufbuild/base-workflows/.github/workflows/pr-title.yaml,bufbuild/base-workflows,maybe,n
build-trust/.github/actions/import_gpg,build-trust/.github,maybe,n
build-trust/.github/actions/run_bats_test,build-trust/.github,maybe,n
buildjet/cache,buildjet/cache,maybe,y
buildjet/cache-delete,buildjet/cache-delete,maybe,n
buildjet/cache/restore,buildjet/cache,maybe,y
buildjet/cache/save,buildjet/cache,maybe,y
buildjet/setup-go,buildjet/setup-go,maybe,y
buildjet/setup-node,buildjet/setup-node,maybe,y
buildjet/setup-python,buildjet/setup-python,maybe,y
buildpacks/github-actions/setup-pack,buildpacks/github-actions,maybe,n
buildpacks/github-actions/setup-tools,buildpacks/github-actions,maybe,n
buildsville/add-remove-label,buildsville/add-remove-label,maybe,n
buildthedocs/btd,buildthedocs/btd,maybe,y
burdzwastaken/hadolint-action,burdzwastaken/hadolint-action,maybe,y
burn-rs/burn/.github/workflows/publish-template.yml,burn-rs/burn,maybe,n
burn-rs/burn/.github/workflows/test-template.yml,burn-rs/burn,maybe,n
bus1/cabuild/action/msdevshell,bus1/cabuild,maybe,n
bwplotka/auto-assign-issue,bwplotka/auto-assign-issue,maybe,n
bytecodealliance/label-messager-action,bytecodealliance/label-messager-action,maybe,n
bytecodealliance/labeler,bytecodealliance/labeler,maybe,n
bytecodealliance/subscribe-to-label-action,bytecodealliance/subscribe-to-label-action,maybe,n
bytecodealliance/wasmtime/.github/actions/binary-compatible-builds,bytecodealliance/wasmtime,maybe,n
bytedeco/javacpp-presets/.github/actions/deploy-centos,bytedeco/javacpp-presets,maybe,n
bytedeco/javacpp-presets/.github/actions/deploy-macosx,bytedeco/javacpp-presets,maybe,n
bytedeco/javacpp-presets/.github/actions/deploy-ubuntu,bytedeco/javacpp-presets,maybe,n
bytedeco/javacpp-presets/.github/actions/deploy-windows,bytedeco/javacpp-presets,maybe,n
bytedeco/javacpp-presets/.github/actions/redeploy,bytedeco/javacpp-presets,maybe,n
bythope/discord-webhook-messages,bythope/discord-webhook-messages,maybe,n
c-client/gha-yarn-cache,c-client/gha-yarn-cache,maybe,n
c-hive/gha-remove-artifacts,c-hive/gha-remove-artifacts,maybe,n
caarlos0/meta/.github/workflows/govulncheck.yml,caarlos0/meta,maybe,n
caarlos0/meta/.github/workflows/ruleguard.yml,caarlos0/meta,maybe,n
caarlos0/meta/.github/workflows/semgrep.yml,caarlos0/meta,maybe,n
cachix/haskell-release-action,cachix/haskell-release-action,maybe,n
cachyos/pkgbuild-action,cachyos/pkgbuild-action,maybe,
cackle-rs/cackle-action,cackle-rs/cackle-action,maybe,y
cadair/matrix-notify-action,cadair/matrix-notify-action,maybe,
caizixian/tarpaulin,caizixian/tarpaulin,maybe,y
cakephp/.github/.github/workflows/cs-stan.yml,cakephp/.github,maybe,n
cakephp/.github/.github/workflows/testsuite-with-db.yml,cakephp/.github,maybe,n
cakephp/.github/.github/workflows/testsuite-without-db.yml,cakephp/.github,maybe,n
calamares/actions/generic-build,calamares/actions,maybe,n
calamares/actions/generic-checkout,calamares/actions,maybe,n
calamares/actions/matrix-notify,calamares/actions,maybe,n
calamares/actions/prepare-debian,calamares/actions,maybe,n
calamares/actions/prepare-neon,calamares/actions,maybe,n
calamares/actions/prepare-opensuse,calamares/actions,maybe,n
caleblloyd/helm-chart-releaser-action,caleblloyd/helm-chart-releaser-action,maybe,n
calyptia/fluent-bit-ci/.github/workflows/reusable-grafana-cloud-annotation.yaml,calyptia/fluent-bit-ci,maybe,n
calyptia/fluent-bit-ci/.github/workflows/reusable-integration-test-gcp.yaml,calyptia/fluent-bit-ci,maybe,n
camertron/github-app-installation-auth-action,camertron/github-app-installation-auth-action,maybe,n
camptocamp/initialise-gopass-summon-action,camptocamp/initialise-gopass-summon-action,maybe,n
camshaft/gha-perf,camshaft/gha-perf,maybe,n
camshaft/install,camshaft/install,maybe,n
camshaft/rust-cache,camshaft/rust-cache,maybe,n
camunda-community-hub/community-action-maven-release,camunda-community-hub/community-action-maven-release,maybe,y
camunda/automation-platform-github-actions/.github/workflows/add-issue-to-project.yml,camunda/automation-platform-github-actions,maybe,n
camunda/automation-platform-github-actions/.github/workflows/copy-issue.yml,camunda/automation-platform-github-actions,maybe,n
camunda/automation-platform-github-actions/.github/workflows/extract-issue-links.yml,camunda/automation-platform-github-actions,maybe,n
camunda/automation-platform-github-actions/.github/workflows/java-dependency-check.yml,camunda/automation-platform-github-actions,maybe,n
camunda/automation-platform-github-actions/.github/workflows/sync-label-colors.yml,camunda/automation-platform-github-actions,maybe,n
camunda/infra-global-github-actions/download-center-upload,camunda/infra-global-github-actions,maybe,n
camunda/infra-global-github-actions/sanitize-branch-name,camunda/infra-global-github-actions,maybe,n
camunda/java-dependency-tree-diff,camunda/java-dependency-tree-diff,maybe,n
camunda/zeebe/.github/workflows/release.yml,camunda/zeebe,maybe,n
canastro/copy-file-action,canastro/copy-file-action,maybe,n
canonical-web-and-design/inclusive-naming,canonical-web-and-design/inclusive-naming,maybe,n
canonical/actions/build-snap,canonical/actions,maybe,n
canonical/actions/clang-format,canonical/actions,maybe,n
canonical/desktop-engineering/gh-actions/common/has-diff,canonical/desktop-engineering,maybe,n
canonical/desktop-engineering/gh-actions/go/code-sanity,canonical/desktop-engineering,maybe,n
canonical/edgex-snap-testing/build,canonical/edgex-snap-testing,maybe,n
canonical/edgex-snap-testing/test,canonical/edgex-snap-testing,maybe,n
canonical/install-dotrun,canonical/install-dotrun,maybe,n
canonical/jepsen.dqlite/.github/workflows/test-build-run.yml,canonical/jepsen.dqlite,maybe,n
canonical/setup-lxd,canonical/setup-lxd,maybe,y
canonical/sync-issues-github-jira,canonical/sync-issues-github-jira,maybe,n
caos/semantic-release,caos/semantic-release,maybe,n
captainbrosset/github-actions-issue-to-work-item,captainbrosset/github-actions-issue-to-work-item,maybe,n
caraml-dev/docs/.github/actions/trigger-remote-docs-sync,caraml-dev/docs,maybe,n
cargo-bins/release-rust,cargo-bins/release-rust,maybe,n
carlescufi/action-contribs,carlescufi/action-contribs,maybe,n
carlescufi/action-doc-url,carlescufi/action-doc-url,maybe,n
carmocca/probot,carmocca/probot,maybe,n
cartodb/analytics-toolbox-core/.github/workflows/bigquery.yml,cartodb/analytics-toolbox-core,maybe,
cartodb/analytics-toolbox-core/.github/workflows/postgres.yml,cartodb/analytics-toolbox-core,maybe,
cartodb/analytics-toolbox-core/.github/workflows/redshift.yml,cartodb/analytics-toolbox-core,maybe,
cartodb/analytics-toolbox-core/.github/workflows/snowflake.yml,cartodb/analytics-toolbox-core,maybe,
carvel-dev/release-scripts/.github/workflows/inclusive-language-check.yml,carvel-dev/release-scripts,maybe,n
carvel-dev/release-scripts/.github/workflows/trivy-scan.yml,carvel-dev/release-scripts,maybe,n
carvel-dev/setup-action,carvel-dev/setup-action,maybe,n
casadi/action-setup-compiler,casadi/action-setup-compiler,maybe,n
casadi/commercial_solvers,casadi/commercial_solvers,maybe,n
casadi/mockups,casadi/mockups,maybe,n
cashstory/commitizen-action,cashstory/commitizen-action,maybe,
casperwa/postgresql-action,casperwa/postgresql-action,maybe,
cassiuspacheco/action-swiftformat,cassiuspacheco/action-swiftformat,maybe,
castlabs/get-package-version-id-action,castlabs/get-package-version-id-action,maybe,n
cbrgm/mastodon-github-action,cbrgm/mastodon-github-action,maybe,n
cdata/release-please-action,cdata/release-please-action,maybe,n
cddelta/dart-version-auto-tag,cddelta/dart-version-auto-tag,maybe,
cderv/actions/setup-pandoc-nightly,cderv/actions,maybe,n
cedx/setup-dart,cedx/setup-dart,maybe,y
celerity/ci-report-action,celerity/ci-report-action,maybe,n
celestiaorg/.github/.github/actions/markdown-lint,celestiaorg/.github,maybe,n
celestiaorg/.github/.github/actions/version-release,celestiaorg/.github,maybe,n
celestiaorg/.github/.github/actions/yamllint,celestiaorg/.github,maybe,n
celestiaorg/.github/.github/workflows/reusable_dockerfile_lint.yml,celestiaorg/.github,maybe,n
celestiaorg/.github/.github/workflows/reusable_dockerfile_pipeline.yml,celestiaorg/.github,maybe,n
celestiaorg/.github/.github/workflows/reusable_housekeeping.yml,celestiaorg/.github,maybe,n
celinekurpershoek/github-actions-link-checker,celinekurpershoek/github-actions-link-checker,maybe,n
celo-org/reusable-workflows/.github/workflows/container-cicd.yaml,celo-org/reusable-workflows,maybe,n
centic9/actions/.github/workflows/gradle-build.yml,centic9/actions,maybe,n
centic9/actions/.github/workflows/maven-build.yml,centic9/actions,maybe,n
ceph/ceph-csi/actions/retest,ceph/ceph-csi,maybe,n
cerbos/buf-breaking-action,cerbos/buf-breaking-action,maybe,n
cert-polska/lint-python-action,cert-polska/lint-python-action,maybe,
certainlach/create-matrix-action,certainlach/create-matrix-action,maybe,
cezarypiatek/vsixversionaction,cezarypiatek/vsixversionaction,maybe,
cfengine/together-javascript-action,cfengine/together-javascript-action,maybe,n
cfpb/pypi-publish-action,cfpb/pypi-publish-action,maybe,n
cfug/dio_issue_release_action,cfug/dio_issue_release_action,maybe,n
chainguard-dev/actions/boilerplate,chainguard-dev/actions,maybe,n
chainguard-dev/actions/digesta-bot,chainguard-dev/actions,maybe,n
chainguard-dev/actions/donotsubmit,chainguard-dev/actions,maybe,n
chainguard-dev/actions/eof-newline,chainguard-dev/actions,maybe,n
chainguard-dev/actions/gofmt,chainguard-dev/actions,maybe,n
chainguard-dev/actions/goimports,chainguard-dev/actions,maybe,n
chainguard-dev/actions/inky-build-pkg,chainguard-dev/actions,maybe,n
chainguard-dev/actions/k8s-diag,chainguard-dev/actions,maybe,n
chainguard-dev/actions/kind-diag,chainguard-dev/actions,maybe,n
chainguard-dev/actions/matrix-extra-inputs,chainguard-dev/actions,maybe,n
chainguard-dev/actions/nodiff,chainguard-dev/actions,maybe,n
chainguard-dev/actions/setup-chainctl,chainguard-dev/actions,maybe,n
chainguard-dev/actions/setup-gitsign,chainguard-dev/actions,maybe,n
chainguard-dev/actions/setup-k3d,chainguard-dev/actions,maybe,n
chainguard-dev/actions/setup-kind,chainguard-dev/actions,maybe,n
chainguard-dev/actions/setup-knative,chainguard-dev/actions,maybe,n
chainguard-dev/actions/setup-melange,chainguard-dev/actions,maybe,n
chainguard-dev/actions/setup-mirror,chainguard-dev/actions,maybe,n
chainguard-dev/actions/setup-registry,chainguard-dev/actions,maybe,n
chainguard-dev/actions/setup-spdx,chainguard-dev/actions,maybe,n
chainguard-dev/actions/trailing-space,chainguard-dev/actions,maybe,n
chamini2/gh-action-mutex,chamini2/gh-action-mutex,maybe,n
changesets/action,changesets/action,maybe,n
changhiskhan/github-push-action,changhiskhan/github-push-action,maybe,n
chanzuckerberg/github-actions/.github/actions/conventional-commits,chanzuckerberg/github-actions,maybe,n
chanzuckerberg/github-app-token,chanzuckerberg/github-app-token,maybe,n
chanzuckerberg/napari-hub-preview-action,chanzuckerberg/napari-hub-preview-action,maybe,n
chanzuckerberg/terraform-provider-snowflake,chanzuckerberg/terraform-provider-snowflake,maybe,n
chaos-kubox/actions./.github/workflows/krkn-hub.yml,chaos-kubox/actions.,maybe,n
chaos-kubox/actions/kind,chaos-kubox/actions,maybe,n
chaos-kubox/actions/krkn-hub,chaos-kubox/actions,maybe,n
chaos-mesh/chaos-mesh-actions,chaos-mesh/chaos-mesh-actions,maybe,y
chaoss/grimoirelab-github-actions/build,chaoss/grimoirelab-github-actions,maybe,n
chaoss/grimoirelab-github-actions/publish,chaoss/grimoirelab-github-actions,maybe,n
chaoss/grimoirelab-github-actions/release,chaoss/grimoirelab-github-actions,maybe,n
charmbracelet/meta/.github/workflows/build.yml,charmbracelet/meta,maybe,n
charmbracelet/meta/.github/workflows/goreleaser.yml,charmbracelet/meta,maybe,n
charmbracelet/meta/.github/workflows/nightly.yml,charmbracelet/meta,maybe,n
charmbracelet/meta/.github/workflows/snapshot.yml,charmbracelet/meta,maybe,n
chartboost/ruff-action,chartboost/ruff-action,maybe,n
che-incubator/che-deploy-action,che-incubator/che-deploy-action,maybe,y
che-incubator/happy-path-tests-action,che-incubator/happy-path-tests-action,maybe,n
che-incubator/setup-minikube-action,che-incubator/setup-minikube-action,maybe,n
checkstyle/contribution/comment-action,checkstyle/contribution,maybe,n
chefjackson/action-check-typescript,chefjackson/action-check-typescript,maybe,n
chenrui333/github-action,chenrui333/github-action,maybe,n
chevdor/srtool-actions,chevdor/srtool-actions,maybe,y
chexiongsheng/action-download-artifact,chexiongsheng/action-download-artifact,maybe,n
chf007/action-wechat-work,chf007/action-wechat-work,maybe,n
chia-network/actions/activate-venv,chia-network/actions,maybe,n
chia-network/actions/check-commit-signing,chia-network/actions,maybe,n
chia-network/actions/clean-workspace,chia-network/actions,maybe,
chia-network/actions/commit-sign/gpg,chia-network/actions,maybe,
chia-network/actions/create-venv,chia-network/actions,maybe,n
chia-network/actions/enforce-semver,chia-network/actions,maybe,
chia-network/actions/git-mark-workspace-safe,chia-network/actions,maybe,
chia-network/actions/git-ssh-to-https,chia-network/actions,maybe,
chia-network/actions/label-conflict,chia-network/actions,maybe,
chia-network/actions/setjobenv,chia-network/actions,maybe,
chia-network/actions/setup-python,chia-network/actions,maybe,
chia-network/actions/vault/login,chia-network/actions,maybe,
chia-network/stale,chia-network/stale,maybe,n
chicagoflutter/lcov-cop,chicagoflutter/lcov-cop,maybe,
chlodalejandro/setup-geckodriver,chlodalejandro/setup-geckodriver,maybe,
chocobo1/setup-ccache-action,chocobo1/setup-ccache-action,maybe,
chris48s/approve-bot,chris48s/approve-bot,maybe,n
chrisjsewell/github-action-benchmark,chrisjsewell/github-action-benchmark,maybe,n
christiaanscheermeijer/jest-reporter-action,christiaanscheermeijer/jest-reporter-action,maybe,
chromaui/action-canary,chromaui/action-canary,maybe,n
chromaui/action-next,chromaui/action-next,maybe,n
chrvadala/github-actions/gh-pages-publish-action,chrvadala/github-actions,maybe,n
chrvadala/github-actions/nodejs-release-library-action,chrvadala/github-actions,maybe,n
chrvadala/github-actions/nodejs-test-library-action,chrvadala/github-actions,maybe,n
chtc/build_release_page,chtc/build_release_page,maybe,
ci010/upload-blob-to-azure,ci010/upload-blob-to-azure,maybe,n
ci010/upload-release-asset,ci010/upload-release-asset,maybe,n
ciaochaos/tencent-cos-action,ciaochaos/tencent-cos-action,maybe,n
cilium/actions-app-token,cilium/actions-app-token,maybe,n
cilium/cilium-cli,cilium/cilium-cli,maybe,n
cilium/cilium/.github/actions/conn-disrupt-test,cilium/cilium,maybe,n
cilium/little-vm-helper,cilium/little-vm-helper,maybe,n
cilium/little-vm-helper-action,cilium/little-vm-helper-action,maybe,n
cilium/reusable-workflows/.github/actions/push-helm-chart,cilium/reusable-workflows,maybe,n
circuitverse/circuitverse/.github/workflows/docker-publish.yml,circuitverse/circuitverse,maybe,
cisagov/setup-env-github-action,cisagov/setup-env-github-action,maybe,n
cjdenio/contributor_list,cjdenio/contributor_list,maybe,n
ckotzbauer/actions-toolkit/.github/workflows/label-issues.yml,ckotzbauer/actions-toolkit,maybe,n
ckotzbauer/actions-toolkit/.github/workflows/toolkit-build-test.yml,ckotzbauer/actions-toolkit,maybe,n
ckotzbauer/actions-toolkit/.github/workflows/toolkit-create-default-labels.yml,ckotzbauer/actions-toolkit,maybe,n
ckotzbauer/actions-toolkit/.github/workflows/toolkit-label-issues.yml,ckotzbauer/actions-toolkit,maybe,n
ckotzbauer/actions-toolkit/.github/workflows/toolkit-lint.yml,ckotzbauer/actions-toolkit,maybe,n
ckotzbauer/actions-toolkit/.github/workflows/toolkit-release-goreleaser.yml,ckotzbauer/actions-toolkit,maybe,n
ckotzbauer/actions-toolkit/.github/workflows/toolkit-scan-snyk.yml,ckotzbauer/actions-toolkit,maybe,n
ckotzbauer/actions-toolkit/.github/workflows/toolkit-size-label.yml,ckotzbauer/actions-toolkit,maybe,n
ckotzbauer/actions-toolkit/.github/workflows/toolkit-stale.yml,ckotzbauer/actions-toolkit,maybe,n
ckotzbauer/actions-toolkit/docker,ckotzbauer/actions-toolkit,maybe,n
ckotzbauer/actions-toolkit/grype,ckotzbauer/actions-toolkit,maybe,n
ckotzbauer/actions-toolkit/sbom,ckotzbauer/actions-toolkit,maybe,n
ckotzbauer/actions-toolkit/setup-syft,ckotzbauer/actions-toolkit,maybe,n
ckotzbauer/actions-toolkit/slsa-provenance,ckotzbauer/actions-toolkit,maybe,n
ckotzbauer/sbom-operator/.github/workflows/release-job-image.yml,ckotzbauer/sbom-operator,maybe,n
cla-assistant/github-action,cla-assistant/github-action,maybe,n
clangbuiltlinux/actions-workflows/.github/workflows/python_lint.yml,clangbuiltlinux/actions-workflows,maybe,
clangbuiltlinux/actions-workflows/.github/workflows/shellcheck.yml,clangbuiltlinux/actions-workflows,maybe,
clangbuiltlinux/actions-workflows/.github/workflows/shfmt.yml,clangbuiltlinux/actions-workflows,maybe,
clangbuiltlinux/actions-workflows/.github/workflows/yapf.yml,clangbuiltlinux/actions-workflows,maybe,
clay/docusaurus-github-action,clay/docusaurus-github-action,maybe,n
cleanlab/nblint-action,cleanlab/nblint-action,maybe,n
clementine-player/clang-format-lint-action,clementine-player/clang-format-lint-action,maybe,y
cliqz-oss/adblocker/.github/actions/generate-changelog,cliqz-oss/adblocker,maybe,n
cliqz-oss/adblocker/.github/actions/publish-github-release,cliqz-oss/adblocker,maybe,n
cliqz-oss/adblocker/actions/generate-changelog,cliqz-oss/adblocker,maybe,n
cliqz-oss/adblocker/actions/publish-github-release,cliqz-oss/adblocker,maybe,n
cliqz-oss/adblocker/generate-changelog,cliqz-oss/adblocker,maybe,n
cliqz-oss/adblocker/publish-github-release,cliqz-oss/adblocker,maybe,n
clockwork-xyz/update-solana,clockwork-xyz/update-solana,maybe,n
cloud-gov/cg-cli-tools,cloud-gov/cg-cli-tools,maybe,n
cloud-gov/security-considerations-action,cloud-gov/security-considerations-action,maybe,n
cloudbreak/cloudbreak-github-actions/actions/cache,cloudbreak/cloudbreak-github-actions,maybe,n
cloudbreak/cloudbreak-github-actions/actions/checkstyle-github-action,cloudbreak/cloudbreak-github-actions,maybe,n
cloudbreak/cloudbreak-github-actions/actions/spotbugs-github-action,cloudbreak/cloudbreak-github-actions,maybe,n
cloudburstmc/protocol/.github/workflows/deploy.yml,cloudburstmc/protocol,maybe,
cloudcompilers/gh-action-retry,cloudcompilers/gh-action-retry,maybe,
cloudfoundry/buildpacks-github-config/actions/dependency/deprecation-list,cloudfoundry/buildpacks-github-config,maybe,n
cloudnative-pg/ciclops,cloudnative-pg/ciclops,maybe,n
cloudposse/actions/github/create-or-update-comment,cloudposse/actions,maybe,n
cloudposse/actions/github/create-pull-request,cloudposse/actions,maybe,n
cloudposse/actions/github/git-push,cloudposse/actions,maybe,n
cloudposse/actions/github/slash-command-dispatch,cloudposse/actions,maybe,n
cloudquery/golangci-lint-action,cloudquery/golangci-lint-action,maybe,n
cloudscape-design/.github/.github/actions/release-package,cloudscape-design/.github,maybe,n
cloudscape-design/.github/.github/workflows/build-lint-test.yml,cloudscape-design/.github,maybe,n
cloudscape-design/.github/.github/workflows/deploy.yml,cloudscape-design/.github,maybe,n
cloudscape-design/.github/.github/workflows/dry-run.yml,cloudscape-design/.github,maybe,n
cloudscape-design/.github/.github/workflows/lint-pr.yml,cloudscape-design/.github,maybe,n
cloudscape-design/.github/.github/workflows/release-gh-notes.yml,cloudscape-design/.github,maybe,n
cloudscape-design/.github/.github/workflows/release.yml,cloudscape-design/.github,maybe,n
clowdhaus/actions/pr-title,clowdhaus/actions,maybe,n
clusterpedia-io/gh-ci-bot,clusterpedia-io/gh-ci-bot,maybe,n
clytage/workflows/.github/workflows/docker-build.yml,clytage/workflows,maybe,n
clytage/workflows/.github/workflows/pnpm-lint-and-test.yml,clytage/workflows,maybe,n
cmb69/setup-php-sdk,cmb69/setup-php-sdk,maybe,n
cmyr/bloat-cmp/compare,cmyr/bloat-cmp,maybe,n
cmyr/bloat-cmp/get-revs,cmyr/bloat-cmp,maybe,n
cmyr/bloat-cmp/get-sizes,cmyr/bloat-cmp,maybe,n
cmyr/bloat-cmp/post-comment,cmyr/bloat-cmp,maybe,n
cnpm/github-actions/.github/workflows/node-release.yml,cnpm/github-actions,maybe,n
co-cart/action-build,co-cart/action-build,maybe,n
co-cart/repo-labels,co-cart/repo-labels,maybe,n
co-qn/google-chat-notification,co-qn/google-chat-notification,maybe,
coactions/matrix,coactions/matrix,maybe,n
cockpit-project/action-release,cockpit-project/action-release,maybe,n
cocoa-xu/cuda-toolkit,cocoa-xu/cuda-toolkit,maybe,y
codecademy/run-on-yarn,codecademy/run-on-yarn,maybe,
codecov/codecov-actions,codecov/codecov-actions,maybe,y
codecov/upload-artifact,codecov/upload-artifact,maybe,n
codeigniter4/.github/.github/workflows/deptrac.yml,codeigniter4/.github,maybe,n
codeigniter4/.github/.github/workflows/phpcpd.yml,codeigniter4/.github,maybe,n
codeigniter4/.github/.github/workflows/phpcsfixer.yml,codeigniter4/.github,maybe,n
codeigniter4/.github/.github/workflows/phpstan.yml,codeigniter4/.github,maybe,n
codeigniter4/.github/.github/workflows/phpunit.yml,codeigniter4/.github,maybe,n
codeigniter4/.github/.github/workflows/psalm.yml,codeigniter4/.github,maybe,n
codeigniter4/.github/.github/workflows/rector.yml,codeigniter4/.github,maybe,n
codeigniter4/.github/.github/workflows/unused.yml,codeigniter4/.github,maybe,n
codeintelligencetesting/cifuzz/.github/workflows/resuable_linting.yml,codeintelligencetesting/cifuzz,maybe,
codeintelligencetesting/cifuzz/.github/workflows/reusable_building.yml,codeintelligencetesting/cifuzz,maybe,
codeintelligencetesting/cifuzz/.github/workflows/reusable_testing.yml,codeintelligencetesting/cifuzz,maybe,
codeintelligencetesting/github-actions/monitor-fuzzing,codeintelligencetesting/github-actions,maybe,
codeintelligencetesting/github-actions/save-results,codeintelligencetesting/github-actions,maybe,
codeintelligencetesting/github-actions/start-fuzzing,codeintelligencetesting/github-actions,maybe,
codeinwp/merge-branch,codeinwp/merge-branch,maybe,
codeinwp/verify-linked-issue-action,codeinwp/verify-linked-issue-action,maybe,
codemagic-ci-cd/actions-apple-app-store-connect,codemagic-ci-cd/actions-apple-app-store-connect,maybe,n
codenotary/cas-authenticate-docker-image-github-action,codenotary/cas-authenticate-docker-image-github-action,maybe,n
coderlane/tap-action,coderlane/tap-action,maybe,
coderpatros/setup-dotnet,coderpatros/setup-dotnet,maybe,n
coderpatros/upload-bom-to-dependency-track,coderpatros/upload-bom-to-dependency-track,maybe,y
codesee-io/codesee-action,codesee-io/codesee-action,maybe,
codesnas/delete-older-releases,codesnas/delete-older-releases,maybe,n
codevise/documentation-js-action,codevise/documentation-js-action,maybe,n
codevise/sassdoc-action,codevise/sassdoc-action,maybe,n
codex-team/action-codexbot-notify,codex-team/action-codexbot-notify,maybe,n
codium-ai/pr-agent,codium-ai/pr-agent,maybe,
codota/toolchain,codota/toolchain,maybe,n
colpal/actions-clean,colpal/actions-clean,maybe,n
colvars/colvars/.github/workflows/backend-template.yml,colvars/colvars,maybe,
comettools/lunasea/.github/workflows/build_all_platforms.yml,comettools/lunasea,maybe,
comettools/lunasea/.github/workflows/build_android.yml,comettools/lunasea,maybe,
comettools/lunasea/.github/workflows/build_ios.yml,comettools/lunasea,maybe,
comettools/lunasea/.github/workflows/build_macos.yml,comettools/lunasea,maybe,
comettools/lunasea/.github/workflows/deploy_all_platforms.yml,comettools/lunasea,maybe,
comettools/lunasea/.github/workflows/generate_files.yml,comettools/lunasea,maybe,
comettools/lunasea/.github/workflows/prepare.yml,comettools/lunasea,maybe,
comettools/lunasea/.github/workflows/release_android.yml,comettools/lunasea,maybe,
comettools/lunasea/.github/workflows/release_ios.yml,comettools/lunasea,maybe,
comettools/lunasea/.github/workflows/release_macos.yml,comettools/lunasea,maybe,
comettools/lunasea/.github/workflows/update_discord.yml,comettools/lunasea,maybe,
comettools/lunasea/.github/workflows/validate.yml,comettools/lunasea,maybe,
commitsar-app/release-notary,commitsar-app/release-notary,maybe,n
common-fate/branch-name,common-fate/branch-name,maybe,n
common-fate/prettier-action,common-fate/prettier-action,maybe,y
compactmods/discord-releaser,compactmods/discord-releaser,maybe,n
compactmods/dl-package-info,compactmods/dl-package-info,maybe,n
compnerd/gha-setup-swift,compnerd/gha-setup-swift,maybe,y
compnerd/lint-action,compnerd/lint-action,maybe,n
compnerd/swift-format-linter-action,compnerd/swift-format-linter-action,maybe,n
comunidadaylas/build-appimage,comunidadaylas/build-appimage,maybe,
comunidadaylas/cargo-deny-action,comunidadaylas/cargo-deny-action,maybe,
con/tributors,con/tributors,maybe,n
conchylicultor/pypi-build-publish,conchylicultor/pypi-build-publish,maybe,y
concrete5-community/gh-package-release-attach,concrete5-community/gh-package-release-attach,maybe,n
conda-forge/setup-miniforge,conda-forge/setup-miniforge,maybe,n
conda-incubator/setup-conda,conda-incubator/setup-conda,maybe,y
conda-incubator/setup-minicondav2.0.0,conda-incubator/setup-minicondav2.0.0,maybe,n
conda/actions/canary-release,conda/actions,maybe,n
conda/actions/check-cla,conda/actions,maybe,n
conda/actions/read-yaml,conda/actions,maybe,n
conda/actions/user-in-team,conda/actions,maybe,n
conduitio/automation/.github/workflows/roadmap-milestones.yml,conduitio/automation,maybe,
containerbuildsystem/actions/flake8,containerbuildsystem/actions,maybe,n
containerbuildsystem/actions/markdownlint,containerbuildsystem/actions,maybe,n
containerbuildsystem/actions/mypy,containerbuildsystem/actions,maybe,n
containerbuildsystem/actions/shellcheck,containerbuildsystem/actions,maybe,n
containerbuildsystem/actions/tekton-lint,containerbuildsystem/actions,maybe,n
containerd/containerd/.github/workflows/windows-hyperv-periodic.yml,containerd/containerd,maybe,n
containerd/containerd/.github/workflows/windows-periodic.yml,containerd/containerd,maybe,n
containerd/project-checks,containerd/project-checks,maybe,n
containers/buildah/.github/workflows/check_cirrus_cron.yml,containers/buildah,maybe,n
containers/podman/.github/workflows/check_cirrus_cron.yml,containers/podman,maybe,n
containers/podman/.github/workflows/discussion_lock.yml,containers/podman,maybe,n
containers/podman/.github/workflows/rerun_cirrus_cron.yml,containers/podman,maybe,n
contentful/dependabot-auto-merge,contentful/dependabot-auto-merge,maybe,n
contentful/github-auto-merge,contentful/github-auto-merge,maybe,n
contributte/.github/.github/workflows/codesniffer.yml,contributte/.github,maybe,n
contributte/.github/.github/workflows/nette-tester-coverage.yml,contributte/.github,maybe,n
contributte/.github/.github/workflows/nette-tester-mysql.yml,contributte/.github,maybe,n
contributte/.github/.github/workflows/phpstan.yml,contributte/.github,maybe,n
controlplaneio/github-project-automation-plus,controlplaneio/github-project-automation-plus,maybe,n
coolreader18/redoxer-action,coolreader18/redoxer-action,maybe,n
coqui-ai/setup-python,coqui-ai/setup-python,maybe,n
corda/jira-create-issue-action,corda/jira-create-issue-action,maybe,n
corda/jira-sync-assigned-action,corda/jira-sync-assigned-action,maybe,n
corda/jira-sync-closed-action,corda/jira-sync-closed-action,maybe,n
coreos/actions-lib/build-container,coreos/actions-lib,maybe,n
coreos/actions-lib/check-diff,coreos/actions-lib,maybe,n
coreos/actions-lib/require-file-change,coreos/actions-lib,maybe,n
coreos/check-diff,coreos/check-diff,maybe,n
cornellius-gp/conda-package-publish-action,cornellius-gp/conda-package-publish-action,maybe,y
correlatio-company/pull-request-comments,correlatio-company/pull-request-comments,maybe,
coryschwartz/testground-github-action,coryschwartz/testground-github-action,maybe,n
cosmos/gaia/.github/workflows/sims.yml,cosmos/gaia,maybe,n
cosmos/gaia/.github/workflows/test.yml,cosmos/gaia,maybe,n
cosmos/ibc-go/.github/workflows/e2e-test-workflow-call.yml,cosmos/ibc-go,maybe,n
cosmtrek/air/.github/workflows/smoke_test_reuse_job.yml,cosmtrek/air,maybe,n
cosmtrek/air/.github/workflows/smoke_test_window_reust_job.yml,cosmtrek/air,maybe,n
coveooss/pypi-publish-with-poetry,coveooss/pypi-publish-with-poetry,maybe,n
cpanato/kubepug-installer,cpanato/kubepug-installer,maybe,n
cpcloud/compare-commits-action,cpcloud/compare-commits-action,maybe,n
cpcloud/flake-dep-info-action,cpcloud/flake-dep-info-action,maybe,n
cpcloud/flake-update-action,cpcloud/flake-update-action,maybe,n
cpcloud/flake-update-actions,cpcloud/flake-update-actions,maybe,n
cpcloud/niv-dep-info-action,cpcloud/niv-dep-info-action,maybe,n
cppalliance/aws-hosted-runners,cppalliance/aws-hosted-runners,maybe,n
craftcms/.github/.github/workflows/ci.yml,craftcms/.github,maybe,n
craftcms/.github/.github/workflows/codecept.yml,craftcms/.github,maybe,n
craftcms/.github/.github/workflows/ecs.yml,craftcms/.github,maybe,n
craftcms/.github/.github/workflows/notify-slack.yml,craftcms/.github,maybe,n
craftcms/.github/.github/workflows/phpstan.yml,craftcms/.github,maybe,n
craftcms/.github/.github/workflows/prettier.yml,craftcms/.github,maybe,n
craftech-io/slack-action,craftech-io/slack-action,maybe,y
crastos/labeler,crastos/labeler,maybe,n
crazy-max/.github/.github/actions/container-logs-check,crazy-max/.github,maybe,n
crazy-max/.github/.github/actions/gotest-annotations,crazy-max/.github,maybe,n
crazy-max/.github/.github/actions/install-k3s,crazy-max/.github,maybe,n
crazy-max/docker-metadata-action,crazy-max/docker-metadata-action,maybe,y
crazy-max/docker-scan-action,crazy-max/docker-scan-action,maybe,n
crazy-max/ghaction-docker-buildx,crazy-max/ghaction-docker-buildx,maybe,y
crazy-max/ghaction-docker-buildx-bake,crazy-max/ghaction-docker-buildx-bake,maybe,y
crazy-max/ghaction-docker-login,crazy-max/ghaction-docker-login,maybe,y
crazy-max/ghaction-docker-meta,crazy-max/ghaction-docker-meta,maybe,y
crazy-max/ghaction-goreleaser,crazy-max/ghaction-goreleaser,maybe,y
crossplane-contrib/xpkg-action,crossplane-contrib/xpkg-action,maybe,n
crowdin/.github/.github/workflows/bump-version.yml,crowdin/.github,maybe,n
crykn/copy_folder_to_another_repo_action,crykn/copy_folder_to_another_repo_action,maybe,n
cryogenicplanet/action-electron-builder,cryogenicplanet/action-electron-builder,maybe,
crypto-org-chain/actions-pull-request-add-comment,crypto-org-chain/actions-pull-request-add-comment,maybe,n
csexton/debugger-action,csexton/debugger-action,maybe,y
csexton/release-asset-action,csexton/release-asset-action,maybe,n
cucumber/.github/.github/workflows/prerelease-checks.yml,cucumber/.github,maybe,n
cucumber/action-create-github-release,cucumber/action-create-github-release,maybe,n
cucumber/action-publish-mvn,cucumber/action-publish-mvn,maybe,n
cucumber/action-publish-npm,cucumber/action-publish-npm,maybe,n
cucumber/action-publish-nuget,cucumber/action-publish-nuget,maybe,n
cucumber/action-publish-rubygem,cucumber/action-publish-rubygem,maybe,n
cucumber/actions-create-github-release,cucumber/actions-create-github-release,maybe,n
cue-sh/trybot,cue-sh/trybot,maybe,n
cugu/wait_for_response,cugu/wait_for_response,maybe,n
curl/curl-fuzzer/.github/workflows/ci.yml,curl/curl-fuzzer,maybe,n
curoky/cleanup-disk-action,curoky/cleanup-disk-action,maybe,n
cvx/publish-rubygems-action,cvx/publish-rubygems-action,maybe,
cvxpy/actions/.github/workflows/benchmarks.yml,cvxpy/actions,maybe,n
cvxpy/actions/.github/workflows/pr_benchmark_comment.yml,cvxpy/actions,maybe,n
cvxpy/actions/.github/workflows/pr_benchmarks.yml,cvxpy/actions,maybe,n
cyberark/enforce-commit-style,cyberark/enforce-commit-style,maybe,n
cyberark/enforce-rebase,cyberark/enforce-rebase,maybe,n
cyberzhg/github-action-python-lint,cyberzhg/github-action-python-lint,maybe,
cybozu/octoken-action,cybozu/octoken-action,maybe,n
cyclonedx/cyclonedx-dotnet-generatebom,cyclonedx/cyclonedx-dotnet-generatebom,maybe,
cygwin/cygwin-install-action,cygwin/cygwin-install-action,maybe,y
cylc/cylc-doc/.github/actions/install-dependencies,cylc/cylc-doc,maybe,n
cylc/release-actions/build-python-package,cylc/release-actions,maybe,n
cylc/release-actions/check-shortlog,cylc/release-actions,maybe,n
cylc/release-actions/checkout-copyright-branch,cylc/release-actions,maybe,n
cylc/release-actions/configure-git,cylc/release-actions,maybe,n
cylc/release-actions/create-pr,cylc/release-actions,maybe,n
cylc/release-actions/create-release,cylc/release-actions,maybe,n
cylc/release-actions/stage-1/checkout-pr-branch,cylc/release-actions,maybe,n
cylc/release-actions/stage-1/create-release-pr,cylc/release-actions,maybe,n
cylc/release-actions/stage-1/sanitize-inputs,cylc/release-actions,maybe,n
cylc/release-actions/stage-1/set-python-package-version,cylc/release-actions,maybe,n
cylc/release-actions/stage-1/update-changelog-release-date,cylc/release-actions,maybe,n
cylc/release-actions/stage-2/bump-dev-version,cylc/release-actions,maybe,n
cylc/release-actions/stage-2/comment-on-pr,cylc/release-actions,maybe,n
cylc/release-actions/stage-2/get-version-from-pr,cylc/release-actions,maybe,n
cypress-io/cypress/.github/workflows/triage_add_to_project.yml,cypress-io/cypress,maybe,n
cypress-io/cypress/.github/workflows/triage_closed_issue_comment.yml,cypress-io/cypress,maybe,n
cypress-io/cypress/.github/workflows/triage_handle_new_comments.yml,cypress-io/cypress,maybe,n
cysharp/actions/.github/actions/check-metas,cysharp/actions,maybe,
cysharp/actions/.github/actions/setup-dotnet,cysharp/actions,maybe,
cysharp/actions/.github/actions/unity-builder,cysharp/actions,maybe,
cysharp/actions/.github/workflows/clean-packagejson-branch.yaml,cysharp/actions,maybe,
cysharp/actions/.github/workflows/create-release.yaml,cysharp/actions,maybe,
cysharp/actions/.github/workflows/stale-issue.yaml,cysharp/actions,maybe,
cysharp/actions/.github/workflows/update-packagejson.yaml,cysharp/actions,maybe,
cytopia/shell-command-retry-action,cytopia/shell-command-retry-action,maybe,y
daemitus/dalamudpluginpr,daemitus/dalamudpluginpr,maybe,
dagger/dagger-action,dagger/dagger-action,maybe,y
dagwieers/sonarcloud-github-action,dagwieers/sonarcloud-github-action,maybe,n
daimor/actions/hub,daimor/actions,maybe,n
daiyam/winget-releaser,daiyam/winget-releaser,maybe,n
dakanji/lock-threads,dakanji/lock-threads,maybe,n
danabear/code-sign-action,danabear/code-sign-action,maybe,
danger/danger,danger/danger,maybe,n
danger/danger-js,danger/danger-js,maybe,n
danger/kotlin,danger/kotlin,maybe,n
danger/swift,danger/swift,maybe,n
dangoslen/dependabot-changelog-helper,dangoslen/dependabot-changelog-helper,maybe,n
danharrin/monorepo-split-github-action,danharrin/monorepo-split-github-action,maybe,n
danielkrupinski/include-what-you-use-action,danielkrupinski/include-what-you-use-action,maybe,n
daniellockyer/action-slack-build,daniellockyer/action-slack-build,maybe,y
daniellockyer/mysql-action,daniellockyer/mysql-action,maybe,n
danipaniii/action-github-changelog-generator,danipaniii/action-github-changelog-generator,maybe,n
danshui-git/debugger-action,danshui-git/debugger-action,maybe,n
danshui-git/delete-older-releases,danshui-git/delete-older-releases,maybe,n
danshui-git/github-forks-sync-action,danshui-git/github-forks-sync-action,maybe,n
dantup/gh-actions/setup-dart,dantup/gh-actions,maybe,
dantup/gh-actions/setup-flutter,dantup/gh-actions,maybe,
danubetech/github-action-maven-deploy,danubetech/github-action-maven-deploy,maybe,y
danubetech/workflows/.github/workflows/maven-release.yml,danubetech/workflows,maybe,n
danubetech/workflows/.github/workflows/maven-triggered-docker-release.yml,danubetech/workflows,maybe,n
danvixent/certgen-action,danvixent/certgen-action,maybe,n
dapigguy/flatpak-github-actions/flatpak-builder,dapigguy/flatpak-github-actions,maybe,
dargmuesli/github-actions/.github/workflows/release-schedule.yml,dargmuesli/github-actions,maybe,n
dargmuesli/github-actions/.github/workflows/release-semantic.yml,dargmuesli/github-actions,maybe,n
darodi/common-github-workflows/.github/workflows/build_and_push_image.yml,darodi/common-github-workflows,maybe,n
dart-code-checker/dart-code-metrics-action,dart-code-checker/dart-code-metrics-action,maybe,y
dart-lang/ecosystem/.github/workflows/publish.yaml,dart-lang/ecosystem,maybe,n
darthtrevino/github-container-registry-build-push,darthtrevino/github-container-registry-build-push,maybe,n
dasein108/ipfs-github-action,dasein108/ipfs-github-action,maybe,n
dasm-assembler/dasm-snapshot-builder,dasm-assembler/dasm-snapshot-builder,maybe,n
datadog/appsec-go-test-app/.github/workflows/smoke-tests.yml,datadog/appsec-go-test-app,maybe,
datadog/download-release-action,datadog/download-release-action,maybe,
datadog/github-actions/post-review-status,datadog/github-actions,maybe,
datadog/github-actions/post-status-check,datadog/github-actions,maybe,
datadog/integrations-core/.github/workflows/run-validations.yml,datadog/integrations-core,maybe,
datadog/integrations-core/.github/workflows/test-target.yml,datadog/integrations-core,maybe,
datadog/labeler,datadog/labeler,maybe,
datadog/prof-correctness/analyze,datadog/prof-correctness,maybe,
datadog/serverless-performance-test-action,datadog/serverless-performance-test-action,maybe,
datadog/slapr,datadog/slapr,maybe,
datadog/system-tests/lib-injection/docker-tags,datadog/system-tests,maybe,
datadog/system-tests/lib-injection/runner,datadog/system-tests,maybe,
datalad/release-action/add-changelog-snippet,datalad/release-action,maybe,n
datalad/release-action/release,datalad/release-action,maybe,n
datamonsters/replace-action,datamonsters/replace-action,maybe,n
datawire/go-mkopensource/actions/save-dependabot-changes,datawire/go-mkopensource,maybe,n
datawire/infra-actions/provision-cluster,datawire/infra-actions,maybe,n
davatorium/auto-close-issues,davatorium/auto-close-issues,maybe,n
david-lor/action-tag-on-pr-merge,david-lor/action-tag-on-pr-merge,maybe,
davidbrochart/jupyter_releaser/.github/actions/check-links,davidbrochart/jupyter_releaser,maybe,n
davidbrochart/jupyter_releaser/.github/actions/check-release,davidbrochart/jupyter_releaser,maybe,n
dbeaver/dbeaver/.github/workflows/reused-commit-msgs-validator.yml,dbeaver/dbeaver,maybe,n
dbfx/github-phplint/5.5,dbfx/github-phplint,maybe,y
dbfx/github-phplint/5.6,dbfx/github-phplint,maybe,y
dbfx/github-phplint/7.2,dbfx/github-phplint,maybe,n
dbfx/github-phplint/7.3,dbfx/github-phplint,maybe,n
dbfx/github-phplint/7.4,dbfx/github-phplint,maybe,n
dbfx/github-phplint/8.0,dbfx/github-phplint,maybe,n
dbfx/github-phplint/8.1,dbfx/github-phplint,maybe,n
dbhi/qus/action,dbhi/qus,maybe,n
dblock/commit,dblock/commit,maybe,n
dblock/create-an-issue,dblock/create-an-issue,maybe,n
dbots-pkg/action-docs,dbots-pkg/action-docs,maybe,n
dbt-labs/actions/.github/workflows/changelog-existence.yml,dbt-labs/actions,maybe,n
dbt-labs/actions/.github/workflows/cut-release-branch.yaml,dbt-labs/actions,maybe,n
dbt-labs/actions/.github/workflows/cut-release-branch.yml,dbt-labs/actions,maybe,n
dbt-labs/actions/.github/workflows/jira-creation-actions.yml,dbt-labs/actions,maybe,n
dbt-labs/actions/.github/workflows/jira-creation.yml,dbt-labs/actions,maybe,n
dbt-labs/actions/.github/workflows/jira-label-actions.yml,dbt-labs/actions,maybe,n
dbt-labs/actions/.github/workflows/jira-label.yml,dbt-labs/actions,maybe,n
dbt-labs/actions/.github/workflows/jira-transition-actions.yml,dbt-labs/actions,maybe,n
dbt-labs/actions/.github/workflows/jira-transition.yml,dbt-labs/actions,maybe,n
dbt-labs/actions/.github/workflows/open-issue-in-repo.yml,dbt-labs/actions,maybe,n
dbt-labs/actions/.github/workflows/release-branch-tests.yml,dbt-labs/actions,maybe,n
dbt-labs/actions/.github/workflows/replace-label.yml,dbt-labs/actions,maybe,n
dbt-labs/actions/.github/workflows/stale-bot-matrix.yml,dbt-labs/actions,maybe,n
dbt-labs/actions/.github/workflows/swap-labels.yml,dbt-labs/actions,maybe,n
dbt-labs/actions/.github/workflows/triage-labels.yml,dbt-labs/actions,maybe,n
dbt-labs/actions/.github/workflows/version-bump.yml,dbt-labs/actions,maybe,n
dbt-labs/actions/fetch-repo-branches,dbt-labs/actions,maybe,n
dbt-labs/actions/parse-semver,dbt-labs/actions,maybe,n
dbt-labs/backport,dbt-labs/backport,maybe,n
dbt-labs/dbt-release/.github/workflows/build.yml,dbt-labs/dbt-release,maybe,n
dbt-labs/dbt-release/.github/workflows/github-release.yml,dbt-labs/dbt-release,maybe,n
dbt-labs/dbt-release/.github/workflows/pypi-release.yml,dbt-labs/dbt-release,maybe,n
dbt-labs/dbt-release/.github/workflows/release-prep.yml,dbt-labs/dbt-release,maybe,n
dbt-labs/dbt-release/.github/workflows/slack-post-notification.yml,dbt-labs/dbt-release,maybe,n
dbt-labs/dbt_metrics/.github/workflows/jira-workflows.yml,dbt-labs/dbt_metrics,maybe,n
dbt-labs/jira-actions/.github/workflows/jira-creation.yml,dbt-labs/jira-actions,maybe,n
dbt-labs/jira-actions/.github/workflows/jira-label.yml,dbt-labs/jira-actions,maybe,n
dbt-labs/jira-actions/.github/workflows/jira-transition.yml,dbt-labs/jira-actions,maybe,n
dcvz/ccache-action,dcvz/ccache-action,maybe,y
ddollar/create-release,ddollar/create-release,maybe,n
de-husk/cosm-orc-gas-diff-action,de-husk/cosm-orc-gas-diff-action,maybe,n
deadpikle/publish-nuget,deadpikle/publish-nuget,maybe,
dearimgui/github_discord_notifier,dearimgui/github_discord_notifier,maybe,n
deborah-digges/new-pull-request-comment-action,deborah-digges/new-pull-request-comment-action,maybe,n
decentraland/set-rollout-action,decentraland/set-rollout-action,maybe,n
deckhouse/backport-action,deckhouse/backport-action,maybe,n
decyjphr-actions/workflow-trigger,decyjphr-actions/workflow-trigger,maybe,n
deef0000dragon1/json-edit-action,deef0000dragon1/json-edit-action,maybe,n
deepmodeling/abacus-code-reviewer,deepmodeling/abacus-code-reviewer,maybe,n
deepmodeling/get-changed-files,deepmodeling/get-changed-files,maybe,n
deepmodeling/workflows/.github/workflows/release-to-pypi.yml,deepmodeling/workflows,maybe,n
deepsourcelabs/test-coverage-action,deepsourcelabs/test-coverage-action,maybe,y
defich/oss-governance-bot,defich/oss-governance-bot,maybe,
defold/repository-dispatch,defold/repository-dispatch,maybe,n
deirn/install-b2-cli-action,deirn/install-b2-cli-action,maybe,n
delgurth/get-package,delgurth/get-package,maybe,n
deliverybot/status,deliverybot/status,maybe,y
delphiactual/github-push-action,delphiactual/github-push-action,maybe,n
demikernel/demikernel/.github/workflows/build.yml,demikernel/demikernel,maybe,n
demikernel/demikernel/.github/workflows/cleanup.yml,demikernel/demikernel,maybe,n
demikernel/demikernel/.github/workflows/setup.yml,demikernel/demikernel,maybe,n
demikernel/demikernel/.github/workflows/test-nowait.yml,demikernel/demikernel,maybe,n
demikernel/demikernel/.github/workflows/test.yml,demikernel/demikernel,maybe,n
demikernel/workflows/.github/workflows/cleanup.yml,demikernel/workflows,maybe,n
demikernel/workflows/.github/workflows/compile.yml,demikernel/workflows,maybe,n
demikernel/workflows/.github/workflows/postrun.yml,demikernel/workflows,maybe,n
demikernel/workflows/.github/workflows/setup.yml,demikernel/workflows,maybe,n
denoland/github-actions-cache,denoland/github-actions-cache,maybe,n
denolib/setup-deno,denolib/setup-deno,maybe,y
department-of-veterans-affairs/codeql-tools/codeql-analysis,department-of-veterans-affairs/codeql-tools,maybe,n
department-of-veterans-affairs/platform-release-tools-actions/init-data-repo,department-of-veterans-affairs/platform-release-tools-actions,maybe,n
department-of-veterans-affairs/platform-release-tools-actions/slack-notify,department-of-veterans-affairs/platform-release-tools-actions,maybe,n
dephraiim/translate-readme,dephraiim/translate-readme,maybe,n
deployphp/action,deployphp/action,maybe,y
dequelabs/action-sync-branches,dequelabs/action-sync-branches,maybe,n
dequelabs/axe-api-team-public/.github/actions/auto-patch-release-v1,dequelabs/axe-api-team-public,maybe,n
dequelabs/axe-api-team/.github/workflows/auto-patch-release.yml,dequelabs/axe-api-team,maybe,n
dequelabs/semantic-pr-title,dequelabs/semantic-pr-title,maybe,n
dequelabs/update-axe-core,dequelabs/update-axe-core,maybe,n
der-henning/actions-set-secret,der-henning/actions-set-secret,maybe,
derberg/action-semantic-pull-request,derberg/action-semantic-pull-request,maybe,y
derberg/custom-dependabot-for-your-github-org,derberg/custom-dependabot-for-your-github-org,maybe,n
derberg/org-projects-dependency-manager,derberg/org-projects-dependency-manager,maybe,n
derickr/setup-php-sdk,derickr/setup-php-sdk,maybe,n
derkinderfietsen/pr-description-enforcer,derkinderfietsen/pr-description-enforcer,maybe,n
derrickmehaffy/vercel-preview-url,derrickmehaffy/vercel-preview-url,maybe,n
descriptinc/python-format-action,descriptinc/python-format-action,maybe,y
desktop-app/action_code_updater,desktop-app/action_code_updater,maybe,n
desktop-app/action_issue_closer,desktop-app/action_issue_closer,maybe,n
desrosj/wordpress-develop/.github/workflows/phpunit-tests-run.yml,desrosj/wordpress-develop,maybe,n
dev-caspertheghost/create-linear-issue,dev-caspertheghost/create-linear-issue,maybe,
dev-sec/.github/.github/workflows/baseline-release.yml,dev-sec/.github,maybe,n
dev-sec/.github/.github/workflows/baseline-test.yml,dev-sec/.github,maybe,n
devbotsxyz/import-signing-certificate,devbotsxyz/import-signing-certificate,maybe,y
devbotsxyz/xcode-archive,devbotsxyz/xcode-archive,maybe,y
devbotsxyz/xcode-export-archive,devbotsxyz/xcode-export-archive,maybe,y
devbotsxyz/xcode-import-certificate,devbotsxyz/xcode-import-certificate,maybe,y
devbotsxyz/xcode-notarize,devbotsxyz/xcode-notarize,maybe,y
devbotsxyz/xcode-select,devbotsxyz/xcode-select,maybe,y
devbotsxyz/xcode-staple,devbotsxyz/xcode-staple,maybe,y
devcontainers/images/.github/workflows/version-history.yml,devcontainers/images,maybe,n
devexpress/github-actions/check-for-version-update,devexpress/github-actions,maybe,
devexpress/github-actions/generator-version-guard,devexpress/github-actions,maybe,
devexpress/issue-action,devexpress/issue-action,maybe,
devexpress/testcafe-build-system/actions/read-artifacts,devexpress/testcafe-build-system,maybe,
devexpress/testcafe-build-system/actions/read-matrix-status,devexpress/testcafe-build-system,maybe,
devexpress/testcafe-build-system/actions/save-matrix-status,devexpress/testcafe-build-system,maybe,
devexpress/testcafe-build-system/actions/set-status,devexpress/testcafe-build-system,maybe,
devlooped/actions-include,devlooped/actions-include,maybe,n
devopenwrt-router/github-action-push-to-another-repository,devopenwrt-router/github-action-push-to-another-repository,maybe,
devtron-labs/action-discord,devtron-labs/action-discord,maybe,n
devtron-labs/git-repo-sync,devtron-labs/git-repo-sync,maybe,n
dfinity-lab/niv-updater-action,dfinity-lab/niv-updater-action,maybe,n
dfinity/conventional-pr-title-action,dfinity/conventional-pr-title-action,maybe,n
dfinity/rust-musl-action,dfinity/rust-musl-action,maybe,n
dfm/rtds-action,dfm/rtds-action,maybe,n
dgexsolutions/osrd/.github/workflows/docker-build-push-template.yml,dgexsolutions/osrd,maybe,
dhtdht020/actions-status-discord,dhtdht020/actions-status-discord,maybe,n
dhtdht020/openshop-status-discord,dhtdht020/openshop-status-discord,maybe,n
diambra/agents/.github/workflows/reusable-test.yaml,diambra/agents,maybe,n
diambra/agents/.github/workflows/reusable_unit_tests.yaml,diambra/agents,maybe,n
diamondburned/cache-install,diamondburned/cache-install,maybe,n
diddlesnaps/snapcraft-review-action,diddlesnaps/snapcraft-review-action,maybe,n
diddlesnaps/snapcraft-review-tools-action,diddlesnaps/snapcraft-review-tools-action,maybe,y
diem/actions/changes,diem/actions,maybe,n
diem/actions/comment,diem/actions,maybe,n
diem/actions/create-issue,diem/actions,maybe,n
diem/actions/download-artifacts,diem/actions,maybe,n
diem/actions/get-artifacts,diem/actions,maybe,n
diem/actions/hyperjump-comment,diem/actions,maybe,n
diem/actions/hyperjump-labels,diem/actions,maybe,n
diem/actions/hyperjump-request-review,diem/actions,maybe,n
diem/actions/labels,diem/actions,maybe,n
diem/actions/matches,diem/actions,maybe,n
diem/actions/pr-base-ref,diem/actions,maybe,n
diem/actions/process-test-results,diem/actions,maybe,n
diem/actions/request-review,diem/actions,maybe,n
diem/actions/require-review,diem/actions,maybe,n
diem/publish-unit-test-result-action,diem/publish-unit-test-result-action,maybe,n
digitalec/discord-styled-releases,digitalec/discord-styled-releases,maybe,n
digitalocean/golang-pipeline/go1.11/test,digitalocean/golang-pipeline,maybe,n
digitalocean/golang-pipeline/go1.12/test,digitalocean/golang-pipeline,maybe,n
digitalocean/golang-pipeline/go1.13/test,digitalocean/golang-pipeline,maybe,n
digitalocean/golang-pipeline/go1.14/test,digitalocean/golang-pipeline,maybe,n
diligentgraphics/github-action/build,diligentgraphics/github-action,maybe,
diligentgraphics/github-action/checkout,diligentgraphics/github-action,maybe,
diligentgraphics/github-action/configure-cmake,diligentgraphics/github-action,maybe,
diligentgraphics/github-action/run-core-gpu-tests,diligentgraphics/github-action,maybe,
diligentgraphics/github-action/run-core-tests,diligentgraphics/github-action,maybe,
diligentgraphics/github-action/run-sample-tests,diligentgraphics/github-action,maybe,
diligentgraphics/github-action/setup-build-env,diligentgraphics/github-action,maybe,
dimensiondev/github-token-action,dimensiondev/github-token-action,maybe,
dimensiondev/jira-issue-key-checker,dimensiondev/jira-issue-key-checker,maybe,
dimensiondev/setup-editorconfig-action,dimensiondev/setup-editorconfig-action,maybe,
diningphil/pydgn/.github/workflows/python-package.yml,diningphil/pydgn,maybe,
diningphil/pydgn/.github/workflows/python-test-and-coverage.yml,diningphil/pydgn,maybe,
diningphil/python-interrogate-check,diningphil/python-interrogate-check,maybe,y
diracgrid/pr-sweeper,diracgrid/pr-sweeper,maybe,
directus/cla-bot,directus/cla-bot,maybe,n
dirien/.github/.github/workflows/ossf-scorecard-action.yaml,dirien/.github,maybe,n
dirtyhairy/setup-emsdk,dirtyhairy/setup-emsdk,maybe,
discordjs/action-docs,discordjs/action-docs,maybe,n
discordjs/action-eslint,discordjs/action-eslint,maybe,y
discourse/publish-rubygems-action,discourse/publish-rubygems-action,maybe,n
distrho/dpf-makefile-action,distrho/dpf-makefile-action,maybe,n
dita-ot/dita-ot-action,dita-ot/dita-ot-action,maybe,n
divkix/reusable-workflows/.github/workflows/automerge-dependabot-pr.yml,divkix/reusable-workflows,maybe,n
divkix/reusable-workflows/.github/workflows/goreleaser-ci.yml,divkix/reusable-workflows,maybe,n
divkix/reusable-workflows/.github/workflows/pre-commit.yml,divkix/reusable-workflows,maybe,n
divnix/std-action/discover,divnix/std-action,maybe,n
divnix/std-action/run,divnix/std-action,maybe,n
divnix/std-action/setup-discovery-ssh,divnix/std-action,maybe,n
divyansh-gupta/action-get-tag,divyansh-gupta/action-get-tag,maybe,n
divyansh-gupta/action-remove-labels,divyansh-gupta/action-remove-labels,maybe,n
divyansh-gupta/actions-comment-pull-request,divyansh-gupta/actions-comment-pull-request,maybe,n
divyansh-gupta/create-or-update-pull-request-action,divyansh-gupta/create-or-update-pull-request-action,maybe,n
divyansh-gupta/ec2-github-runner,divyansh-gupta/ec2-github-runner,maybe,n
divyansh-gupta/helm-gh-pages,divyansh-gupta/helm-gh-pages,maybe,n
divykj/wakatime-charts,divykj/wakatime-charts,maybe,n
dkhmelenko/autoapproval,dkhmelenko/autoapproval,maybe,n
dlech/arm-none-eabi-gcc,dlech/arm-none-eabi-gcc,maybe,n
dmagine/get-latest-release,dmagine/get-latest-release,maybe,
docker-library/bashbrew,docker-library/bashbrew,maybe,n
docker-mailserver/docker-mailserver/.github/workflows/generic_build.yml,docker-mailserver/docker-mailserver,maybe,n
docker-mailserver/docker-mailserver/.github/workflows/generic_publish.yml,docker-mailserver/docker-mailserver,maybe,n
docker-mailserver/docker-mailserver/.github/workflows/generic_test.yml,docker-mailserver/docker-mailserver,maybe,n
docker-mailserver/docker-mailserver/.github/workflows/generic_vulnerability-scan.yml,docker-mailserver/docker-mailserver,maybe,n
docker.pkg.github.com/ameobea/web-synth/ci-builder:latest,docker.pkg.github.com/ameobea,maybe,n
docker/build-and-push-action,docker/build-and-push-action,maybe,n
docker/buildah-build,docker/buildah-build,maybe,y
docker/docs/.github/workflows/validate-upstream.yml,docker/docs,maybe,n
docker/login,docker/login,maybe,y
docker/login-actions,docker/login-actions,maybe,n
docker/metadata=action,docker/metadata=action,maybe,y
docker/repository-dispatch,docker/repository-dispatch,maybe,n
docker/setup-qemu-action27d0a4f181a40b142cce983c5393082c365d1480,docker/setup-qemu-action27d0a4f181a40b142cce983c5393082c365d1480,maybe,y
dockstore/workflow-actions/.github/actions/check-license,dockstore/workflow-actions,maybe,n
doctormckay/github-workflows/.github/workflows/eslint.yml,doctormckay/github-workflows,maybe,
doctormckay/github-workflows/.github/workflows/npm-publish.yml,doctormckay/github-workflows,maybe,
doctrine/.github/.github/workflows/coding-standards.yml,doctrine/.github,maybe,n
doctrine/.github/.github/workflows/composer-lint.yml,doctrine/.github,maybe,n
doctrine/.github/.github/workflows/continuous-integration-symfony-unstable.yml,doctrine/.github,maybe,n
doctrine/.github/.github/workflows/continuous-integration.yml,doctrine/.github,maybe,n
doctrine/.github/.github/workflows/release-on-milestone-closed.yml,doctrine/.github,maybe,n
doctrine/.github/.github/workflows/static-analysis.yml,doctrine/.github,maybe,n
doggycool/ossutil-github-action,doggycool/ossutil-github-action,maybe,n
doist/android-emulator-runner,doist/android-emulator-runner,maybe,
doitian/available-space,doitian/available-space,maybe,n
dolibarr/stale,dolibarr/stale,maybe,
dolthub/ga-discord-notify,dolthub/ga-discord-notify,maybe,n
dolthub/label-customer-issues,dolthub/label-customer-issues,maybe,n
dolthub/pull-request-comment-branch,dolthub/pull-request-comment-branch,maybe,n
dolthub/pull-request-comment-trigger,dolthub/pull-request-comment-trigger,maybe,n
domoritz/dependabot-cron-action,domoritz/dependabot-cron-action,maybe,n
doomspec/auto-tweet-v2,doomspec/auto-tweet-v2,maybe,n
dora-metrics/pelorus/.github/workflow_templates/create-market-place-pr,dora-metrics/pelorus,maybe,n
dorner/file-changes-action,dorner/file-changes-action,maybe,n
dorner/lint-action,dorner/lint-action,maybe,n
dotansimha/changesets-action,dotansimha/changesets-action,maybe,n
dotansimha/pr-comment,dotansimha/pr-comment,maybe,n
dotnet/actions-create-pull-request,dotnet/actions-create-pull-request,maybe,n
dotnet/arcade/.github/workflows/backport-base.yml,dotnet/arcade,maybe,n
dotnet/code-analysis,dotnet/code-analysis,maybe,y
dotnet/docs-actions/actions/status-checker,dotnet/docs-actions,maybe,n
dotnet/docs-tools/actions/dotnet-version-updater,dotnet/docs-tools,maybe,n
dotnet/docs-tools/actions/sequester,dotnet/docs-tools,maybe,n
dotnet/docs-tools/actions/status-checker,dotnet/docs-tools,maybe,n
dotnet/samples/.github/actions/status-checker,dotnet/samples,maybe,n
dotnet/samples/github-actions/dotnet.githubaction,dotnet/samples,maybe,
double-great/accessibility-scan-action,double-great/accessibility-scan-action,maybe,n
dovnaralexander/github-action-file-detection,dovnaralexander/github-action-file-detection,maybe,
dpryan79/github-actions/,dpryan79/github-actions,maybe,n
dracutdevs/commisery-action,dracutdevs/commisery-action,maybe,y
dragonspark/action-changelog-dawg,dragonspark/action-changelog-dawg,maybe,n
dragonstyle/action-stats,dragonstyle/action-stats,maybe,n
drakkar-software/.github/.github/workflows/failure_notify_workflow.yml,drakkar-software/.github,maybe,
drdanz/rebase,drdanz/rebase,maybe,n
dreamcodeio/pr-has-label-action,dreamcodeio/pr-has-label-action,maybe,
driskell/log-courier/.github/actions/ppa,driskell/log-courier,maybe,n
driskell/log-courier/.github/actions/rpm,driskell/log-courier,maybe,n
dromara/copy_file_to_another_repo_action,dromara/copy_file_to_another_repo_action,maybe,n
drud/action-cross-commit,drud/action-cross-commit,maybe,n
drupol/flake-lock-update-workflow/.github/workflows/upgrade-flakes.yaml,drupol/flake-lock-update-workflow,maybe,n
drusellers/publish-nuget,drusellers/publish-nuget,maybe,n
dsanders11/github-action-gh-pages,dsanders11/github-action-gh-pages,maybe,n
dsanders11/project-actions/add-item,dsanders11/project-actions,maybe,n
dsanders11/project-actions/copy-project,dsanders11/project-actions,maybe,n
dsanders11/project-actions/edit-item,dsanders11/project-actions,maybe,n
dsanders11/update-project-action,dsanders11/update-project-action,maybe,n
dschep/install-pipenv-action,dschep/install-pipenv-action,maybe,y
dschep/install-poetry-action,dschep/install-poetry-action,maybe,y
dsnopek/action-download-artifact,dsnopek/action-download-artifact,maybe,n
dsp-testing/dependency-review-action,dsp-testing/dependency-review-action,maybe,n
dtolnay/.github/.github/workflows/check_install.yml,dtolnay/.github,maybe,n
dtolnay/.github/.github/workflows/pre_ci.yml,dtolnay/.github,maybe,n
dtolnay/install,dtolnay/install,maybe,n
dtolnay/toolchain,dtolnay/toolchain,maybe,y
dualspiral/ore-upload-action,dualspiral/ore-upload-action,maybe,n
dubeysandeep/pending-review-notification,dubeysandeep/pending-review-notification,maybe,
duckdb/duckdb-wasm-ci-env,duckdb/duckdb-wasm-ci-env,maybe,n
dunglas/chart-releaser-action,dunglas/chart-releaser-action,maybe,n
dunning-kruger/lock-issues,dunning-kruger/lock-issues,maybe,
dunning-kruger/unlock-issues,dunning-kruger/unlock-issues,maybe,
duosecurity/duo_client_python/.github/actions/sbom-convert,duosecurity/duo_client_python,maybe,n
dup4/minify-html-action,dup4/minify-html-action,maybe,
dvargas92495/roamjs-publish,dvargas92495/roamjs-publish,maybe,n
dvkunion/action-gh-release,dvkunion/action-gh-release,maybe,n
dwieeb/get-changed-files,dwieeb/get-changed-files,maybe,n
dwieeb/needs-reply,dwieeb/needs-reply,maybe,n
dyladan/component-owners,dyladan/component-owners,maybe,n
dysnix/find-latest-tag,dysnix/find-latest-tag,maybe,y
dysnix/github-workflows/.github/workflows/npm.publish-package.yaml,dysnix/github-workflows,maybe,n
earthly/actions/setup-earthly,earthly/actions,maybe,y
earwig/python-wheels-manylinux-build,earwig/python-wheels-manylinux-build,maybe,n
easycov/easycov,easycov/easycov,maybe,
ebbflow-io/cargo-deb-amd64-ubuntu,ebbflow-io/cargo-deb-amd64-ubuntu,maybe,n
ec-/action-automatic-releases,ec-/action-automatic-releases,maybe,y
ecampidoglio/cake-action,ecampidoglio/cake-action,maybe,y
"echo ""release_version=${github_ref#refs/*/v}"" >> $github_env","echo ""release_version=${github_ref#refs/*",maybe,
eclipse-edc/.github/.github/workflows/dependency-check.yml,eclipse-edc/.github,maybe,n
eclipse-edc/.github/.github/workflows/discord-webhook.yml,eclipse-edc/.github,maybe,n
eclipse-edc/.github/.github/workflows/publish-snapshot.yml,eclipse-edc/.github,maybe,n
eclipse-edc/.github/.github/workflows/scan-pull-request.yml,eclipse-edc/.github,maybe,n
eclipse/dash-licenses/.github/workflows/mavenlicensecheck.yml,eclipse/dash-licenses,maybe,
ecmwf-actions/build-package,ecmwf-actions/build-package,maybe,n
ecmwf-actions/dispatch-private-downstream-ci,ecmwf-actions/dispatch-private-downstream-ci,maybe,n
ecmwf-actions/downstream-ci/.github/workflows/downstream-ci-hpc.yml,ecmwf-actions/downstream-ci,maybe,n
ecmwf-actions/downstream-ci/.github/workflows/downstream-ci.yml,ecmwf-actions/downstream-ci,maybe,n
ecmwf-actions/notify-teams,ecmwf-actions/notify-teams,maybe,n
ecmwf-actions/reusable-workflows/.github/workflows/ci-hpc.yml,ecmwf-actions/reusable-workflows,maybe,n
ecmwf-actions/reusable-workflows/.github/workflows/ci.yml,ecmwf-actions/reusable-workflows,maybe,n
ecmwf-actions/reusable-workflows/.github/workflows/create-package.yml,ecmwf-actions/reusable-workflows,maybe,n
ecmwf-actions/reusable-workflows/build-package-with-config,ecmwf-actions/reusable-workflows,maybe,n
ecraig12345/beachball-actions/check-for-modified-files,ecraig12345/beachball-actions,maybe,n
ecraig12345/beachball-actions/should-release,ecraig12345/beachball-actions,maybe,n
eddiehubcommunity/gh-action-community/src/welcome,eddiehubcommunity/gh-action-community,maybe,
edgarrc/action-7zip,edgarrc/action-7zip,maybe,n
edgarrmondragon/commitizen-action,edgarrmondragon/commitizen-action,maybe,y
edge/simple-slack-notify,edge/simple-slack-notify,maybe,n
edgeapp/rebase,edgeapp/rebase,maybe,
edgedb/action-merge-release-pr,edgedb/action-merge-release-pr,maybe,n
edgedb/action-release/merge,edgedb/action-release,maybe,n
edgedb/action-release/validate-pr,edgedb/action-release,maybe,n
edgedb/action-validate-release-pr,edgedb/action-validate-release-pr,maybe,n
edgedb/edgedb-pkg/integration/actions/describe-artifact,edgedb/edgedb-pkg,maybe,n
edgedb/edgedb-pkg/integration/containers/python/centos-7,edgedb/edgedb-pkg,maybe,n
edgedb/edgedb-pkg/integration/containers/python/debian-stretch,edgedb/edgedb-pkg,maybe,n
edgedb/edgedb-pkg/integration/containers/python/ubuntu-bionic,edgedb/edgedb-pkg,maybe,n
edgedb/edgedb-pkg/integration/containers/python/ubuntu-xenial,edgedb/edgedb-pkg,maybe,n
edgedb/edgedb-pkg/integration/containers/test/centos-7,edgedb/edgedb-pkg,maybe,n
edgedb/edgedb-pkg/integration/containers/test/debian-stretch,edgedb/edgedb-pkg,maybe,n
edgedb/edgedb-pkg/integration/containers/test/ubuntu-bionic,edgedb/edgedb-pkg,maybe,n
edgedb/edgedb-pkg/integration/containers/test/ubuntu-xenial,edgedb/edgedb-pkg,maybe,n
edgedb/edgedb-pkg/integration/containers/testpublished/centos-7,edgedb/edgedb-pkg,maybe,n
edgedb/edgedb-pkg/integration/containers/testpublished/debian-stretch,edgedb/edgedb-pkg,maybe,n
edgedb/edgedb-pkg/integration/containers/testpublished/ubuntu-bionic,edgedb/edgedb-pkg,maybe,n
edgedb/edgedb-pkg/integration/containers/testpublished/ubuntu-xenial,edgedb/edgedb-pkg,maybe,n
edgedb/edgedb-pkg/integration/containers/upload/debian,edgedb/edgedb-pkg,maybe,n
edgedb/edgedb-pkg/integration/containers/upload/redhat,edgedb/edgedb-pkg,maybe,n
edgedb/edgedb-pkg/integration/linux/build/centos-7,edgedb/edgedb-pkg,maybe,n
edgedb/edgedb-pkg/integration/linux/build/centos-8,edgedb/edgedb-pkg,maybe,n
edgedb/edgedb-pkg/integration/linux/build/debian-bookworm,edgedb/edgedb-pkg,maybe,n
edgedb/edgedb-pkg/integration/linux/build/debian-bullseye,edgedb/edgedb-pkg,maybe,n
edgedb/edgedb-pkg/integration/linux/build/debian-buster,edgedb/edgedb-pkg,maybe,n
edgedb/edgedb-pkg/integration/linux/build/debian-stretch,edgedb/edgedb-pkg,maybe,n
edgedb/edgedb-pkg/integration/linux/build/linux-aarch64,edgedb/edgedb-pkg,maybe,n
edgedb/edgedb-pkg/integration/linux/build/linux-x86_64,edgedb/edgedb-pkg,maybe,n
edgedb/edgedb-pkg/integration/linux/build/linuxmusl-aarch64,edgedb/edgedb-pkg,maybe,n
edgedb/edgedb-pkg/integration/linux/build/linuxmusl-x86_64,edgedb/edgedb-pkg,maybe,n
edgedb/edgedb-pkg/integration/linux/build/rockylinux-9,edgedb/edgedb-pkg,maybe,n
edgedb/edgedb-pkg/integration/linux/build/ubuntu-bionic,edgedb/edgedb-pkg,maybe,n
edgedb/edgedb-pkg/integration/linux/build/ubuntu-focal,edgedb/edgedb-pkg,maybe,n
edgedb/edgedb-pkg/integration/linux/build/ubuntu-jammy,edgedb/edgedb-pkg,maybe,n
edgedb/edgedb-pkg/integration/linux/build/ubuntu-xenial,edgedb/edgedb-pkg,maybe,n
edgedb/edgedb-pkg/integration/linux/test/centos-7,edgedb/edgedb-pkg,maybe,n
edgedb/edgedb-pkg/integration/linux/test/centos-8,edgedb/edgedb-pkg,maybe,n
edgedb/edgedb-pkg/integration/linux/test/debian-bookworm,edgedb/edgedb-pkg,maybe,n
edgedb/edgedb-pkg/integration/linux/test/debian-bullseye,edgedb/edgedb-pkg,maybe,n
edgedb/edgedb-pkg/integration/linux/test/debian-buster,edgedb/edgedb-pkg,maybe,n
edgedb/edgedb-pkg/integration/linux/test/debian-stretch,edgedb/edgedb-pkg,maybe,n
edgedb/edgedb-pkg/integration/linux/test/linux-aarch64,edgedb/edgedb-pkg,maybe,n
edgedb/edgedb-pkg/integration/linux/test/linux-x86_64,edgedb/edgedb-pkg,maybe,n
edgedb/edgedb-pkg/integration/linux/test/linuxmusl-aarch64,edgedb/edgedb-pkg,maybe,n
edgedb/edgedb-pkg/integration/linux/test/linuxmusl-x86_64,edgedb/edgedb-pkg,maybe,n
edgedb/edgedb-pkg/integration/linux/test/rockylinux-9,edgedb/edgedb-pkg,maybe,n
edgedb/edgedb-pkg/integration/linux/test/ubuntu-bionic,edgedb/edgedb-pkg,maybe,n
edgedb/edgedb-pkg/integration/linux/test/ubuntu-focal,edgedb/edgedb-pkg,maybe,n
edgedb/edgedb-pkg/integration/linux/test/ubuntu-jammy,edgedb/edgedb-pkg,maybe,n
edgedb/edgedb-pkg/integration/linux/test/ubuntu-xenial,edgedb/edgedb-pkg,maybe,n
edgedb/edgedb-pkg/integration/linux/testpublished/centos-7,edgedb/edgedb-pkg,maybe,n
edgedb/edgedb-pkg/integration/linux/testpublished/centos-8,edgedb/edgedb-pkg,maybe,n
edgedb/edgedb-pkg/integration/linux/testpublished/debian-bookworm,edgedb/edgedb-pkg,maybe,n
edgedb/edgedb-pkg/integration/linux/testpublished/debian-bullseye,edgedb/edgedb-pkg,maybe,n
edgedb/edgedb-pkg/integration/linux/testpublished/debian-buster,edgedb/edgedb-pkg,maybe,n
edgedb/edgedb-pkg/integration/linux/testpublished/debian-stretch,edgedb/edgedb-pkg,maybe,n
edgedb/edgedb-pkg/integration/linux/testpublished/linux-aarch64,edgedb/edgedb-pkg,maybe,n
edgedb/edgedb-pkg/integration/linux/testpublished/linux-x86_64,edgedb/edgedb-pkg,maybe,n
edgedb/edgedb-pkg/integration/linux/testpublished/linuxmusl-aarch64,edgedb/edgedb-pkg,maybe,n
edgedb/edgedb-pkg/integration/linux/testpublished/linuxmusl-x86_64,edgedb/edgedb-pkg,maybe,n
edgedb/edgedb-pkg/integration/linux/testpublished/rockylinux-9,edgedb/edgedb-pkg,maybe,n
edgedb/edgedb-pkg/integration/linux/testpublished/ubuntu-bionic,edgedb/edgedb-pkg,maybe,n
edgedb/edgedb-pkg/integration/linux/testpublished/ubuntu-focal,edgedb/edgedb-pkg,maybe,n
edgedb/edgedb-pkg/integration/linux/testpublished/ubuntu-jammy,edgedb/edgedb-pkg,maybe,n
edgedb/edgedb-pkg/integration/linux/testpublished/ubuntu-xenial,edgedb/edgedb-pkg,maybe,n
edgedb/edgedb-pkg/integration/linux/upload/centos-7,edgedb/edgedb-pkg,maybe,n
edgedb/edgedb-pkg/integration/linux/upload/centos-8,edgedb/edgedb-pkg,maybe,n
edgedb/edgedb-pkg/integration/linux/upload/debian,edgedb/edgedb-pkg,maybe,n
edgedb/edgedb-pkg/integration/linux/upload/debian-bullseye,edgedb/edgedb-pkg,maybe,n
edgedb/edgedb-pkg/integration/linux/upload/debian-buster,edgedb/edgedb-pkg,maybe,n
edgedb/edgedb-pkg/integration/linux/upload/debian-stretch,edgedb/edgedb-pkg,maybe,n
edgedb/edgedb-pkg/integration/linux/upload/linux-x86_64,edgedb/edgedb-pkg,maybe,n
edgedb/edgedb-pkg/integration/linux/upload/redhat,edgedb/edgedb-pkg,maybe,n
edgedb/edgedb-pkg/integration/linux/upload/ubuntu-bionic,edgedb/edgedb-pkg,maybe,n
edgedb/edgedb-pkg/integration/linux/upload/ubuntu-focal,edgedb/edgedb-pkg,maybe,n
edgedb/edgedb-pkg/integration/linux/upload/ubuntu-xenial,edgedb/edgedb-pkg,maybe,n
edgedb/setup-edgedb,edgedb/setup-edgedb,maybe,y
edx/.github/.github/workflows/commitlint.yml,edx/.github,maybe,n
edx/.github/.github/workflows/upgrade-python-requirements.yml,edx/.github,maybe,n
eed3si9n/tree-sitter-fuzz-action,eed3si9n/tree-sitter-fuzz-action,maybe,n
eggjs/github-actions/.github/workflows/node-release.yml,eggjs/github-actions,maybe,n
ehmicky/dev-tasks/.github/workflows/build.yml,ehmicky/dev-tasks,maybe,n
ehviewer-overhauled/github-action-push-to-another-repository,ehviewer-overhauled/github-action-push-to-another-repository,maybe,
eiennohito/gha-manylinux-build,eiennohito/gha-manylinux-build,maybe,n
einaregilsson/build-number,einaregilsson/build-number,maybe,y
eine/setup-msys2,eine/setup-msys2,maybe,y
eine/tip,eine/tip,maybe,n
elastic/apm-pipeline-library/.github/actions/buildkite,elastic/apm-pipeline-library,maybe,n
elastic/apm-pipeline-library/.github/actions/check-dependent-jobs,elastic/apm-pipeline-library,maybe,n
elastic/apm-pipeline-library/.github/actions/docker-login,elastic/apm-pipeline-library,maybe,n
elastic/apm-pipeline-library/.github/actions/elastic-stack-snapshot-branches,elastic/apm-pipeline-library,maybe,n
elastic/apm-pipeline-library/.github/actions/github-token,elastic/apm-pipeline-library,maybe,n
elastic/apm-pipeline-library/.github/actions/notify-build-status,elastic/apm-pipeline-library,maybe,n
elastic/apm-pipeline-library/.github/actions/opentelemetry,elastic/apm-pipeline-library,maybe,n
elastic/apm-pipeline-library/.github/actions/pre-commit,elastic/apm-pipeline-library,maybe,n
elastic/apm-pipeline-library/.github/actions/setup-git,elastic/apm-pipeline-library,maybe,n
elastic/apm-pipeline-library/.github/actions/setup-npmrc,elastic/apm-pipeline-library,maybe,n
elastic/apm-pipeline-library/.github/actions/slack-message,elastic/apm-pipeline-library,maybe,n
elastic/apm-pipeline-library/.github/actions/snapshoty-simple,elastic/apm-pipeline-library,maybe,n
elastic/apm-pipeline-library/.github/actions/test-report,elastic/apm-pipeline-library,maybe,n
elastic/apm-pipeline-library/.github/actions/updatecli,elastic/apm-pipeline-library,maybe,n
elastic/apm-pipeline-library/.github/actions/version-framework,elastic/apm-pipeline-library,maybe,n
elastic/assign-one-project-github-action,elastic/assign-one-project-github-action,maybe,n
elastic/elastic-github-actions/elasticsearch,elastic/elastic-github-actions,maybe,n
elastic/es-perf-github-status,elastic/es-perf-github-status,maybe,n
elastic/get-user-teams-membership,elastic/get-user-teams-membership,maybe,n
elastic/workflows/.github/workflows/co-docs-a-preview.yml,elastic/workflows,maybe,n
elastic/workflows/.github/workflows/co-docs-b-deploy.yml,elastic/workflows,maybe,n
elastic/workflows/.github/workflows/docs-elastic-co-publish.yml,elastic/workflows,maybe,n
electron/github-app-auth-action,electron/github-app-auth-action,maybe,n
elementary-data/elementary/.github/workflows/notify_slack.yml,elementary-data/elementary,maybe,n
elprans/configure-pagefile-action,elprans/configure-pagefile-action,maybe,n
elprans/gh-action-create-release,elprans/gh-action-create-release,maybe,n
elprans/gha-setup-vcpp-build-tools,elprans/gha-setup-vcpp-build-tools,maybe,n
elprans/gha-win-code-sign,elprans/gha-win-code-sign,maybe,n
elrondnetwork/elrond-actions/.github/workflows/contracts.yml,elrondnetwork/elrond-actions,maybe,
elskom/publish-nuget,elskom/publish-nuget,maybe,
elstudio/actions-js-build/build,elstudio/actions-js-build,maybe,n
elstudio/actions-js-build/commit,elstudio/actions-js-build,maybe,y
emmenko/changesets-action,emmenko/changesets-action,maybe,n
emon100/action-serverchan,emon100/action-serverchan,maybe,
emqx/push-helm-action,emqx/push-helm-action,maybe,n
enarx/.github/.github/workflows/commisery.yml,enarx/.github,maybe,n
enarx/.github/.github/workflows/nix-update.yml,enarx/.github,maybe,n
enarx/commisery-action,enarx/commisery-action,maybe,y
enarx/create-pull-request,enarx/create-pull-request,maybe,n
enarx/spdx,enarx/spdx,maybe,n
endel/npm-publish-action,endel/npm-publish-action,maybe,y
endless-sky/endless-sky/.github/workflows/compute-changes.yml,endless-sky/endless-sky,maybe,n
enghabu/github-project-issue-to-sheets,enghabu/github-project-issue-to-sheets,maybe,
enhancedocs/enhancedocs-github-action,enhancedocs/enhancedocs-github-action,maybe,n
enonic/release-tools/generate-changelog,enonic/release-tools,maybe,n
enonic/release-tools/publish-vars,enonic/release-tools,maybe,n
enricomi/trigger-pipeline-action,enricomi/trigger-pipeline-action,maybe,
enso-org/ci-build/actions/install,enso-org/ci-build,maybe,n
ente-io/upload-google-play,ente-io/upload-google-play,maybe,n
enthought/setup-edm-action,enthought/setup-edm-action,maybe,y
envoy/install-helm-docs,envoy/install-helm-docs,maybe,n
envoyproxy/toolshed/gh-actions/appauth,envoyproxy/toolshed,maybe,n
envoyproxy/toolshed/gh-actions/diskspace,envoyproxy/toolshed,maybe,n
envoyproxy/toolshed/gh-actions/dispatch,envoyproxy/toolshed,maybe,n
envoyproxy/toolshed/gh-actions/docker/cache/prime,envoyproxy/toolshed,maybe,n
envoyproxy/toolshed/gh-actions/docker/cache/restore,envoyproxy/toolshed,maybe,n
envoyproxy/toolshed/gh-actions/retest,envoyproxy/toolshed,maybe,n
envoyproxy/toolshed/gh-actions/status,envoyproxy/toolshed,maybe,n
envoyproxy/toolshed/gh-actions/using/recurse,envoyproxy/toolshed,maybe,n
epeli/npm-release,epeli/npm-release,maybe,n
epicstep/clickhouse-github-action,epicstep/clickhouse-github-action,maybe,
eprosima/eprosima-ci/external/mirror-branch-action,eprosima/eprosima-ci,maybe,
eprosima/eprosima-ci/ubuntu/get_file_from_repo,eprosima/eprosima-ci,maybe,
eprosima/eprosima-ci/ubuntu/install_apt_packages,eprosima/eprosima-ci,maybe,
eprosima/eprosima-ci/ubuntu/install_colcon,eprosima/eprosima-ci,maybe,
eprosima/eprosima-ci/ubuntu/install_gtest,eprosima/eprosima-ci,maybe,
eprosima/eprosima-ci/ubuntu/install_python_packages,eprosima/eprosima-ci,maybe,
eprosima/eprosima-ci/ubuntu/vcs_import,eprosima/eprosima-ci,maybe,
eprosima/eprosima-ci/windows/install_openssl,eprosima/eprosima-ci,maybe,
epsy/python-workflows/.github/workflows/python-ci.yaml,epsy/python-workflows,maybe,n
epsy/python-workflows/install-tox,epsy/python-workflows,maybe,n
epsy/python-workflows/tox-ci,epsy/python-workflows,maybe,n
equeim/action-cmake-build,equeim/action-cmake-build,maybe,y
equeim/action-setup-msvc-environment,equeim/action-setup-msvc-environment,maybe,n
equeim/action-setup-vcpkg,equeim/action-setup-vcpkg,maybe,n
equeim/action-setup-vcpkg-msvc,equeim/action-setup-vcpkg-msvc,maybe,n
equeim/cache,equeim/cache,maybe,n
equeim/clang-cl-problem-matcher,equeim/clang-cl-problem-matcher,maybe,y
equeim/kotlin-problem-matcher,equeim/kotlin-problem-matcher,maybe,y
equip-collaboration/diff-line-numbers,equip-collaboration/diff-line-numbers,maybe,
eregon/keep-last-n-releases,eregon/keep-last-n-releases,maybe,n
eregon/use-ruby-action,eregon/use-ruby-action,maybe,y
erezrokah/2fa-with-slack-action,erezrokah/2fa-with-slack-action,maybe,n
erezrokah/pr-labeler-action,erezrokah/pr-labeler-action,maybe,n
erezrokah/setup-go,erezrokah/setup-go,maybe,n
ergebnis/.github/actions/composer/determine-cache-directory,ergebnis/.github,maybe,n
ergebnis/.github/actions/composer/install,ergebnis/.github,maybe,n
ergebnis/.github/actions/github/pull-request/add-assignee,ergebnis/.github,maybe,n
ergebnis/.github/actions/github/pull-request/add-label-based-on-branch-name,ergebnis/.github,maybe,n
ergebnis/.github/actions/github/pull-request/approve,ergebnis/.github,maybe,n
ergebnis/.github/actions/github/pull-request/merge,ergebnis/.github,maybe,n
ergebnis/.github/actions/github/pull-request/request-review,ergebnis/.github,maybe,n
ergebnis/.github/actions/github/release/create,ergebnis/.github,maybe,n
ergebnis/.github/actions/phive/install,ergebnis/.github,maybe,n
ergo720/auto-close-issues,ergo720/auto-close-issues,maybe,n
ericcornelissen/labeler,ericcornelissen/labeler,maybe,n
erichdongubler/clippy-check,erichdongubler/clippy-check,maybe,
erickzanardo/flutter-gh-pages,erickzanardo/flutter-gh-pages,maybe,n
ericmj/setup-elixir,ericmj/setup-elixir,maybe,n
ericpre/sphinx-action,ericpre/sphinx-action,maybe,n
erjosito/review-checklist-lint,erjosito/review-checklist-lint,maybe,n
erlef/setup-elixir,erlef/setup-elixir,maybe,y
erpcya/sphinx-action,erpcya/sphinx-action,maybe,n
ersatztv/ersatztv/.github/workflows/artifacts.yml,ersatztv/ersatztv,maybe,n
ersatztv/ersatztv/.github/workflows/docker.yml,ersatztv/ersatztv,maybe,n
erwin1/code-sign-action,erwin1/code-sign-action,maybe,y
erwin1/xcode-notarize,erwin1/xcode-notarize,maybe,y
eskatos/gradle-command-action,eskatos/gradle-command-action,maybe,y
eslint/github-action,eslint/github-action,maybe,n
espressif/github-actions/danger_pr_review,espressif/github-actions,maybe,n
espressif/github-actions/github_pr_to_internal_pr,espressif/github-actions,maybe,n
espressif/github-actions/sync_issues_to_jira,espressif/github-actions,maybe,n
espressif/github-actions/upload_components,espressif/github-actions,maybe,n
ethers-io/hijack-npm-action,ethers-io/hijack-npm-action,maybe,n
ethers-io/sync-s3-action,ethers-io/sync-s3-action,maybe,n
ethersphere/beeload-action,ethersphere/beeload-action,maybe,n
ethersphere/swarm-actions/pr-preview,ethersphere/swarm-actions,maybe,n
ethersphere/swarm-actions/upload-dir,ethersphere/swarm-actions,maybe,n
ethomson/send-tweet-action,ethomson/send-tweet-action,maybe,n
etils-actions/pypi-build-publish,etils-actions/pypi-build-publish,maybe,n
eugene-babichenko/audit-check,eugene-babichenko/audit-check,maybe,y
eugeny/packagecloud-action,eugeny/packagecloud-action,maybe,
eunomia-bpf/prepare-cargo-appimage,eunomia-bpf/prepare-cargo-appimage,maybe,n
evanchooly/workflows/.github/workflows/build.yml,evanchooly/workflows,maybe,n
evanchooly/workflows/.github/workflows/pull-request.yml,evanchooly/workflows,maybe,n
evanchooly/workflows/.github/workflows/release.yml,evanchooly/workflows,maybe,n
evcc-io/evcc/.github/workflows/default.yml,evcc-io/evcc,maybe,n
eventstore/automations/cherry-pick-pr-for-label,eventstore/automations,maybe,
eventstore/automations/pr-check,eventstore/automations,maybe,
eventstore/automations/tag-docker-images,eventstore/automations,maybe,
eventstore/eventstore-client-nodejs/.github/workflows/tests.yml,eventstore/eventstore-client-nodejs,maybe,
eventstore/eventstore/.github/workflows/build-container-reusable.yml,eventstore/eventstore,maybe,
eventstore/eventstore/.github/workflows/build-reusable.yml,eventstore/eventstore,maybe,
ewjoachim/python-coverage-comment-action,ewjoachim/python-coverage-comment-action,maybe,y
excitedleigh/setup-nox,excitedleigh/setup-nox,maybe,y
exercism/github-actions/.github/workflows/community-contributions.yml,exercism/github-actions,maybe,n
exercism/github-actions/.github/workflows/configlet.yml,exercism/github-actions,maybe,n
exercism/github-actions/.github/workflows/labels.yml,exercism/github-actions,maybe,n
exercism/github-actions/configlet-ci,exercism/github-actions,maybe,n
exoplanet-dev/coveralls-python-action,exoplanet-dev/coveralls-python-action,maybe,y
exram/release-drafter,exram/release-drafter,maybe,
extdn/github-actions-m2/magento-integration-tests,extdn/github-actions-m2,maybe,n
extdn/github-actions-m2/magento-integration-tests/7.2,extdn/github-actions-m2,maybe,n
extdn/github-actions-m2/magento-integration-tests/7.3,extdn/github-actions-m2,maybe,n
extdn/github-actions-m2/magento-integration-tests/7.4,extdn/github-actions-m2,maybe,n
extdn/github-actions-m2/magento-integration-tests/8.1,extdn/github-actions-m2,maybe,n
extdn/github-actions-m2/magento-integration-tests/8.2,extdn/github-actions-m2,maybe,n
extdn/github-actions-m2/magento-phpstan,extdn/github-actions-m2,maybe,n
extdn/github-actions-m2/magento-unit-tests/7.3,extdn/github-actions-m2,maybe,n
extdn/github-actions-m2/magento-unit-tests/7.4,extdn/github-actions-m2,maybe,n
extdn/github-actions-m2/magento-unit-tests/8.1,extdn/github-actions-m2,maybe,n
eyal0/cache,eyal0/cache,maybe,n
eyal0/github-action,eyal0/github-action,maybe,n
ez0n/create-dns-record,ez0n/create-dns-record,maybe,n
ezraberch/action-swiftlint,ezraberch/action-swiftlint,maybe,y
f-secure/flaky-tests-detection,f-secure/flaky-tests-detection,maybe,
f-secure/fliprate_actions,f-secure/fliprate_actions,maybe,
faasm/conan-cache-action,faasm/conan-cache-action,maybe,n
fabiankramm/release-asset-action,fabiankramm/release-asset-action,maybe,
fabriciomurta/ragha-github,fabriciomurta/ragha-github,maybe,n
fabricmc/fabric-action-scripts,fabricmc/fabric-action-scripts,maybe,
fac/ruby-gem-setup-credentials-action,fac/ruby-gem-setup-credentials-action,maybe,n
facebook_auth_platform_interface/codecov/codecov-action,facebook_auth_platform_interface/codecov,maybe,y
fairwindsops/pluto/github-action,fairwindsops/pluto,maybe,
fairwindsops/polaris,fairwindsops/polaris,maybe,y
fairwindsops/polaris/.github/actions/setup-polaris,fairwindsops/polaris,maybe,n
falcosecurity/falco/.github/workflows/reusable_build_docker.yaml,falcosecurity/falco,maybe,n
falcosecurity/falco/.github/workflows/reusable_build_packages.yaml,falcosecurity/falco,maybe,n
falcosecurity/falco/.github/workflows/reusable_publish_docker.yaml,falcosecurity/falco,maybe,n
falcosecurity/falco/.github/workflows/reusable_publish_packages.yaml,falcosecurity/falco,maybe,n
fantasticfiasco/action-update-license-year,fantasticfiasco/action-update-license-year,maybe,
fastai/workflows/quarto-ghp,fastai/workflows,maybe,n
fastify/action-pr-title,fastify/action-pr-title,maybe,n
fastify/workflows/.github/workflows/plugins-ci.yml,fastify/workflows,maybe,n
fastlane/github-actions/fastlane-env-reminder,fastlane/github-actions,maybe,n
fastly/ghaction-import-gpg,fastly/ghaction-import-gpg,maybe,n
fastruby/manage-heroku-review-app,fastruby/manage-heroku-review-app,maybe,n
fastruby/pr-unlabeler,fastruby/pr-unlabeler,maybe,n
fateyan/action-discord-notifier,fateyan/action-discord-notifier,maybe,n
faucetsdn/action-packagecloud-upload-debian-packages,faucetsdn/action-packagecloud-upload-debian-packages,maybe,n
fauguste/auto-cancellation-running-action,fauguste/auto-cancellation-running-action,maybe,n
fbactions/setup-winsdk,fbactions/setup-winsdk,maybe,n
fcollonval/jupyter-releaser/.github/actions/finalize-release,fcollonval/jupyter-releaser,maybe,n
fcollonval/jupyter_releaser/.github/actions/finalize-release,fcollonval/jupyter_releaser,maybe,n
fcollonval/jupyter_releaser/.github/actions/populate-release,fcollonval/jupyter_releaser,maybe,n
fcollonval/jupyter_releaser/.github/actions/prep-release,fcollonval/jupyter_releaser,maybe,n
fcurella/gh-action-bump2version,fcurella/gh-action-bump2version,maybe,n
fcurella/gh-action-label-to-semver,fcurella/gh-action-label-to-semver,maybe,n
fcurella/gh-action-next-version,fcurella/gh-action-next-version,maybe,n
fcurella/gh-action-update-changelog,fcurella/gh-action-update-changelog,maybe,n
fcurella/gh-status-check,fcurella/gh-status-check,maybe,n
featurelabs/create-pull-request,featurelabs/create-pull-request,maybe,
featurelabs/gh-action-pypi-upload,featurelabs/gh-action-pypi-upload,maybe,
featureprobe/featureprobe/.github/workflows/gcloud.yml,featureprobe/featureprobe,maybe,
feelpp/feelpp/.github/workflows/pkg-dist.yml,feelpp/feelpp,maybe,n
felddy/reusable-workflows/.github/workflows/common-lint.yml,felddy/reusable-workflows,maybe,n
felddy/reusable-workflows/.github/workflows/docker-build-image.yml,felddy/reusable-workflows,maybe,n
felddy/reusable-workflows/.github/workflows/docker-metadata.yml,felddy/reusable-workflows,maybe,n
felddy/reusable-workflows/.github/workflows/docker-multi-arch-push.yml,felddy/reusable-workflows,maybe,n
felddy/reusable-workflows/.github/workflows/docker-publish-description.yml,felddy/reusable-workflows,maybe,n
felddy/reusable-workflows/.github/workflows/sbom-artifact.yml,felddy/reusable-workflows,maybe,n
felippechemello/action-npm-global,felippechemello/action-npm-global,maybe,
felix5572/conda-publish-action,felix5572/conda-publish-action,maybe,n
felixfbecker/action-autoupdate-branch,felixfbecker/action-autoupdate-branch,maybe,n
felixfontein/ansible-test-gh-action,felixfontein/ansible-test-gh-action,maybe,y
felixfontein/github-docs-build/.github/workflows/_shared-docs-build-pr.yml,felixfontein/github-docs-build,maybe,n
felixp8/dispatch-and-wait,felixp8/dispatch-and-wait,maybe,n
fermoya/swift-create-xcframework,fermoya/swift-create-xcframework,maybe,n
fernandopasik/actions/setup-node,fernandopasik/actions,maybe,n
fernandrone/linelint,fernandrone/linelint,maybe,y
ferretdb/github-actions/conform-pr,ferretdb/github-actions,maybe,
ferretdb/github-actions/detect-matching-pr,ferretdb/github-actions,maybe,
ferretdb/github-actions/extract-docker-tag,ferretdb/github-actions,maybe,
ferretdb/github-actions/extract-first-url,ferretdb/github-actions,maybe,
ferretdb/github-actions/linters,ferretdb/github-actions,maybe,
ferretdb/github-actions/setup-go,ferretdb/github-actions,maybe,
ferrous-systems/shared-github-actions/aws-oidc,ferrous-systems/shared-github-actions,maybe,n
ferrous-systems/shared-github-actions/github-pages,ferrous-systems/shared-github-actions,maybe,n
ffurrer2/bats-action,ffurrer2/bats-action,maybe,y
ffy00/build-arch-package,ffy00/build-arch-package,maybe,
fheroes2/clang-tidy-pr-comments,fheroes2/clang-tidy-pr-comments,maybe,y
figleafteam/import-codesign-certs,figleafteam/import-codesign-certs,maybe,n
filecoin-project/venus/.github/workflows/common_build_upload.yml,filecoin-project/venus,maybe,n
filecoin-project/venus/.github/workflows/common_docker_image.yml,filecoin-project/venus,maybe,n
filips123/action-gh-release,filips123/action-gh-release,maybe,n
filiptronicek/get-last-job-status,filiptronicek/get-last-job-status,maybe,y
financial-times/origami-labels,financial-times/origami-labels,maybe,
findologic/intellij-format-action,findologic/intellij-format-action,maybe,y
firebase/firebase-admin-node/.github/actions/send-email,firebase/firebase-admin-node,maybe,n
firebase/firebase-admin-node/.github/actions/send-tweet,firebase/firebase-admin-node,maybe,n
firebase/firebase-unity-sdk/gha/unity,firebase/firebase-unity-sdk,maybe,n
firebaseextended/github-actions/firebase-test-lab,firebaseextended/github-actions,maybe,
firebaseextended/github-actions/health-metrics/release-diffing,firebaseextended/github-actions,maybe,
firedancer-io/clusterfuzz-action,firedancer-io/clusterfuzz-action,maybe,n
firedancer-io/fuzzbot-builder,firedancer-io/fuzzbot-builder,maybe,n
firelemons/on-deploy,firelemons/on-deploy,maybe,
firelightflagboy/action-gh-release,firelightflagboy/action-gh-release,maybe,
fish-actions/fisher,fish-actions/fisher,maybe,n
fish-actions/format-check,fish-actions/format-check,maybe,y
fish-actions/syntax-check,fish-actions/syntax-check,maybe,y
fish9167/clang-format-lint-action,fish9167/clang-format-lint-action,maybe,n
fish9167/create-pull-request,fish9167/create-pull-request,maybe,n
fish9167/file-changes-action,fish9167/file-changes-action,maybe,n
fission-suite/publish-action,fission-suite/publish-action,maybe,n
fizyk/actions-reuse/.github/actions/pipenv,fizyk/actions-reuse,maybe,n
fizyk/actions-reuse/.github/workflows/automerge-shared.yml,fizyk/actions-reuse,maybe,n
fizyk/actions-reuse/.github/workflows/linters-python.yml,fizyk/actions-reuse,maybe,n
fizyk/actions-reuse/.github/workflows/pypi.yml,fizyk/actions-reuse,maybe,n
fjcaetano/mint-action,fjcaetano/mint-action,maybe,n
fjorgemota/gha-mjolnir,fjorgemota/gha-mjolnir,maybe,n
fjorgemota/github-action-report-artifact,fjorgemota/github-action-report-artifact,maybe,n
flame-engine/flame-analyze-action,flame-engine/flame-analyze-action,maybe,n
flame-engine/flame-dartdoc-action,flame-engine/flame-dartdoc-action,maybe,n
flame-engine/flame-format-action,flame-engine/flame-format-action,maybe,n
flame-engine/flame-test-action,flame-engine/flame-test-action,maybe,n
flamefire/clang-format-lint-action,flamefire/clang-format-lint-action,maybe,
flank/flank_slack_notifier,flank/flank_slack_notifier,maybe,
flarum/.github/.github/workflows/reusable_frontend.yml,flarum/.github,maybe,
flarum/action-build,flarum/action-build,maybe,y
flarum/action-release,flarum/action-release,maybe,n
flarum/framework/.github/workflows/reusable_frontend.yml,flarum/framework,maybe,
fleskesvor/create-release,fleskesvor/create-release,maybe,n
flochaz/pkg-size-action,flochaz/pkg-size-action,maybe,n
floralatin/upload-release-action,floralatin/upload-release-action,maybe,n
florg1/github-version-action,florg1/github-version-action,maybe,
florianreimold/clang-tidy-review,florianreimold/clang-tidy-review,maybe,
flowcrypt/comment-email-address-alerts,flowcrypt/comment-email-address-alerts,maybe,
flowforge/.github/.github/workflows/project-automation.yml,flowforge/.github,maybe,n
flowforge/github-actions-workflows/.github/workflows/publish_node_package.yml,flowforge/github-actions-workflows,maybe,n
flowfuse/.github/.github/workflows/project-automation.yml,flowfuse/.github,maybe,n
flowfuse/github-actions-workflows/.github/workflows/publish_node_package.yml,flowfuse/github-actions-workflows,maybe,n
fluencelabs/aqua-playground/.github/workflows/tests.yml,fluencelabs/aqua-playground,maybe,n
fluencelabs/aqua/.github/workflows/snapshot.yml,fluencelabs/aqua,maybe,n
fluencelabs/aqua/.github/workflows/tests.yml,fluencelabs/aqua,maybe,n
fluencelabs/aquavm/.github/workflows/snapshot-air-interpreter-wasm.yml,fluencelabs/aquavm,maybe,n
fluencelabs/aquavm/.github/workflows/snapshot-avm.yml,fluencelabs/aquavm,maybe,n
fluencelabs/aquavm/.github/workflows/snapshot-cargo.yml,fluencelabs/aquavm,maybe,n
fluencelabs/aquavm/.github/workflows/snapshot.yml,fluencelabs/aquavm,maybe,n
fluencelabs/aquavm/.github/workflows/tests.yml,fluencelabs/aquavm,maybe,n
fluencelabs/decider/.github/workflows/snapshot.yml,fluencelabs/decider,maybe,n
fluencelabs/flox/.github/workflows/snapshot.yml,fluencelabs/flox,maybe,n
fluencelabs/flox/.github/workflows/tests.yml,fluencelabs/flox,maybe,n
fluencelabs/fluence-cli/.github/workflows/snapshot.yml,fluencelabs/fluence-cli,maybe,n
fluencelabs/fluence-cli/.github/workflows/tests.yml,fluencelabs/fluence-cli,maybe,n
fluencelabs/fluence-js/.github/workflows/snapshot.yml,fluencelabs/fluence-js,maybe,n
fluencelabs/fluence-js/.github/workflows/tests.yml,fluencelabs/fluence-js,maybe,n
fluencelabs/github-actions/cargo-publish-snapshot,fluencelabs/github-actions,maybe,n
fluencelabs/github-actions/cargo-set-dependency,fluencelabs/github-actions,maybe,n
fluencelabs/github-actions/generate-snapshot-id,fluencelabs/github-actions,maybe,n
fluencelabs/github-actions/npm-publish-snapshot,fluencelabs/github-actions,maybe,n
fluencelabs/js-client/.github/workflows/snapshot.yml,fluencelabs/js-client,maybe,n
fluencelabs/js-client/.github/workflows/tests.yml,fluencelabs/js-client,maybe,n
fluencelabs/marine-rs-sdk-test/.github/workflows/tests.yml,fluencelabs/marine-rs-sdk-test,maybe,n
fluencelabs/nox-distro/.github/workflows/update_fluence.yml,fluencelabs/nox-distro,maybe,n
fluencelabs/nox/.github/workflows/build.yml,fluencelabs/nox,maybe,n
fluencelabs/nox/.github/workflows/container.yml,fluencelabs/nox,maybe,n
fluencelabs/nox/.github/workflows/tests.yml,fluencelabs/nox,maybe,n
fluencelabs/registry/.github/workflows/tests.yml,fluencelabs/registry,maybe,n
fluencelabs/rust-peer-distro/.github/workflows/update_fluence.yml,fluencelabs/rust-peer-distro,maybe,n
fluencelabs/rust-peer/.github/workflows/build.yml,fluencelabs/rust-peer,maybe,n
fluencelabs/rust-peer/.github/workflows/container.yml,fluencelabs/rust-peer,maybe,n
fluencelabs/rust-peer/.github/workflows/snapshot.yml,fluencelabs/rust-peer,maybe,n
fluencelabs/rust-peer/.github/workflows/tests.yml,fluencelabs/rust-peer,maybe,n
fluencelabs/spell/.github/workflows/snapshot.yml,fluencelabs/spell,maybe,n
fluencelabs/spell/.github/workflows/tests.yml,fluencelabs/spell,maybe,n
fluencelabs/sqlite-wasm-connector/.github/workflows/snapshot.yml,fluencelabs/sqlite-wasm-connector,maybe,n
fluencelabs/sqlite-wasm-connector/.github/workflows/tests.yml,fluencelabs/sqlite-wasm-connector,maybe,n
fluencelabs/sqlite/.github/workflows/build.yml,fluencelabs/sqlite,maybe,n
fluent/fluent-bit-ci/.github/workflows/call-integration-test.yaml,fluent/fluent-bit-ci,maybe,n
fluent/fluent-bit-ci/.github/workflows/call-run-integration-test.yaml,fluent/fluent-bit-ci,maybe,n
fluent/fluent-bit-ci/.github/workflows/call-run-performance-test.yaml,fluent/fluent-bit-ci,maybe,n
fluent/fluent-bit-ci/.github/workflows/call-run-test.yaml,fluent/fluent-bit-ci,maybe,n
fluent/fluent-bit/.github/workflows/call-build-images.yaml,fluent/fluent-bit,maybe,n
fluent/fluent-bit/.github/workflows/call-build-linux-packages.yaml,fluent/fluent-bit,maybe,n
fluent/fluent-bit/.github/workflows/call-build-macos.yaml,fluent/fluent-bit,maybe,n
fluent/fluent-bit/.github/workflows/call-build-packages.yaml,fluent/fluent-bit,maybe,n
fluent/fluent-bit/.github/workflows/call-build-windows.yaml,fluent/fluent-bit,maybe,n
fluent/fluent-bit/.github/workflows/call-integration-image-build.yaml,fluent/fluent-bit,maybe,n
fluent/fluent-bit/.github/workflows/call-integration-test.yaml,fluent/fluent-bit,maybe,n
fluent/fluent-bit/.github/workflows/call-test-images.yaml,fluent/fluent-bit,maybe,n
fluent/fluent-bit/.github/workflows/call-test-packages.yaml,fluent/fluent-bit,maybe,n
fluidattacks/makes,fluidattacks/makes,maybe,y
fluttertools/flutter-fvm-config-action,fluttertools/flutter-fvm-config-action,maybe,n
flux-framework/pr-validator,flux-framework/pr-validator,maybe,n
fluxcd/flux2/action,fluxcd/flux2,maybe,n
fluxcd/kustomize-controller/.github/actions/kubebuilder,fluxcd/kustomize-controller,maybe,n
fluxcd/pkg//actions/crdjsonschema,fluxcd/pkg,maybe,n
fluxcd/pkg//actions/kubebuilder,fluxcd/pkg,maybe,n
fluxcd/pkg//actions/kustomize,fluxcd/pkg,maybe,n
fluxcd/pkg//actions/sbom,fluxcd/pkg,maybe,n
fluxcd/pkg/actions/crdjsonschema,fluxcd/pkg,maybe,n
fluxcd/pkg/actions/envtest,fluxcd/pkg,maybe,n
fluxcd/pkg/actions/helm,fluxcd/pkg,maybe,n
fluxcd/pkg/actions/kubebuilder,fluxcd/pkg,maybe,n
fluxcd/pkg/actions/kubectl,fluxcd/pkg,maybe,n
fluxcd/pkg/actions/kustomize,fluxcd/pkg,maybe,n
fluxcd/pkg/actions/sops,fluxcd/pkg,maybe,n
fluxninja/chatgpt-action,fluxninja/chatgpt-action,maybe,n
fluxninja/chatgpt-pr-reviewer,fluxninja/chatgpt-pr-reviewer,maybe,n
fluxninja/notion-github-action,fluxninja/notion-github-action,maybe,n
fluxninja/openai-pr-reviewer,fluxninja/openai-pr-reviewer,maybe,n
flynshue/version-action,flynshue/version-action,maybe,n
flyteorg/flytetools/.github/workflows/flyte_automation.yml,flyteorg/flytetools,maybe,n
fmrico/action-ros-ci,fmrico/action-ros-ci,maybe,y
fmulero/labeler,fmulero/labeler,maybe,n
fog/.github/.github/workflows/ruby.yml,fog/.github,maybe,n
foo-software/lighthouse-check-status-action,foo-software/lighthouse-check-status-action,maybe,y
foojayio/setup-java,foojayio/setup-java,maybe,y
foosel/github-action-get-latest-release,foosel/github-action-get-latest-release,maybe,n
forcedotcom/salesforcedx-actions,forcedotcom/salesforcedx-actions,maybe,n
forensicmike/pyinstaller-action-windows,forensicmike/pyinstaller-action-windows,maybe,n
form8ion/.github/.github/workflows/release-package.yml,form8ion/.github,maybe,n
fortify/gha-setup-scancentral-client,fortify/gha-setup-scancentral-client,maybe,y
fosslight/.github/.github/workflows/base-check-commit-message.yml,fosslight/.github,maybe,n
foxglove/action-bump-version,foxglove/action-bump-version,maybe,n
foxundermoon/feishu-action,foxundermoon/feishu-action,maybe,n
fprime-community/setup-rpi-sysroot,fprime-community/setup-rpi-sysroot,maybe,n
francismurillo/criterion-compare-action,francismurillo/criterion-compare-action,maybe,
frankdejonge/use-ssh-agent,frankdejonge/use-ssh-agent,maybe,n
frappe/frappe_docker/.github/workflows/docker-build-push.yml,frappe/frappe_docker,maybe,n
fraunhofer-aisec/codyze-action,fraunhofer-aisec/codyze-action,maybe,
fraxiinus/replaybook/.github/workflows/build.yml,fraxiinus/replaybook,maybe,
fred4jupiter/maven-version-update-action,fred4jupiter/maven-version-update-action,maybe,n
fredrikaverpil/pipx-action,fredrikaverpil/pipx-action,maybe,n
fredrikaverpil/poetry-update,fredrikaverpil/poetry-update,maybe,n
fredrikaverpil/setup-pipx,fredrikaverpil/setup-pipx,maybe,n
freecodecamp/crowdin-action,freecodecamp/crowdin-action,maybe,n
freed-wu/update-aur-package,freed-wu/update-aur-package,maybe,
freemasen/tarpaulin-action,freemasen/tarpaulin-action,maybe,
freertos/ci-cd-github-actions/complexity,freertos/ci-cd-github-actions,maybe,
freertos/ci-cd-github-actions/coverage-cop,freertos/ci-cd-github-actions,maybe,
freertos/ci-cd-github-actions/doxygen,freertos/ci-cd-github-actions,maybe,
freertos/ci-cd-github-actions/doxygen-generation,freertos/ci-cd-github-actions,maybe,
freertos/ci-cd-github-actions/executable-monitor,freertos/ci-cd-github-actions,maybe,
freertos/ci-cd-github-actions/formatting,freertos/ci-cd-github-actions,maybe,
freertos/ci-cd-github-actions/formatting-bot,freertos/ci-cd-github-actions,maybe,
freertos/ci-cd-github-actions/link-verifier,freertos/ci-cd-github-actions,maybe,
freertos/ci-cd-github-actions/localhost-echo-server,freertos/ci-cd-github-actions,maybe,
freertos/ci-cd-github-actions/localhost-mqtt-broker,freertos/ci-cd-github-actions,maybe,
freertos/ci-cd-github-actions/manifest-verifier,freertos/ci-cd-github-actions,maybe,
freertos/ci-cd-github-actions/memory_statistics,freertos/ci-cd-github-actions,maybe,
freertos/ci-cd-github-actions/run_cbmc,freertos/ci-cd-github-actions,maybe,
freertos/ci-cd-github-actions/sbom-generator,freertos/ci-cd-github-actions,maybe,
freertos/ci-cd-github-actions/set_up_cbmc_runner,freertos/ci-cd-github-actions,maybe,
freertos/ci-cd-github-actions/spellings,freertos/ci-cd-github-actions,maybe,
freertos/ci-cd-github-actions/ssl-credential-creator,freertos/ci-cd-github-actions,maybe,
fregante/setup-git-token,fregante/setup-git-token,maybe,n
frenck/action-setup-cas,frenck/action-setup-cas,maybe,n
frida/corellium-action,frida/corellium-action,maybe,n
friday/aur-publish-action,friday/aur-publish-action,maybe,n
friendlyanon/fetch-core-count,friendlyanon/fetch-core-count,maybe,n
friendlyanon/setup-vcpkg,friendlyanon/setup-vcpkg,maybe,n
frouioui/paths-filter,frouioui/paths-filter,maybe,n
fsouza/docker-publish-action,fsouza/docker-publish-action,maybe,n
fsouza/setup-go,fsouza/setup-go,maybe,n
fuellabs/.github/.github/actions/lint-toml-template,fuellabs/.github,maybe,
fuellabs/.github/.github/actions/slack-notify-template,fuellabs/.github,maybe,
fuellabs/changesets-action,fuellabs/changesets-action,maybe,
fuellabs/github-actions/.github/workflows/mdbook-docs.yml,fuellabs/github-actions,maybe,
fuellabs/github-actions/.github/workflows/next-docs.yml,fuellabs/github-actions,maybe,
fuellabs/github-actions/.github/workflows/vp-docs.yml,fuellabs/github-actions,maybe,
fuellabs/github-actions/setups/docker,fuellabs/github-actions,maybe,
fuellabs/github-actions/setups/node,fuellabs/github-actions,maybe,
fuellabs/github-actions/setups/npm,fuellabs/github-actions,maybe,
functionxjb/delete-workflow-runs,functionxjb/delete-workflow-runs,maybe,
funkill/bug-check-action,funkill/bug-check-action,maybe,n
funkyfuture/deck-chores/.github/workflows/build-and-publish.yml,funkyfuture/deck-chores,maybe,n
funkyfuture/deck-chores/.github/workflows/quality-checks.yml,funkyfuture/deck-chores,maybe,n
fusion-engineering/setup-git-credentials,fusion-engineering/setup-git-credentials,maybe,n
futuratrepadeira/changed-files,futuratrepadeira/changed-files,maybe,n
fuyufjh/automatically-set-milestone-to-issue,fuyufjh/automatically-set-milestone-to-issue,maybe,n
fuzzland/ec2-github-runner,fuzzland/ec2-github-runner,maybe,n
fwal/setup-swift,fwal/setup-swift,maybe,y
fwgs/action-gh-release,fwgs/action-gh-release,maybe,
fwgs/delete-tag-and-release,fwgs/delete-tag-and-release,maybe,
fwgs/flatpak-github-actions/flatpak-builder,fwgs/flatpak-github-actions,maybe,
fwgs/upload-release-action,fwgs/upload-release-action,maybe,
g-research/charts/.github/workflows/invoke-push.yaml,g-research/charts,maybe,
g4s8/pdd-action,g4s8/pdd-action,maybe,n
gaborcsardi/debian-repo,gaborcsardi/debian-repo,maybe,n
gabrieldemarmiesse/clang-format-lint-action,gabrieldemarmiesse/clang-format-lint-action,maybe,y
gabrielluong/bugzilla-format,gabrielluong/bugzilla-format,maybe,n
gacts/upload-to-release,gacts/upload-to-release,maybe,n
gacts/upx,gacts/upx,maybe,y
galaxyproject/planemo-ci-action,galaxyproject/planemo-ci-action,maybe,y
gamesight/slack-workflow-status,gamesight/slack-workflow-status,maybe,
gap-actions/setup-cygwin,gap-actions/setup-cygwin,maybe,n
gardar/version-drafter-action,gardar/version-drafter-action,maybe,n
garg3133/welcome-new-contributors,garg3133/welcome-new-contributors,maybe,n
garnetos/run-on-arch-action,garnetos/run-on-arch-action,maybe,
garrettjoecox/pr-section,garrettjoecox/pr-section,maybe,n
garronej/action-gh-release,garronej/action-gh-release,maybe,n
garronej/github_actions_toolkit,garronej/github_actions_toolkit,maybe,n
garronej/ts-ci,garronej/ts-ci,maybe,y
gatsbyjs/stale,gatsbyjs/stale,maybe,n
gaurav-nelson/github-action-markdown-link-checkv1,gaurav-nelson/github-action-markdown-link-checkv1,maybe,y
gazebo-tooling/action-gz-ci,gazebo-tooling/action-gz-ci,maybe,y
gazebo-tooling/pr-collection-labeler,gazebo-tooling/pr-collection-labeler,maybe,n
gcmcnutt/setup-mingw,gcmcnutt/setup-mingw,maybe,n
gdubicki/black-action,gdubicki/black-action,maybe,n
gdut-dynamic-x/industrial_ci,gdut-dynamic-x/industrial_ci,maybe,n
geode-solutions/actions/.github/workflows/deploy.yml,geode-solutions/actions,maybe,
geode-solutions/actions/.github/workflows/prepare-pr.yml,geode-solutions/actions,maybe,
geode-solutions/actions/.github/workflows/schedule.yml,geode-solutions/actions,maybe,
geode-solutions/actions/.github/workflows/trigger-release.yml,geode-solutions/actions,maybe,
geofffranks/upload-asset,geofffranks/upload-asset,maybe,n
geonativefr/android-build-action,geonativefr/android-build-action,maybe,n
georgemac/mage-action,georgemac/mage-action,maybe,
gerred/actions/current-time,gerred/actions,maybe,n
getgauge-contrib/artifact_as_comment,getgauge-contrib/artifact_as_comment,maybe,n
getong/elasticsearch-action,getong/elasticsearch-action,maybe,y
getong/rabbitmq-action,getong/rabbitmq-action,maybe,y
getong/redis-action,getong/redis-action,maybe,y
getsentry/action-add-labels,getsentry/action-add-labels,maybe,n
getsentry/action-app-sdk-overhead-metrics,getsentry/action-app-sdk-overhead-metrics,maybe,n
getsentry/action-build-aws-lambda-extension,getsentry/action-build-aws-lambda-extension,maybe,n
getsentry/action-enforce-license-compliance,getsentry/action-enforce-license-compliance,maybe,n
getsentry/action-eslint-fix,getsentry/action-eslint-fix,maybe,n
getsentry/action-fast-revert,getsentry/action-fast-revert,maybe,n
getsentry/action-github-commit,getsentry/action-github-commit,maybe,n
getsentry/action-gocd-jsonnet,getsentry/action-gocd-jsonnet,maybe,n
getsentry/action-html-to-image,getsentry/action-html-to-image,maybe,n
getsentry/action-migrations,getsentry/action-migrations,maybe,n
getsentry/action-prepare-release,getsentry/action-prepare-release,maybe,n
getsentry/action-self-hosted-e2e-tests,getsentry/action-self-hosted-e2e-tests,maybe,n
getsentry/action-setup-venv,getsentry/action-setup-venv,maybe,n
getsentry/action-setup-volta,getsentry/action-setup-volta,maybe,n
getsentry/action-validate-gocd-pipelines,getsentry/action-validate-gocd-pipelines,maybe,n
getsentry/action-wait-for-check,getsentry/action-wait-for-check,maybe,y
getsentry/craft,getsentry/craft,maybe,n
getsentry/craft-action,getsentry/craft-action,maybe,n
getsentry/forked-action-lock-threads,getsentry/forked-action-lock-threads,maybe,n
getsentry/github-workflows/.github/workflows/danger.yml,getsentry/github-workflows,maybe,n
getsentry/github-workflows/.github/workflows/submodule-updater.yml,getsentry/github-workflows,maybe,n
getsentry/github-workflows/.github/workflows/updater.yml,getsentry/github-workflows,maybe,n
getsentry/github-workflows/sentry-cli/integration-test/,getsentry/github-workflows,maybe,n
getsentry/paths-filter,getsentry/paths-filter,maybe,n
getsentry/size-limit-action,getsentry/size-limit-action,maybe,y
getsentry/size-limit-release,getsentry/size-limit-release,maybe,n
getstream/push-stream-chat-docusaurus-action,getstream/push-stream-chat-docusaurus-action,maybe,
gfranks/upload-asset,gfranks/upload-asset,maybe,n
gfreezy/upload-release-asset,gfreezy/upload-release-asset,maybe,n
ggriffiths/github-cherry-pick-action,ggriffiths/github-cherry-pick-action,maybe,n
ghaith/install-llvm-action,ghaith/install-llvm-action,maybe,n
ghys/checkstyle-github-action,ghys/checkstyle-github-action,maybe,y
giantswarm/install-binary-action,giantswarm/install-binary-action,maybe,n
giltene/setup-java,giltene/setup-java,maybe,n
gimenete/eslint-action,gimenete/eslint-action,maybe,y
ginxo/action-surefire-report,ginxo/action-surefire-report,maybe,n
ginxo/droolsjbpm-build-bootstrap/.ci/actions/build-chain,ginxo/droolsjbpm-build-bootstrap,maybe,n
ginxo/droolsjbpm-build-bootstrap/.ci/actions/cache-maven,ginxo/droolsjbpm-build-bootstrap,maybe,n
ginxo/droolsjbpm-build-bootstrap/.ci/actions/java,ginxo/droolsjbpm-build-bootstrap,maybe,n
ginxo/droolsjbpm-build-bootstrap/.ci/actions/long-paths,ginxo/droolsjbpm-build-bootstrap,maybe,n
ginxo/droolsjbpm-build-bootstrap/.ci/actions/surefire-report,ginxo/droolsjbpm-build-bootstrap,maybe,n
ginxo/github-action-build-chain,ginxo/github-action-build-chain,maybe,
giorio94/rebase,giorio94/rebase,maybe,n
gita-codaio/batch-dependabot,gita-codaio/batch-dependabot,maybe,n
gitcoinco/gh-workflows/.github/workflows/release_and_deploy.yml,gitcoinco/gh-workflows,maybe,n
gitguardian/gg-shield-action,gitguardian/gg-shield-action,maybe,
github/checkout,github/checkout,maybe,n
github/codeql-action+/analyze,github/codeql-action+,maybe,n
github/codeql-action/analyse,github/codeql-action,maybe,n
github/codeql-action/analyze,github/codeql-action,maybe,n
github/codeql-action/autobuild,github/codeql-action,maybe,y
github/codeql-action/init,github/codeql-action,maybe,n
github/codeql-action/initialize,github/codeql-action,maybe,n
github/codeql-action/upload-sarif,github/codeql-action,maybe,n
github/licensed-ci,github/licensed-ci,maybe,y
github/ossar-action,github/ossar-action,maybe,y
github/super-linter,github/super-linter,maybe,y
github/super-linter/slim,github/super-linter,maybe,y
github/update-project-action,github/update-project-action,maybe,n
github/webpack-bundlesize-compare-action,github/webpack-bundlesize-compare-action,maybe,y
githubsecuritylab/actions-permissions/advisor,githubsecuritylab/actions-permissions,maybe,
githubsecuritylab/actions-permissions/monitor,githubsecuritylab/actions-permissions,maybe,
gitpod-io/gce-github-runner/.github/workflows/create-vm.yml,gitpod-io/gce-github-runner,maybe,n
gitpod-io/gce-github-runner/.github/workflows/delete-vm.yml,gitpod-io/gce-github-runner,maybe,n
gitpod-io/gh-app-auth,gitpod-io/gh-app-auth,maybe,n
gitpod-io/gitpod/.github/workflows/jetbrains-auto-update-template.yml,gitpod-io/gitpod,maybe,n
gitpod-io/gitpod/.github/workflows/jetbrains-updates-template.yml,gitpod-io/gitpod,maybe,n
gitrml/delete-workflow-runs,gitrml/delete-workflow-runs,maybe,
gjtorikian/actions/setup-ruby-and-rust,gjtorikian/actions,maybe,n
gkalpak/dev-infra/github-actions/create-pr-for-changes,gkalpak/dev-infra,maybe,n
glacambre/action-compare-coverage,glacambre/action-compare-coverage,maybe,y
glennawatson/coverlet-msbuild,glennawatson/coverlet-msbuild,maybe,y
glennawatson/setup-msbuild,glennawatson/setup-msbuild,maybe,y
glotzerlab/jetstream2-admin/start,glotzerlab/jetstream2-admin,maybe,n
gluonhq/scenebuilder/.github/workflows/bundles-kit.yml,gluonhq/scenebuilder,maybe,n
gluonhq/scenebuilder/.github/workflows/bundles-linux.yml,gluonhq/scenebuilder,maybe,n
gluonhq/scenebuilder/.github/workflows/bundles-mac.yml,gluonhq/scenebuilder,maybe,n
gluonhq/scenebuilder/.github/workflows/bundles-mac_aarch64.yml,gluonhq/scenebuilder,maybe,n
gluonhq/scenebuilder/.github/workflows/bundles-windows.yml,gluonhq/scenebuilder,maybe,n
gluonhq/setup-graalvm,gluonhq/setup-graalvm,maybe,n
gmlc-tdc/create-pr-action,gmlc-tdc/create-pr-action,maybe,n
gmlc-tdc/helics-action/update-swig-interfaces,gmlc-tdc/helics-action,maybe,n
gnosis/changesets-action-github-releases,gnosis/changesets-action-github-releases,maybe,n
gnosis/cla-github-action,gnosis/cla-github-action,maybe,n
gnosis/github-action,gnosis/github-action,maybe,n
gnosis/safe-react-eslint-action,gnosis/safe-react-eslint-action,maybe,n
gnosis/safe-react-eslint-plus-action,gnosis/safe-react-eslint-plus-action,maybe,n
gnunicorn/setup-matrix-synapse,gnunicorn/setup-matrix-synapse,maybe,n
gnuradio/clang-format-lint-action,gnuradio/clang-format-lint-action,maybe,y
go-faster/x/.github/workflows/ci.yml,go-faster/x,maybe,n
go-faster/x/.github/workflows/codeql.yml,go-faster/x,maybe,n
go-faster/x/.github/workflows/commit.yml,go-faster/x,maybe,n
go-faster/x/.github/workflows/cover.yml,go-faster/x,maybe,n
go-faster/x/.github/workflows/lint.yml,go-faster/x,maybe,n
go-faster/x/.github/workflows/nancy.yml,go-faster/x,maybe,n
go-faster/x/.github/workflows/test.yml,go-faster/x,maybe,n
goalgorilla/create-pull-request,goalgorilla/create-pull-request,maybe,n
goanpeca/action-setup-conda,goanpeca/action-setup-conda,maybe,n
goanpeca/setup-miniconda,goanpeca/setup-miniconda,maybe,y
gobuffalo/.github/.github/workflows/go-test.yml,gobuffalo/.github,maybe,n
gocodebox/.github/.github/actions/setup-e2e,gocodebox/.github,maybe,n
gocodebox/.github/.github/actions/setup-matrix,gocodebox/.github,maybe,n
gocodebox/.github/.github/actions/setup-phpunit,gocodebox/.github,maybe,n
gocodebox/jest-coverage-report-action,gocodebox/jest-coverage-report-action,maybe,n
godaddy-wordpress/deploy-plugin-artifact,godaddy-wordpress/deploy-plugin-artifact,maybe,n
godaddy-wordpress/setup-godaddy-git-user,godaddy-wordpress/setup-godaddy-git-user,maybe,n
godofredoc/no-response,godofredoc/no-response,maybe,n
goldenchrysus/autobuilder,goldenchrysus/autobuilder,maybe,
golemfactory/build-deb-action,golemfactory/build-deb-action,maybe,n
google-github-actions/.github/.github/workflows/draft-release.yml,google-github-actions/.github,maybe,n
google-github-actions/.github/.github/workflows/release.yml,google-github-actions/.github,maybe,n
google-github-actions/release-please-action,google-github-actions/release-please-action,maybe,n
google-github-actions/ssh-compute,google-github-actions/ssh-compute,maybe,n
google/closure-compiler-npm/.github/workflows/build.yml,google/closure-compiler-npm,maybe,n
google/clusterfuzzlite/actions/build_fuzzers,google/clusterfuzzlite,maybe,n
google/clusterfuzzlite/actions/run_fuzzers,google/clusterfuzzlite,maybe,n
google/mirror-branch-action,google/mirror-branch-action,maybe,n
google/oss-fuzz/infra/cifuzz/actions,google/oss-fuzz,maybe,n
google/oss-fuzz/infra/cifuzz/actions/build_fuzzers,google/oss-fuzz,maybe,n
google/oss-fuzz/infra/cifuzz/actions/run_fuzzers,google/oss-fuzz,maybe,n
google/osv-scanner/.github/workflows/osv-scanner-reusable-pr.yml,google/osv-scanner,maybe,n
google/osv-scanner/.github/workflows/osv-scanner-reusable-scheduled.yml,google/osv-scanner,maybe,n
google/osv-scanner/.github/workflows/osv-scanner-reusable.yml,google/osv-scanner,maybe,n
google/osv-scanner/actions/diff,google/osv-scanner,maybe,n
google/osv-scanner/actions/reporter,google/osv-scanner,maybe,n
google/osv-scanner/actions/scanner,google/osv-scanner,maybe,n
google/wireit,google/wireit,maybe,n
googleapis/code-suggester,googleapis/code-suggester,maybe,n
googleapis/discovery-artifact-manager/.github/workflows/list-services.yml,googleapis/discovery-artifact-manager,maybe,n
googleapis/java-cloud-bom/tests/validate-bom,googleapis/java-cloud-bom,maybe,n
googlecloudplatform/cloud-opensource-java/linkage-monitor,googlecloudplatform/cloud-opensource-java,maybe,
googlecloudplatform/flaky-service/packages/action,googlecloudplatform/flaky-service,maybe,
googlecloudplatform/functions-framework-conformance/.github/actions/client/install,googlecloudplatform/functions-framework-conformance,maybe,
googlecloudplatform/functions-framework-conformance/.github/workflows/buildpack-integration-test.yml,googlecloudplatform/functions-framework-conformance,maybe,
googlecloudplatform/functions-framework-conformance/action,googlecloudplatform/functions-framework-conformance,maybe,
googlecloudplatform/github-actions/setup-gcloud,googlecloudplatform/github-actions,maybe,
googlecloudplatform/github-actions/upload-cloud-storage,googlecloudplatform/github-actions,maybe,
googlecloudplatform/release-please-action,googlecloudplatform/release-please-action,maybe,
googlecloudplatform/setup-gcloud,googlecloudplatform/setup-gcloud,maybe,
gopherjs/output-size-action/measure,gopherjs/output-size-action,maybe,n
goreleaser/goreleaser-actions,goreleaser/goreleaser-actions,maybe,y
gorzelinski/stale,gorzelinski/stale,maybe,n
gotd/td/.github/workflows/update-schema.yml,gotd/td,maybe,n
gothinkster/realworld/.github/workflows/node-setup.yaml,gothinkster/realworld,maybe,n
gotson/pull-request-comment-branch,gotson/pull-request-comment-branch,maybe,n
gr2m/await-npm-package-version-action,gr2m/await-npm-package-version-action,maybe,n
gr2m/get-json-paths-action,gr2m/get-json-paths-action,maybe,n
gr2m/primer-release-changesets-validator-action,gr2m/primer-release-changesets-validator-action,maybe,n
gr2m/release-notifier-action,gr2m/release-notifier-action,maybe,n
gr2m/twitter-together,gr2m/twitter-together,maybe,n
graalvm/setup-java,graalvm/setup-java,maybe,n
gradio-app/github/actions/comment-pr,gradio-app/github,maybe,n
gradio-app/github/actions/find-pr,gradio-app/github,maybe,n
gradio-app/github/actions/generate-changeset,gradio-app/github,maybe,n
gradio-app/github/actions/get-pr-branch,gradio-app/github,maybe,n
gradio-app/github/actions/publish-pypi,gradio-app/github,maybe,n
gradle/gradle-build-actions,gradle/gradle-build-actions,maybe,y
gradle/gradle-command-action,gradle/gradle-command-action,maybe,y
grafana/helm-charts/.github/workflows/lint-test.yaml,grafana/helm-charts,maybe,n
grafana/helm-charts/.github/workflows/linter.yml,grafana/helm-charts,maybe,n
grafana/helm-charts/.github/workflows/update-helm-repo.yaml,grafana/helm-charts,maybe,n
grafana/security-github-actions/.github/workflows/dependabot-automerge.yaml,grafana/security-github-actions,maybe,n
grafana/security-github-actions/.github/workflows/snyk_monitor.yml,grafana/security-github-actions,maybe,n
grafana/transmog/.github/workflows/dependabot-automerge.yml,grafana/transmog,maybe,n
graiaproject/ariadne/.github/workflows/mk-env.yml,graiaproject/ariadne,maybe,
gramster/pyright-action,gramster/pyright-action,maybe,n
grandcolline/golang-github-actions,grandcolline/golang-github-actions,maybe,n
gravitl/devops/.github/workflows/branchtest.yml,gravitl/devops,maybe,n
gravitl/devops/.github/workflows/netmakerrelease.yml,gravitl/devops,maybe,
gravitl/devops/.github/workflows/terraform.yml,gravitl/devops,maybe,n
gravitl/devops/.github/workflows/testdeploybranch.yml,gravitl/devops,maybe,n
gravitl/github-action-fpm,gravitl/github-action-fpm,maybe,n
gravity-ui/preview-build-action,gravity-ui/preview-build-action,maybe,n
gravity-ui/preview-deploy-action,gravity-ui/preview-deploy-action,maybe,y
gravity-ui/preview-upload-to-s3-action,gravity-ui/preview-upload-to-s3-action,maybe,n
gravity-ui/release-action,gravity-ui/release-action,maybe,n
graycoreio/github-actions/angular-universal-vercel,graycoreio/github-actions,maybe,n
graycoreio/github-actions/angular-universal-vercel-wflw-run,graycoreio/github-actions,maybe,n
graycoreio/github-actions/clear-old-nx-cache,graycoreio/github-actions,maybe,n
graycoreio/github-actions/set-versions-from-root,graycoreio/github-actions,maybe,n
graycoreio/github-actions/setup-node,graycoreio/github-actions,maybe,n
graylog2/create-pull-request,graylog2/create-pull-request,maybe,
graylog2/reviewbot,graylog2/reviewbot,maybe,
green-software-foundation/carbon-aware-sdk,green-software-foundation/carbon-aware-sdk,maybe,
greenbone/actions/artifacts-download-trigger,greenbone/actions,maybe,n
greenbone/actions/check-version,greenbone/actions,maybe,n
greenbone/actions/container-image-tags,greenbone/actions,maybe,n
greenbone/actions/conventional-commits,greenbone/actions,maybe,n
greenbone/actions/coverage-python,greenbone/actions,maybe,n
greenbone/actions/dependency-review,greenbone/actions,maybe,n
greenbone/actions/doc-coverage-clang,greenbone/actions,maybe,n
greenbone/actions/download-artifact,greenbone/actions,maybe,n
greenbone/actions/helm-build-push,greenbone/actions,maybe,n
greenbone/actions/helm-version-upgrade,greenbone/actions,maybe,n
greenbone/actions/is-latest-tag,greenbone/actions,maybe,n
greenbone/actions/lint-python,greenbone/actions,maybe,n
greenbone/actions/mypy-python,greenbone/actions,maybe,n
greenbone/actions/poetry,greenbone/actions,maybe,n
greenbone/actions/pypi-upload,greenbone/actions,maybe,n
greenbone/actions/reference-version,greenbone/actions,maybe,n
greenbone/actions/release,greenbone/actions,maybe,n
greenbone/actions/release-python,greenbone/actions,maybe,n
greenbone/actions/release-type,greenbone/actions,maybe,n
greenbone/actions/sbom-upload,greenbone/actions,maybe,n
greenbone/actions/setup-pontos,greenbone/actions,maybe,n
greenbone/actions/sign-release-files,greenbone/actions,maybe,n
greenbone/actions/trigger-workflow,greenbone/actions,maybe,n
greenbone/actions/update-header,greenbone/actions,maybe,n
greenbone/workflows/.github/workflows/check-version.yml,greenbone/workflows,maybe,n
greenbone/workflows/.github/workflows/ci-python.yml,greenbone/workflows,maybe,n
greenbone/workflows/.github/workflows/deploy-pypi.yml,greenbone/workflows,maybe,n
greenbone/workflows/.github/workflows/docs-python.yml,greenbone/workflows,maybe,n
greenbone/workflows/.github/workflows/lint-python.yml,greenbone/workflows,maybe,n
greenbone/workflows/.github/workflows/release-python.yml,greenbone/workflows,maybe,n
greenbone/workflows/.github/workflows/test-python.yml,greenbone/workflows,maybe,n
greenbone/workflows/.github/workflows/typing-python.yml,greenbone/workflows,maybe,n
greg0ire/.github/.github/workflows/static-analysis.yml,greg0ire/.github,maybe,n
gremlinq/cosmos-emulator-github-action,gremlinq/cosmos-emulator-github-action,maybe,
grizz/workflows/poetry,grizz/workflows,maybe,n
gruelbox/create-pull-request,gruelbox/create-pull-request,maybe,n
gsa/cg-cli-tools,gsa/cg-cli-tools,maybe,n
gscept/action-telegram,gscept/action-telegram,maybe,n
guardian/.github/.github/workflows/sbt-node-snyk.yml,guardian/.github,maybe,n
guardian/actions-riff-raff,guardian/actions-riff-raff,maybe,n
guardian/actions-setup-node,guardian/actions-setup-node,maybe,n
guguducken/pull-issue-reviewer,guguducken/pull-issue-reviewer,maybe,n
guilhermelimak/github-action-merge-dependabot,guilhermelimak/github-action-merge-dependabot,maybe,n
guillaumefalourd/poc-github-actions/.github/workflows/33-reusable-workflow.yml,guillaumefalourd/poc-github-actions,maybe,
guillaumefalourd/poc-github-actions/.github/workflows/48-reusable-workflow-1.yml,guillaumefalourd/poc-github-actions,maybe,
guillaumefalourd/poc-github-actions/.github/workflows/48-reusable-workflow-2.yml,guillaumefalourd/poc-github-actions,maybe,
guillaumefalourd/poc-github-actions/.github/workflows/48-reusable-workflow-3.yml,guillaumefalourd/poc-github-actions,maybe,
guillaumefalourd/poc-github-actions/.github/workflows/57-reusable-workflow.yml,guillaumefalourd/poc-github-actions,maybe,
guillaumefalourd/poc-github-actions/.github/workflows/workflow-tester52-reusable.yml,guillaumefalourd/poc-github-actions,maybe,
guillaumefalourd/poc-github-actions/.github/workflows/workflow-tester62.yml,guillaumefalourd/poc-github-actions,maybe,
guillaumefalourd/poc-github-actions/.github/workflows/workflow-tester78.yaml,guillaumefalourd/poc-github-actions,maybe,
guillaumefalourd/poc-github-actions/.github/workflows/workflow-tester78.yml,guillaumefalourd/poc-github-actions,maybe,
guillaumefalourd/poc-github-actions/.github/workflows/workflow-tester88-reusable.yml,guillaumefalourd/poc-github-actions,maybe,
guillaumefalourd/pull-request-action,guillaumefalourd/pull-request-action,maybe,
guillaumefalourd/ritchie-action-shell,guillaumefalourd/ritchie-action-shell,maybe,
guilyx/waka-readme,guilyx/waka-readme,maybe,n
gustl22/flutter-action,gustl22/flutter-action,maybe,
guyarb/golang-test-annoations,guyarb/golang-test-annoations,maybe,y
guybedford/chomp-action,guybedford/chomp-action,maybe,y
gytis/maven-release-action,gytis/maven-release-action,maybe,n
h4m5ter/milestone-backlog,h4m5ter/milestone-backlog,maybe,
hack-different/apple-knowledge/.github/workflows/build-jekyll.yml,hack-different/apple-knowledge,maybe,n
hack-different/apple-knowledge/.github/workflows/build-node.yml,hack-different/apple-knowledge,maybe,n
hack-different/apple-knowledge/.github/workflows/build-python.yml,hack-different/apple-knowledge,maybe,n
hack-different/apple-knowledge/.github/workflows/build-ruby.yml,hack-different/apple-knowledge,maybe,n
hack-different/apple-knowledge/.github/workflows/build-test.yml,hack-different/apple-knowledge,maybe,n
hack-different/apple-knowledge/.github/workflows/ruby-ci.yml,hack-different/apple-knowledge,maybe,n
hack-different/jekyll-action,hack-different/jekyll-action,maybe,n
hackvertor/release-action,hackvertor/release-action,maybe,n
hacs/actions,hacs/actions,maybe,n
hacs/integration/action,hacs/integration,maybe,n
haishanh/actions-telegram-notification,haishanh/actions-telegram-notification,maybe,n
hallee/eslint-action,hallee/eslint-action,maybe,y
halo-sigs/actions/admin-env-setup,halo-sigs/actions,maybe,n
halo-sigs/actions/admin-next-docker-build-push,halo-sigs/actions,maybe,n
halo-sigs/actions/halo-next-docker-build,halo-sigs/actions,maybe,n
haltuf/mysql-action,haltuf/mysql-action,maybe,n
hanabi1224/cache-cargo-bin-action,hanabi1224/cache-cargo-bin-action,maybe,y
hanabi1224/sccache-action,hanabi1224/sccache-action,maybe,y
hankolsen/setup-android-tools,hankolsen/setup-android-tools,maybe,n
hankolsen/xvfb-action,hankolsen/xvfb-action,maybe,n
hannesa2/action-android/emulator-run-cmd,hannesa2/action-android,maybe,y
hannesa2/action-android/install-sdk,hannesa2/action-android,maybe,n
hans5958/changed-files,hans5958/changed-files,maybe,
hans5958/validate-json-action,hans5958/validate-json-action,maybe,
hansl/conventional-pr-title-action,hansl/conventional-pr-title-action,maybe,y
hapijs/.github/.github/workflows/ci-module.yml,hapijs/.github,maybe,n
hapijs/.github/.github/workflows/ci-plugin.yml,hapijs/.github,maybe,n
happypig375/github-action-benchmark,happypig375/github-action-benchmark,maybe,
haraka/.github/.github/workflows/lint.yml,haraka/.github,maybe,n
haraka/.github/.github/workflows/windows.yml,haraka/.github,maybe,n
harikrishnanbalagopal/upload-release-action,harikrishnanbalagopal/upload-release-action,maybe,
harisekhon/github-actions/.github/workflows/alpine.yaml,harisekhon/github-actions,maybe,
harisekhon/github-actions/.github/workflows/alpine3.yaml,harisekhon/github-actions,maybe,
harisekhon/github-actions/.github/workflows/centos.yaml,harisekhon/github-actions,maybe,
harisekhon/github-actions/.github/workflows/checkov.yaml,harisekhon/github-actions,maybe,
harisekhon/github-actions/.github/workflows/codeowners.yaml,harisekhon/github-actions,maybe,
harisekhon/github-actions/.github/workflows/datree.yaml,harisekhon/github-actions,maybe,
harisekhon/github-actions/.github/workflows/debian.yaml,harisekhon/github-actions,maybe,
harisekhon/github-actions/.github/workflows/debian10.yaml,harisekhon/github-actions,maybe,
harisekhon/github-actions/.github/workflows/debian8.yaml,harisekhon/github-actions,maybe,
harisekhon/github-actions/.github/workflows/debian9.yaml,harisekhon/github-actions,maybe,
harisekhon/github-actions/.github/workflows/docker_build.yaml,harisekhon/github-actions,maybe,
harisekhon/github-actions/.github/workflows/docker_build_ghcr.yaml,harisekhon/github-actions,maybe,
harisekhon/github-actions/.github/workflows/fedora.yaml,harisekhon/github-actions,maybe,
harisekhon/github-actions/.github/workflows/fork-sync.yaml,harisekhon/github-actions,maybe,
harisekhon/github-actions/.github/workflows/fork-update-pr.yaml,harisekhon/github-actions,maybe,
harisekhon/github-actions/.github/workflows/fork-update.yaml,harisekhon/github-actions,maybe,
harisekhon/github-actions/.github/workflows/json.yaml,harisekhon/github-actions,maybe,
harisekhon/github-actions/.github/workflows/kics.yaml,harisekhon/github-actions,maybe,
harisekhon/github-actions/.github/workflows/mac.yaml,harisekhon/github-actions,maybe,
harisekhon/github-actions/.github/workflows/make.yaml,harisekhon/github-actions,maybe,
harisekhon/github-actions/.github/workflows/perl.yaml,harisekhon/github-actions,maybe,
harisekhon/github-actions/.github/workflows/pluto.yaml,harisekhon/github-actions,maybe,
harisekhon/github-actions/.github/workflows/polaris.yaml,harisekhon/github-actions,maybe,
harisekhon/github-actions/.github/workflows/pypy2.yaml,harisekhon/github-actions,maybe,
harisekhon/github-actions/.github/workflows/pypy3.yaml,harisekhon/github-actions,maybe,
harisekhon/github-actions/.github/workflows/python.yaml,harisekhon/github-actions,maybe,
harisekhon/github-actions/.github/workflows/python2.7.yaml,harisekhon/github-actions,maybe,
harisekhon/github-actions/.github/workflows/python3.5.yaml,harisekhon/github-actions,maybe,
harisekhon/github-actions/.github/workflows/python3.6.yaml,harisekhon/github-actions,maybe,
harisekhon/github-actions/.github/workflows/python3.7.yaml,harisekhon/github-actions,maybe,
harisekhon/github-actions/.github/workflows/python3.8.yaml,harisekhon/github-actions,maybe,
harisekhon/github-actions/.github/workflows/semgrep-cloud.yaml,harisekhon/github-actions,maybe,
harisekhon/github-actions/.github/workflows/semgrep.yaml,harisekhon/github-actions,maybe,
harisekhon/github-actions/.github/workflows/shellcheck.yaml,harisekhon/github-actions,maybe,
harisekhon/github-actions/.github/workflows/sonarcloud.yaml,harisekhon/github-actions,maybe,
harisekhon/github-actions/.github/workflows/trivy.yaml,harisekhon/github-actions,maybe,
harisekhon/github-actions/.github/workflows/ubuntu.yaml,harisekhon/github-actions,maybe,
harisekhon/github-actions/.github/workflows/ubuntu14.yaml,harisekhon/github-actions,maybe,
harisekhon/github-actions/.github/workflows/ubuntu16.yaml,harisekhon/github-actions,maybe,
harisekhon/github-actions/.github/workflows/ubuntu18.yaml,harisekhon/github-actions,maybe,
harisekhon/github-actions/.github/workflows/ubuntu20.yaml,harisekhon/github-actions,maybe,
harisekhon/github-actions/.github/workflows/ubuntu_github.yaml,harisekhon/github-actions,maybe,
harisekhon/github-actions/.github/workflows/validate.yaml,harisekhon/github-actions,maybe,
harisekhon/github-actions/.github/workflows/xml.yaml,harisekhon/github-actions,maybe,
harisekhon/github-actions/.github/workflows/yaml.yaml,harisekhon/github-actions,maybe,
harjotgill/chatgpt-action,harjotgill/chatgpt-action,maybe,n
harrisonkaiser/autopep8_action,harrisonkaiser/autopep8_action,maybe,n
harrisonkaiser/clang-format-action,harrisonkaiser/clang-format-action,maybe,n
harupy/find-trailing-whitespace,harupy/find-trailing-whitespace,maybe,y
harupy/stale,harupy/stale,maybe,n
harvard-lil/docker-compose-update-action,harvard-lil/docker-compose-update-action,maybe,n
hashicorp-contrib/setup-packer,hashicorp-contrib/setup-packer,maybe,n
hashicorp-forge/go-test-split-action,hashicorp-forge/go-test-split-action,maybe,y
hashicorp-forge/terraform-cloud-action/apply,hashicorp-forge/terraform-cloud-action,maybe,n
hashicorp-forge/terraform-cloud-action/destroy,hashicorp-forge/terraform-cloud-action,maybe,n
hashicorp-forge/terraform-cloud-action/outputs,hashicorp-forge/terraform-cloud-action,maybe,n
hashicorp-forge/terraform-cloud-outputs-action,hashicorp-forge/terraform-cloud-outputs-action,maybe,n
hashicorp-forge/terraform-cloud-run-action,hashicorp-forge/terraform-cloud-run-action,maybe,n
hashicorp/action-setup-enos,hashicorp/action-setup-enos,maybe,n
hashicorp/action-setup-waypoint,hashicorp/action-setup-waypoint,maybe,n
hashicorp/actions-create-release-branch,hashicorp/actions-create-release-branch,maybe,n
hashicorp/actions-docker-build,hashicorp/actions-docker-build,maybe,n
hashicorp/actions-generate-metadata,hashicorp/actions-generate-metadata,maybe,n
hashicorp/actions-go-build,hashicorp/actions-go-build,maybe,n
hashicorp/actions-hc-releases-create-metadata,hashicorp/actions-hc-releases-create-metadata,maybe,n
hashicorp/actions-hc-releases-promote,hashicorp/actions-hc-releases-promote,maybe,n
hashicorp/actions-packaging-linux,hashicorp/actions-packaging-linux,maybe,n
hashicorp/actions-set-product-version,hashicorp/actions-set-product-version,maybe,n
hashicorp/actions-setup-hc-releases,hashicorp/actions-setup-hc-releases,maybe,n
hashicorp/actions-slack-status,hashicorp/actions-slack-status,maybe,n
hashicorp/cloud-gha-slack-notifier,hashicorp/cloud-gha-slack-notifier,maybe,n
hashicorp/consul-k8s/.github/workflows/reusable-golangci-lint.yml,hashicorp/consul-k8s,maybe,n
hashicorp/consul-k8s/.github/workflows/reusable-unit.yml,hashicorp/consul-k8s,maybe,n
hashicorp/dev-portal/.github/workflows/docs-content-check-legacy-links-format.yml,hashicorp/dev-portal,maybe,n
hashicorp/doormat-action,hashicorp/doormat-action,maybe,n
hashicorp/ghaction-import-gpg,hashicorp/ghaction-import-gpg,maybe,n
hashicorp/ghaction-terraform-provider-release/.github/workflows/community.yml,hashicorp/ghaction-terraform-provider-release,maybe,n
hashicorp/ghaction-terraform-provider-release/.github/workflows/hashicorp.yml,hashicorp/ghaction-terraform-provider-release,maybe,n
hashicorp/package,hashicorp/package,maybe,n
hashicorp/packer-github-actions,hashicorp/packer-github-actions,maybe,y
hashicorp/packer/.github/workflows/build.yml,hashicorp/packer,maybe,n
hashicorp/setup-copywrite,hashicorp/setup-copywrite,maybe,n
hashicorp/setup-golang,hashicorp/setup-golang,maybe,n
hashicorp/setup-hc-releases,hashicorp/setup-hc-releases,maybe,n
hashicorp/setup-signore,hashicorp/setup-signore,maybe,n
hashicorp/setup-signore-package,hashicorp/setup-signore-package,maybe,n
hashicorp/terraform-cdk/.github/workflows/registry-docs-pr-based.yml,hashicorp/terraform-cdk,maybe,n
hashicorp/terraform-github-actions,hashicorp/terraform-github-actions,maybe,n
hashicorp/terraform-provider-tfe/.github/workflows/jira-issue-sync.yml,hashicorp/terraform-provider-tfe,maybe,n
hashicorp/terraform-random-tfe-utility/.github/workflows/create-jira-issue.yml,hashicorp/terraform-random-tfe-utility,maybe,n
hashicorp/tfc-workflows-github/actions/apply-run,hashicorp/tfc-workflows-github,maybe,y
hashicorp/tfc-workflows-github/actions/create-run,hashicorp/tfc-workflows-github,maybe,y
hashicorp/tfc-workflows-github/actions/plan-output,hashicorp/tfc-workflows-github,maybe,y
hashicorp/tfc-workflows-github/actions/upload-configuration,hashicorp/tfc-workflows-github,maybe,y
hashicorp/vault-workflows-common/.github/workflows/actionlint.yaml,hashicorp/vault-workflows-common,maybe,n
hashicorp/vault-workflows-common/.github/workflows/jira.yaml,hashicorp/vault-workflows-common,maybe,n
haskell/actions/hlint-run,haskell/actions,maybe,y
haskell/actions/hlint-setup,haskell/actions,maybe,n
haskell/actions/setup,haskell/actions,maybe,n
hassanabouelela/actions/setup-python,hassanabouelela/actions,maybe,
hassio-addons/workflows/.github/workflows/addon-ci.yaml,hassio-addons/workflows,maybe,n
hassio-addons/workflows/.github/workflows/addon-deploy.yaml,hassio-addons/workflows,maybe,n
hassio-addons/workflows/.github/workflows/labels.yaml,hassio-addons/workflows,maybe,n
hassio-addons/workflows/.github/workflows/lock.yaml,hassio-addons/workflows,maybe,n
hassio-addons/workflows/.github/workflows/pr-labels.yaml,hassio-addons/workflows,maybe,n
hassio-addons/workflows/.github/workflows/release-drafter.yaml,hassio-addons/workflows,maybe,n
hassio-addons/workflows/.github/workflows/stale.yaml,hassio-addons/workflows,maybe,n
havendv/workflows/.github/workflows/dotnet_build-test-publish.yml,havendv/workflows,maybe,
haveyoudebuggedit/gotestfmt-action,haveyoudebuggedit/gotestfmt-action,maybe,y
hay-kot/homebox/.github/workflows/frontend.yaml,hay-kot/homebox,maybe,n
hay-kot/homebox/.github/workflows/go.yaml,hay-kot/homebox,maybe,n
hay-kot/homebox/.github/workflows/partial-backend.yaml,hay-kot/homebox,maybe,n
hay-kot/homebox/.github/workflows/partial-frontend.yaml,hay-kot/homebox,maybe,n
hay-kot/homebox/.github/workflows/partial-publish.yaml,hay-kot/homebox,maybe,n
hay-kot/mealie/.github/workflows/partial-backend.yml,hay-kot/mealie,maybe,n
hay-kot/mealie/.github/workflows/partial-builder.yml,hay-kot/mealie,maybe,n
hay-kot/mealie/.github/workflows/partial-frontend.yml,hay-kot/mealie,maybe,n
haya14busa/action-depup,haya14busa/action-depup,maybe,n
hazelcast/github-jira-tool-action,hazelcast/github-jira-tool-action,maybe,n
hazelcast/hazelcast-tpm/jira,hazelcast/hazelcast-tpm,maybe,n
hazelcast/hazelcast-tpm/membership,hazelcast/hazelcast-tpm,maybe,n
he0119/nonebot2-plugin-issue-bot,he0119/nonebot2-plugin-issue-bot,maybe,n
he0119/setup-python,he0119/setup-python,maybe,n
heartexlabs/label-studio-converter/.github/workflows/build_pypi.yml,heartexlabs/label-studio-converter,maybe,n
heartexlabs/label-studio-converter/.github/workflows/release-set-version.yml,heartexlabs/label-studio-converter,maybe,n
heartexlabs/label-studio-frontend/.github/workflows/build_bundle.yml,heartexlabs/label-studio-frontend,maybe,n
heartexlabs/label-studio-frontend/.github/workflows/e2e_tests.yml,heartexlabs/label-studio-frontend,maybe,n
heartexlabs/label-studio-frontend/.github/workflows/eslint.yml,heartexlabs/label-studio-frontend,maybe,n
heartexlabs/label-studio-frontend/.github/workflows/fun_tests.yml,heartexlabs/label-studio-frontend,maybe,n
heartexlabs/label-studio-frontend/.github/workflows/tests_coverage.yml,heartexlabs/label-studio-frontend,maybe,n
heartexlabs/label-studio-frontend/.github/workflows/unit_tests.yml,heartexlabs/label-studio-frontend,maybe,n
hebilicious/reproduire,hebilicious/reproduire,maybe,
hecomi/create-upm-branch-action,hecomi/create-upm-branch-action,maybe,n
hecrj/download-release-action,hecrj/download-release-action,maybe,n
hectorj2f/cosign-installer,hectorj2f/cosign-installer,maybe,y
hedgehog-computing/github-token-action,hedgehog-computing/github-token-action,maybe,
heidi-pay/gha-delete-artifacts,heidi-pay/gha-delete-artifacts,maybe,n
heinrichreimer/github-changelog-generator-action,heinrichreimer/github-changelog-generator-action,maybe,n
heisenberg-2077/use-npm-token-action,heisenberg-2077/use-npm-token-action,maybe,n
helaili/jekyll-action,helaili/jekyll-action,maybe,y
helix-editor/rust-toolchain,helix-editor/rust-toolchain,maybe,n
heroku/use-app-token-action,heroku/use-app-token-action,maybe,n
hetznercloud/.github/.github/workflows/stale.yml,hetznercloud/.github,maybe,n
hetznercloud/tps-action,hetznercloud/tps-action,maybe,n
hexagonkt/.github/.github/workflows/graalvm_gradle.yml,hexagonkt/.github,maybe,n
hexagonkt/.github/.github/workflows/gradle.yml,hexagonkt/.github,maybe,n
hexagonkt/hexagon/.github/workflows/site.yml,hexagonkt/hexagon,maybe,n
higarfield/cachewrtbuild,higarfield/cachewrtbuild,maybe,
hikogui/install-vulkan-sdk-action/install-sdk,hikogui/install-vulkan-sdk-action,maybe,n
hikogui/install-vulkan-sdk-action/sdk-version,hikogui/install-vulkan-sdk-action,maybe,n
hirnidrin/free-disk-space,hirnidrin/free-disk-space,maybe,n
hivemq/hivemq-snyk-composite-action,hivemq/hivemq-snyk-composite-action,maybe,n
hkusu/status-create-action,hkusu/status-create-action,maybe,n
hl7/bidi-checker-action,hl7/bidi-checker-action,maybe,
ho-nl/next-bundlesize-action,ho-nl/next-bundlesize-action,maybe,y
hole19/git-tag-action,hole19/git-tag-action,maybe,y
holoviz-dev/holoviz_tasks/.github/workflows/run_downstream_tests.yaml,holoviz-dev/holoviz_tasks,maybe,n
holoviz-dev/holoviz_tasks/install,holoviz-dev/holoviz_tasks,maybe,n
holoviz-dev/holoviz_tasks/pre-commit,holoviz-dev/holoviz_tasks,maybe,n
home-assistant/actions/hassfest,home-assistant/actions,maybe,n
home-assistant/actions/helpers/cas,home-assistant/actions,maybe,n
home-assistant/actions/helpers/codenotary,home-assistant/actions,maybe,n
home-assistant/actions/helpers/git-init,home-assistant/actions,maybe,n
home-assistant/actions/helpers/info,home-assistant/actions,maybe,n
home-assistant/actions/helpers/vcn,home-assistant/actions,maybe,n
home-assistant/actions/helpers/verify-version,home-assistant/actions,maybe,n
home-assistant/actions/helpers/version,home-assistant/actions,maybe,n
home-assistant/actions/helpers/version-push,home-assistant/actions,maybe,n
home-assistant/wheels,home-assistant/wheels,maybe,n
homebrew/actions/brew-script,homebrew/actions,maybe,
homebrew/actions/bump-formula,homebrew/actions,maybe,
homebrew/actions/bump-formulae,homebrew/actions,maybe,
homebrew/actions/bump-packages,homebrew/actions,maybe,
homebrew/actions/cancel-previous-runs,homebrew/actions,maybe,
homebrew/actions/check-commit-format,homebrew/actions,maybe,
homebrew/actions/create-gcloud-instance,homebrew/actions,maybe,
homebrew/actions/dismiss-approvals,homebrew/actions,maybe,
homebrew/actions/failures-summary-and-bottle-result,homebrew/actions,maybe,
homebrew/actions/find-related-workflow-run-id,homebrew/actions,maybe,
homebrew/actions/gh-try-download,homebrew/actions,maybe,
homebrew/actions/git-try-push,homebrew/actions,maybe,
homebrew/actions/git-user-config,homebrew/actions,maybe,
homebrew/actions/label-pull-requests,homebrew/actions,maybe,
homebrew/actions/post-build,homebrew/actions,maybe,
homebrew/actions/post-comment,homebrew/actions,maybe,
homebrew/actions/pre-build,homebrew/actions,maybe,
homebrew/actions/remove-disabled-formulae,homebrew/actions,maybe,
homebrew/actions/setup-commit-signing,homebrew/actions,maybe,
homebrew/actions/setup-homebrew,homebrew/actions,maybe,
homebrew/actions/wait-for-idle-runner,homebrew/actions,maybe,
homebrew/homebrew-cask/.github/actions/rebase,homebrew/homebrew-cask,maybe,
homebridge/.github/.github/workflows/codeql-analysis.yml,homebridge/.github,maybe,n
homebridge/.github/.github/workflows/eslint.yml,homebridge/.github,maybe,n
homebridge/.github/.github/workflows/lint-docs.yml,homebridge/.github,maybe,n
homebridge/.github/.github/workflows/nodejs-build-and-test.yml,homebridge/.github,maybe,n
homebridge/.github/.github/workflows/stale.yml,homebridge/.github,maybe,n
homoluctus/gitrivy,homoluctus/gitrivy,maybe,y
homoluctus/slatify,homoluctus/slatify,maybe,y
honeybunch/setup-mingw,honeybunch/setup-mingw,maybe,
honeycombio/integrations-labels,honeycombio/integrations-labels,maybe,n
honeycombio/oss-management-actions/labels,honeycombio/oss-management-actions,maybe,n
horie1024/action-android/emulator-run-cmd,horie1024/action-android,maybe,n
horie1024/action-android/install-sdk,horie1024/action-android,maybe,n
horstbaerbel/action-clang-format,horstbaerbel/action-clang-format,maybe,
horstbaerbel/action-ctest,horstbaerbel/action-ctest,maybe,
hpcc-systems/action-send-mail,hpcc-systems/action-send-mail,maybe,n
hpcc-systems/github-actions/changed-modules,hpcc-systems/github-actions,maybe,n
hpcc-systems/skip-duplicate-actions,hpcc-systems/skip-duplicate-actions,maybe,n
hramos/label-actions,hramos/label-actions,maybe,n
hramos/needs-attention,hramos/needs-attention,maybe,n
hramos/respond-to-issue-based-on-label,hramos/respond-to-issue-based-on-label,maybe,n
hsuanxyz/antd-styles-sync-action,hsuanxyz/antd-styles-sync-action,maybe,n
hsuanxyz/zorro-styles-sync-action,hsuanxyz/zorro-styles-sync-action,maybe,n
https://github.com/actions/setup-python,https:/github.com,maybe,y
https://github.com/appleboy/scp-action,https:/github.com,maybe,y
https://github.com/appleboy/ssh-action,https:/github.com,maybe,y
https://github.com/docker/build-push-action,https:/github.com,maybe,y
https://github.com/docker/login-action,https:/github.com,maybe,y
https://github.com/docker/setup-buildx-action,https:/github.com,maybe,y
https://github.com/docker/setup-qemu-action,https:/github.com,maybe,y
https://github.com/pypa/gh-action-pypi-publish,https:/github.com,maybe,y
hubastard/release-action,hubastard/release-action,maybe,n
hublot/colvars/.github/workflows/backend-template.yml,hublot/colvars,maybe,
huggingface/doc-builder/.github/workflows/build_main_documentation.yml,huggingface/doc-builder,maybe,n
huggingface/doc-builder/.github/workflows/build_pr_documentation.yml,huggingface/doc-builder,maybe,n
huggingface/doc-builder/.github/workflows/delete_doc_comment.yml,huggingface/doc-builder,maybe,n
huggingface/doc-builder/.github/workflows/delete_doc_comment_trigger.yml,huggingface/doc-builder,maybe,n
huggingface/doc-builder/.github/workflows/upload_pr_documentation.yml,huggingface/doc-builder,maybe,n
husarion-ci/action-catkin-release,husarion-ci/action-catkin-release,maybe,n
husarion-ci/action-get-version-bump,husarion-ci/action-get-version-bump,maybe,n
hxsecurity/kubectl-helm-action,hxsecurity/kubectl-helm-action,maybe,
hydraulic-software/conveyor/actions/build,hydraulic-software/conveyor,maybe,n
hyperion-project/hyperion.ng/.github/workflows/apt.yml,hyperion-project/hyperion.ng,maybe,n
hyperledger-tooling/github-contributors-action,hyperledger-tooling/github-contributors-action,maybe,n
hyperledger/indy-shared-gha/.github/actions/branch-from-tag,hyperledger/indy-shared-gha,maybe,n
hyperledger/indy-shared-gha/.github/actions/get-release-info,hyperledger/indy-shared-gha,maybe,n
hyperledger/indy-shared-gha/.github/actions/workflow-setup,hyperledger/indy-shared-gha,maybe,n
hyperledger/indy-shared-gha/.github/workflows/buildimage.yaml,hyperledger/indy-shared-gha,maybe,n
hyperledger/indy-shared-gha/.github/workflows/buildpackages.yaml,hyperledger/indy-shared-gha,maybe,n
hyperledger/indy-shared-gha/.github/workflows/lint.yaml,hyperledger/indy-shared-gha,maybe,n
hyperledger/indy-shared-gha/.github/workflows/publish_artifacts.yaml,hyperledger/indy-shared-gha,maybe,n
hyperledger/indy-shared-gha/.github/workflows/pyversionconversion.yaml,hyperledger/indy-shared-gha,maybe,
hyperledger/indy-test-automation/.github/workflows/callable_test-automation-node.yaml,hyperledger/indy-test-automation,maybe,n
hypfer/github-action-push-to-another-repository,hypfer/github-action-push-to-another-repository,maybe,n
hypfer/tokei-action,hypfer/tokei-action,maybe,n
hypfer/upload-release-asset,hypfer/upload-release-asset,maybe,n
hypothesis/workflows/.github/workflows/deploy.yml,hypothesis/workflows,maybe,n
hypothesis/workflows/.github/workflows/dockerhub.yml,hypothesis/workflows,maybe,n
hypothesis/workflows/.github/workflows/eb-task.yml,hypothesis/workflows,maybe,n
hypothesis/workflows/.github/workflows/eb-update.yml,hypothesis/workflows,maybe,n
hywan/upload-release-asset,hywan/upload-release-asset,maybe,
hzqst/checkout,hzqst/checkout,maybe,n
ianwalter/puppeteer,ianwalter/puppeteer,maybe,y
ibexa/changelog-generator-action,ibexa/changelog-generator-action,maybe,n
ibexa/version-logic-action,ibexa/version-logic-action,maybe,n
ibnesayeed/actions-comment-run,ibnesayeed/actions-comment-run,maybe,n
icanhazstring/composer-unused-ga,icanhazstring/composer-unused-ga,maybe,y
icepuma/rust-action,icepuma/rust-action,maybe,y
icinga/docker-icinga2,icinga/docker-icinga2,maybe,
icinga/docker-icingaweb2,icinga/docker-icingaweb2,maybe,
icomponent/mysql-action,icomponent/mysql-action,maybe,n
idanho/action-discord,idanho/action-discord,maybe,
idanho/action-wait-for-check,idanho/action-wait-for-check,maybe,
ifaxity/wait-on-action,ifaxity/wait-on-action,maybe,
igeekfan/lin-cms-dotnetcore,igeekfan/lin-cms-dotnetcore,maybe,n
ignite-hq/cli/actions/cli,ignite-hq/cli,maybe,n
ignite-hq/cli/actions/release/vars,ignite-hq/cli,maybe,n
ignition-tooling/action-ignition-ci,ignition-tooling/action-ignition-ci,maybe,n
ignition-tooling/pr-collection-labeler,ignition-tooling/pr-collection-labeler,maybe,n
ihub-pub/actions/publish,ihub-pub/actions,maybe,n
ike709/actions-label-merge-conflict,ike709/actions-label-merge-conflict,maybe,n
ikerexxe/lintly-flake8-github-action,ikerexxe/lintly-flake8-github-action,maybe,n
ikuradon/deploy-preview,ikuradon/deploy-preview,maybe,n
ilteoood/actions-flutter-pub-publisher,ilteoood/actions-flutter-pub-publisher,maybe,n
im-open/process-dotnet-test-results,im-open/process-dotnet-test-results,maybe,y
imgcook/cancel-workflow-action,imgcook/cancel-workflow-action,maybe,n
imhoffd/get-changed-files,imhoffd/get-changed-files,maybe,n
imhoffd/needs-reply,imhoffd/needs-reply,maybe,n
imjasonh/setup-ko,imjasonh/setup-ko,maybe,y
immel-f/github-actions-report-lcov,immel-f/github-actions-report-lcov,maybe,y
immortalwrt/gh-action-sdk,immortalwrt/gh-action-sdk,maybe,n
implausible/setup-node,implausible/setup-node,maybe,n
impress-org/givewp-github-actions/.github/workflows/close-stale-issues.yml,impress-org/givewp-github-actions,maybe,n
impress-org/givewp-github-actions/.github/workflows/generate-zip.yml,impress-org/givewp-github-actions,maybe,n
impress-org/givewp-github-actions/.github/workflows/php-compatibility.yml,impress-org/givewp-github-actions,maybe,n
impress-org/givewp-github-actions/.github/workflows/pre-release.yml,impress-org/givewp-github-actions,maybe,n
indygreg/actions/.github/workflows/rust-exe.yml,indygreg/actions,maybe,n
indygreg/actions/.github/workflows/rust-workspace-build-and-test.yml,indygreg/actions,maybe,n
influxdata/validate-semantic-github-messages/.github/workflows/semantic.yml,influxdata/validate-semantic-github-messages,maybe,n
informalsystems/gosec,informalsystems/gosec,maybe,n
inkle/ink-unity-integration,inkle/ink-unity-integration,maybe,n
inknos/prepare-release,inknos/prepare-release,maybe,n
inko-lang/cross-platform-action,inko-lang/cross-platform-action,maybe,n
inlife/actiord-action,inlife/actiord-action,maybe,n
innobead/github-release-notes-action,innobead/github-release-notes-action,maybe,n
innovationnorway/setup-vault,innovationnorway/setup-vault,maybe,y
inovex/scrumlr.io/.github/workflows/deploy_to_dev_cluster.yml,inovex/scrumlr.io,maybe,n
inovex/scrumlr.io/.github/workflows/package.yml,inovex/scrumlr.io,maybe,n
inpsyde/reusable-workflows/.github/workflows/build-plugin-archive.yml,inpsyde/reusable-workflows,maybe,n
inrupt/javascript-style-configs/.github/workflows/reusable-audit.yml,inrupt/javascript-style-configs,maybe,n
inrupt/javascript-style-configs/.github/workflows/reusable-lint.yml,inrupt/javascript-style-configs,maybe,n
inrupt/typescript-sdk-tools/.github/workflows/reusable-audit.yml,inrupt/typescript-sdk-tools,maybe,n
inrupt/typescript-sdk-tools/.github/workflows/reusable-lint.yml,inrupt/typescript-sdk-tools,maybe,n
inseefrlab/onyxia,inseefrlab/onyxia,maybe,
insight-platform/rust-action,insight-platform/rust-action,maybe,n
insightsoftwareconsortium/itkapplyclangformataction,insightsoftwareconsortium/itkapplyclangformataction,maybe,
insightsoftwareconsortium/itkclangformatlinteraction,insightsoftwareconsortium/itkclangformatlinteraction,maybe,
insightsoftwareconsortium/itkremotemodulebuildtestpackageaction/.github/workflows/build-test-cxx.yml,insightsoftwareconsortium/itkremotemodulebuildtestpackageaction,maybe,
insightsoftwareconsortium/itkremotemodulebuildtestpackageaction/.github/workflows/build-test-package-python.yml,insightsoftwareconsortium/itkremotemodulebuildtestpackageaction,maybe,
instagram/libcst/.github/workflows/build.yml,instagram/libcst,maybe,
instantish/notion-github-action,instantish/notion-github-action,maybe,n
instill-ai/.github/.github/workflows/add-to-prj.yml,instill-ai/.github,maybe,n
instill-ai/meta/.github/workflows/add-pr-to-prj.yml,instill-ai/meta,maybe,n
instill-ai/vdp/.github/workflows/helm-integration-test-backend.yml,instill-ai/vdp,maybe,n
instill-ai/vdp/.github/workflows/integration-test-backend.yml,instill-ai/vdp,maybe,n
instill-ai/vdp/.github/workflows/integration-test-console.yml,instill-ai/vdp,maybe,n
instrumenta/kubeval-action,instrumenta/kubeval-action,maybe,y
int128/aqua-action,int128/aqua-action,maybe,y
int128/buildx-push-action,int128/buildx-push-action,maybe,y
int128/create-commit-action,int128/create-commit-action,maybe,n
int128/docker-build-cache-config-action,int128/docker-build-cache-config-action,maybe,y
int128/docker-build-workflow/.github/workflows/build-multi-architecture.yaml,int128/docker-build-workflow,maybe,n
int128/docker-build-workflow/.github/workflows/build.yaml,int128/docker-build-workflow,maybe,n
int128/go-actions/release,int128/go-actions,maybe,n
int128/go-actions/setup,int128/go-actions,maybe,n
int128/go-workflows/.github/workflows/check.yaml,int128/go-workflows,maybe,n
int128/hide-comment-action,int128/hide-comment-action,maybe,n
int128/release-typescript-action,int128/release-typescript-action,maybe,n
intel-innersource/frameworks.ai.infrastructure.code-scan-tools/.github/workflows/scanner_bdba.yml,intel-innersource/frameworks.ai.infrastructure.code-scan-tools,maybe,
intel-innersource/frameworks.ai.infrastructure.code-scan-tools/.github/workflows/scanner_coverity.yml,intel-innersource/frameworks.ai.infrastructure.code-scan-tools,maybe,
intel-innersource/frameworks.devops.github.actions.mcafee,intel-innersource/frameworks.devops.github.actions.mcafee,maybe,n
intel-innersource/libraries.devops.renderkit.workflows/.github/workflows/antivirus_scan.yml,intel-innersource/libraries.devops.renderkit.workflows,maybe,n
intel-innersource/libraries.devops.renderkit.workflows/.github/workflows/binary_analysis.yml,intel-innersource/libraries.devops.renderkit.workflows,maybe,n
intel-innersource/libraries.devops.renderkit.workflows/.github/workflows/docker.yml,intel-innersource/libraries.devops.renderkit.workflows,maybe,n
intel-innersource/libraries.devops.renderkit.workflows/.github/workflows/docker_gpu.yml,intel-innersource/libraries.devops.renderkit.workflows,maybe,n
intel-innersource/libraries.devops.renderkit.workflows/.github/workflows/embree_docker.yml,intel-innersource/libraries.devops.renderkit.workflows,maybe,n
intel-innersource/libraries.devops.renderkit.workflows/.github/workflows/embree_macos.yml,intel-innersource/libraries.devops.renderkit.workflows,maybe,n
intel-innersource/libraries.devops.renderkit.workflows/.github/workflows/embree_static_analysis.yml,intel-innersource/libraries.devops.renderkit.workflows,maybe,n
intel-innersource/libraries.devops.renderkit.workflows/.github/workflows/embree_windows.yml,intel-innersource/libraries.devops.renderkit.workflows,maybe,n
intel-innersource/libraries.devops.renderkit.workflows/.github/workflows/macos.yml,intel-innersource/libraries.devops.renderkit.workflows,maybe,n
intel-innersource/libraries.devops.renderkit.workflows/.github/workflows/perf.yml,intel-innersource/libraries.devops.renderkit.workflows,maybe,n
intel-innersource/libraries.devops.renderkit.workflows/.github/workflows/static_analysis.yml,intel-innersource/libraries.devops.renderkit.workflows,maybe,n
intel-innersource/libraries.devops.renderkit.workflows/.github/workflows/windows.yml,intel-innersource/libraries.devops.renderkit.workflows,maybe,n
intel-innersource/libraries.devops.renderkit.workflows/.github/workflows/windows_gpu.yml,intel-innersource/libraries.devops.renderkit.workflows,maybe,n
intelligo-systems/intelligo-actions,intelligo-systems/intelligo-actions,maybe,n
internetarchive/build,internetarchive/build,maybe,n
internetarchive/cicd,internetarchive/cicd,maybe,n
inverse/edge-addon-python,inverse/edge-addon-python,maybe,n
iobroker/testing-action-adapter,iobroker/testing-action-adapter,maybe,
iobroker/testing-action-check,iobroker/testing-action-check,maybe,
iobroker/testing-action-deploy,iobroker/testing-action-deploy,maybe,
ionic-team/bot,ionic-team/bot,maybe,n
ionic-team/capacitor-bot,ionic-team/capacitor-bot,maybe,n
ioquatix/setup-ruby,ioquatix/setup-ruby,maybe,n
iota9star/sign-android-release,iota9star/sign-android-release,maybe,n
iotaledger/actions-gh-pages,iotaledger/actions-gh-pages,maybe,n
iotaledger/create-pull-request,iotaledger/create-pull-request,maybe,n
iotaledger/identity.rs/.github/workflows/shared-build-and-test-stronghold-nodejs.yml,iotaledger/identity.rs,maybe,n
iotaledger/identity.rs/.github/workflows/shared-build-wasm.yml,iotaledger/identity.rs,maybe,n
iotaledger/identity.rs/.github/workflows/shared-create-dev-release-pr.yml,iotaledger/identity.rs,maybe,n
iotaledger/identity.rs/.github/workflows/shared-create-hotfix-pr.yml,iotaledger/identity.rs,maybe,n
iotaledger/identity.rs/.github/workflows/shared-create-main-release-pr.yml,iotaledger/identity.rs,maybe,n
iotaledger/identity.rs/.github/workflows/shared-release.yml,iotaledger/identity.rs,maybe,n
iovxw/upload-release-asset,iovxw/upload-release-asset,maybe,n
ipfs-shipyard/ipfs-github-action,ipfs-shipyard/ipfs-github-action,maybe,y
ipfs/aegir/actions/cache-node-modules,ipfs/aegir,maybe,n
ipfs/aegir/actions/docker-login,ipfs/aegir,maybe,n
ipfs/download-ipfs-distribution-action,ipfs/download-ipfs-distribution-action,maybe,n
ipfs/gateway-conformance/.github/actions/extract-fixtures,ipfs/gateway-conformance,maybe,n
ipfs/gateway-conformance/.github/actions/test,ipfs/gateway-conformance,maybe,n
ipfs/kubo/.github/workflows/runner.yml,ipfs/kubo,maybe,n
ipfs/start-ipfs-daemon-action,ipfs/start-ipfs-daemon-action,maybe,n
ipfs/uci/.github/workflows/go-test.yml,ipfs/uci,maybe,n
irebbok/setup-nuget,irebbok/setup-nuget,maybe,
iresearch-toolkit/clang-format-action,iresearch-toolkit/clang-format-action,maybe,y
irssi-import/actions-irssi/check-irssi,irssi-import/actions-irssi,maybe,n
irssi-import/actions-irssi/problem-matchers,irssi-import/actions-irssi,maybe,n
isaaclambat/golang-test-annotations,isaaclambat/golang-test-annotations,maybe,
isbang/setup-awscli,isbang/setup-awscli,maybe,y
isoos/setup-dart,isoos/setup-dart,maybe,n
iterative/dvc-bench,iterative/dvc-bench,maybe,n
iterative/gatsby-theme-iterative/.github/workflows/check-deployment.yml,iterative/gatsby-theme-iterative,maybe,n
iterative/link-check.action,iterative/link-check.action,maybe,n
iterative/link-check/.github/workflows/link-check-all.yml,iterative/link-check,maybe,n
iterative/link-check/.github/workflows/link-check-deployment-status.yml,iterative/link-check,maybe,n
iterative/py-template,iterative/py-template,maybe,n
iterative/setup-dvc,iterative/setup-dvc,maybe,y
itgoyo/github-activity-readme,itgoyo/github-activity-readme,maybe,n
itmo-nss-team/nss-ops/.github/workflows/mirror-repo.yml,itmo-nss-team/nss-ops,maybe,
itrooz/action-gh-release,itrooz/action-gh-release,maybe,
ivov/validate-n8n-pull-request-title,ivov/validate-n8n-pull-request-title,maybe,n
izhangzhihao/delete-comment,izhangzhihao/delete-comment,maybe,n
jabbukka/jenkins-trigger,jabbukka/jenkins-trigger,maybe,n
jackmckew/python-interrogate-check,jackmckew/python-interrogate-check,maybe,
jacksonmaxfield/github-pages-deploy-action-python,jacksonmaxfield/github-pages-deploy-action-python,maybe,
jackton1/find-changed-files,jackton1/find-changed-files,maybe,y
jacobwgillespie/setup-node,jacobwgillespie/setup-node,maybe,n
jacogr/action-approve,jacogr/action-approve,maybe,n
jacogr/action-merge,jacogr/action-merge,maybe,n
jafarabdi/latest-rosdistro-release-date-action,jafarabdi/latest-rosdistro-release-date-action,maybe,
jagandeepbrar/lunasea/.github/actions/prepare_for_build,jagandeepbrar/lunasea,maybe,
jagandeepbrar/lunasea/.github/actions/prepare_for_deployment,jagandeepbrar/lunasea,maybe,
jagandeepbrar/lunasea/.github/workflows/build_android.yml,jagandeepbrar/lunasea,maybe,
jagandeepbrar/lunasea/.github/workflows/build_ios.yml,jagandeepbrar/lunasea,maybe,
jagandeepbrar/lunasea/.github/workflows/build_linux.yml,jagandeepbrar/lunasea,maybe,
jagandeepbrar/lunasea/.github/workflows/build_macos.yml,jagandeepbrar/lunasea,maybe,
jagandeepbrar/lunasea/.github/workflows/build_web.yml,jagandeepbrar/lunasea,maybe,
jagandeepbrar/lunasea/.github/workflows/build_windows.yml,jagandeepbrar/lunasea,maybe,
jagandeepbrar/lunasea/.github/workflows/enable_check.yml,jagandeepbrar/lunasea,maybe,
jagandeepbrar/lunasea/.github/workflows/generate_files.yml,jagandeepbrar/lunasea,maybe,
jagandeepbrar/lunasea/.github/workflows/notify.yml,jagandeepbrar/lunasea,maybe,
jagandeepbrar/lunasea/.github/workflows/prepare.yml,jagandeepbrar/lunasea,maybe,
jagandeepbrar/lunasea/.github/workflows/prepare_build.yml,jagandeepbrar/lunasea,maybe,
jagandeepbrar/lunasea/.github/workflows/prepare_channels.yml,jagandeepbrar/lunasea,maybe,
jagandeepbrar/lunasea/.github/workflows/publish.yml,jagandeepbrar/lunasea,maybe,
jagandeepbrar/lunasea/.github/workflows/publish_android.yml,jagandeepbrar/lunasea,maybe,
jagandeepbrar/lunasea/.github/workflows/publish_ios.yml,jagandeepbrar/lunasea,maybe,
jagandeepbrar/lunasea/.github/workflows/publish_linux.yml,jagandeepbrar/lunasea,maybe,
jagandeepbrar/lunasea/.github/workflows/publish_macos.yml,jagandeepbrar/lunasea,maybe,
jagandeepbrar/lunasea/.github/workflows/publish_s3.yml,jagandeepbrar/lunasea,maybe,
jagandeepbrar/lunasea/.github/workflows/publish_web.yml,jagandeepbrar/lunasea,maybe,
jagandeepbrar/lunasea/.github/workflows/publish_windows.yml,jagandeepbrar/lunasea,maybe,
jagandeepbrar/lunasea/.github/workflows/release_android.yml,jagandeepbrar/lunasea,maybe,
jagandeepbrar/lunasea/.github/workflows/release_ios.yml,jagandeepbrar/lunasea,maybe,
jagandeepbrar/lunasea/.github/workflows/release_linux.yml,jagandeepbrar/lunasea,maybe,
jagandeepbrar/lunasea/.github/workflows/release_macos.yml,jagandeepbrar/lunasea,maybe,
jagandeepbrar/lunasea/.github/workflows/release_web.yml,jagandeepbrar/lunasea,maybe,
jagandeepbrar/lunasea/.github/workflows/validate.yml,jagandeepbrar/lunasea,maybe,
jaid/action-npm-install,jaid/action-npm-install,maybe,y
jaid/action-sync-node-meta,jaid/action-sync-node-meta,maybe,n
jakubtobiasz/syliusbuildtestappaction,jakubtobiasz/syliusbuildtestappaction,maybe,
jamescurtin/isort-action,jamescurtin/isort-action,maybe,y
jameshenry/nx-set-shas,jameshenry/nx-set-shas,maybe,n
jameshenry/nx-tag-successful-ci-run,jameshenry/nx-tag-successful-ci-run,maybe,y
jameshenry/parallel-bash-commands,jameshenry/parallel-bash-commands,maybe,n
jamesives/github-sponsors-readme-action,jamesives/github-sponsors-readme-action,maybe,
jamesmcm/cargo-deb-aarch64-debian,jamesmcm/cargo-deb-aarch64-debian,maybe,n
jamesmcm/cargo-deb-amd64-ubuntu,jamesmcm/cargo-deb-amd64-ubuntu,maybe,n
jamesmcm/cargo-deb-armv5-debian,jamesmcm/cargo-deb-armv5-debian,maybe,n
jamesmcm/cargo-deb-armv7-debian,jamesmcm/cargo-deb-armv7-debian,maybe,n
jamesmcm/cargo-rpm-amd64-fedora,jamesmcm/cargo-rpm-amd64-fedora,maybe,n
jamesmcm/cargo-rpm-amd64-opensuseleap,jamesmcm/cargo-rpm-amd64-opensuseleap,maybe,n
jandedobbeleer/store-submission,jandedobbeleer/store-submission,maybe,n
janniks/changesets-action,janniks/changesets-action,maybe,n
janniks/pull-request-fixed-header,janniks/pull-request-fixed-header,maybe,n
janthsueh/get-apk-info-action,janthsueh/get-apk-info-action,maybe,
jaredly/get-changed-files,jaredly/get-changed-files,maybe,n
jarvusinnovations/hologit,jarvusinnovations/hologit,maybe,
jashandeep-sohi/release-action,jashandeep-sohi/release-action,maybe,n
jashbook/check-branch-name,jashbook/check-branch-name,maybe,
jashbook/checkout,jashbook/checkout,maybe,
jason0x43/action-project-manager,jason0x43/action-project-manager,maybe,n
jason2866/action-gh-release,jason2866/action-gh-release,maybe,n
jason2866/copy_file_to_another_repo_action,jason2866/copy_file_to_another_repo_action,maybe,
jason2866/download-artifact,jason2866/download-artifact,maybe,n
jason2866/upload-artifact,jason2866/upload-artifact,maybe,n
jasonetco/is-sponsor-label-action,jasonetco/is-sponsor-label-action,maybe,
jasonetco/rss-to-readme,jasonetco/rss-to-readme,maybe,
jasonetco/slash-assign-action,jasonetco/slash-assign-action,maybe,
jasongdove/delete-release-assets,jasongdove/delete-release-assets,maybe,n
jasongdove/ersatztv/.github/workflows/artifacts.yml,jasongdove/ersatztv,maybe,n
jasongdove/ersatztv/.github/workflows/docker.yml,jasongdove/ersatztv,maybe,n
jasonkarns/create-release,jasonkarns/create-release,maybe,n
jasonmccreary/php-lint,jasonmccreary/php-lint,maybe,
jasonstephen15/github-actions-issue-to-work-item,jasonstephen15/github-actions-issue-to-work-item,maybe,n
jasonwilliams/criterion-compare-action,jasonwilliams/criterion-compare-action,maybe,y
javalent/obsidian-overload/.github/workflows/upgrade.yml,javalent/obsidian-overload,maybe,n
javalent/workflows/.github/workflows/notify.yml,javalent/workflows,maybe,n
javalent/workflows/.github/workflows/publish.yml,javalent/workflows,maybe,n
javalent/workflows/actions/discord-embed,javalent/workflows,maybe,n
javipalanca/coveralls-python-action,javipalanca/coveralls-python-action,maybe,n
jaxxstorm/action-docker-build,jaxxstorm/action-docker-build,maybe,y
jayehernandez/the-good-place,jayehernandez/the-good-place,maybe,n
jaywcjlove/coverage-badges-cli,jaywcjlove/coverage-badges-cli,maybe,n
jaywcjlove/github-action-contributors,jaywcjlove/github-action-contributors,maybe,n
jaywcjlove/github-action-modify-file-content,jaywcjlove/github-action-modify-file-content,maybe,n
jaywcjlove/github-action-package,jaywcjlove/github-action-package,maybe,n
jaywcjlove/markdown-to-html-cli,jaywcjlove/markdown-to-html-cli,maybe,n
jbinda/super-labeler-action,jbinda/super-labeler-action,maybe,n
jbolda/covector/packages/action,jbolda/covector,maybe,y
jbolda/create-release,jbolda/create-release,maybe,y
jc5/lock-threads,jc5/lock-threads,maybe,
jcfranco/actions-milestone-sync,jcfranco/actions-milestone-sync,maybe,n
jd-0001/gh-action-comment-on-new-issue,jd-0001/gh-action-comment-on-new-issue,maybe,n
jdfed/drip-form/.github/workflows/check.yml,jdfed/drip-form,maybe,
jdpedrie/setup-php,jdpedrie/setup-php,maybe,n
jdukewich/tauri-action,jdukewich/tauri-action,maybe,n
jeedom/workflows/.github/workflows/codelintglobal.yml,jeedom/workflows,maybe,
jeedom/workflows/.github/workflows/lint_php73.yml,jeedom/workflows,maybe,
jeedom/workflows/.github/workflows/lint_php74.yml,jeedom/workflows,maybe,
jeedom/workflows/.github/workflows/php.yml,jeedom/workflows,maybe,n
jegp/conda-publish-action,jegp/conda-publish-action,maybe,n
jellyfin/jellyfin-ffmpeg/.github/workflows/_meta.yaml,jellyfin/jellyfin-ffmpeg,maybe,n
jellyfin/jellyfin-meta-plugins/.github/workflows/command-dispatch.yaml,jellyfin/jellyfin-meta-plugins,maybe,n
jellyfin/jellyfin-meta-plugins/.github/workflows/command-rebase.yaml,jellyfin/jellyfin-meta-plugins,maybe,n
jellyfin/jellyfin-meta-plugins/.github/workflows/scan-codeql.yaml,jellyfin/jellyfin-meta-plugins,maybe,n
jelmer/action-disperse-validate,jelmer/action-disperse-validate,maybe,n
jen20/action-docker-build,jen20/action-docker-build,maybe,y
jen20/action-install-pulumi-cli,jen20/action-install-pulumi-cli,maybe,n
jen20/action-install-tf2pulumi,jen20/action-install-tf2pulumi,maybe,n
jen20/action-test-provider-downstream,jen20/action-test-provider-downstream,maybe,n
jenkins-infra/github-reusable-workflows/.github/workflows/maven-cd.yml,jenkins-infra/github-reusable-workflows,maybe,n
jenkins-infra/interesting-category-action,jenkins-infra/interesting-category-action,maybe,n
jenkins-infra/jenkins-maven-cd-action,jenkins-infra/jenkins-maven-cd-action,maybe,n
jenkins-infra/jenkins-security-scan/.github/workflows/jenkins-security-scan.yaml,jenkins-infra/jenkins-security-scan,maybe,n
jenkins-infra/verify-ci-status-action,jenkins-infra/verify-ci-status-action,maybe,y
jenkinsci/jenkins-core-changelog-generator,jenkinsci/jenkins-core-changelog-generator,maybe,n
jens-maus/deploy-nightly,jens-maus/deploy-nightly,maybe,n
jeremyd2019/package-grokker/grok-artifacts,jeremyd2019/package-grokker,maybe,n
jeremyskinner/global-json-dotnet-install,jeremyskinner/global-json-dotnet-install,maybe,
jeroen/actions/setup-r,jeroen/actions,maybe,n
jerome1337/comment-pull-request,jerome1337/comment-pull-request,maybe,
jessecooper/pyetrade/.github/workflows/build.yml,jessecooper/pyetrade,maybe,n
jessfraz/branch-cleanup-action,jessfraz/branch-cleanup-action,maybe,n
jetbrains/gradle-intellij-plugin/.github/workflows/reusable-test.yml,jetbrains/gradle-intellij-plugin,maybe,
jetbrains/qodana-clone-finder-action,jetbrains/qodana-clone-finder-action,maybe,
jetbrains/qodana-license-audit-action,jetbrains/qodana-license-audit-action,maybe,
jetbrains/qodana-php,jetbrains/qodana-php,maybe,
jgillis/delete-release-assets,jgillis/delete-release-assets,maybe,n
jgillis/import-codesign-certs,jgillis/import-codesign-certs,maybe,n
jgillis/setup-build-matrix,jgillis/setup-build-matrix,maybe,n
jgillis/universal_grafter,jgillis/universal_grafter,maybe,n
jgoguen/gh-actions/shellcheck,jgoguen/gh-actions,maybe,n
jgoguen/gh-actions/yaml-lint,jgoguen/gh-actions,maybe,n
jhale/ec2-github-runner,jhale/ec2-github-runner,maybe,n
jhen0409/release-asset-action,jhen0409/release-asset-action,maybe,n
jhenstridge/snapcraft-build-action,jhenstridge/snapcraft-build-action,maybe,y
jhenstridge/snapcraft-publish-action,jhenstridge/snapcraft-publish-action,maybe,n
jimmykarily/luet-install-action,jimmykarily/luet-install-action,maybe,n
jitsecurity-controls/jit-github-action,jitsecurity-controls/jit-github-action,maybe,y
jitterbit/get-changed/files,jitterbit/get-changed,maybe,n
jj/pr-greeting-action,jj/pr-greeting-action,maybe,
jkeys089/actions-memcached,jkeys089/actions-memcached,maybe,n
jmduarte/sphinx-action,jmduarte/sphinx-action,maybe,n
jmhodges/howsmyssl/.github/workflows/deploy.yml,jmhodges/howsmyssl,maybe,n
jmhodges/howsmyssl/.github/workflows/go.yml,jmhodges/howsmyssl,maybe,n
jobobby04/sign-android-release,jobobby04/sign-android-release,maybe,n
jobovy/pyodide-buildpackage-action/actions/build-meta,jobovy/pyodide-buildpackage-action,maybe,n
jobovy/pyodide-buildpackage-action/actions/build-package,jobovy/pyodide-buildpackage-action,maybe,n
jobovy/pyodide-buildpackage-action/actions/build-pyodide,jobovy/pyodide-buildpackage-action,maybe,n
jodebu/upload-to-drive,jodebu/upload-to-drive,maybe,
joe733/waka-readme,joe733/waka-readme,maybe,n
joeizzard/action-wiki-sync,joeizzard/action-wiki-sync,maybe,n
joerick/cibuildwheel,joerick/cibuildwheel,maybe,y
joerick/update-vx.y-tag-action,joerick/update-vx.y-tag-action,maybe,
joeyparrish/action-label-syncer,joeyparrish/action-label-syncer,maybe,n
joeyparrish/release-please-action,joeyparrish/release-please-action,maybe,n
joffrey-bion/.github/.github/workflows/upgrade-gradle-wrapper.yml,joffrey-bion/.github,maybe,n
johanneswilm/coveralls-python-action,johanneswilm/coveralls-python-action,maybe,y
john-shaffer/cache,john-shaffer/cache,maybe,n
johnbillion/plugin-infrastructure/.github/workflows/acceptance-tests.yml,johnbillion/plugin-infrastructure,maybe,n
johnbillion/plugin-infrastructure/.github/workflows/coding-standards.yml,johnbillion/plugin-infrastructure,maybe,n
johnbillion/plugin-infrastructure/.github/workflows/reusable-acceptance-tests.yml,johnbillion/plugin-infrastructure,maybe,n
johnbillion/plugin-infrastructure/.github/workflows/reusable-build.yml,johnbillion/plugin-infrastructure,maybe,n
johnbillion/plugin-infrastructure/.github/workflows/reusable-coding-standards.yml,johnbillion/plugin-infrastructure,maybe,n
johnbillion/plugin-infrastructure/.github/workflows/reusable-deploy-assets.yml,johnbillion/plugin-infrastructure,maybe,n
johnbillion/plugin-infrastructure/.github/workflows/reusable-deploy-tag.yml,johnbillion/plugin-infrastructure,maybe,n
johnbillion/plugin-infrastructure/.github/workflows/reusable-integration-tests.yml,johnbillion/plugin-infrastructure,maybe,n
johnnyhuy/actions-discord-git-webhook,johnnyhuy/actions-discord-git-webhook,maybe,n
johnnyhuy/discord-webhook,johnnyhuy/discord-webhook,maybe,n
johnpryan/dart-coverage-action,johnpryan/dart-coverage-action,maybe,y
johnsonandjohnson/bodiless-js/.github/workflows/build-test-lint-simple.yml,johnsonandjohnson/bodiless-js,maybe,
johntitor/github-action,johntitor/github-action,maybe,
jonabc/licensed-ci,jonabc/licensed-ci,maybe,y
jonabc/setup-licensed,jonabc/setup-licensed,maybe,y
jonahx/enforce-rebase,jonahx/enforce-rebase,maybe,n
jonasalfredsson/checkout-qemu-buildx,jonasalfredsson/checkout-qemu-buildx,maybe,
jonaseberle/github-action-setup-ddev,jonaseberle/github-action-setup-ddev,maybe,y
jonfriesen/get-release-by-tag,jonfriesen/get-release-by-tag,maybe,n
joonvena/robotframework-reporter-action,joonvena/robotframework-reporter-action,maybe,y
jooooscha/action-release-releaseapk,jooooscha/action-release-releaseapk,maybe,n
jorisroovers/gitlint/.github/workflows/test-release.yml,jorisroovers/gitlint,maybe,n
jorturfer/kind-action,jorturfer/kind-action,maybe,
josa42/actions/npm-publish,josa42/actions,maybe,n
josa42/actions/update,josa42/actions,maybe,n
josephbmanley/butler-publish-itchio-action,josephbmanley/butler-publish-itchio-action,maybe,n
josh146/sphinx-action,josh146/sphinx-action,maybe,y
joshdales/labeler,joshdales/labeler,maybe,n
joshgummersall/base64-encode,joshgummersall/base64-encode,maybe,n
joshgummersall/create-issue,joshgummersall/create-issue,maybe,n
joshgummersall/dispatch-workflow,joshgummersall/dispatch-workflow,maybe,y
joshgummersall/pr-style,joshgummersall/pr-style,maybe,n
joshuakgoldberg/all-contributors-auto-action,joshuakgoldberg/all-contributors-auto-action,maybe,
jossef/action-semantic-releaser,jossef/action-semantic-releaser,maybe,y
jpkrohling/setup-operator-sdk,jpkrohling/setup-operator-sdk,maybe,y
jpoehnelt/setup-bazel,jpoehnelt/setup-bazel,maybe,y
jpribyl/action-docker-layer-caching,jpribyl/action-docker-layer-caching,maybe,y
jprochazk/linkinator-action,jprochazk/linkinator-action,maybe,n
jpsim/retest,jpsim/retest,maybe,n
jpwest/nuget-push-action,jpwest/nuget-push-action,maybe,n
jreisinger/github-actions/.github/workflows/go-release.yml,jreisinger/github-actions,maybe,n
jreisinger/github-actions/.github/workflows/go-releaser.yml,jreisinger/github-actions,maybe,n
jreisinger/github-actions/.github/workflows/go-test-scan.yml,jreisinger/github-actions,maybe,n
jreisinger/github-actions/.github/workflows/go.yml,jreisinger/github-actions,maybe,n
jrl-umi3218/github-actions/.github/workflows/package-project.yml,jrl-umi3218/github-actions,maybe,n
jrl-umi3218/github-actions/build-cmake-project,jrl-umi3218/github-actions,maybe,n
jrl-umi3218/github-actions/build-package,jrl-umi3218/github-actions,maybe,n
jrl-umi3218/github-actions/build-package-native,jrl-umi3218/github-actions,maybe,n
jrl-umi3218/github-actions/create-release,jrl-umi3218/github-actions,maybe,n
jrl-umi3218/github-actions/install-dependencies,jrl-umi3218/github-actions,maybe,n
jrl-umi3218/github-actions/upload-documentation,jrl-umi3218/github-actions,maybe,n
jrl-umi3218/github-actions/upload-package,jrl-umi3218/github-actions,maybe,n
jruby/jruby-ci-build,jruby/jruby-ci-build,maybe,n
jruby/jruby/.github/workflows/snapshot-publish.yml,jruby/jruby,maybe,n
jsii/superchain,jsii/superchain,maybe,n
jsii/superchain:latest,jsii/superchain:latest,maybe,n
jsiwek/ci-email-action,jsiwek/ci-email-action,maybe,y
jsk-ros-pkg/jsk_travis,jsk-ros-pkg/jsk_travis,maybe,n
jsm174/unity-test-runner,jsm174/unity-test-runner,maybe,n
jsmacros/jsmacros/.github/workflows/releasebuild.yml,jsmacros/jsmacros,maybe,n
jsmacros/jsmacros/.github/workflows/releasedeploy.yml,jsmacros/jsmacros,maybe,n
jsoref/labeler,jsoref/labeler,maybe,n
jsumners/lock-threads,jsumners/lock-threads,maybe,n
jtojnar/action,jtojnar/action,maybe,n
juicedata/slack-notify-action,juicedata/slack-notify-action,maybe,n
julb/action-manage-label,julb/action-manage-label,maybe,n
julia-actions/julia-processcoverage,julia-actions/julia-processcoverage,maybe,y
jumppad-labs/winget-publish-action,jumppad-labs/winget-publish-action,maybe,n
jumpserver/action-build-upload-assets,jumpserver/action-build-upload-assets,maybe,n
jumpserver/action-generic-handler,jumpserver/action-generic-handler,maybe,n
jumpserver/action-issues-alert,jumpserver/action-issues-alert,maybe,n
junelife/gha-ubuntu-cross,junelife/gha-ubuntu-cross,maybe,n
jungwinter/comment,jungwinter/comment,maybe,
jungwinter/split,jungwinter/split,maybe,
juntyr/criterion-compare-action,juntyr/criterion-compare-action,maybe,y
jupyter-server/jupyter-releaser/.github/actions/common,jupyter-server/jupyter-releaser,maybe,n
jupyter-server/jupyter-releaser/.github/actions/finalize-release,jupyter-server/jupyter-releaser,maybe,n
jupyter-server/jupyter-releaser/.github/actions/populate-release,jupyter-server/jupyter-releaser,maybe,n
jupyter-server/jupyter-releaser/.github/actions/prep-release,jupyter-server/jupyter-releaser,maybe,n
jupyter-server/jupyter_releaser/.github/actions/check-links,jupyter-server/jupyter_releaser,maybe,n
jupyter-server/jupyter_releaser/.github/actions/check-release,jupyter-server/jupyter_releaser,maybe,n
jupyter-server/jupyter_releaser/.github/actions/finalize-release,jupyter-server/jupyter_releaser,maybe,n
jupyter-server/jupyter_releaser/.github/actions/populate-release,jupyter-server/jupyter_releaser,maybe,n
jupyter-server/jupyter_releaser/.github/actions/prep-release,jupyter-server/jupyter_releaser,maybe,n
jupyterlab/benchmarks/.github/actions/memory-leak,jupyterlab/benchmarks,maybe,n
jupyterlab/maintainer-tools/.github/actions/base-setup,jupyterlab/maintainer-tools,maybe,n
jupyterlab/maintainer-tools/.github/actions/binder-link,jupyterlab/maintainer-tools,maybe,n
jupyterlab/maintainer-tools/.github/actions/check-links,jupyterlab/maintainer-tools,maybe,n
jupyterlab/maintainer-tools/.github/actions/downstream-test,jupyterlab/maintainer-tools,maybe,n
jupyterlab/maintainer-tools/.github/actions/enforce-label,jupyterlab/maintainer-tools,maybe,n
jupyterlab/maintainer-tools/.github/actions/install-minimums,jupyterlab/maintainer-tools,maybe,n
jupyterlab/maintainer-tools/.github/actions/make-sdist,jupyterlab/maintainer-tools,maybe,n
jupyterlab/maintainer-tools/.github/actions/pre-commit,jupyterlab/maintainer-tools,maybe,n
jupyterlab/maintainer-tools/.github/actions/report-coverage,jupyterlab/maintainer-tools,maybe,n
jupyterlab/maintainer-tools/.github/actions/test-sdist,jupyterlab/maintainer-tools,maybe,n
jupyterlab/maintainer-tools/.github/actions/update-snapshots,jupyterlab/maintainer-tools,maybe,n
jupyterlab/maintainer-tools/.github/actions/upload-coverage,jupyterlab/maintainer-tools,maybe,n
jurplel/install-qtcache-action,jurplel/install-qtcache-action,maybe,n
justdan96/release-action,justdan96/release-action,maybe,n
justincy/github-action-npm-release,justincy/github-action-npm-release,maybe,y
justjake/setup-emscripten,justjake/setup-emscripten,maybe,n
jvalkeal/build-zoo-handler,jvalkeal/build-zoo-handler,maybe,y
jvalkeal/issue-handler,jvalkeal/issue-handler,maybe,n
jvalkeal/nexus-sync,jvalkeal/nexus-sync,maybe,n
jvalkeal/setup-maven,jvalkeal/setup-maven,maybe,y
jvalkeal/stale,jvalkeal/stale,maybe,n
jwcesign/get-contributors/.github/workflows/get-contributors.yaml,jwcesign/get-contributors,maybe,n
jwodder/latest-python-versions,jwodder/latest-python-versions,maybe,y
k-phoen/action-misspell,k-phoen/action-misspell,maybe,
k0kubun/action-slack,k0kubun/action-slack,maybe,n
k14s/setup-k14s-action,k14s/setup-k14s-action,maybe,y
k8s-at-home/renovate-helm-releases,k8s-at-home/renovate-helm-releases,maybe,n
kac89/pgrelease,kac89/pgrelease,maybe,n
kachkaev/labeler,kachkaev/labeler,maybe,n
kairos-io/kairos/.github/workflows/reusable-build-flavor.yaml,kairos-io/kairos,maybe,n
kairos-io/kairos/.github/workflows/reusable-build-framework-flavor.yaml,kairos-io/kairos,maybe,n
kairos-io/kairos/.github/workflows/reusable-build-provider.yaml,kairos-io/kairos,maybe,n
kairos-io/kairos/.github/workflows/reusable-docker-arm-build.yaml,kairos-io/kairos,maybe,n
kairos-io/kairos/.github/workflows/reusable-encryption-test.yaml,kairos-io/kairos,maybe,n
kairos-io/kairos/.github/workflows/reusable-image-and-iso-arm-generic.yaml,kairos-io/kairos,maybe,n
kairos-io/kairos/.github/workflows/reusable-install-test.yaml,kairos-io/kairos,maybe,n
kairos-io/kairos/.github/workflows/reusable-provider-tests.yaml,kairos-io/kairos,maybe,n
kairos-io/kairos/.github/workflows/reusable-provider-upgrade-latest-test.yaml,kairos-io/kairos,maybe,n
kairos-io/kairos/.github/workflows/reusable-qemu-acceptance-test.yaml,kairos-io/kairos,maybe,n
kairos-io/kairos/.github/workflows/reusable-qemu-bundles-test.yaml,kairos-io/kairos,maybe,n
kairos-io/kairos/.github/workflows/reusable-qemu-netboot-test.yaml,kairos-io/kairos,maybe,n
kairos-io/kairos/.github/workflows/reusable-qemu-reset-test.yaml,kairos-io/kairos,maybe,n
kairos-io/kairos/.github/workflows/reusable-upgrade-latest-test.yaml,kairos-io/kairos,maybe,n
kairos-io/kairos/.github/workflows/reusable-upgrade-with-cli-test.yaml,kairos-io/kairos,maybe,n
kairos-io/kairos/.github/workflows/reusable-zfs-test.yaml,kairos-io/kairos,maybe,n
kalibera/ucrt3/actions/r-install,kalibera/ucrt3,maybe,n
kalibera/ucrt3/actions/toolchain-install,kalibera/ucrt3,maybe,n
kaltura/ovp-pipelines-pub/.github/workflows/notification.yaml,kaltura/ovp-pipelines-pub,maybe,n
kaltura/ovp-pipelines-pub/.github/workflows/player_cicd.yaml,kaltura/ovp-pipelines-pub,maybe,n
kaltura/ovp-pipelines-pub/.github/workflows/player_tests.yaml,kaltura/ovp-pipelines-pub,maybe,n
kamatama41/get-pr-number-action,kamatama41/get-pr-number-action,maybe,n
kamatama41/hide-pr-comments-action,kamatama41/hide-pr-comments-action,maybe,n
kamiazya/setup-graphviz,kamiazya/setup-graphviz,maybe,y
kamilkisiela/pr-comment,kamilkisiela/pr-comment,maybe,n
kamilkisiela/release-canary,kamilkisiela/release-canary,maybe,n
kampfkarren/selenology,kampfkarren/selenology,maybe,
kareemmax/gh-action-get-changed-files,kareemmax/gh-action-get-changed-files,maybe,
karenlrx/redis-github-action,karenlrx/redis-github-action,maybe,n
karliss/get-release,karliss/get-release,maybe,n
kas-tle/forkfinder,kas-tle/forkfinder,maybe,
kate2513/javascript-test-action,kate2513/javascript-test-action,maybe,n
kategengler/put-built-npm-package-contents-on-branch,kategengler/put-built-npm-package-contents-on-branch,maybe,n
katydecorah/font-library-action,katydecorah/font-library-action,maybe,n
kayac/ecspresso,kayac/ecspresso,maybe,n
kbst/ghaction-import-gpg,kbst/ghaction-import-gpg,maybe,n
kbst/goreleaser-action,kbst/goreleaser-action,maybe,n
kdeldycke/workflows/.github/workflows/autofix.yaml,kdeldycke/workflows,maybe,n
kdeldycke/workflows/.github/workflows/autolock.yaml,kdeldycke/workflows,maybe,n
kdeldycke/workflows/.github/workflows/changelog.yaml,kdeldycke/workflows,maybe,n
kdeldycke/workflows/.github/workflows/debug.yaml,kdeldycke/workflows,maybe,n
kdeldycke/workflows/.github/workflows/docs.yaml,kdeldycke/workflows,maybe,n
kdeldycke/workflows/.github/workflows/label-sponsors.yaml,kdeldycke/workflows,maybe,n
kdeldycke/workflows/.github/workflows/labeller-file-based.yaml,kdeldycke/workflows,maybe,n
kdeldycke/workflows/.github/workflows/labels.yaml,kdeldycke/workflows,maybe,n
kdeldycke/workflows/.github/workflows/lint.yaml,kdeldycke/workflows,maybe,n
kdeldycke/workflows/.github/workflows/release.yaml,kdeldycke/workflows,maybe,n
keboo/githubhelper,keboo/githubhelper,maybe,
kedacore/keda/.github/workflows/template-arm64-smoke-tests.yml,kedacore/keda,maybe,n
kedacore/keda/.github/workflows/template-main-e2e-test.yml,kedacore/keda,maybe,n
kedacore/keda/.github/workflows/template-smoke-tests.yml,kedacore/keda,maybe,n
kedacore/keda/.github/workflows/template-trivy-scan.yml,kedacore/keda,maybe,n
kedacore/keda/.github/workflows/template-versions-smoke-tests.yml,kedacore/keda,maybe,n
kedacore/keda/.github/workflows/upgrade-validation-template.yml,kedacore/keda,maybe,n
keep-network/ci/.github/workflows/reusable-solidity-docs.yml,keep-network/ci,maybe,n
keep-network/ci/actions/load-env-variables,keep-network/ci,maybe,n
keep-network/ci/actions/notify-workflow-completed,keep-network/ci,maybe,n
keep-network/ci/actions/upstream-builds-query,keep-network/ci,maybe,n
keep-network/golint-action,keep-network/golint-action,maybe,y
keep-network/load-env-variables,keep-network/load-env-variables,maybe,n
keep-network/notify-workflow-completed,keep-network/notify-workflow-completed,maybe,n
keep-network/npm-version-bump,keep-network/npm-version-bump,maybe,n
keep-network/tenderly-push-action,keep-network/tenderly-push-action,maybe,n
keep-network/upstream-builds-query,keep-network/upstream-builds-query,maybe,n
keisukeyamashita/memcached-actions,keisukeyamashita/memcached-actions,maybe,
keithnull/tencent-cloud-cdn-purge-cache,keithnull/tencent-cloud-cdn-purge-cache,maybe,y
kellyselden/ember-cli-update-action,kellyselden/ember-cli-update-action,maybe,n
kemayo/actions-recent-changelog,kemayo/actions-recent-changelog,maybe,n
kengotoda/sonar-update-center-action,kengotoda/sonar-update-center-action,maybe,
kenjdavidson/gatsby-gh-pages-action,kenjdavidson/gatsby-gh-pages-action,maybe,y
kentcdodds/kcd-workshop-validation-action,kentcdodds/kcd-workshop-validation-action,maybe,n
keptn/docs-tooling/.github/workflows/release-docs.yml,keptn/docs-tooling,maybe,n
keptn/gh-action-build-docker-image,keptn/gh-action-build-docker-image,maybe,n
keptn/gh-action-extract-branch-name,keptn/gh-action-extract-branch-name,maybe,n
keptn/gh-action-send-event,keptn/gh-action-send-event,maybe,y
keptn/keptn/.github/workflows/build-cli.yml,keptn/keptn,maybe,n
keptn/keptn/.github/workflows/build-helm-charts.yml,keptn/keptn,maybe,n
kerhub/spammy-guardian,kerhub/spammy-guardian,maybe,n
kernel-su/actions-comment-on-issue,kernel-su/actions-comment-on-issue,maybe,
kevindejong-tomtom/commisery-action,kevindejong-tomtom/commisery-action,maybe,
kewisch/action-thunderbird-tests,kewisch/action-thunderbird-tests,maybe,y
kewisch/action-yet-another-eslint,kewisch/action-yet-another-eslint,maybe,n
kfir4444/free-disk-space,kfir4444/free-disk-space,maybe,n
khan/actions,khan/actions,maybe,
khan/changeset-per-package,khan/changeset-per-package,maybe,
khan/eslint-action,khan/eslint-action,maybe,
khan/flow-action,khan/flow-action,maybe,
khan/gerald,khan/gerald,maybe,
khan/jest-action,khan/jest-action,maybe,
khan/jest-coverage-action,khan/jest-coverage-action,maybe,
khonsulabs/sync-to-dossier,khonsulabs/sync-to-dossier,maybe,n
kidunot89/setup-php,kidunot89/setup-php,maybe,n
kiegroup/chain-status/.ci/actions/generate-app,kiegroup/chain-status,maybe,n
kiegroup/chain-status/.ci/actions/generate-data,kiegroup/chain-status,maybe,n
kiegroup/droolsjbpm-build-bootstrap/.ci/actions/backporting,kiegroup/droolsjbpm-build-bootstrap,maybe,n
kiegroup/droolsjbpm-build-bootstrap/.ci/actions/build-chain,kiegroup/droolsjbpm-build-bootstrap,maybe,n
kiegroup/droolsjbpm-build-bootstrap/.ci/actions/cache-maven,kiegroup/droolsjbpm-build-bootstrap,maybe,n
kiegroup/droolsjbpm-build-bootstrap/.ci/actions/java,kiegroup/droolsjbpm-build-bootstrap,maybe,n
kiegroup/droolsjbpm-build-bootstrap/.ci/actions/long-paths,kiegroup/droolsjbpm-build-bootstrap,maybe,n
kiegroup/droolsjbpm-build-bootstrap/.ci/actions/maven,kiegroup/droolsjbpm-build-bootstrap,maybe,n
kiegroup/droolsjbpm-build-bootstrap/.ci/actions/os-preparation,kiegroup/droolsjbpm-build-bootstrap,maybe,n
kiegroup/droolsjbpm-build-bootstrap/.ci/actions/parse-labels,kiegroup/droolsjbpm-build-bootstrap,maybe,n
kiegroup/droolsjbpm-build-bootstrap/.ci/actions/surefire-report,kiegroup/droolsjbpm-build-bootstrap,maybe,n
kiegroup/droolsjbpm-build-bootstrap/.ci/actions/ubuntu-disk-space,kiegroup/droolsjbpm-build-bootstrap,maybe,n
kiegroup/kie-ci/.ci/actions/backporting,kiegroup/kie-ci,maybe,n
kiegroup/kie-ci/.ci/actions/build-chain,kiegroup/kie-ci,maybe,n
kiegroup/kie-ci/.ci/actions/dsl-tests,kiegroup/kie-ci,maybe,n
kiegroup/kie-ci/.ci/actions/long-paths,kiegroup/kie-ci,maybe,n
kiegroup/kie-ci/.ci/actions/maven,kiegroup/kie-ci,maybe,n
kiegroup/kie-ci/.ci/actions/os-preparation,kiegroup/kie-ci,maybe,n
kiegroup/kie-ci/.ci/actions/parse-labels,kiegroup/kie-ci,maybe,n
kiegroup/kie-ci/.ci/actions/python-packages,kiegroup/kie-ci,maybe,n
kiegroup/kie-ci/.ci/actions/surefire-report,kiegroup/kie-ci,maybe,n
kiegroup/kie-ci/.ci/actions/ubuntu-disk-space,kiegroup/kie-ci,maybe,n
kiegroup/kie-tools/.github/workflows/release_build.yml,kiegroup/kie-tools,maybe,n
kiegroup/kie-tools/.github/workflows/staging_build.yml,kiegroup/kie-tools,maybe,n
kiegroup/kogito-pipelines/.ci/actions/action-junit-report,kiegroup/kogito-pipelines,maybe,n
kiegroup/kogito-pipelines/.ci/actions/backporting,kiegroup/kogito-pipelines,maybe,n
kiegroup/kogito-pipelines/.ci/actions/build-chain,kiegroup/kogito-pipelines,maybe,n
kiegroup/kogito-pipelines/.ci/actions/dsl-tests,kiegroup/kogito-pipelines,maybe,n
kiegroup/kogito-pipelines/.ci/actions/long-paths,kiegroup/kogito-pipelines,maybe,n
kiegroup/kogito-pipelines/.ci/actions/maven,kiegroup/kogito-pipelines,maybe,n
kiegroup/kogito-pipelines/.ci/actions/os-preparation,kiegroup/kogito-pipelines,maybe,n
kiegroup/kogito-pipelines/.ci/actions/parse-labels,kiegroup/kogito-pipelines,maybe,n
kiegroup/kogito-pipelines/.ci/actions/surefire-report,kiegroup/kogito-pipelines,maybe,n
kiegroup/kogito-pipelines/.ci/actions/ubuntu-disk-space,kiegroup/kogito-pipelines,maybe,n
kiegroup/kogito-tooling/.github/workflows/release_build.yml,kiegroup/kogito-tooling,maybe,n
kiegroup/kogito-tooling/.github/workflows/staging_build.yml,kiegroup/kogito-tooling,maybe,n
killbill/gh-actions-shared/.github/workflows/ci.yml,killbill/gh-actions-shared,maybe,n
killbill/gh-actions-shared/.github/workflows/cloudsmith_release.yml,killbill/gh-actions-shared,maybe,n
killbill/gh-actions-shared/.github/workflows/codeql-analysis.yml,killbill/gh-actions-shared,maybe,n
killbill/gh-actions-shared/.github/workflows/sync.yml,killbill/gh-actions-shared,maybe,n
kimlimjustin/tauri-action,kimlimjustin/tauri-action,maybe,n
kingstinct/utils/.github/workflows/eas-build.yml,kingstinct/utils,maybe,
kingtous/install-llvm-action-32bit,kingtous/install-llvm-action-32bit,maybe,
kingtous/run-on-arch-action,kingtous/run-on-arch-action,maybe,
kinnala/scikit-fem-docker-action,kinnala/scikit-fem-docker-action,maybe,n
kirbyrawr/docfx-action,kirbyrawr/docfx-action,maybe,
kitchen/re-thirdparty-actions/actions/jacoco-report,kitchen/re-thirdparty-actions,maybe,
kitchen/re-thirdparty-actions/actions/test-reporter,kitchen/re-thirdparty-actions,maybe,
kitchen/re-thirdparty-actions/actions/vault,kitchen/re-thirdparty-actions,maybe,
kittaakos/upload-artifact-as-is,kittaakos/upload-artifact-as-is,maybe,n
kittaakos/upload-release-action,kittaakos/upload-release-action,maybe,n
kittaakos/upload-s3-action,kittaakos/upload-s3-action,maybe,n
kj002/read-yaml,kj002/read-yaml,maybe,
kjvalencik/github-actions/approve,kjvalencik/github-actions,maybe,n
klakegg/github-upload,klakegg/github-upload,maybe,n
klever1988/cachewrtbuild,klever1988/cachewrtbuild,maybe,y
klever1988/ssh2actions,klever1988/ssh2actions,maybe,n
klothoplatform/gh-action-retry,klothoplatform/gh-action-retry,maybe,n
knative-sandbox/actions-downstream-test,knative-sandbox/actions-downstream-test,maybe,n
knative-sandbox/downstream-test-go,knative-sandbox/downstream-test-go,maybe,n
knative/actions/.github/workflows/go-build.yaml,knative/actions,maybe,n
knative/actions/.github/workflows/go-test.yaml,knative/actions,maybe,n
knative/actions/.github/workflows/reusable-go-build.yaml,knative/actions,maybe,n
knative/actions/.github/workflows/reusable-go-test.yaml,knative/actions,maybe,n
knative/actions/.github/workflows/reusable-security.yaml,knative/actions,maybe,n
knative/actions/.github/workflows/reusable-stale.yaml,knative/actions,maybe,n
knative/actions/.github/workflows/reusable-style.yaml,knative/actions,maybe,n
knative/actions/.github/workflows/reusable-verify-codegen.yaml,knative/actions,maybe,n
knative/actions/.github/workflows/security.yaml,knative/actions,maybe,n
knative/actions/.github/workflows/stale.yaml,knative/actions,maybe,n
knative/actions/.github/workflows/style.yaml,knative/actions,maybe,n
knative/actions/.github/workflows/verify-codegen.yaml,knative/actions,maybe,n
knative/actions/go/downstream-test,knative/actions,maybe,n
koj-co/dependabot-pr-action,koj-co/dependabot-pr-action,maybe,n
kolide/add-to-project-action,kolide/add-to-project-action,maybe,n
kolpav/purge-artifacts-action,kolpav/purge-artifacts-action,maybe,n
komodoplatform/install-qt-action,komodoplatform/install-qt-action,maybe,
komodoplatform/run-vcpkg,komodoplatform/run-vcpkg,maybe,
komodoplatform/setup-nim-action,komodoplatform/setup-nim-action,maybe,
komputeproject/action-cmake-build,komputeproject/action-cmake-build,maybe,
kong/kong-license,kong/kong-license,maybe,
kong/public-shared-actions/pr-previews/up-to-date,kong/public-shared-actions,maybe,
konishchevdmitry/investments/.github/workflows/test.yml,konishchevdmitry/investments,maybe,
konveyor/create-release-draft,konveyor/create-release-draft,maybe,n
konveyor/get-env-info,konveyor/get-env-info,maybe,n
konveyor/upload-release-action,konveyor/upload-release-action,maybe,n
koplo199/action-gh-release,koplo199/action-gh-release,maybe,n
koppor/markdown-lint,koppor/markdown-lint,maybe,n
kordamp/kordamp-gradle-plugin-workflow/.github/workflows/early-access.yml,kordamp/kordamp-gradle-plugin-workflow,maybe,n
kotest/kotest-action,kotest/kotest-action,maybe,y
kportertx/action-hadolint,kportertx/action-hadolint,maybe,n
kpresler/spotbugs-github-action,kpresler/spotbugs-github-action,maybe,n
kraenhansen/find-pull-request-action,kraenhansen/find-pull-request-action,maybe,n
krakendio/.github/.github/workflows/lock-threads.yml,krakendio/.github,maybe,n
krakendio/.github/.github/workflows/stale.yml,krakendio/.github,maybe,n
krazykirby99999/matrix-commit,krazykirby99999/matrix-commit,maybe,n
kring/test-reporter,kring/test-reporter,maybe,y
kristof-mattei/clippy-check,kristof-mattei/clippy-check,maybe,y
krpc/krpc-core/.github/actions/bazel-fetch,krpc/krpc-core,maybe,n
krpc/krpc-core/.github/actions/ksp-lib,krpc/krpc-core,maybe,n
krpc/krpc-core/.github/actions/upload-artifact,krpc/krpc-core,maybe,n
krukmat/setup-pmd,krukmat/setup-pmd,maybe,n
krzkaczor/reg-actions,krzkaczor/reg-actions,maybe,n
ksp-ckan/kspmmcfgparser,ksp-ckan/kspmmcfgparser,maybe,
ksp-ro/buildtools/.github/workflows/check-secret.yml,ksp-ro/buildtools,maybe,
ksp-ro/buildtools/.github/workflows/validate-cfg-files.yml,ksp-ro/buildtools,maybe,
ksp-ro/buildtools/download-assemblies,ksp-ro/buildtools,maybe,
ksp-ro/buildtools/process-changelog,ksp-ro/buildtools,maybe,
ksp-ro/buildtools/update-assembly-info,ksp-ro/buildtools,maybe,
ksp-ro/buildtools/update-version-file,ksp-ro/buildtools,maybe,
ksp-ro/buildtools/update-version-in-readme,ksp-ro/buildtools,maybe,
kt3k/license_checker,kt3k/license_checker,maybe,y
kubean-io/kubean/.github/actions/build-push-for-e2e.yml,kubean-io/kubean,maybe,n
kubeflow/code-intelligence/issue_triage/action,kubeflow/code-intelligence,maybe,
kubeinit/github-push-action,kubeinit/github-push-action,maybe,n
kubeinit/sphinx-action,kubeinit/sphinx-action,maybe,n
kubernetes-sigs/kubebuilder-release-tools,kubernetes-sigs/kubebuilder-release-tools,maybe,n
kubescape/workflows/.github/workflows/incluster-comp-pr-merged.yaml,kubescape/workflows,maybe,n
kubewarden/github-actions/crane-installer,kubewarden/github-actions,maybe,n
kubewarden/github-actions/kubernetes-bom-installer,kubewarden/github-actions,maybe,n
kubewarden/github-actions/sbom-generator-installer,kubewarden/github-actions,maybe,n
kubewarden/github-actions/syft-installer,kubewarden/github-actions,maybe,n
kubewarden/kubewarden-controller/.github/workflows/container-image.yml,kubewarden/kubewarden-controller,maybe,n
kubewarden/kubewarden-end-to-end-tests/.github/workflows/e2e-tests.yml,kubewarden/kubewarden-end-to-end-tests,maybe,n
kubewarden/policy-server/.github/workflows/tests.yml,kubewarden/policy-server,maybe,n
kumahq/.github/.github/workflows/wfc_backport.yml,kumahq/.github,maybe,n
kumahq/.github/.github/workflows/wfc_lifecycle.yml,kumahq/.github,maybe,n
kumahq/.github/.github/workflows/wfc_pr_management.yml,kumahq/.github,maybe,n
kuzzleio/ci-tooling/.github/workflows/danger.yaml,kuzzleio/ci-tooling,maybe,n
kvrhdn/gha-buildevents,kvrhdn/gha-buildevents,maybe,y
kyoncy/issue-comment-actions,kyoncy/issue-comment-actions,maybe,n
kyoripowered/.github/.github/workflows/shared-ci.yaml,kyoripowered/.github,maybe,
kyoripowered/.github/.github/workflows/shared-rebuild-docs.yaml,kyoripowered/.github,maybe,
kyoripowered/action-regex-match,kyoripowered/action-regex-match,maybe,
kyranjamie/pull-request-fixed-header,kyranjamie/pull-request-fixed-header,maybe,n
labhanshagrawal/upload-artifact,labhanshagrawal/upload-artifact,maybe,
lablabs/setup-tflint,lablabs/setup-tflint,maybe,y
lablup/auto-label-in-issue,lablup/auto-label-in-issue,maybe,n
lablup/size-label-action,lablup/size-label-action,maybe,n
lablup/sparse-checkout,lablup/sparse-checkout,maybe,n
labring-actions/pull-request-comments-hidden-tags,labring-actions/pull-request-comments-hidden-tags,maybe,
labring-actions/sealos-cherry-pick,labring-actions/sealos-cherry-pick,maybe,n
laminas/documentation-theme/github-actions/docs,laminas/documentation-theme,maybe,n
laminas/laminas-ci-matrix-action,laminas/laminas-ci-matrix-action,maybe,y
laminas/workflow-automatic-releases/.github/workflows/release-on-milestone-closed.yml,laminas/workflow-automatic-releases,maybe,n
laminas/workflow-continuous-integration/.github/workflows/continuous-integration.yml,laminas/workflow-continuous-integration,maybe,n
laoshanxi/coverity-scan-action,laoshanxi/coverity-scan-action,maybe,n
lapce/import-codesign-certs,lapce/import-codesign-certs,maybe,n
lapce/xcode-staple,lapce/xcode-staple,maybe,n
lapeste/test-reporter,lapeste/test-reporter,maybe,
laravel-lang/.github/.github/workflows/download.yml,laravel-lang/.github,maybe,
laravel-lang/.github/.github/workflows/translate.yml,laravel-lang/.github,maybe,
laravel/.github/.github/workflows/coding-standards.yml,laravel/.github,maybe,n
laravel/.github/.github/workflows/compile-assets.yml,laravel/.github,maybe,n
laravel/.github/.github/workflows/pull-requests.yml,laravel/.github,maybe,n
laravel/.github/.github/workflows/update-changelog.yml,laravel/.github,maybe,n
launchdarkly/find-code-references,launchdarkly/find-code-references,maybe,n
lauravuo/action-automatic-releases,lauravuo/action-automatic-releases,maybe,n
laurentsimon/scorecard-action,laurentsimon/scorecard-action,maybe,n
laurentsimon/slsa-delegator/.github/actions/generate-attestations,laurentsimon/slsa-delegator,maybe,n
layer5io/meshery-service-mesh-patterns-action,layer5io/meshery-service-mesh-patterns-action,maybe,n
layer5io/mesheryctl-service-mesh-patterns-action,layer5io/mesheryctl-service-mesh-patterns-action,maybe,n
layer5io/trigger-remote-provider-action,layer5io/trigger-remote-provider-action,maybe,n
layer5labs/meshery-extensions-packages/.github/workflows/notify-email.yml,layer5labs/meshery-extensions-packages,maybe,n
layotto/alipay-cloud-devops-codescan,layotto/alipay-cloud-devops-codescan,maybe,n
lazy-actions/slatify,lazy-actions/slatify,maybe,y
lbphacker/create-release,lbphacker/create-release,maybe,
lbphacker/upload-release-asset,lbphacker/upload-release-asset,maybe,
ldez/gha-mjolnir,ldez/gha-mjolnir,maybe,n
leafwing-studios/cargo-cache,leafwing-studios/cargo-cache,maybe,
leahlundqvist/get-release,leahlundqvist/get-release,maybe,n
leahwicz/dbt-core/.github/workflows/release-docker.yml,leahwicz/dbt-core,maybe,n
leancodepl/mobile-tools/.github/actions/pub-release,leancodepl/mobile-tools,maybe,n
learningequality/kolibri-app/.github/workflows/build_mac.yml,learningequality/kolibri-app,maybe,n
learningequality/kolibri-installer-android/.github/workflows/build_apk.yml,learningequality/kolibri-installer-android,maybe,n
learningequality/kolibri-installer-android/.github/workflows/release_apk.yml,learningequality/kolibri-installer-android,maybe,n
learningequality/kolibri-installer-debian/.github/workflows/build_deb.yml,learningequality/kolibri-installer-debian,maybe,n
learningequality/kolibri-installer-windows/.github/workflows/build_exe.yml,learningequality/kolibri-installer-windows,maybe,n
learningequality/pi-gen/.github/workflows/build_zip.yml,learningequality/pi-gen,maybe,n
learningequality/pr-labeler,learningequality/pr-labeler,maybe,n
lebedevri/checkout,lebedevri/checkout,maybe,
ledgerhq/ledger-app-workflows/.github/workflows/reusable_build.yml,ledgerhq/ledger-app-workflows,maybe,
ledgerhq/ledger-app-workflows/.github/workflows/reusable_pypi_deployment.yml,ledgerhq/ledger-app-workflows,maybe,
ledgerhq/ledger-app-workflows/.github/workflows/reusable_ragger_tests.yml,ledgerhq/ledger-app-workflows,maybe,
lee-dohm/no-response,lee-dohm/no-response,maybe,n
legit-labs/action-download-artifact,legit-labs/action-download-artifact,maybe,
legoktm/gh-action-auto-dch,legoktm/gh-action-auto-dch,maybe,n
legoktm/gh-action-build-deb,legoktm/gh-action-build-deb,maybe,n
legoktm/gh-action-dput,legoktm/gh-action-dput,maybe,n
lekoarts/actions-push-subdirectories,lekoarts/actions-push-subdirectories,maybe,
lelia/forker,lelia/forker,maybe,n
lenskit/lkbuild/actions/report-test-results,lenskit/lkbuild,maybe,n
lenskit/lkbuild/actions/save-test-results,lenskit/lkbuild,maybe,n
lenskit/lkbuild/actions/setup-conda-env,lenskit/lkbuild,maybe,n
lenskit/lkbuild/actions/setup-vanilla-env,lenskit/lkbuild,maybe,n
leoafarias/flutter-fvm-config-action,leoafarias/flutter-fvm-config-action,maybe,y
leodido/rn2md,leodido/rn2md,maybe,n
leroy-merlin-br/action-s3-cache,leroy-merlin-br/action-s3-cache,maybe,n
less-action/reusables/.github/workflows/pre-commit.yaml,less-action/reusables,maybe,n
lewiscowles1986/action-wordpress-plugin-deploy,lewiscowles1986/action-wordpress-plugin-deploy,maybe,
lf-lang/benchmarks-lingua-franca/.github/workflows/benchmark-tests.yml,lf-lang/benchmarks-lingua-franca,maybe,n
lf-lang/lingua-franca/.github/actions/latest-release,lf-lang/lingua-franca,maybe,n
lf-lang/lingua-franca/.github/workflows/build.yml,lf-lang/lingua-franca,maybe,n
lgj101/opengauss-action,lgj101/opengauss-action,maybe,n
liangyongxiang/gentoo-nvchecker,liangyongxiang/gentoo-nvchecker,maybe,n
libp2p/test-plans/.github/actions/run-interop-ping-test,libp2p/test-plans,maybe,n
libp2p/test-plans/.github/actions/run-transport-interop-test,libp2p/test-plans,maybe,n
libp2p/test-plans/.github/workflows/run-composition.yml,libp2p/test-plans,maybe,n
libp2p/test-plans/.github/workflows/run-testplans.yml,libp2p/test-plans,maybe,n
libp2p/uci/.github/workflows/go-test.yml,libp2p/uci,maybe,n
libra/actions/comment,libra/actions,maybe,n
libra/actions/hyperjump-comment,libra/actions,maybe,n
libra/actions/hyperjump-labels,libra/actions,maybe,n
libra/actions/hyperjump-request-review,libra/actions,maybe,n
libra/actions/labels,libra/actions,maybe,n
libra/actions/pr-base-ref,libra/actions,maybe,n
libra/actions/request-review,libra/actions,maybe,n
libra/actions/require-review,libra/actions,maybe,n
libratbag/libratbag/.github/actions/meson,libratbag/libratbag,maybe,n
libratbag/libratbag/.github/actions/pkginstall,libratbag/libratbag,maybe,n
libretiny-eu/mkdocs-deploy-gh-pages,libretiny-eu/mkdocs-deploy-gh-pages,maybe,n
libretranslate/libretranslate/.github/workflows/run-tests.yml,libretranslate/libretranslate,maybe,
libretuya/mkdocs-deploy-gh-pages,libretuya/mkdocs-deploy-gh-pages,maybe,n
libsgh/go-release-action,libsgh/go-release-action,maybe,n
libsgh/panindex-release-action,libsgh/panindex-release-action,maybe,
lidofinance/action-verify-bytecode,lidofinance/action-verify-bytecode,maybe,n
lidofinance/create-pull-request,lidofinance/create-pull-request,maybe,n
lifulltechvn/laravel-app-reviewdog-action,lifulltechvn/laravel-app-reviewdog-action,maybe,n
lightning-ai/devtools/.github/workflows/check-schema.yml,lightning-ai/devtools,maybe,
lightning-ai/probot,lightning-ai/probot,maybe,
lightning-ai/utilities/.github/workflows/check-code.yml,lightning-ai/utilities,maybe,
lightning-ai/utilities/.github/workflows/check-md-links.yml,lightning-ai/utilities,maybe,
lightning-ai/utilities/.github/workflows/check-package.yml,lightning-ai/utilities,maybe,
lightning-ai/utilities/.github/workflows/check-schema.yml,lightning-ai/utilities,maybe,
lightning-ai/utilities/.github/workflows/clear-cache.yml,lightning-ai/utilities,maybe,
lightninglabs/gh-actions/action-gh-release,lightninglabs/gh-actions,maybe,n
lightninglabs/gh-actions/build-push-action,lightninglabs/gh-actions,maybe,n
lightninglabs/gh-actions/login-action,lightninglabs/gh-actions,maybe,n
lightninglabs/gh-actions/setup-buildx-action,lightninglabs/gh-actions,maybe,n
lightninglabs/gh-actions/setup-qemu-action,lightninglabs/gh-actions,maybe,n
lightswitch05/sonarcloud-github-action,lightswitch05/sonarcloud-github-action,maybe,n
lijinke666/ding-talk-pr-notify,lijinke666/ding-talk-pr-notify,maybe,n
lindluni/issue-manager,lindluni/issue-manager,maybe,n
lineartapefilesystem/centos7-build,lineartapefilesystem/centos7-build,maybe,
lineartapefilesystem/centos8-build,lineartapefilesystem/centos8-build,maybe,
lineartapefilesystem/debian10-build,lineartapefilesystem/debian10-build,maybe,
lineartapefilesystem/fedora28-build,lineartapefilesystem/fedora28-build,maybe,
lineartapefilesystem/ubuntu2004-build,lineartapefilesystem/ubuntu2004-build,maybe,
linkerd/dev/actions/setup-tools,linkerd/dev,maybe,n
linkerd/linkerd2-action-gcloud,linkerd/linkerd2-action-gcloud,maybe,n
linusdierheimer/fastfetch/.github/workflows/check.yml,linusdierheimer/fastfetch,maybe,
linux-system-roles/lsr-gh-action-py26,linux-system-roles/lsr-gh-action-py26,maybe,n
linux-system-roles/lsr-woke-action,linux-system-roles/lsr-woke-action,maybe,n
linuxdeepin/.github/.github/workflows/backup-to-gitee.yml,linuxdeepin/.github,maybe,n
linuxdeepin/.github/.github/workflows/backup-to-gitlabwh.yml,linuxdeepin/.github,maybe,n
linuxdeepin/.github/.github/workflows/build-distribution.yml,linuxdeepin/.github,maybe,n
linuxdeepin/.github/.github/workflows/chatops.yml,linuxdeepin/.github,maybe,
linuxdeepin/.github/.github/workflows/cla-check.yml,linuxdeepin/.github,maybe,n
linuxdeepin/.github/.github/workflows/deploy-dev-doc.yml,linuxdeepin/.github,maybe,n
linuxdeepin/.github/.github/workflows/doc-check.yml,linuxdeepin/.github,maybe,n
linuxdeepin/.github/.github/workflows/license-check.yml,linuxdeepin/.github,maybe,n
linuxgemini/github-upload-release-artifacts-action,linuxgemini/github-upload-release-artifacts-action,maybe,n
linuxmint/github-actions/.github/workflows/do-builds.yml,linuxmint/github-actions,maybe,n
linuxserver/github-workflows/.github/workflows/init-svc-executable-permissions.yml,linuxserver/github-workflows,maybe,n
linuxserver/github-workflows/.github/workflows/issue-pr-tracker.yml,linuxserver/github-workflows,maybe,n
linuxwacom/libwacom/./.github/actions/meson,linuxwacom/libwacom,maybe,n
linuxwacom/libwacom/.github/actions/meson,linuxwacom/libwacom,maybe,n
linuxwacom/libwacom/.github/actions/pkginstall,linuxwacom/libwacom,maybe,n
liquibase/action-download-artifact,liquibase/action-download-artifact,maybe,n
liquibase/build-logic/.github/workflows/create-release.yml,liquibase/build-logic,maybe,n
liquibase/build-logic/.github/workflows/dependabot-automerge.yml,liquibase/build-logic,maybe,n
liquibase/build-logic/.github/workflows/extension-attach-artifact-release.yml,liquibase/build-logic,maybe,n
liquibase/build-logic/.github/workflows/extension-release-published.yml,liquibase/build-logic,maybe,n
liquibase/build-logic/.github/workflows/os-extension-test.yml,liquibase/build-logic,maybe,n
liquibase/build-logic/.github/workflows/package-deb.yml,liquibase/build-logic,maybe,n
liquibase/build-logic/.github/workflows/synk-nightly.yml,liquibase/build-logic,maybe,n
liquibase/liquibase/.github/workflows/build-azure-uber-jar.yml,liquibase/liquibase,maybe,n
liri-infra/fetch-artifact,liri-infra/fetch-artifact,maybe,n
liri-infra/lupdate-action,liri-infra/lupdate-action,maybe,n
liri-infra/transifex-action,liri-infra/transifex-action,maybe,n
liri-infra/translation-action,liri-infra/translation-action,maybe,n
liri-infra/xdg-validator-action,liri-infra/xdg-validator-action,maybe,n
lirios/.github/.github/workflows/build-linux-qt5.yml,lirios/.github,maybe,n
lirios/.github/.github/workflows/build-linux.yml,lirios/.github,maybe,n
lirios/.github/.github/workflows/checks.yml,lirios/.github,maybe,n
lirios/.github/.github/workflows/copr.yml,lirios/.github,maybe,n
lirios/.github/.github/workflows/transifex.yml,lirios/.github,maybe,n
litomore/simple-icons-release-action,litomore/simple-icons-release-action,maybe,
little-core-labs/get-git-tag,little-core-labs/get-git-tag,maybe,y
livepeer/action-gh-checksum-and-gpg-sign,livepeer/action-gh-checksum-and-gpg-sign,maybe,n
livepeer/action-gh-codesign-apple,livepeer/action-gh-codesign-apple,maybe,n
livepeer/branch-manifest-action,livepeer/branch-manifest-action,maybe,n
liya2017/composite-action,liya2017/composite-action,maybe,n
lizardbyte/.github/actions/create_release,lizardbyte/.github,maybe,
lizardbyte/.github/actions/verify_changelog,lizardbyte/.github,maybe,
lizardbyte/archlinux-package-action,lizardbyte/archlinux-package-action,maybe,
lizheming/issues-translate-action,lizheming/issues-translate-action,maybe,n
ljharb/actions-js-build/commit,ljharb/actions-js-build,maybe,n
ljharb/actions/.github/workflows/node.yml,ljharb/actions,maybe,n
ljharb/actions/.github/workflows/pretest.yml,ljharb/actions,maybe,n
ljharb/actions/.github/workflows/rebase.yml,ljharb/actions,maybe,n
ljharb/actions/node/install,ljharb/actions,maybe,n
ljharb/actions/node/matrix,ljharb/actions,maybe,n
ljharb/actions/node/run,ljharb/actions,maybe,n
ljharb/rebase,ljharb/rebase,maybe,n
ljharb/require-allow-edits,ljharb/require-allow-edits,maybe,n
llaville/.github/.github/workflows/gh-pages.yml,llaville/.github,maybe,n
llaville/.github/.github/workflows/mega-linter.yml,llaville/.github,maybe,n
llaville/.github/.github/workflows/release.yml,llaville/.github,maybe,n
llde/ghaction-virustotal,llde/ghaction-virustotal,maybe,y
llvm/actions/install-ninja,llvm/actions,maybe,n
llvm/actions/setup-windows,llvm/actions,maybe,n
localstack/meta/.github/workflows/sync-project.yml,localstack/meta,maybe,n
loekd/github-tag-action,loekd/github-tag-action,maybe,n
loekd/publish-unit-test-result-action/composite,loekd/publish-unit-test-result-action,maybe,n
loekd/release-action,loekd/release-action,maybe,n
logtalk-actions/setup-logtalk,logtalk-actions/setup-logtalk,maybe,y
logto-io/actions-add-labels-run-steps,logto-io/actions-add-labels-run-steps,maybe,n
logto-io/actions-node-pnpm-run-steps,logto-io/actions-node-pnpm-run-steps,maybe,n
loloof64/tauri-action,loloof64/tauri-action,maybe,n
lombiq/github-actions/.github/workflows/build-and-test-dotnet.yml,lombiq/github-actions,maybe,
lombiq/github-actions/.github/workflows/build-and-test-orchard-core.yml,lombiq/github-actions,maybe,
lombiq/github-actions/.github/workflows/create-jira-issues-for-community-activities.yml,lombiq/github-actions,maybe,
lombiq/github-actions/.github/workflows/post-pull-request-checks-automation.yml,lombiq/github-actions,maybe,
lombiq/github-actions/.github/workflows/publish-nuget.yml,lombiq/github-actions,maybe,
lombiq/github-actions/.github/workflows/spelling.yml,lombiq/github-actions,maybe,
lombiq/github-actions/.github/workflows/validate-pull-request.yml,lombiq/github-actions,maybe,
lomocc/request-page-build,lomocc/request-page-build,maybe,n
longhorn/bot/add-zenhub-release-action,longhorn/bot,maybe,n
longhorn/bot/milestone-action,longhorn/bot,maybe,n
longhorn/longhorn/.github/workflows/stale.yaml,longhorn/longhorn,maybe,n
longhorn/longhorn/.github/workflows/stale.yml,longhorn/longhorn,maybe,n
looker-open-source/.github/.github/workflows/check-files.yml,looker-open-source/.github,maybe,n
looker-open-source/reusable-actions/.github/workflows/primary-version.yml,looker-open-source/reusable-actions,maybe,n
looker-open-source/reusable-actions/.github/workflows/supported-versions.yml,looker-open-source/reusable-actions,maybe,n
loophp/flake-lock-update-workflow/.github/workflows/upgrade-flakes.yaml,loophp/flake-lock-update-workflow,maybe,n
lopsided98/nix-ros-build-action,lopsided98/nix-ros-build-action,maybe,n
lord-kamina/vcpkg-action,lord-kamina/vcpkg-action,maybe,
lovasoa/upload-release-asset,lovasoa/upload-release-asset,maybe,n
lovettchris/action-download-artifact,lovettchris/action-download-artifact,maybe,n
lrstanley/.github/.github/workflows/lang-go-lint.yml,lrstanley/.github,maybe,n
lrstanley/.github/.github/workflows/lang-go-test-matrix.yml,lrstanley/.github,maybe,n
lucee/script-runner,lucee/script-runner,maybe,n
ludeeus/action-ha-config-check,ludeeus/action-ha-config-check,maybe,y
luet-lab/luet-install-action,luet-lab/luet-install-action,maybe,
luisherranz/eslint-plus-action,luisherranz/eslint-plus-action,maybe,y
luizirber/setup-ipfs,luizirber/setup-ipfs,maybe,n
lukasss93/telegram-action,lukasss93/telegram-action,maybe,
lulalaby/tweet,lulalaby/tweet,maybe,
luraproject/.github/.github/workflows/label-commenter.yml,luraproject/.github,maybe,n
lutengda/gitlab-mirror-and-ci-action,lutengda/gitlab-mirror-and-ci-action,maybe,n
luxtorpeda-dev/build-number,luxtorpeda-dev/build-number,maybe,n
luxtorpeda-dev/create-release,luxtorpeda-dev/create-release,maybe,n
luxtorpeda-dev/upload-release-asset,luxtorpeda-dev/upload-release-asset,maybe,n
m-kuhn/action-tmate,m-kuhn/action-tmate,maybe,n
m-kuhn/backport,m-kuhn/backport,maybe,n
m3o/commit-action,m3o/commit-action,maybe,n
maaassistantarknights/action-electron-builder,maaassistantarknights/action-electron-builder,maybe,
machine-learning-apps/gpr-docker-publish,machine-learning-apps/gpr-docker-publish,maybe,y
machine-learning-apps/repo2docker-action,machine-learning-apps/repo2docker-action,maybe,y
mackerelio/create-release-action,mackerelio/create-release-action,maybe,n
mackerelio/mackerel-create-release-pull-request-action,mackerelio/mackerel-create-release-pull-request-action,maybe,n
mackerelio/staging-release-update-action,mackerelio/staging-release-update-action,maybe,n
mackerelio/workflows/.github/workflows/go-lint.yml,mackerelio/workflows,maybe,n
mackerelio/workflows/.github/workflows/go-test.yml,mackerelio/workflows,maybe,n
mackerelio/workflows/.github/workflows/setup-go-matrix.yml,mackerelio/workflows,maybe,n
maddox/actions/sleep,maddox/actions,maybe,n
maddox/actions/ssh,maddox/actions,maybe,n
madhead/semver-utils,madhead/semver-utils,maybe,y
maggi64/eslint-plus-action,maggi64/eslint-plus-action,maybe,
magicstack/gha-commit-and-push,magicstack/gha-commit-and-push,maybe,n
mahaker/actions-idobata,mahaker/actions-idobata,maybe,n
maidsafe/rust-version-bump-branch-creator,maidsafe/rust-version-bump-branch-creator,maybe,n
majorscruffy/delete-workflow-runs,majorscruffy/delete-workflow-runs,maybe,
malachi-constant/issue-minimum-response,malachi-constant/issue-minimum-response,maybe,n
malcolmnixon/setup-vstest,malcolmnixon/setup-vstest,maybe,
malinskiy/action-android/emulator-run-cmd,malinskiy/action-android,maybe,y
malinskiy/action-android/install-sdk,malinskiy/action-android,maybe,y
malinthaprasan/action-surefire-report,malinthaprasan/action-surefire-report,maybe,y
manicminer/ghaction-terraform-provider-release/.github/workflows/hashicorp.yml,manicminer/ghaction-terraform-provider-release,maybe,n
manics/action-k3s-helm,manics/action-k3s-helm,maybe,y
manifoldscholar/issue-autorespond-action,manifoldscholar/issue-autorespond-action,maybe,
manna-harbour/zmk-config/.github/workflows/main.yml,manna-harbour/zmk-config,maybe,n
manoj-paramsetti/greets-action,manoj-paramsetti/greets-action,maybe,
maork-elementor/json-to-variables,maork-elementor/json-to-variables,maybe,n
maptiler/tileserver-gl/.github/workflows/automerger.yml,maptiler/tileserver-gl,maybe,n
maptiler/tileserver-gl/.github/workflows/ci.yml,maptiler/tileserver-gl,maybe,n
maptiler/tileserver-gl/.github/workflows/ct.yml,maptiler/tileserver-gl,maybe,n
marcelklehr/get-github-handles-from-website-action,marcelklehr/get-github-handles-from-website-action,maybe,n
marcelklehr/pr-feedback-action,marcelklehr/pr-feedback-action,maybe,n
marcokreeft87/github-action-npm-release,marcokreeft87/github-action-npm-release,maybe,n
marcopolo/cargo,marcopolo/cargo,maybe,n
marcprux/setup-swift,marcprux/setup-swift,maybe,y
mario-campos/emulate,mario-campos/emulate,maybe,n
mario-sangar/upload-s3-action,mario-sangar/upload-s3-action,maybe,n
marip8/industrial_ci,marip8/industrial_ci,maybe,y
mariuszkogut/release-drafter,mariuszkogut/release-drafter,maybe,
markjaquith/action-wordpress-plugin-asset-update,markjaquith/action-wordpress-plugin-asset-update,maybe,n
marmelab/greenframe-action,marmelab/greenframe-action,maybe,y
marocchino/action-workflow_run-status,marocchino/action-workflow_run-status,maybe,n
marp-team/actions,marp-team/actions,maybe,n
marr11317/conflictadviser,marr11317/conflictadviser,maybe,
martijnhols/actions-cache,martijnhols/actions-cache,maybe,n
martijnhols/actions-cache/check,martijnhols/actions-cache,maybe,n
martijnhols/actions-cache/restore,martijnhols/actions-cache,maybe,n
martijnhols/actions-cache/save,martijnhols/actions-cache,maybe,n
martijnhols/cache,martijnhols/cache,maybe,n
martinbonnin/run-benchmarks,martinbonnin/run-benchmarks,maybe,n
martinpaljak/actions/deploy-release,martinpaljak/actions,maybe,n
martinthomson/i-d-template,martinthomson/i-d-template,maybe,n
masscodeio/release-tag,masscodeio/release-tag,maybe,
master-atul/tar-action,master-atul/tar-action,maybe,n
masterleinad/gitlab-mirror-and-ci-action,masterleinad/gitlab-mirror-and-ci-action,maybe,y
masterq32/install-qt-action,masterq32/install-qt-action,maybe,
matchai/criterion-compare-action,matchai/criterion-compare-action,maybe,y
matheusalbino/git-commit,matheusalbino/git-commit,maybe,n
matomo-org/github-action-tests,matomo-org/github-action-tests,maybe,n
matrix-org/allchange,matrix-org/allchange,maybe,n
matrix-org/backend-meta/.github/workflows/packaging.yml,matrix-org/backend-meta,maybe,n
matrix-org/backend-meta/.github/workflows/python-poetry-ci.yml,matrix-org/backend-meta,maybe,n
matrix-org/backend-meta/.github/workflows/release.yml,matrix-org/backend-meta,maybe,n
matrix-org/backend-meta/.github/workflows/sign-off.yml,matrix-org/backend-meta,maybe,n
matrix-org/backend-meta/.github/workflows/triage-incoming.yml,matrix-org/backend-meta,maybe,n
matrix-org/dendrite/.github/workflows/dendrite.yml,matrix-org/dendrite,maybe,n
matrix-org/dendrite/.github/workflows/docker.yml,matrix-org/dendrite,maybe,n
matrix-org/done-action,matrix-org/done-action,maybe,n
matrix-org/github-action-benchmark,matrix-org/github-action-benchmark,maybe,y
matrix-org/matrix-js-sdk/.github/workflows/pr_details.yml,matrix-org/matrix-js-sdk,maybe,n
matrix-org/matrix-js-sdk/.github/workflows/pull_request.yaml,matrix-org/matrix-js-sdk,maybe,n
matrix-org/matrix-js-sdk/.github/workflows/release-npm.yml,matrix-org/matrix-js-sdk,maybe,n
matrix-org/matrix-js-sdk/.github/workflows/sonarcloud.yml,matrix-org/matrix-js-sdk,maybe,n
matrix-org/matrix-js-sdk/.github/workflows/upgrade_dependencies.yml,matrix-org/matrix-js-sdk,maybe,n
matrix-org/matrix-react-sdk/.github/workflows/cypress.yaml,matrix-org/matrix-react-sdk,maybe,n
matrix-org/matrix-react-sdk/.github/workflows/element-web.yaml,matrix-org/matrix-react-sdk,maybe,n
matrix-org/matrix-react-sdk/.github/workflows/i18n_check.yml,matrix-org/matrix-react-sdk,maybe,n
matrix-org/matrix-react-sdk/.github/workflows/tests.yml,matrix-org/matrix-react-sdk,maybe,n
matrix-org/matrix-web-i18n/.github/workflows/i18n_check.yml,matrix-org/matrix-web-i18n,maybe,n
matrix-org/netlify-pr-preview,matrix-org/netlify-pr-preview,maybe,n
matrix-org/pr-details-action,matrix-org/pr-details-action,maybe,n
matrix-org/setup-python-poetry,matrix-org/setup-python-poetry,maybe,n
matrix-org/sonarcloud-workflow-action,matrix-org/sonarcloud-workflow-action,maybe,n
matt-gleich/gh_fsync,matt-gleich/gh_fsync,maybe,
matter-labs/action-hosting-deploy,matter-labs/action-hosting-deploy,maybe,n
matter-labs/github-workflows/.github/workflows/npm.publish-package.yaml,matter-labs/github-workflows,maybe,n
matter-labs/zksync-dev/.github/workflows/deploy.yml,matter-labs/zksync-dev,maybe,n
matter-labs/zksync-dev/.github/workflows/npm.publish.yml,matter-labs/zksync-dev,maybe,n
matter-labs/zksync-dev/.github/workflows/server.update-config.yml,matter-labs/zksync-dev,maybe,n
matter-labs/zksync-dev/.github/workflows/setup.runtime.yml,matter-labs/zksync-dev,maybe,n
mattermost/actions-workflows/.github/workflows/plugin-cd.yml,mattermost/actions-workflows,maybe,n
mattermost/actions-workflows/.github/workflows/plugin-ci.yml,mattermost/actions-workflows,maybe,n
matthiasvalvekens/pyhanko/.github/workflows/build-pipeline.yml,matthiasvalvekens/pyhanko,maybe,
mattpolzin/swift-doc,mattpolzin/swift-doc,maybe,n
mattraks/delete-workflow-runs,mattraks/delete-workflow-runs,maybe,
mattsjones/action,mattsjones/action,maybe,n
max/awesome-lint,max/awesome-lint,maybe,n
maxdesiatov/danger-swift,maxdesiatov/danger-swift,maybe,y
maxdesiatov/swift-doc,maxdesiatov/swift-doc,maybe,
maxheld83/ghpages,maxheld83/ghpages,maybe,y
maxheld83/rsync,maxheld83/rsync,maybe,n
maxim-lobanov/setup-android-tools,maxim-lobanov/setup-android-tools,maybe,y
maxime1907/action-sourceknight,maxime1907/action-sourceknight,maybe,n
maximeheckel/github-action-merge-fast-forward,maximeheckel/github-action-merge-fast-forward,maybe,
maxkomarychev/octions/octions/issues/add-labels,maxkomarychev/octions,maybe,n
maxkomarychev/octions/octions/issues/create-comment,maxkomarychev/octions,maybe,n
maxkomarychev/octions/octions/issues/update,maxkomarychev/octions,maybe,n
maxkomarychev/octions/octions/repos/list-commits,maxkomarychev/octions,maybe,n
maxnowack/local-cache,maxnowack/local-cache,maybe,y
maxymvlasov/dive-action,maxymvlasov/dive-action,maybe,
mayadata-io/github-chaos-actions,mayadata-io/github-chaos-actions,maybe,y
mayk-it/action-swiftlint,mayk-it/action-swiftlint,maybe,y
mbilalshafi/no-response-add-label,mbilalshafi/no-response-add-label,maybe,
mc-machinations/auto-release-changelog,mc-machinations/auto-release-changelog,maybe,
mcansh/release-comment-action,mcansh/release-comment-action,maybe,n
mchehab/upload-release-asset,mchehab/upload-release-asset,maybe,n
mcpierce/github-commit-timestamp-tagger,mcpierce/github-commit-timestamp-tagger,maybe,n
mdn/workflows/.github/workflows/idle-issues.yml,mdn/workflows,maybe,n
mdn/workflows/.github/workflows/idle.yml,mdn/workflows,maybe,n
mdn/workflows/.github/workflows/new-issues.yml,mdn/workflows,maybe,n
mdn/workflows/.github/workflows/pr-rebase-needed.yml,mdn/workflows,maybe,n
mdn/workflows/.github/workflows/publish-release.yml,mdn/workflows,maybe,n
mdolab/.github/.github/workflows/black.yaml,mdolab/.github,maybe,n
mdolab/.github/.github/workflows/flake8.yaml,mdolab/.github,maybe,n
mdolab/.github/.github/workflows/pypi.yaml,mdolab/.github,maybe,n
meatlink/action-gh-release,meatlink/action-gh-release,maybe,n
meatlink/issue-defaults,meatlink/issue-defaults,maybe,n
mediaminister/action-kodi-addon-submitter,mediaminister/action-kodi-addon-submitter,maybe,n
megalinter/megalinter,megalinter/megalinter,maybe,y
megalinter/megalinter/flavors/documentation,megalinter/megalinter,maybe,y
megalinter/megalinter/flavors/dotnet,megalinter/megalinter,maybe,y
megalinter/megalinter/flavors/go,megalinter/megalinter,maybe,y
megalinter/megalinter/flavors/javascript,megalinter/megalinter,maybe,y
megalinter/megalinter/flavors/python,megalinter/megalinter,maybe,y
megastep/shell-linter,megastep/shell-linter,maybe,y
meisnate12/discord-notifications,meisnate12/discord-notifications,maybe,n
melusina-org/gha-install-macports,melusina-org/gha-install-macports,maybe,n
menduz/oddish-action,menduz/oddish-action,maybe,n
mercedes-benz/sechub/.github/workflows/_build+publish-pds-solution.yml,mercedes-benz/sechub,maybe,n
mercedes-benz/sechub/.github/workflows/build+publish-all-pds-solutions.yml,mercedes-benz/sechub,maybe,n
mergifyio/gha-mergify-merge-queue-labels-copier,mergifyio/gha-mergify-merge-queue-labels-copier,maybe,
merthintechnologies/edit-json-action,merthintechnologies/edit-json-action,maybe,
meshery/meshery/.github/workflows/build-and-release-dde.yml,meshery/meshery,maybe,n
meshery/meshery/.github/workflows/cncf-playground-deploy-meshery.yaml,meshery/meshery,maybe,n
meshery/meshery/.github/workflows/deploy-meshery-cncf-playground.yaml,meshery/meshery,maybe,n
meshery/meshery/.github/workflows/deploy-meshery-playground.yml,meshery/meshery,maybe,n
meshery/meshery/.github/workflows/helm-chart-releaser.yml,meshery/meshery,maybe,n
meshery/meshery/.github/workflows/test_adapters.yaml,meshery/meshery,maybe,n
meshery/meshery/.github/workflows/test_adaptersv2.yaml,meshery/meshery,maybe,n
meshery/meshery/.github/workflows/testadapters.yaml,meshery/meshery,maybe,n
meshinspector/meshlib/.github/workflows/build-test-emscripten.yml,meshinspector/meshlib,maybe,
meshinspector/meshlib/.github/workflows/build-test-fedora35.yml,meshinspector/meshlib,maybe,
meshinspector/meshlib/.github/workflows/build-test-macos.yml,meshinspector/meshlib,maybe,
meshinspector/meshlib/.github/workflows/build-test-ubuntu20.yml,meshinspector/meshlib,maybe,
meshinspector/meshlib/.github/workflows/build-test-ubuntu22.yml,meshinspector/meshlib,maybe,
meshinspector/meshlib/.github/workflows/build-test-windows.yml,meshinspector/meshlib,maybe,
meshinspector/meshlib/.github/workflows/prepare-images.yml,meshinspector/meshlib,maybe,
meshinspector/meshlib/.github/workflows/release-tests.yml,meshinspector/meshlib,maybe,
meshinspector/meshlib/.github/workflows/upload-wheels.yml,meshinspector/meshlib,maybe,
meshinspector/meshlib/.github/workflows/versioning-release.yml,meshinspector/meshlib,maybe,
meshrus/meshlib/.github/workflows/prepare-images.yml,meshrus/meshlib,maybe,
meshrus/meshlib/.github/workflows/versioning-release.yml,meshrus/meshlib,maybe,
messense/maturin-action,messense/maturin-action,maybe,y
metal-toolbox/container-push/.github/workflows/container-push.yml,metal-toolbox/container-push,maybe,n
metalbear-co/ci/e2e-setup-action,metalbear-co/ci,maybe,n
metalbear-co/mirrord-intellij/.github/workflows/reusable_e2e.yaml,metalbear-co/mirrord-intellij,maybe,n
metalbear-co/mirrord-vscode/.github/workflows/reusable_e2e.yaml,metalbear-co/mirrord-vscode,maybe,n
metalbear-co/release-tracker-action,metalbear-co/release-tracker-action,maybe,n
metamask/action-is-release,metamask/action-is-release,maybe,
metamask/action-npm-publish,metamask/action-npm-publish,maybe,
metamask/action-publish-release,metamask/action-publish-release,maybe,
metamask/cla-signature-bot,metamask/cla-signature-bot,maybe,
meteorengineer/setup-meteor,meteorengineer/setup-meteor,maybe,y
methanepowered/filtersarif,methanepowered/filtersarif,maybe,
methanepowered/gha-setup-ninja,methanepowered/gha-setup-ninja,maybe,
metriport/deploy-with-cdk,metriport/deploy-with-cdk,maybe,n
metrue/noticeme-github-action,metrue/noticeme-github-action,maybe,n
meza/action-setup-node-npm,meza/action-setup-node-npm,maybe,n
meza/action-setup-node-pnpm,meza/action-setup-node-pnpm,maybe,n
meza/shared-github-workflows/.github/workflows/default-node-npm-ci.yml,meza/shared-github-workflows,maybe,n
mfem/github-actions/build-hypre,mfem/github-actions,maybe,n
mfem/github-actions/build-metis,mfem/github-actions,maybe,n
mfem/github-actions/build-mfem,mfem/github-actions,maybe,n
mfem/github-actions/upload-coverage,mfem/github-actions,maybe,n
mflaxman/black-action,mflaxman/black-action,maybe,y
mhanberg/gigalixir-action,mhanberg/gigalixir-action,maybe,y
mheap/phpunit-matcher-action,mheap/phpunit-matcher-action,maybe,y
mhils/add-pr-ref-in-changelog,mhils/add-pr-ref-in-changelog,maybe,n
mhils/better-codecov-action,mhils/better-codecov-action,maybe,n
mhils/workflows/.github/workflows/alls-green.yml,mhils/workflows,maybe,n
mhils/workflows/.github/workflows/python-build.yml,mhils/workflows,maybe,n
mhils/workflows/.github/workflows/python-deploy.yml,mhils/workflows,maybe,n
mhils/workflows/.github/workflows/python-tox.yml,mhils/workflows,maybe,n
mhuig/npm-publish-action,mhuig/npm-publish-action,maybe,
mhutchie/update-milestone-on-release,mhutchie/update-milestone-on-release,maybe,n
mic92/update-flake-lock,mic92/update-flake-lock,maybe,
micaforeveryone/get-version-action,micaforeveryone/get-version-action,maybe,
michaelkaye/matrix-hookshot-action,michaelkaye/matrix-hookshot-action,maybe,n
michaelkaye/setup-matrix-synapse,michaelkaye/setup-matrix-synapse,maybe,n
micro-lc/micro-lc/.github/workflows/checks.yml,micro-lc/micro-lc,maybe,n
micro-lc/micro-lc/.github/workflows/e2e-tests.yml,micro-lc/micro-lc,maybe,n
micro-lc/micro-lc/.github/workflows/prepare.yml,micro-lc/micro-lc,maybe,n
micro-lc/micro-lc/.github/workflows/release-docker.yml,micro-lc/micro-lc,maybe,n
micro-lc/micro-lc/.github/workflows/tests.yml,micro-lc/micro-lc,maybe,n
micro-lc/micro-lc/.github/workflows/unit-tests.yml,micro-lc/micro-lc,maybe,n
micronaut-projects/github-actions/export-gradle-properties,micronaut-projects/github-actions,maybe,n
micronaut-projects/github-actions/graalvm/build,micronaut-projects/github-actions,maybe,n
micronaut-projects/github-actions/graalvm/build-matrix,micronaut-projects/github-actions,maybe,n
micronaut-projects/github-actions/graalvm/post-build,micronaut-projects/github-actions,maybe,n
micronaut-projects/github-actions/graalvm/pre-build,micronaut-projects/github-actions,maybe,n
micronaut-projects/github-actions/post-release,micronaut-projects/github-actions,maybe,n
micronaut-projects/github-actions/pre-release,micronaut-projects/github-actions,maybe,n
micronaut-projects/github-actions/release-notes,micronaut-projects/github-actions,maybe,n
micronaut-projects/github-actions/update-bom,micronaut-projects/github-actions,maybe,n
micronaut-projects/github-pages-deploy-action,micronaut-projects/github-pages-deploy-action,maybe,n
micronaut-projects/push-docker-gcr,micronaut-projects/push-docker-gcr,maybe,n
microsoft-approved-actions/vstest,microsoft-approved-actions/vstest,maybe,n
microsoft/accessibility-insights-action,microsoft/accessibility-insights-action,maybe,y
microsoft/gh-sync,microsoft/gh-sync,maybe,n
microsoft/mu_devops/.github/workflows/autoapprover.yml,microsoft/mu_devops,maybe,
microsoft/mu_devops/.github/workflows/automerger.yml,microsoft/mu_devops,maybe,
microsoft/mu_devops/.github/workflows/issueassignment.yml,microsoft/mu_devops,maybe,
microsoft/mu_devops/.github/workflows/issuetriager.yml,microsoft/mu_devops,maybe,
microsoft/mu_devops/.github/workflows/labeler.yml,microsoft/mu_devops,maybe,
microsoft/mu_devops/.github/workflows/labelsyncer.yml,microsoft/mu_devops,maybe,
microsoft/mu_devops/.github/workflows/releasedrafter.yml,microsoft/mu_devops,maybe,
microsoft/mu_devops/.github/workflows/stale.yml,microsoft/mu_devops,maybe,
microsoft/publish-dev-container-features-action,microsoft/publish-dev-container-features-action,maybe,n
microsoft/react-native-test-app/.github/actions/cocoapods,microsoft/react-native-test-app,maybe,n
microsoft/react-native-test-app/.github/actions/setup-toolchain,microsoft/react-native-test-app,maybe,n
microsoft/sarif-actions,microsoft/sarif-actions,maybe,n
microsoft/variable-substitution,microsoft/variable-substitution,maybe,y
microsoft/vs-intellicode,microsoft/vs-intellicode,maybe,n
microsoft/vscode-azuretools/.github/workflows/jobs.yml,microsoft/vscode-azuretools,maybe,n
microsoft/vscode-azuretools/.github/workflows/main.yml,microsoft/vscode-azuretools,maybe,n
microsoft/vstest-action,microsoft/vstest-action,maybe,y
migraphx-benchmark/actions/.github/workflows/history.yml,migraphx-benchmark/actions,maybe,n
miguelripoll23/generate-tag-name,miguelripoll23/generate-tag-name,maybe,
miguelripoll23/github-global/.github/workflows/analyze-package.yml,miguelripoll23/github-global,maybe,
miguelripoll23/global/.github/workflows/analyze-package.yml,miguelripoll23/global,maybe,
mikepenz/action-gh-release,mikepenz/action-gh-release,maybe,n
mikepenz/action-junit-report-2,mikepenz/action-junit-report-2,maybe,n
milaboratory/github-ci/.github/workflows/java-gradle-app.yaml,milaboratory/github-ci,maybe,n
milaboratory/github-ci/.github/workflows/java-gradle.yaml,milaboratory/github-ci,maybe,n
milaboratory/github-ci/actions/context,milaboratory/github-ci,maybe,n
milaboratory/github-ci/actions/context/init,milaboratory/github-ci,maybe,n
milvus-io/hero-bot,milvus-io/hero-bot,maybe,n
mindaugaslaganeckas/percy-upload,mindaugaslaganeckas/percy-upload,maybe,
mindojo/get-latest-release,mindojo/get-latest-release,maybe,n
minecraftforge/sharedactions/.github/workflows/pr_actions.yml,minecraftforge/sharedactions,maybe,
minecraftforge/sharedactions/.github/workflows/pr_review_actions.yml,minecraftforge/sharedactions,maybe,
mineflash07/gh-action-get-changed-files,mineflash07/gh-action-get-changed-files,maybe,
minicli/action-contributors,minicli/action-contributors,maybe,n
minorusekine/setup-scoop,minorusekine/setup-scoop,maybe,
mintsuki-org/debian-i386,mintsuki-org/debian-i386,maybe,n
mintsuki-org/debian-x86_64,mintsuki-org/debian-x86_64,maybe,n
mintsuki/ubuntu-18.04-x86,mintsuki/ubuntu-18.04-x86,maybe,n
miraclebg/docker-remote-deployment-action,miraclebg/docker-remote-deployment-action,maybe,n
miragenet/setup-docfx,miragenet/setup-docfx,maybe,
mirakc/mirakc/.github/workflows/build.yml,mirakc/mirakc,maybe,n
mirakc/mirakc/.github/workflows/coverage.yml,mirakc/mirakc,maybe,n
mirakc/mirakc/.github/workflows/cross-build.yml,mirakc/mirakc,maybe,n
mirakc/mirakc/.github/workflows/docker.yml,mirakc/mirakc,maybe,n
mirakc/mirakc/.github/workflows/update.yml,mirakc/mirakc,maybe,n
mirostauder/proxysql/.github/workflows/ci-package-build.yml,mirostauder/proxysql,maybe,n
mirrornetworking/nunit-reporter,mirrornetworking/nunit-reporter,maybe,
mirrornetworking/unity-runner,mirrornetworking/unity-runner,maybe,
mirrorng/nunit-reporter,mirrorng/nunit-reporter,maybe,
mirrorng/unity-runner,mirrorng/unity-runner,maybe,
mirrorng/unity-sonarscanner,mirrorng/unity-sonarscanner,maybe,
mitre/xccdf-validate-action,mitre/xccdf-validate-action,maybe,n
miurahr/coveralls-python-action,miurahr/coveralls-python-action,maybe,n
miyataka/elastic-github-actions/elasticsearch,miyataka/elastic-github-actions,maybe,n
mizuka-wu/gitee-pages-action,mizuka-wu/gitee-pages-action,maybe,y
mjcheetham/asset-hash,mjcheetham/asset-hash,maybe,n
mjcheetham/update-homebrew,mjcheetham/update-homebrew,maybe,n
mjcheetham/update-winget,mjcheetham/update-winget,maybe,n
mknejp/delete-release-assets,mknejp/delete-release-assets,maybe,n
mktcode/consecutive-workflow-action,mktcode/consecutive-workflow-action,maybe,y
mlcommons/cla-bot,mlcommons/cla-bot,maybe,n
mluukkai/github-push-action,mluukkai/github-push-action,maybe,n
mlycore/action-kaniko,mlycore/action-kaniko,maybe,n
mmagician/get-changed-files,mmagician/get-changed-files,maybe,n
mmagician/gsheet.action,mmagician/gsheet.action,maybe,n
mmagician/read-file-action,mmagician/read-file-action,maybe,n
mmp/cuda-toolkit,mmp/cuda-toolkit,maybe,y
mmubeen/action-pr-title,mmubeen/action-pr-title,maybe,n
mnajdova/github-action-required-labels,mnajdova/github-action-required-labels,maybe,n
mo-fatah/ci-alerts,mo-fatah/ci-alerts,maybe,
mobilecoinofficial/gh-actions/checkout,mobilecoinofficial/gh-actions,maybe,n
mobilecoinofficial/gha-k8s-toolbox,mobilecoinofficial/gha-k8s-toolbox,maybe,n
mobilecoinofficial/gha-workflow-dispatch,mobilecoinofficial/gha-workflow-dispatch,maybe,n
mockingbirdnest/actions/windows/download_artifact,mockingbirdnest/actions,maybe,n
mockingbirdnest/actions/windows/download_ksp_assemblies,mockingbirdnest/actions,maybe,n
mockingbirdnest/actions/windows/initialize_build,mockingbirdnest/actions,maybe,n
mockingbirdnest/actions/windows/rebuild,mockingbirdnest/actions,maybe,n
mockingbirdnest/actions/windows/restore,mockingbirdnest/actions,maybe,n
mockingbirdnest/actions/windows/test,mockingbirdnest/actions,maybe,n
mockingbirdnest/actions/windows/upload_principia_artifact,mockingbirdnest/actions,maybe,n
moddingforblockheads/workflows/.github/workflows/build.yml,moddingforblockheads/workflows,maybe,
moddingforblockheads/workflows/.github/workflows/create-release.yml,moddingforblockheads/workflows,maybe,
moddingforblockheads/workflows/.github/workflows/publish-release.yml,moddingforblockheads/workflows,maybe,
moddingforblockheads/workflows/.github/workflows/update-versions.yml,moddingforblockheads/workflows,maybe,
modern-js-dev/actions,modern-js-dev/actions,maybe,n
moderntribe/action-tribe-phpcs,moderntribe/action-tribe-phpcs,maybe,y
modflowpy/install-gfortran-action,modflowpy/install-gfortran-action,maybe,n
modmuss50/xvfb-action,modmuss50/xvfb-action,maybe,y
modorganizer2/build-with-mob-action,modorganizer2/build-with-mob-action,maybe,
modula3/cm3/.github/workflows/amd64_darwin.yml,modula3/cm3,maybe,n
modula3/cm3/.github/workflows/amd64_linux.yml,modula3/cm3,maybe,n
modula3/cm3/.github/workflows/amd64_mingw.yml,modula3/cm3,maybe,n
modula3/cm3/.github/workflows/amd64_nt.yml,modula3/cm3,maybe,n
modula3/cm3/.github/workflows/i386_linux.yml,modula3/cm3,maybe,n
modula3/cm3/.github/workflows/i386_nt.yml,modula3/cm3,maybe,n
mohuishou/utools/.github/action,mohuishou/utools,maybe,n
moisout/changelog-create-release,moisout/changelog-create-release,maybe,n
mojohaus/.github/.github/workflows/maven-deploy.yml,mojohaus/.github,maybe,n
mongodb-labs/drivers-evergreen-tools,mongodb-labs/drivers-evergreen-tools,maybe,n
monkeywie/create-release,monkeywie/create-release,maybe,
moomiji/docker-ddtv/.github/workflows/docker_build_push.yml,moomiji/docker-ddtv,maybe,
mooyoul/tslint-actions,mooyoul/tslint-actions,maybe,y
moul/repoman-action,moul/repoman-action,maybe,n
mov-ai/.github/.github/workflows/ros-workflow.yml,mov-ai/.github,maybe,
mozilla-mobile/ac-version-for-fenix-beta,mozilla-mobile/ac-version-for-fenix-beta,maybe,n
mozilla-mobile/fenix-beta-version,mozilla-mobile/fenix-beta-version,maybe,n
mozilla-mobile/relbot,mozilla-mobile/relbot,maybe,n
mozilla-mobile/sync-strings-action,mozilla-mobile/sync-strings-action,maybe,n
mozilla-mobile/update-experiments,mozilla-mobile/update-experiments,maybe,n
mozilla-mobile/update-initial-experiments,mozilla-mobile/update-initial-experiments,maybe,n
mozilla/action-automatic-releases,mozilla/action-automatic-releases,maybe,y
mozilla/hubs-ops/.github/workflows/hcpkgprereleasegitops.yaml,mozilla/hubs-ops,maybe,
mozilla/hubs-ops/.github/workflows/turkeygitops.yml,mozilla/hubs-ops,maybe,
mozilla/probe-scraper/.github/workflows/glean.yaml,mozilla/probe-scraper,maybe,n
mozilla/sccache-action,mozilla/sccache-action,maybe,y
mpflutter/cos-action,mpflutter/cos-action,maybe,n
mpi4py/setup-mpi,mpi4py/setup-mpi,maybe,y
mrkkrp/ormolu-action,mrkkrp/ormolu-action,maybe,n
mrousavy/clang-format-action,mrousavy/clang-format-action,maybe,y
mrramych/gradle-actions/openjdk-12,mrramych/gradle-actions,maybe,
mrramych/gradle-actions/openjdk-8,mrramych/gradle-actions,maybe,
ms-jpq/sync-dockerhub-readme,ms-jpq/sync-dockerhub-readme,maybe,n
msfjarvis/setup-android,msfjarvis/setup-android,maybe,n
msoegtropimc/action-snapcraft-build,msoegtropimc/action-snapcraft-build,maybe,
msp-greg/actions-ruby,msp-greg/actions-ruby,maybe,
msp-greg/msys2-action,msp-greg/msys2-action,maybe,
msp-greg/msys2-action/add_paths,msp-greg/msys2-action,maybe,
msp-greg/ruby-setup-ruby,msp-greg/ruby-setup-ruby,maybe,
msp-greg/setup-ruby-pkgs,msp-greg/setup-ruby-pkgs,maybe,
mtgto/swift-format-action,mtgto/swift-format-action,maybe,n
mtoohey31/cache-flake-attrs,mtoohey31/cache-flake-attrs,maybe,n
mtrudel/elixir-ci-actions/.github/workflows/lint.yml,mtrudel/elixir-ci-actions,maybe,n
mtrudel/elixir-ci-actions/.github/workflows/test.yml,mtrudel/elixir-ci-actions,maybe,n
mu-io/setup-buf,mu-io/setup-buf,maybe,n
mudblazor/mudblazor/.github/workflows/template-pipeline.yml,mudblazor/mudblazor,maybe,
mudblazor/workflows/.github/workflows/template-deploy-web-app.yml,mudblazor/workflows,maybe,
mudlabs/simple-diff,mudlabs/simple-diff,maybe,n
mudlet/gsheets-append-action,mudlet/gsheets-append-action,maybe,
mudlet/lupdate-action,mudlet/lupdate-action,maybe,
muenzpraeger/github-action-extract-sfdx-packaging-result,muenzpraeger/github-action-extract-sfdx-packaging-result,maybe,n
muenzpraeger/github-action-sfdx-packaging-updater,muenzpraeger/github-action-sfdx-packaging-updater,maybe,n
muirproject/upload-artifact,muirproject/upload-artifact,maybe,
multiverse/multiverse-core/.github/workflows/generic.platform_uploads.yml,multiverse/multiverse-core,maybe,
multiversx/mx-sc-actions/.github/workflows/contracts.yml,multiversx/mx-sc-actions,maybe,n
myci-actions/clean,myci-actions/clean,maybe,n
myci-actions/install-coapp-tools,myci-actions/install-coapp-tools,maybe,y
mydea/pr-labels-action,mydea/pr-labels-action,maybe,n
myoung34/gpr-docker-publish,myoung34/gpr-docker-publish,maybe,y
mysociety/action-git-pusher,mysociety/action-git-pusher,maybe,n
mystenlabs/cargo-deny-action,mystenlabs/cargo-deny-action,maybe,n
mystenlabs/sui/.github/workflows/tag.yml,mystenlabs/sui,maybe,n
myungjoo/run-on-arch-action,myungjoo/run-on-arch-action,maybe,y
n0izn0iz/mkache,n0izn0iz/mkache,maybe,n
n1hility/cache,n1hility/cache,maybe,n
n8n-io/gh-actions-playground,n8n-io/gh-actions-playground,maybe,
n8n-io/validate-issue-template-content,n8n-io/validate-issue-template-content,maybe,n
n8n-io/validate-n8n-pull-request-title,n8n-io/validate-n8n-pull-request-title,maybe,n
nais/deploy/actions/deploy,nais/deploy,maybe,n
nais/docker-build-push,nais/docker-build-push,maybe,y
nais/frontend-plattform-cdn-upload-action,nais/frontend-plattform-cdn-upload-action,maybe,n
namecheap/coverage-diff,namecheap/coverage-diff,maybe,
named-data/actions/.github/workflows/docs-html.yml,named-data/actions,maybe,n
named-data/actions/.github/workflows/docs-man.yml,named-data/actions,maybe,n
named-data/actions/.github/workflows/jenkins-script-macos.yml,named-data/actions,maybe,n
named-data/actions/.github/workflows/jenkins-script-ubuntu.yml,named-data/actions,maybe,n
naminodarie/get-net-sdk-project-versions-action,naminodarie/get-net-sdk-project-versions-action,maybe,y
nandofw/arm-runner-action,nandofw/arm-runner-action,maybe,n
nanoframework/nf-tools/.github/workflows/update-dependencies.yml,nanoframework/nf-tools,maybe,n
naoei/discord-webhook-notify,naoei/discord-webhook-notify,maybe,n
napari/packaging/.github/workflows/make_bundle_conda.yml,napari/packaging,maybe,n
nasa/cfs/.github/workflows/build-deploy-doc.yml,nasa/cfs,maybe,
nasa/cfs/.github/workflows/codeql-build.yml,nasa/cfs,maybe,
nasa/cfs/.github/workflows/codeql-reusable.yml,nasa/cfs,maybe,
nasa/cfs/.github/workflows/format-check.yml,nasa/cfs,maybe,
nasa/cfs/.github/workflows/static-analysis.yml,nasa/cfs,maybe,
nash-io/cargo-release-action,nash-io/cargo-release-action,maybe,n
nathanfirmo/wait-for-other-job,nathanfirmo/wait-for-other-job,maybe,
nautobot/nautobot/.github/workflows/ci.yml,nautobot/nautobot,maybe,n
nautobot/nautobot/.github/workflows/ci_integration.yml,nautobot/nautobot,maybe,n
navikt/frontend/actions/cdn-upload/v1,navikt/frontend,maybe,n
near/docs-generator,near/docs-generator,maybe,n
nearform-actions/github-action-check-linked-issues,nearform-actions/github-action-check-linked-issues,maybe,y
nearform-actions/optic-release-automation-action,nearform-actions/optic-release-automation-action,maybe,y
nearform/github-action-check-linked-issues,nearform/github-action-check-linked-issues,maybe,y
nearform/github-action-notify-release,nearform/github-action-notify-release,maybe,n
nearform/optic-release-automation,nearform/optic-release-automation,maybe,y
nearform/optic-release-automation-action,nearform/optic-release-automation-action,maybe,n
nebuly-ai/nos/.github/workflows/.reusable-build.yaml,nebuly-ai/nos,maybe,n
necolas/compressed-size-action,necolas/compressed-size-action,maybe,y
neelnanda-io/transformerlens/.github/workflows/checks.yml,neelnanda-io/transformerlens,maybe,
neenjaw/compile-mermaid-markdown-action,neenjaw/compile-mermaid-markdown-action,maybe,n
nemutui/checkpatch/.github/actions/checkpatch,nemutui/checkpatch,maybe,
neptune-ai/kedro-neptune/.github/actions/e2e,neptune-ai/kedro-neptune,maybe,n
neptune-ai/neptune-airflow/.github/actions/airflow-install,neptune-ai/neptune-airflow,maybe,n
neptune-ai/neptune-airflow/.github/actions/e2e,neptune-ai/neptune-airflow,maybe,n
neptune-ai/neptune-detectron2/.github/actions/e2e,neptune-ai/neptune-detectron2,maybe,n
neptune-ai/neptune-fastai/.github/actions/e2e,neptune-ai/neptune-fastai,maybe,n
neptune-ai/neptune-mlflow/.github/actions/e2e,neptune-ai/neptune-mlflow,maybe,n
neptune-ai/neptune-prophet/.github/actions/e2e,neptune-ai/neptune-prophet,maybe,n
neptune-ai/neptune-r/.github/actions/e2e,neptune-ai/neptune-r,maybe,n
neptune-ai/neptune-sacred/.github/actions/e2e,neptune-ai/neptune-sacred,maybe,n
neptune-ai/neptune-sklearn/.github/actions/e2e,neptune-ai/neptune-sklearn,maybe,n
neptune-ai/neptune-tensorflow-keras/.github/actions/e2e,neptune-ai/neptune-tensorflow-keras,maybe,n
neptune-ai/neptune-xgboost/.github/actions/e2e,neptune-ai/neptune-xgboost,maybe,n
nerixyz/ccache-action,nerixyz/ccache-action,maybe,y
nervosnetwork/ckb-integration-test/.github/workflows/ckb-integration-test.yml,nervosnetwork/ckb-integration-test,maybe,n
net-daemon/netdaemon/.github/workflows/common/set_netdaemon_version.yml,net-daemon/netdaemon,maybe,n
netfoundry/ziti-ci,netfoundry/ziti-ci,maybe,y
netlify/actions/build,netlify/actions,maybe,n
netlify/actions/cli,netlify/actions,maybe,n
netlify/delta-action,netlify/delta-action,maybe,n
netlify/pr-labeler-action,netlify/pr-labeler-action,maybe,n
netlify/submit-build-plugin-action,netlify/submit-build-plugin-action,maybe,n
networktocode/gh-action-setup-poetry-environment,networktocode/gh-action-setup-poetry-environment,maybe,n
neuenmuller/toc-generator,neuenmuller/toc-generator,maybe,n
neuroinformatics-unit/actions/build_sdist_wheels,neuroinformatics-unit/actions,maybe,n
neuroinformatics-unit/actions/check_manifest,neuroinformatics-unit/actions,maybe,n
neuroinformatics-unit/actions/lint,neuroinformatics-unit/actions,maybe,n
neuroinformatics-unit/actions/test,neuroinformatics-unit/actions,maybe,n
neuronsimulator/nrn-modeldb-ci/.github/workflows/nrn-modeldb-ci.yaml,neuronsimulator/nrn-modeldb-ci,maybe,n
neuronsimulator/nrn/.github/workflows/windows.yml,neuronsimulator/nrn,maybe,n
newrelic/fargate-runner-action,newrelic/fargate-runner-action,maybe,n
newrelic/infrastructure-agent/.github/workflows/component_canary_alerts.yml,newrelic/infrastructure-agent,maybe,n
newrelic/infrastructure-agent/.github/workflows/component_canary_alerts_delete.yml,newrelic/infrastructure-agent,maybe,n
newrelic/infrastructure-agent/.github/workflows/component_docker_build.yml,newrelic/infrastructure-agent,maybe,n
newrelic/infrastructure-agent/.github/workflows/component_docker_packaging.yml,newrelic/infrastructure-agent,maybe,n
newrelic/infrastructure-agent/.github/workflows/component_docker_publish.yml,newrelic/infrastructure-agent,maybe,n
newrelic/infrastructure-agent/.github/workflows/component_linux_build.yml,newrelic/infrastructure-agent,maybe,n
newrelic/infrastructure-agent/.github/workflows/component_linux_harvest_test.yml,newrelic/infrastructure-agent,maybe,n
newrelic/infrastructure-agent/.github/workflows/component_linux_linter.yml,newrelic/infrastructure-agent,maybe,n
newrelic/infrastructure-agent/.github/workflows/component_linux_packaging.yml,newrelic/infrastructure-agent,maybe,n
newrelic/infrastructure-agent/.github/workflows/component_linux_proxy_test.yml,newrelic/infrastructure-agent,maybe,n
newrelic/infrastructure-agent/.github/workflows/component_linux_publish.yml,newrelic/infrastructure-agent,maybe,n
newrelic/infrastructure-agent/.github/workflows/component_linux_tools_unit_test.yml,newrelic/infrastructure-agent,maybe,n
newrelic/infrastructure-agent/.github/workflows/component_linux_unit_test.yml,newrelic/infrastructure-agent,maybe,n
newrelic/infrastructure-agent/.github/workflows/component_macos_harvest_test.yml,newrelic/infrastructure-agent,maybe,n
newrelic/infrastructure-agent/.github/workflows/component_macos_linter.yml,newrelic/infrastructure-agent,maybe,n
newrelic/infrastructure-agent/.github/workflows/component_macos_unit_test.yml,newrelic/infrastructure-agent,maybe,n
newrelic/infrastructure-agent/.github/workflows/component_molecule_packaging.yml,newrelic/infrastructure-agent,maybe,n
newrelic/infrastructure-agent/.github/workflows/component_prerelease_testing.yml,newrelic/infrastructure-agent,maybe,n
newrelic/infrastructure-agent/.github/workflows/component_purge_cdn.yml,newrelic/infrastructure-agent,maybe,n
newrelic/infrastructure-agent/.github/workflows/component_trivy.yml,newrelic/infrastructure-agent,maybe,n
newrelic/infrastructure-agent/.github/workflows/component_windows_linter.yml,newrelic/infrastructure-agent,maybe,n
newrelic/infrastructure-agent/.github/workflows/component_windows_publish.yml,newrelic/infrastructure-agent,maybe,n
newrelic/infrastructure-agent/.github/workflows/component_windows_unit_test.yml,newrelic/infrastructure-agent,maybe,n
newrelic/infrastructure-publish-action,newrelic/infrastructure-publish-action,maybe,n
newrelic/newrelic-java-agent/.github/workflows/x-reusable-test.yml,newrelic/newrelic-java-agent,maybe,
newrelic/node-newrelic/.github/workflows/board.yml,newrelic/node-newrelic,maybe,n
newrelic/node-newrelic/.github/workflows/prep-release.yml,newrelic/node-newrelic,maybe,n
newrelic/pkg-installation-testing-action,newrelic/pkg-installation-testing-action,maybe,n
nexmo/github-actions/nexmo-changelog,nexmo/github-actions,maybe,n
next-actions/copr/cancel-builds,next-actions/copr,maybe,n
next-actions/copr/create-project,next-actions/copr,maybe,n
next-actions/copr/delete-project,next-actions/copr,maybe,n
next-actions/copr/filter-chroots,next-actions/copr,maybe,n
next-actions/copr/init,next-actions/copr,maybe,n
next-actions/copr/submit-build,next-actions/copr,maybe,n
next-actions/print-logs,next-actions/print-logs,maybe,n
nextcloud-releases/nextcloud-appstore-push-action,nextcloud-releases/nextcloud-appstore-push-action,maybe,y
nextstrain/.github/.github/workflows/docs-ci.yaml,nextstrain/.github,maybe,n
nextstrain/.github/.github/workflows/pathogen-repo-ci.yaml,nextstrain/.github,maybe,n
nextstrain/.github/actions/setup-nextstrain-cli,nextstrain/.github,maybe,n
nexus-actions/drop-nexus-staging-repo,nexus-actions/drop-nexus-staging-repo,maybe,y
nexus-actions/release-nexus-staging-repo,nexus-actions/release-nexus-staging-repo,maybe,y
nexus-mods/nexusmods.app.meta/.github/workflows/dotnet-build-and-test.yaml,nexus-mods/nexusmods.app.meta,maybe,
nexus-mods/nexusmods.app.meta/.github/workflows/publish-nuget-packages.yaml,nexus-mods/nexusmods.app.meta,maybe,
nexus-mods/nexusmods.app.meta/.github/workflows/validate-codecov.yaml,nexus-mods/nexusmods.app.meta,maybe,
ngalaiko/bazel-action/1.2.1,ngalaiko/bazel-action,maybe,n
nginxinc/aws-marketplace-publish,nginxinc/aws-marketplace-publish,maybe,n
nhudson/chart-testing-action,nhudson/chart-testing-action,maybe,n
nick-invision/assert-action,nick-invision/assert-action,maybe,y
nick-invision/retry,nick-invision/retry,maybe,y
nickderobertis/check-if-issue-exists-action,nickderobertis/check-if-issue-exists-action,maybe,n
nicoco007/download-beatmods-deps,nicoco007/download-beatmods-deps,maybe,n
niik/setup-node,niik/setup-node,maybe,n
nikeee/setup-pandoc,nikeee/setup-pandoc,maybe,y
nikhilbadyal/ghaction-telegram,nikhilbadyal/ghaction-telegram,maybe,n
nikhilbadyal/ghaction-telegram-uploader,nikhilbadyal/ghaction-telegram-uploader,maybe,n
nikhilbadyal/ghaction-tg-uploader,nikhilbadyal/ghaction-tg-uploader,maybe,n
nikhilbadyal/ghaction-virustotal,nikhilbadyal/ghaction-virustotal,maybe,n
nikhilbadyal/ghactions/.github/workflows/dockerhub-push.yml,nikhilbadyal/ghactions,maybe,n
nikhilbadyal/ghactions/.github/workflows/github-cleanup.yml,nikhilbadyal/ghactions,maybe,n
nikhilbadyal/ghactions/.github/workflows/python-linter.yml,nikhilbadyal/ghactions,maybe,n
nikhilbadyal/ghactions/.github/workflows/telegram-uploader.yml,nikhilbadyal/ghactions,maybe,n
nikhilbadyal/ghactions/.github/workflows/virustotal-scan.yml,nikhilbadyal/ghactions,maybe,n
nikhilbadyal/upload-artifact,nikhilbadyal/upload-artifact,maybe,n
nikitalita/action-gh-release,nikitalita/action-gh-release,maybe,n
niklasrosenstein/slam,niklasrosenstein/slam,maybe,
niklasrosenstein/slap,niklasrosenstein/slap,maybe,
nikschavan/action-wordpress-plugin-deploy,nikschavan/action-wordpress-plugin-deploy,maybe,
nillermeddild/.github/.github/workflows/support.yml,nillermeddild/.github,maybe,
nillermeddild/.github/workflows/support.yml,nillermeddild/.github,maybe,
nillermeddild/enigmatica6/.github/workflows/support.yml,nillermeddild/enigmatica6,maybe,
nilp0inter/search-legal-headers,nilp0inter/search-legal-headers,maybe,n
nirinchev/cache,nirinchev/cache,maybe,n
nitz/publish-nuget,nitz/publish-nuget,maybe,y
niweera/firebase-action,niweera/firebase-action,maybe,
nixbuild/nixbuild-action,nixbuild/nixbuild-action,maybe,y
nlnetlabs/.github/.github/workflows/pkg-rust.yml,nlnetlabs/.github,maybe,
nlnetlabs/ploutos/.github/workflows/pkg-rust.yml,nlnetlabs/ploutos,maybe,
nmcc/actions/gitversion,nmcc/actions,maybe,n
nobles5e/pytype-action,nobles5e/pytype-action,maybe,
node-modules/github-actions/.github/workflows/node-release.yml,node-modules/github-actions,maybe,n
node-modules/github-actions/.github/workflows/node-test.yml,node-modules/github-actions,maybe,n
node/setup-node,node/setup-node,maybe,n
nodegui/create-release,nodegui/create-release,maybe,n
nodenv/actions/node-version,nodenv/actions,maybe,n
noir-lang/.github/.github/workflows/spellcheck.yml,noir-lang/.github,maybe,n
nolte/github-action/markdown/validate,nolte/github-action,maybe,n
nonebot/nonebot2-publish-bot,nonebot/nonebot2-publish-bot,maybe,n
noobly314/deploy-with-scp,noobly314/deploy-with-scp,maybe,n
notlmn/release-with-changelog,notlmn/release-with-changelog,maybe,n
novelrt/setup-cpp,novelrt/setup-cpp,maybe,n
nowactions/update-majorver,nowactions/update-majorver,maybe,n
nrf24/.github/.github/workflows/build_arduino.yaml,nrf24/.github,maybe,
nrf24/.github/.github/workflows/build_docs.yaml,nrf24/.github,maybe,
nrf24/.github/.github/workflows/build_linux_cmake.yaml,nrf24/.github,maybe,
nrf24/.github/.github/workflows/build_pico_sdk.yaml,nrf24/.github,maybe,
nrf24/.github/.github/workflows/build_platformio.yaml,nrf24/.github,maybe,
nrf24/.github/.github/workflows/cpp_lint.yaml,nrf24/.github,maybe,
nrf24/.github/.github/workflows/validate_deploy_platformio.yaml,nrf24/.github,maybe,
nrfconnect/action-oss-history,nrfconnect/action-oss-history,maybe,n
nrkno/sofie-github-workflows/.github/actions/tag-pruner,nrkno/sofie-github-workflows,maybe,n
nrwl/ci/.github/workflows/nx-cloud-agents.yml,nrwl/ci,maybe,n
nrwl/ci/.github/workflows/nx-cloud-main.yml,nrwl/ci,maybe,n
nrwl/last-successful-commit-action,nrwl/last-successful-commit-action,maybe,y
nrwl/nx-tag-successful-ci-run,nrwl/nx-tag-successful-ci-run,maybe,n
nshipster/update-homebrew-formula-action,nshipster/update-homebrew-formula-action,maybe,
nspcc-dev/.github/.github/workflows/dco.yml,nspcc-dev/.github,maybe,n
nucleos/auto-merge-action,nucleos/auto-merge-action,maybe,n
nuclia/nucliadb_performance,nuclia/nucliadb_performance,maybe,n
nullvoxpopuli/action-setup-pnpm,nullvoxpopuli/action-setup-pnpm,maybe,
numworks/setup-arm-toolchain,numworks/setup-arm-toolchain,maybe,n
numworks/setup-emscripten,numworks/setup-emscripten,maybe,n
numworks/setup-llvm,numworks/setup-llvm,maybe,n
numworks/setup-msys2,numworks/setup-msys2,maybe,n
nunit/docfx-action,nunit/docfx-action,maybe,n
nuxt/actions-yarn,nuxt/actions-yarn,maybe,n
nvidia-merlin/.github/.github/workflows/check-base-branch.yml,nvidia-merlin/.github,maybe,
nvidia-merlin/.github/.github/workflows/docs-preview-pr-common.yaml,nvidia-merlin/.github,maybe,n
nvidia-merlin/.github/.github/workflows/release-drafter-common.yaml,nvidia-merlin/.github,maybe,n
nvidia-merlin/.github/.github/workflows/require-label.yaml,nvidia-merlin/.github,maybe,n
nvidia-merlin/.github/.github/workflows/triage.yaml,nvidia-merlin/.github,maybe,n
nvidia-merlin/.github/actions/branch-name,nvidia-merlin/.github,maybe,
nvidia/aistore,nvidia/aistore,maybe,
nvidia/blossom-action,nvidia/blossom-action,maybe,
nvuillam/mega-linter,nvuillam/mega-linter,maybe,y
nvuillam/mega-linter/flavors/documentation,nvuillam/mega-linter,maybe,y
nvuillam/mega-linter/flavors/javascript,nvuillam/mega-linter,maybe,y
nvuillam/mega-linter/flavors/python,nvuillam/mega-linter,maybe,y
nwisbeta/validate-yaml-schema,nwisbeta/validate-yaml-schema,maybe,n
nwtgck/actions-comment-run,nwtgck/actions-comment-run,maybe,n
nwtgck/actions-netlify,nwtgck/actions-netlify,maybe,y
nx-dotnet/nx-dotnet/.github/workflows/smoke.yml,nx-dotnet/nx-dotnet,maybe,n
nyaayaya/package-version,nyaayaya/package-version,maybe,n
nyankiyoshi/pytest-django-queries-ci-tools,nyankiyoshi/pytest-django-queries-ci-tools,maybe,
nyaruka/elasticsearch-action,nyaruka/elasticsearch-action,maybe,y
nyaruka/postgis-action,nyaruka/postgis-action,maybe,y
nymmrx/ipfs-deploy,nymmrx/ipfs-deploy,maybe,n
oasdiff/oasdiff-action/breaking,oasdiff/oasdiff-action,maybe,y
oasislmf/ktools/.github/workflows/build.yml,oasislmf/ktools,maybe,
oasislmf/oasispiwind/.github/workflows/run_mdk.yml,oasislmf/oasispiwind,maybe,
oasislmf/oasispiwind/.github/workflows/test.yml,oasislmf/oasispiwind,maybe,
oasislmf/ods_openexposuredata/.github/workflows/build.yml,oasislmf/ods_openexposuredata,maybe,
oasislmf/ods_tools/.github/workflows/build.yml,oasislmf/ods_tools,maybe,
observiq/action-docker-layer-caching,observiq/action-docker-layer-caching,maybe,n
obsproject/obs-crowdin-sync/download,obsproject/obs-crowdin-sync,maybe,n
obsproject/obs-crowdin-sync/upload,obsproject/obs-crowdin-sync,maybe,n
ocadotechnology/python-semantic-release,ocadotechnology/python-semantic-release,maybe,n
ocavue/changelog-parser-action,ocavue/changelog-parser-action,maybe,n
ochanje210/s3-upload-action,ochanje210/s3-upload-action,maybe,n
oclif/github-workflows/.github/actions/getprereleasetag,oclif/github-workflows,maybe,
oclif/github-workflows/.github/workflows/automerge.yml,oclif/github-workflows,maybe,n
oclif/github-workflows/.github/workflows/githubrelease.yml,oclif/github-workflows,maybe,
oclif/github-workflows/.github/workflows/npmpublish.yml,oclif/github-workflows,maybe,
oclif/github-workflows/.github/workflows/unittest.yml,oclif/github-workflows,maybe,
octoprint/actions/close-by-query,octoprint/actions,maybe,
octoprint/actions/issue-validation,octoprint/actions,maybe,
octoprint/actions/pr-validation,octoprint/actions,maybe,
oduminstitute/sphinx-action,oduminstitute/sphinx-action,maybe,
offchainlabs/actions/node-modules/install,offchainlabs/actions,maybe,
offchainlabs/actions/node-modules/restore,offchainlabs/actions,maybe,
offchainlabs/actions/run-nitro-test-node,offchainlabs/actions,maybe,
oggm/docker-build-and-push-action,oggm/docker-build-and-push-action,maybe,
oi-wiki/latex-action,oi-wiki/latex-action,maybe,
oilbeater/chatgpt-codereview,oilbeater/chatgpt-codereview,maybe,
okazunori2013/cuda-toolkit,okazunori2013/cuda-toolkit,maybe,n
okcredit/changelog-creator-action,okcredit/changelog-creator-action,maybe,n
oknozor/cocogitto-action,oknozor/cocogitto-action,maybe,y
oleg-nenashev/jenkins-release-drafter,oleg-nenashev/jenkins-release-drafter,maybe,n
omgimalexis/upload-to-release,omgimalexis/upload-to-release,maybe,
omnigres/docker-cache,omnigres/docker-cache,maybe,n
omnigres/setup-docker-macos-action,omnigres/setup-docker-macos-action,maybe,n
onbjerg/foundry-toolchain,onbjerg/foundry-toolchain,maybe,y
onedr0p/containers/.github/workflows/action-image-build.yaml,onedr0p/containers,maybe,n
onedr0p/containers/.github/workflows/build-images.yaml,onedr0p/containers,maybe,n
onedr0p/containers/.github/workflows/get-changed-images.yaml,onedr0p/containers,maybe,n
onedr0p/containers/.github/workflows/images-build.yaml,onedr0p/containers,maybe,n
onedr0p/containers/.github/workflows/pr-metadata.yaml,onedr0p/containers,maybe,n
onedr0p/containers/.github/workflows/simple-checks.yaml,onedr0p/containers,maybe,n
oneflow-inc/get-oneflow,oneflow-inc/get-oneflow,maybe,
oneflow-inc/get-oneflow/cache-complete/matrix/build,oneflow-inc/get-oneflow,maybe,
oneflow-inc/get-oneflow/update-benchmark-history,oneflow-inc/get-oneflow,maybe,
oneflow-inc/verify-pr-label-action,oneflow-inc/verify-pr-label-action,maybe,
onekeyhq/actions/build-gradle-edit,onekeyhq/actions,maybe,
onekeyhq/actions/build-plist-edit,onekeyhq/actions,maybe,
onekeyhq/actions/dotenv-action,onekeyhq/actions,maybe,
onekeyhq/actions/expo-server,onekeyhq/actions,maybe,
onekeyhq/actions/gh-pages,onekeyhq/actions,maybe,
onekeyhq/actions/notice-slack-app-update,onekeyhq/actions,maybe,n
onekeyhq/actions/s3-upload,onekeyhq/actions,maybe,
onekeyhq/onekey-github-actions/build-gradle-edit,onekeyhq/onekey-github-actions,maybe,
onekeyhq/onekey-github-actions/build-plist-edit,onekeyhq/onekey-github-actions,maybe,
onekeyhq/onekey-github-actions/notice-slack-app-update,onekeyhq/onekey-github-actions,maybe,
onekeyhq/onekey-github-actions/s3-upload,onekeyhq/onekey-github-actions,maybe,
onfinality-io/action-onf-release,onfinality-io/action-onf-release,maybe,
open-cmsis-pack/gen-pack-action,open-cmsis-pack/gen-pack-action,maybe,
open-mpi/pr-git-commit-checker,open-mpi/pr-git-commit-checker,maybe,n
open-mpi/pr-labeler,open-mpi/pr-labeler,maybe,n
open-mpi/pr-milestoner,open-mpi/pr-milestoner,maybe,n
open-sauced/hot/.github/workflows/compliance.yml,open-sauced/hot,maybe,n
open-sauced/hot/.github/workflows/development.yml,open-sauced/hot,maybe,n
open-sauced/open-sauced/.github/workflows/codeql-analysis.yml,open-sauced/open-sauced,maybe,n
open-sauced/open-sauced/.github/workflows/compliance.yml,open-sauced/open-sauced,maybe,n
open-sauced/open-sauced/.github/workflows/development.yml,open-sauced/open-sauced,maybe,n
open-sauced/open-sauced/.github/workflows/triage.yml,open-sauced/open-sauced,maybe,n
open-sauced/open-sauced/blob/main/.github/workflows/compliance.yml,open-sauced/open-sauced,maybe,n
open-sauced/semantic-release-conventional-config,open-sauced/semantic-release-conventional-config,maybe,n
open-source-contrib/circle-ci-trigger-action,open-source-contrib/circle-ci-trigger-action,maybe,
open-telemetry/assign-reviewers-action,open-telemetry/assign-reviewers-action,maybe,n
open-watcom/setup-watcom,open-watcom/setup-watcom,maybe,y
open2c/bioframe/.github/workflows/publish.yml,open2c/bioframe,maybe,n
open2c/cooler/.github/workflows/publish.yml,open2c/cooler,maybe,n
openastronomy/action-skip-ci,openastronomy/action-skip-ci,maybe,
openastronomy/github-actions-workflows/.github/workflows/publish.yml,openastronomy/github-actions-workflows,maybe,
openastronomy/github-actions-workflows/.github/workflows/publish_pure_python.yml,openastronomy/github-actions-workflows,maybe,
openastronomy/github-actions-workflows/.github/workflows/tox.yml,openastronomy/github-actions-workflows,maybe,
opencb/java-common-libs/.github/workflows/build-java-app-workflow.yml,opencb/java-common-libs,maybe,n
opencb/java-common-libs/.github/workflows/delete-docker-hub-workflow.yml,opencb/java-common-libs,maybe,n
opencb/java-common-libs/.github/workflows/deploy-docker-hub-workflow.yml,opencb/java-common-libs,maybe,n
opencb/java-common-libs/.github/workflows/deploy-maven-repository-workflow.yml,opencb/java-common-libs,maybe,n
opencb/java-common-libs/.github/workflows/sonar-analysis-workflow.yml,opencb/java-common-libs,maybe,n
opencb/opencga/.github/workflows/build-test.yml,opencb/opencga,maybe,n
opencb/opencga/.github/workflows/test-analysis.yml,opencb/opencga,maybe,n
openconfig/common-ci/.github/workflows/go.yml,openconfig/common-ci,maybe,n
openconfig/common-ci/.github/workflows/linter.yml,openconfig/common-ci,maybe,n
opencontainers/distribution-spec,opencontainers/distribution-spec,maybe,n
opencv/ci-gha-workflow/.github/workflows/ocv-contrib-pr-4.x-arm64.yaml,opencv/ci-gha-workflow,maybe,
opencv/ci-gha-workflow/.github/workflows/ocv-contrib-pr-4.x-macos-arm64.yaml,opencv/ci-gha-workflow,maybe,
opencv/ci-gha-workflow/.github/workflows/ocv-contrib-pr-4.x-macos-x86_64.yaml,opencv/ci-gha-workflow,maybe,
opencv/ci-gha-workflow/.github/workflows/ocv-contrib-pr-4.x-u20-cuda.yaml,opencv/ci-gha-workflow,maybe,
opencv/ci-gha-workflow/.github/workflows/ocv-contrib-pr-4.x-u20.yaml,opencv/ci-gha-workflow,maybe,
opencv/ci-gha-workflow/.github/workflows/ocv-contrib-pr-4.x-u22.yaml,opencv/ci-gha-workflow,maybe,
opencv/ci-gha-workflow/.github/workflows/ocv-contrib-pr-4.x-w10.yaml,opencv/ci-gha-workflow,maybe,
opendataplane/action-clean-up,opendataplane/action-clean-up,maybe,
openedx/.github/.github/workflows/add-depr-ticket-to-depr-board.yml,openedx/.github,maybe,n
openedx/.github/.github/workflows/commitlint.yml,openedx/.github,maybe,n
openedx/.github/.github/workflows/upgrade-python-requirements.yml,openedx/.github,maybe,n
openfheorg/openfhe-development/.github/actions/default_builder,openfheorg/openfhe-development,maybe,n
openfheorg/openfhe-development/.github/workflows/reuseable_workflow.yml,openfheorg/openfhe-development,maybe,n
openfheorg/openfhe-temp/.github/actions/default_builder,openfheorg/openfhe-temp,maybe,n
openfheorg/openfhe-temp/.github/workflows/reuseable_workflow.yml,openfheorg/openfhe-temp,maybe,n
openfintechio/openfintech/.github/workflows/validate.yml,openfintechio/openfintech,maybe,n
openfoodfacts/smooth-app/.github/workflows/android-release-main.yml,openfoodfacts/smooth-app,maybe,n
openfoodfacts/smooth-app/.github/workflows/android-release-to-org-openfoodfacts-scanner.yml,openfoodfacts/smooth-app,maybe,n
openfoodfacts/smooth-app/.github/workflows/ios-release-main.yml,openfoodfacts/smooth-app,maybe,n
openfoodfacts/smooth-app/.github/workflows/ios-release-to-org-openfoodfacts-scanner.yml,openfoodfacts/smooth-app,maybe,n
opengamma/ogbot,opengamma/ogbot,maybe,
openhab/openhab-docs/.github/workflows/fetch_external_docs_reusable.yml,openhab/openhab-docs,maybe,n
openpgpjs/github-action-pull-request-benchmark,openpgpjs/github-action-pull-request-benchmark,maybe,n
openrewrite/gh-automation/.github/workflows/ci-gradle.yml,openrewrite/gh-automation,maybe,n
openrewrite/gh-automation/.github/workflows/publish-gradle.yml,openrewrite/gh-automation,maybe,n
openrndr/setup-opengl,openrndr/setup-opengl,maybe,y
openroberta/gh-actions-issue-changelog,openroberta/gh-actions-issue-changelog,maybe,
openslide/.github/.github/workflows/dco-report.yml,openslide/.github,maybe,n
openslide/openslide-winbuild/.github/find-container-digest,openslide/openslide-winbuild,maybe,n
openslide/openslide-winbuild/.github/workflows/windows.yml,openslide/openslide-winbuild,maybe,n
opensumi/actions/.github/actions/code-review,opensumi/actions,maybe,n
opensumi/actions/.github/actions/run-script,opensumi/actions,maybe,n
opensumi/actions/bot-token,opensumi/actions,maybe,n
opentap/get-gitversion,opentap/get-gitversion,maybe,n
opentelemetry-php/gh-workflows/.github/workflows/validate-packages.yml,opentelemetry-php/gh-workflows,maybe,n
opentrons/opentrons-emulation,opentrons/opentrons-emulation,maybe,
opentrons/ot3-emulator,opentrons/ot3-emulator,maybe,
openttd/actions/.github/workflows/rw-cdn-upload.yml,openttd/actions,maybe,
openttd/actions/.github/workflows/rw-symbols-upload.yml,openttd/actions,maybe,
openttd/actions/annotation-check,openttd/actions,maybe,
openttd/actions/checkout-pull-request,openttd/actions,maybe,
openttd/openttd-git-hooks,openttd/openttd-git-hooks,maybe,
openworm/owmeta-core/.github/workflows/deploy.yml,openworm/owmeta-core,maybe,n
openworm/owmeta/.github/workflows/coveralls-upload.yml,openworm/owmeta,maybe,n
openworm/owmeta/.github/workflows/test.yml,openworm/owmeta,maybe,n
openwrt/actions-shared-workflows/.github/workflows/coverity.yml,openwrt/actions-shared-workflows,maybe,n
openwrt/actions-shared-workflows/.github/workflows/kernel.yml,openwrt/actions-shared-workflows,maybe,n
openwrt/actions-shared-workflows/.github/workflows/label-kernel.yml,openwrt/actions-shared-workflows,maybe,n
openwrt/actions-shared-workflows/.github/workflows/label-target.yml,openwrt/actions-shared-workflows,maybe,n
openwrt/actions-shared-workflows/.github/workflows/packages.yml,openwrt/actions-shared-workflows,maybe,n
openwrt/actions-shared-workflows/.github/workflows/push-containers.yml,openwrt/actions-shared-workflows,maybe,n
openwrt/actions-shared-workflows/.github/workflows/toolchain.yml,openwrt/actions-shared-workflows,maybe,n
openwrt/actions-shared-workflows/.github/workflows/tools.yml,openwrt/actions-shared-workflows,maybe,n
openwrt/gh-action-sdk,openwrt/gh-action-sdk,maybe,n
openziti/ziti-ci,openziti/ziti-ci,maybe,n
operationsyu/auto-assignment,operationsyu/auto-assignment,maybe,
operator-framework/rerun-actions,operator-framework/rerun-actions,maybe,n
oppia/get-github-app-token,oppia/get-github-app-token,maybe,n
oppia/oppiabot,oppia/oppiabot,maybe,n
oppia/stale-review-request-notifier,oppia/stale-review-request-notifier,maybe,n
oprypin/install-crystal,oprypin/install-crystal,maybe,y
opticdev/optic/.github/workflows/release-container-image.yml,opticdev/optic,maybe,n
orange-opensource/hurl/.github/workflows/package.yml,orange-opensource/hurl,maybe,
orange-opensource/hurl/.github/workflows/update-branch-version.yml,orange-opensource/hurl,maybe,
orbitalowen/roblox-win-installer-action,orbitalowen/roblox-win-installer-action,maybe,
orcid/changelog-action,orcid/changelog-action,maybe,
orcid/git-checkout-ref-action,orcid/git-checkout-ref-action,maybe,
orcid/orcid-source-cache-action,orcid/orcid-source-cache-action,maybe,
orcid/orcid-source-dependencies-action,orcid/orcid-source-dependencies-action,maybe,
orcid/version-bump-action,orcid/version-bump-action,maybe,
orhankupusoglu/code-sign-action,orhankupusoglu/code-sign-action,maybe,
orijtech/consensuswarn,orijtech/consensuswarn,maybe,n
orijtech/staticmajor-action,orijtech/staticmajor-action,maybe,n
orioledb/ec2-github-runner,orioledb/ec2-github-runner,maybe,n
orta/lighthouse-ci-action,orta/lighthouse-ci-action,maybe,n
ory/ci/changelog,ory/ci,maybe,n
ory/ci/checkout,ory/ci,maybe,n
ory/ci/conventional_commit_config,ory/ci,maybe,n
ory/ci/docs/build,ory/ci,maybe,n
ory/ci/docs/cli,ory/ci,maybe,n
ory/ci/docs/cli-next,ory/ci,maybe,n
ory/ci/docs/sync,ory/ci,maybe,n
ory/ci/newsletter,ory/ci,maybe,n
ory/ci/newsletter/slack-notify,ory/ci,maybe,n
ory/ci/prettier,ory/ci,maybe,n
ory/ci/releaser,ory/ci,maybe,n
ory/ci/releaser/render-version-schema,ory/ci,maybe,n
ory/ci/sdk/generate,ory/ci,maybe,n
ory/ci/sdk/release,ory/ci,maybe,n
osbuild/containers/ghci/actions/ghci-osbuild,osbuild/containers,maybe,n
osbuild/containers/src/actions/ghci-osbuild,osbuild/containers,maybe,n
osbuild/containers/src/actions/privdocker,osbuild/containers,maybe,n
osbuild/release-action,osbuild/release-action,maybe,n
osirisinferi/pkgcheck-action,osirisinferi/pkgcheck-action,maybe,n
osquery/ec2-github-runner,osquery/ec2-github-runner,maybe,n
osrd-project/osrd/.github/workflows/docker-build-push-template.yml,osrd-project/osrd,maybe,n
oss-docs-tools/code-owner-self-merge,oss-docs-tools/code-owner-self-merge,maybe,
oss-docs-tools/create-attribution-json,oss-docs-tools/create-attribution-json,maybe,
oss-gate/issue-cleaner,oss-gate/issue-cleaner,maybe,n
oss-review-toolkit/github-action-markdown-link-check,oss-review-toolkit/github-action-markdown-link-check,maybe,n
ossf/scorecard-actions/analyze,ossf/scorecard-actions,maybe,n
ossillate-inc/packj.dev,ossillate-inc/packj.dev,maybe,n
osy/actions-cache,osy/actions-cache,maybe,n
osyrisrblx/roblox-win-installer-action,osyrisrblx/roblox-win-installer-action,maybe,n
otterize/cla-bot/.github/workflows/cla.yaml,otterize/cla-bot,maybe,n
otto-contentfactory/purge-workflow-runs,otto-contentfactory/purge-workflow-runs,maybe,n
otymko/github-action-benchmark,otymko/github-action-benchmark,maybe,n
outillage/kaniko-action,outillage/kaniko-action,maybe,y
ouuan/install-qt-action,ouuan/install-qt-action,maybe,n
ouuan/this-repo-has-x-stars-y-forks-action,ouuan/this-repo-has-x-stars-y-forks-action,maybe,
ouuan/waka-readme,ouuan/waka-readme,maybe,n
overbit/labeler,overbit/labeler,maybe,n
overmindtech/buildkit-cache-dance/extract,overmindtech/buildkit-cache-dance,maybe,n
overmindtech/buildkit-cache-dance/inject,overmindtech/buildkit-cache-dance,maybe,n
ovirt/checkout-action,ovirt/checkout-action,maybe,n
ovirt/gotestfmt-action,ovirt/gotestfmt-action,maybe,n
ovirt/ovirt-system-tests/.github/workflows/ost.yaml,ovirt/ovirt-system-tests,maybe,
ovirt/upload-rpms-action,ovirt/upload-rpms-action,maybe,n
owasp/owasp-masvs/.github/workflows/doc-gen-reusable.yml,owasp/owasp-masvs,maybe,
owenthereal/jqplay/.github/workflows/deploy.yml,owenthereal/jqplay,maybe,n
owid/actions/assign-priority,owid/actions,maybe,n
owid/actions/set-project-status,owid/actions,maybe,n
owncloud-ci/git-clang-format-lint,owncloud-ci/git-clang-format-lint,maybe,n
oxid-esales/github-actions/.github/workflows/call-test_matrix.yml,oxid-esales/github-actions,maybe,
oxidecomputer/actions-rs_toolchain,oxidecomputer/actions-rs_toolchain,maybe,n
oxidemod/actions/.github/workflows/game-build.yaml,oxidemod/actions,maybe,
oxidemod/actions/.github/workflows/r2-publish.yaml,oxidemod/actions,maybe,
oxidemod/actions/.github/workflows/r2-publish.yml,oxidemod/actions,maybe,
oxidize-rb/actions/cross-gem,oxidize-rb/actions,maybe,n
oxidize-rb/actions/setup-ruby-and-rust,oxidize-rb/actions,maybe,n
oxidize-rb/actions/test-gem-build,oxidize-rb/actions,maybe,n
oyvindronningstad/action-manifest,oyvindronningstad/action-manifest,maybe,n
oznu/gh-wiki-edit-discord-notification,oznu/gh-wiki-edit-discord-notification,maybe,n
p3terx/debugger-action,p3terx/debugger-action,maybe,
paales/changesets-action,paales/changesets-action,maybe,n
pablode/mdl-sdk/.github/workflows/main.yml,pablode/mdl-sdk,maybe,
packettide/url-extractor-gh-action,packettide/url-extractor-gh-action,maybe,n
packit/actions/srpm,packit/actions,maybe,n
packit/prepare-release,packit/prepare-release,maybe,n
pacoxu/actions-comment-on-issue,pacoxu/actions-comment-on-issue,maybe,n
pact-foundation/.github/.github/workflows/smartbear-issue-label-added.yml,pact-foundation/.github,maybe,n
pact-foundation/release-gem,pact-foundation/release-gem,maybe,n
paddlecv-sig/paddlelabel/.github/workflows/cypress.yml,paddlecv-sig/paddlelabel,maybe,
paddlecv-sig/paddlelabel/.github/workflows/doc_to_pages.yml,paddlecv-sig/paddlelabel,maybe,
paddlecv-sig/paddlelabel/.github/workflows/workflow-b.yml,paddlecv-sig/paddlelabel,maybe,
pagely/action-deploy,pagely/action-deploy,maybe,n
pajlada/clang-tidy-review,pajlada/clang-tidy-review,maybe,n
pajlada/clang-tidy-review/post,pajlada/clang-tidy-review,maybe,n
pajlada/create-release,pajlada/create-release,maybe,n
pajlada/golangci-lint-action,pajlada/golangci-lint-action,maybe,n
pajlads/changelog-checker,pajlads/changelog-checker,maybe,y
paketo-buildpacks/github-config/actions/dispatch,paketo-buildpacks/github-config,maybe,n
paketo-buildpacks/github-config/actions/issue/add-to-project,paketo-buildpacks/github-config,maybe,n
paketo-buildpacks/github-config/actions/issue/file,paketo-buildpacks/github-config,maybe,n
paketo-buildpacks/github-config/actions/pull-request/check-human-commits,paketo-buildpacks/github-config,maybe,n
paketo-buildpacks/github-config/actions/pull-request/check-unverified-commits,paketo-buildpacks/github-config,maybe,n
paketo-buildpacks/github-config/actions/pull-request/checkout-branch,paketo-buildpacks/github-config,maybe,n
paketo-buildpacks/github-config/actions/pull-request/create-commit,paketo-buildpacks/github-config,maybe,n
paketo-buildpacks/github-config/actions/pull-request/merge,paketo-buildpacks/github-config,maybe,n
paketo-buildpacks/github-config/actions/pull-request/open,paketo-buildpacks/github-config,maybe,n
paketo-buildpacks/github-config/actions/pull-request/push-branch,paketo-buildpacks/github-config,maybe,n
paketo-buildpacks/github-config/actions/pull-request/rebase,paketo-buildpacks/github-config,maybe,n
paketo-buildpacks/github-config/actions/sync,paketo-buildpacks/github-config,maybe,n
paketo-buildpacks/github-config/actions/tools/latest,paketo-buildpacks/github-config,maybe,n
pandoc/actions/setup,pandoc/actions,maybe,n
pantharshit00/stale,pantharshit00/stale,maybe,n
pantsbuild/actions/expose-pythons,pantsbuild/actions,maybe,n
pantsbuild/actions/init-pants,pantsbuild/actions,maybe,y
pantsbuild/actions/pyenv,pantsbuild/actions,maybe,n
pantsbuild/actions/run-tox,pantsbuild/actions,maybe,n
panuchi/vknetjobstatuschangeaction,panuchi/vknetjobstatuschangeaction,maybe,
panva/.github/.github/workflows/build-conformance-suite.yml,panva/.github,maybe,n
panva/.github/.github/workflows/npm-audit.yml,panva/.github,maybe,n
papeloto/action-zip,papeloto/action-zip,maybe,n
paper-spa/deploy-pages,paper-spa/deploy-pages,maybe,n
paperless-ngx/release-drafter,paperless-ngx/release-drafter,maybe,n
papermc/update-projects-action,papermc/update-projects-action,maybe,
papermerge/banger,papermerge/banger,maybe,n
papertigers/illumos-vm,papertigers/illumos-vm,maybe,y
parcel-bundler/parcel-benchmark-action,parcel-bundler/parcel-benchmark-action,maybe,n
paritytech/pr-custom-review,paritytech/pr-custom-review,maybe,n
paritytech/stale-issues-finder,paritytech/stale-issues-finder,maybe,n
paritytech/stale-pr-finder,paritytech/stale-pr-finder,maybe,n
parse-community/parse-sdk-flutter/.github/workflows/release-manual-docs,parse-community/parse-sdk-flutter,maybe,
parse-community/parse-sdk-flutter/.github/workflows/release-manual-docs.yml,parse-community/parse-sdk-flutter,maybe,
particular/install-sql-server-action,particular/install-sql-server-action,maybe,
particular/push-octopus-package-action,particular/push-octopus-package-action,maybe,
particular/run-tests-action,particular/run-tests-action,maybe,
particular/sign-nuget-packages-action,particular/sign-nuget-packages-action,maybe,
particular/stale-action,particular/stale-action,maybe,
particular/virus-scan-action,particular/virus-scan-action,maybe,
passy/extract-version-commit,passy/extract-version-commit,maybe,n
passy/github-upload-release-artifacts-action,passy/github-upload-release-artifacts-action,maybe,n
passy/tag-version-commit,passy/tag-version-commit,maybe,y
patcito/check-keywords-in-diff,patcito/check-keywords-in-diff,maybe,n
patricejiang/clang-tidy-action,patricejiang/clang-tidy-action,maybe,
patricejiang/paths-filter,patricejiang/paths-filter,maybe,
patrick-zippenfenig/apt-repo-action,patrick-zippenfenig/apt-repo-action,maybe,n
patrickhulce/issue-assigner,patrickhulce/issue-assigner,maybe,n
paularmstrong/build-tracker-action,paularmstrong/build-tracker-action,maybe,y
paularmstrong/docusaurus-github-action,paularmstrong/docusaurus-github-action,maybe,n
paulo-ferraz-oliveira/setup-beam,paulo-ferraz-oliveira/setup-beam,maybe,y
paulofaria/codeclimate-action,paulofaria/codeclimate-action,maybe,n
paultyng/ghaction-import-gpg,paultyng/ghaction-import-gpg,maybe,n
pavelhorak/github-actions-issue-to-work-item,pavelhorak/github-actions-issue-to-work-item,maybe,n
pavlovic-ivan/octo-nudge,pavlovic-ivan/octo-nudge,maybe,n
pbs/pycaption/.github/workflows/main.yml,pbs/pycaption,maybe,n
pcrbot/go-release-action,pcrbot/go-release-action,maybe,n
peaceiris/workflows/.github/workflows/hadolint.yml,peaceiris/workflows,maybe,n
peaceiris/workflows/create-release-npm,peaceiris/workflows,maybe,n
peaceiris/workflows/setup-git,peaceiris/workflows,maybe,n
peaceiris/workflows/setup-node,peaceiris/workflows,maybe,n
peiffer-innovations/actions-dart-dependency-updater,peiffer-innovations/actions-dart-dependency-updater,maybe,n
peiffer-innovations/actions-dart-version-autotag,peiffer-innovations/actions-dart-version-autotag,maybe,n
peiffer-innovations/actions-flutter-deploy-pages,peiffer-innovations/actions-flutter-deploy-pages,maybe,y
peiffer-innovations/actions-flutter-validate,peiffer-innovations/actions-flutter-validate,maybe,y
peiffer-innovations/actions-pub-publish,peiffer-innovations/actions-pub-publish,maybe,n
pelletier/go-toml/.github/workflows/release.yml,pelletier/go-toml,maybe,n
penguin-statistics/actions/ghcr-docker,penguin-statistics/actions,maybe,n
penguin-statistics/actions/git-meta,penguin-statistics/actions,maybe,n
penguin-statistics/actions/release-dispatcher,penguin-statistics/actions,maybe,n
penguin-statistics/manifestbot,penguin-statistics/manifestbot,maybe,n
pennydreadfulmtg/setup-linters,pennydreadfulmtg/setup-linters,maybe,
pennylaneai/automation/version_bump_action,pennylaneai/automation,maybe,
pennylaneai/qml/.github/workflows/build-branch.yml,pennylaneai/qml,maybe,
pennylaneai/sphinx-action,pennylaneai/sphinx-action,maybe,
pepibumur/action-swiftlint,pepibumur/action-swiftlint,maybe,y
percona-platform/action-junit-report,percona-platform/action-junit-report,maybe,n
percona-platform/action-slack-notify,percona-platform/action-slack-notify,maybe,n
percona-platform/cache,percona-platform/cache,maybe,n
percona-platform/checkout,percona-platform/checkout,maybe,n
percona-platform/codecov-action,percona-platform/codecov-action,maybe,n
percona-platform/download-artifact,percona-platform/download-artifact,maybe,n
percona-platform/extract-docker-tag-action,percona-platform/extract-docker-tag-action,maybe,n
percona-platform/github-readme-sync,percona-platform/github-readme-sync,maybe,n
percona-platform/goreleaser-action,percona-platform/goreleaser-action,maybe,n
percona-platform/login-action,percona-platform/login-action,maybe,n
percona-platform/merge-gatekeeper,percona-platform/merge-gatekeeper,maybe,n
percona-platform/rdme,percona-platform/rdme,maybe,n
percona-platform/setup-go,percona-platform/setup-go,maybe,n
percona-platform/setup-node,percona-platform/setup-node,maybe,n
percona-platform/upload-artifact,percona-platform/upload-artifact,maybe,n
percy/exec-action,percy/exec-action,maybe,y
percy/snapshot-action,percy/snapshot-action,maybe,y
percy/storybook-action,percy/storybook-action,maybe,y
permify/actions/docker-login,permify/actions,maybe,n
perplexhub/action-maven-publish-release,perplexhub/action-maven-publish-release,maybe,n
perplexhub/action-maven-publish-snapshot,perplexhub/action-maven-publish-snapshot,maybe,n
peter-evans/delete-comment,peter-evans/delete-comment,maybe,n
peter-evans/link-checker,peter-evans/link-checker,maybe,y
petermetz/gh-action-dci-lint,petermetz/gh-action-dci-lint,maybe,y
peternied/random-name,peternied/random-name,maybe,n
petronny/git-config-user,petronny/git-config-user,maybe,n
pganalyze/setup-protoc,pganalyze/setup-protoc,maybe,n
pgrita/action,pgrita/action,maybe,n
phala-network/delete-older-releases,phala-network/delete-older-releases,maybe,
phil-opp/rust-problem-matchers,phil-opp/rust-problem-matchers,maybe,y
philips-forks/antora-site-action,philips-forks/antora-site-action,maybe,n
philips-forks/cmake-dependency-submission,philips-forks/cmake-dependency-submission,maybe,n
philips-labs/github-action-repolinter,philips-labs/github-action-repolinter,maybe,n
philips-labs/slsa-provenance-action,philips-labs/slsa-provenance-action,maybe,y
philr/setup-ruby,philr/setup-ruby,maybe,n
philschmid/philschmid-ec2-github-runner,philschmid/philschmid-ec2-github-runner,maybe,n
phisko/cmake-cxx-conan/.github/workflows/build.yml,phisko/cmake-cxx-conan,maybe,n
phisko/cmake-cxx-conan/.github/workflows/test.yml,phisko/cmake-cxx-conan,maybe,n
phisko/cmake-cxx-vcpkg/.github/workflows/build.yml,phisko/cmake-cxx-vcpkg,maybe,n
phpdocumentor/.github/.github/workflows/code-coverage.yml,phpdocumentor/.github,maybe,
phpdocumentor/.github/.github/workflows/coding-standards.yml,phpdocumentor/.github,maybe,
phpdocumentor/.github/.github/workflows/continues-integration.yml,phpdocumentor/.github,maybe,
phpdocumentor/.github/.github/workflows/continuous-integration.yml,phpdocumentor/.github,maybe,
phpdocumentor/.github/.github/workflows/dependency-analysis.yml,phpdocumentor/.github,maybe,
phpdocumentor/.github/.github/workflows/lint.yml,phpdocumentor/.github,maybe,
phpdocumentor/.github/.github/workflows/static-analysis.yml,phpdocumentor/.github,maybe,
phpdocumentor/coding-standard,phpdocumentor/coding-standard,maybe,
phpdocumentor/phpstan-ga,phpdocumentor/phpstan-ga,maybe,
phpstan/phpstan/.github/workflows/extension-tests.yml,phpstan/phpstan,maybe,n
phpstan/phpstan/.github/workflows/integration-tests.yml,phpstan/phpstan,maybe,n
phpstan/phpstan/.github/workflows/other-tests.yml,phpstan/phpstan,maybe,n
physsong/install-qt-action,physsong/install-qt-action,maybe,
pi-top/action-debian-package,pi-top/action-debian-package,maybe,y
pierdipi/unicode-control-characters-action,pierdipi/unicode-control-characters-action,maybe,n
pinax/linting,pinax/linting,maybe,n
pinax/testing,pinax/testing,maybe,n
pion/.goassets/.github/workflows/codeql-analysis.reusable.yml,pion/.goassets,maybe,n
pion/.goassets/.github/workflows/generate-authors.reusable.yml,pion/.goassets,maybe,n
pion/.goassets/.github/workflows/lint.reusable.yml,pion/.goassets,maybe,n
pion/.goassets/.github/workflows/release.reusable.yml,pion/.goassets,maybe,n
pion/.goassets/.github/workflows/renovate-go-sum-fix.reusable.yml,pion/.goassets,maybe,n
pion/.goassets/.github/workflows/test-i386.reusable.yml,pion/.goassets,maybe,n
pion/.goassets/.github/workflows/test-wasm.reusable.yml,pion/.goassets,maybe,n
pion/.goassets/.github/workflows/test.reusable.yml,pion/.goassets,maybe,n
pion/.goassets/.github/workflows/tidy-check.reusable.yml,pion/.goassets,maybe,n
pip wheel -w ./wheelhouse,pip wheel -w ./wheelhouse,maybe,n
piroor/auto-mark-as-stale-issues,piroor/auto-mark-as-stale-issues,maybe,n
piroor/close-expired-issues-based-on-label,piroor/close-expired-issues-based-on-label,maybe,n
piscsi/piscsi/.github/workflows/arm_cross_compile.yml,piscsi/piscsi,maybe,
pivotalsoftware/action-gh-release,pivotalsoftware/action-gh-release,maybe,n
pivotalsoftware/s3-sync-action,pivotalsoftware/s3-sync-action,maybe,n
pixeldesu/action-stylelint,pixeldesu/action-stylelint,maybe,y
pkgcore/pkgcheck-action,pkgcore/pkgcheck-action,maybe,y
pkgjs/action/.github/workflows/node-test.yaml,pkgjs/action,maybe,n
pkgxdev/brewkit/actions/bottle,pkgxdev/brewkit,maybe,n
pkgxdev/brewkit/actions/fetch-pr-artifacts,pkgxdev/brewkit,maybe,n
pkgxdev/brewkit/actions/get-platform,pkgxdev/brewkit,maybe,n
pkgxdev/brewkit/actions/has-artifacts,pkgxdev/brewkit,maybe,n
pkgxdev/brewkit/actions/setup-brewkit,pkgxdev/brewkit,maybe,n
pkgxdev/brewkit/actions/setup-codesign,pkgxdev/brewkit,maybe,n
pkgxdev/brewkit/actions/stage-build-artifacts,pkgxdev/brewkit,maybe,n
pkgxdev/brewkit/actions/upload,pkgxdev/brewkit,maybe,n
pkgxdev/dev,pkgxdev/dev,maybe,n
pkgxdev/setup,pkgxdev/setup,maybe,y
pksunkara/github-action-benchmark,pksunkara/github-action-benchmark,maybe,n
pl-strflt/.github/.github/workflows/reusable-semantic-pull-request.yml,pl-strflt/.github,maybe,n
pl-strflt/.github/.github/workflows/reusable-stale-issue.yml,pl-strflt/.github,maybe,n
pl-strflt/gotest-json-to-junit-xml,pl-strflt/gotest-json-to-junit-xml,maybe,n
pl-strflt/junit-xml-to-html,pl-strflt/junit-xml-to-html,maybe,n
pl-strflt/tf-aws-gh-runner/.github/actions/upload-artifact,pl-strflt/tf-aws-gh-runner,maybe,n
pl-strflt/uci/.github/workflows/go-check.yml,pl-strflt/uci,maybe,n
pl-strflt/uci/.github/workflows/go-test.yml,pl-strflt/uci,maybe,n
pl-strflt/uci/.github/workflows/js-test-and-release.yml,pl-strflt/uci,maybe,n
pl-strflt/uci/.github/workflows/release-check.yml,pl-strflt/uci,maybe,n
pl-strflt/uci/.github/workflows/releaser.yml,pl-strflt/uci,maybe,n
pl-strflt/uci/.github/workflows/tagpush.yml,pl-strflt/uci,maybe,n
plaidml/plaidml/.github/workflows/build.yml,plaidml/plaidml,maybe,n
planetarium/github-action-benchmark,planetarium/github-action-benchmark,maybe,n
planetscale/github-action-markdown-link-check,planetscale/github-action-markdown-link-check,maybe,n
plasmo-corp/bpp,plasmo-corp/bpp,maybe,y
plasmo-corp/download-release-asset,plasmo-corp/download-release-asset,maybe,n
playframework/.github/.github/workflows/cmd.yml,playframework/.github,maybe,n
playframework/.github/.github/workflows/rtm.yml,playframework/.github,maybe,n
plc-lang/install-llvm-action,plc-lang/install-llvm-action,maybe,
pllim/action-astropy-stalebot,pllim/action-astropy-stalebot,maybe,n
pllim/action-check_astropy_changelog,pllim/action-check_astropy_changelog,maybe,n
pllim/action-skip-ci,pllim/action-skip-ci,maybe,y
pllim/action-special_pr_comment,pllim/action-special_pr_comment,maybe,n
pllim/actions-towncrier-changelog,pllim/actions-towncrier-changelog,maybe,n
pllim/first-interaction,pllim/first-interaction,maybe,n
pluralkit/dotnet-format,pluralkit/dotnet-format,maybe,
pmacik/action-download-multiple-artifacts,pmacik/action-download-multiple-artifacts,maybe,n
pmacik/github-cherry-pick-action,pmacik/github-cherry-pick-action,maybe,n
pmalek/verify-pr-label-action,pmalek/verify-pr-label-action,maybe,n
pmienk/coveralls-github-action,pmienk/coveralls-github-action,maybe,n
pocket-apps/action-update-version,pocket-apps/action-update-version,maybe,n
poing-studios/godot-android-action,poing-studios/godot-android-action,maybe,
polylang/actions/phpunit,polylang/actions,maybe,n
pomerium/backport,pomerium/backport,maybe,n
ponylang-main/repository-dispatch,ponylang-main/repository-dispatch,maybe,n
ponylang-main/ssh-action,ponylang-main/ssh-action,maybe,n
ponylang/release-bot-action,ponylang/release-bot-action,maybe,n
ponylang/release-notes-bot-action,ponylang/release-notes-bot-action,maybe,n
ponylang/release-notes-reminder-bot-action,ponylang/release-notes-reminder-bot-action,maybe,n
poolitzer/notifier-action,poolitzer/notifier-action,maybe,
porcellus/size-limit-action,porcellus/size-limit-action,maybe,y
portapps/.github/.github/workflows/app-build.yml,portapps/.github,maybe,n
portapps/.github/.github/workflows/app-gosum.yml,portapps/.github,maybe,n
portapps/.github/.github/workflows/app-virustotal.yml,portapps/.github,maybe,n
porter-dev/porter-preview-action,porter-dev/porter-preview-action,maybe,y
porter-dev/porter-update-action,porter-dev/porter-update-action,maybe,y
porter-dev/porter-update-config-action,porter-dev/porter-update-config-action,maybe,y
postalsys/workflow-webhook,postalsys/workflow-webhook,maybe,y
postgresml/gh-actions-cargo,postgresml/gh-actions-cargo,maybe,n
posthog/posthog-github-action,posthog/posthog-github-action,maybe,
posva/size-check-action,posva/size-check-action,maybe,n
powerdns/pdns/.github/workflows/build-packages.yml,powerdns/pdns,maybe,
powerdns/pdns/set-ubuntu-mirror,powerdns/pdns,maybe,
ppizarror/workflow-actions/.github/workflows/codeql.yml,ppizarror/workflow-actions,maybe,n
ppizarror/workflow-actions/.github/workflows/test_python.yml,ppizarror/workflow-actions,maybe,n
pr-mpt/actions-commit-hash,pr-mpt/actions-commit-hash,maybe,n
pragmatrix/release-action,pragmatrix/release-action,maybe,n
praw-dev/.github/.github/workflows/ci.yml,praw-dev/.github,maybe,n
praw-dev/.github/.github/workflows/manual_tag_release.yml,praw-dev/.github,maybe,n
praw-dev/.github/.github/workflows/pre-commit_autoupdate.yml,praw-dev/.github,maybe,n
praw-dev/.github/.github/workflows/prepare_release.yml,praw-dev/.github,maybe,n
praw-dev/.github/.github/workflows/pypi.yml,praw-dev/.github,maybe,n
praw-dev/.github/.github/workflows/scorecards-analysis.yml,praw-dev/.github,maybe,n
praw-dev/.github/.github/workflows/set_active_docs.yml,praw-dev/.github,maybe,n
praw-dev/.github/.github/workflows/stale_action.yml,praw-dev/.github,maybe,n
praw-dev/.github/.github/workflows/tag_release.yml,praw-dev/.github,maybe,n
preactjs/gzip-size-action,preactjs/gzip-size-action,maybe,y
preactjs/preact/.github/workflows/ci.yml,preactjs/preact,maybe,n
precice/setup-precice-action,precice/setup-precice-action,maybe,y
premid/changed-files,premid/changed-files,maybe,
pressbooks/composer-autoupdate-bedrock,pressbooks/composer-autoupdate-bedrock,maybe,n
prestashop/github-action-php-lint/5.4,prestashop/github-action-php-lint,maybe,y
prestashop/github-action-php-lint/5.5,prestashop/github-action-php-lint,maybe,y
prestashop/github-action-php-lint/5.6,prestashop/github-action-php-lint,maybe,y
prestashop/github-action-php-lint/7.1,prestashop/github-action-php-lint,maybe,y
prestashop/github-action-php-lint/7.2,prestashop/github-action-php-lint,maybe,y
prestashop/github-action-php-lint/7.3,prestashop/github-action-php-lint,maybe,y
prestashop/github-action-php-lint/7.4,prestashop/github-action-php-lint,maybe,y
prestashop/github-action-php-lint/8.0,prestashop/github-action-php-lint,maybe,y
prestashop/github-action-php-lint/8.1,prestashop/github-action-php-lint,maybe,n
prestashop/github-action-php-lint/8.2,prestashop/github-action-php-lint,maybe,y
primer/.github/.github/workflows/deploy.yml,primer/.github,maybe,n
primer/.github/.github/workflows/deploy_preview.yml,primer/.github,maybe,n
primer/.github/.github/workflows/release.yml,primer/.github,maybe,n
primer/.github/.github/workflows/release_canary.yml,primer/.github,maybe,n
primer/.github/.github/workflows/release_candidate.yml,primer/.github,maybe,n
primer/.github/.github/workflows/release_with_app.yml,primer/.github,maybe,n
primer/comment-token-update,primer/comment-token-update,maybe,n
primer/publish,primer/publish,maybe,n
prisma-labs/dripip,prisma-labs/dripip,maybe,n
prisma-labs/dripip/.github/workflows/release.yml,prisma-labs/dripip,maybe,n
prisma/action-node-cache-dependencies,prisma/action-node-cache-dependencies,maybe,n
product-os/flowzone/.github/workflows/flowzone.yml,product-os/flowzone,maybe,n
proffan/repository-dispatch,proffan/repository-dispatch,maybe,
projectpythia/actions/comment-netlify-preview-in-pr,projectpythia/actions,maybe,
protobyter/run-on-arch-action,protobyter/run-on-arch-action,maybe,
protocol-buffers/protobuf,protocol-buffers/protobuf,maybe,n
protocol/.github/.github/actions/read-config,protocol/.github,maybe,n
protocol/.github/.github/workflows/automerge.yml,protocol/.github,maybe,n
protocol/.github/.github/workflows/release-check.yml,protocol/.github,maybe,n
protocol/.github/.github/workflows/releaser.yml,protocol/.github,maybe,n
protocol/.github/.github/workflows/tagpush.yml,protocol/.github,maybe,n
protocol/cache-go-action,protocol/cache-go-action,maybe,n
protocol/multiple-go-modules,protocol/multiple-go-modules,maybe,n
protocolbuffers/protobuf,protocolbuffers/protobuf,maybe,n
protocolbuffers/protobuf-ci/bash,protocolbuffers/protobuf-ci,maybe,n
protocolbuffers/protobuf-ci/bazel,protocolbuffers/protobuf-ci,maybe,n
protocolbuffers/protobuf-ci/bazel-docker,protocolbuffers/protobuf-ci,maybe,n
protocolbuffers/protobuf-ci/ccache,protocolbuffers/protobuf-ci,maybe,n
protocolbuffers/protobuf-ci/checkout,protocolbuffers/protobuf-ci,maybe,n
protocolbuffers/protobuf-ci/composer-setup,protocolbuffers/protobuf-ci,maybe,n
protocolbuffers/protobuf-ci/cross-compile-protoc,protocolbuffers/protobuf-ci,maybe,n
protocolbuffers/protobuf-ci/docker,protocolbuffers/protobuf-ci,maybe,n
protocolbuffers/protobuf-ci/sccache,protocolbuffers/protobuf-ci,maybe,n
protonmail/openpgp-interop-test-analyzer,protonmail/openpgp-interop-test-analyzer,maybe,
psf/black,psf/black,maybe,y
psi-4ward/algolia-docsearch-action,psi-4ward/algolia-docsearch-action,maybe,n
pterm/animation-ci,pterm/animation-ci,maybe,n
publiccodeyml/bot,publiccodeyml/bot,maybe,n
publicsuffix/publicsuffix.org/.github/workflows/deploy-site.yaml,publicsuffix/publicsuffix.org,maybe,n
puerco/release-actions/setup-bom,puerco/release-actions,maybe,n
puerco/release-actions/setup-tejolote,puerco/release-actions,maybe,n
pullreminders/label-when-approved-action,pullreminders/label-when-approved-action,maybe,n
pullreminders/slack-action,pullreminders/slack-action,maybe,n
pulumi/action-install-pulumi-cli,pulumi/action-install-pulumi-cli,maybe,n
pulumi/action-install-tf2pulumi,pulumi/action-install-tf2pulumi,maybe,n
pulumi/action-release-by-pr-label,pulumi/action-release-by-pr-label,maybe,n
pulumi/action-test-provider-downstream,pulumi/action-test-provider-downstream,maybe,n
pulumi/pulumi-package-publisher,pulumi/pulumi-package-publisher,maybe,n
pulumi/pulumi-upgrade-provider-action,pulumi/pulumi-upgrade-provider-action,maybe,n
pulumi/pulumi./.github/workflows/ci-test-docs-generation.yml,pulumi/pulumi.,maybe,n
pulumi/pulumi/.github/workflows/ci-info.yml,pulumi/pulumi,maybe,n
pulumi/pulumi/.github/workflows/ci.yml,pulumi/pulumi,maybe,n
pulumi/pulumi/.github/workflows/on-pr-changelog.yml,pulumi/pulumi,maybe,n
pulumi/setup-pulumi,pulumi/setup-pulumi,maybe,y
puppetlabs/cat-github-actions/.github/workflows/gem_acceptance.yml,puppetlabs/cat-github-actions,maybe,n
puppetlabs/cat-github-actions/.github/workflows/gem_ci.yml,puppetlabs/cat-github-actions,maybe,n
puppetlabs/cat-github-actions/.github/workflows/gem_release_prep.yml,puppetlabs/cat-github-actions,maybe,n
puppetlabs/cat-github-actions/.github/workflows/mend_ruby.yml,puppetlabs/cat-github-actions,maybe,n
puppetlabs/cat-github-actions/.github/workflows/module_acceptance.yml,puppetlabs/cat-github-actions,maybe,n
puppetlabs/cat-github-actions/.github/workflows/module_ci.yml,puppetlabs/cat-github-actions,maybe,n
puppetlabs/cat-github-actions/.github/workflows/module_release.yml,puppetlabs/cat-github-actions,maybe,n
puppetlabs/cat-github-actions/.github/workflows/tooling_mend_ruby.yml,puppetlabs/cat-github-actions,maybe,n
puppetlabs/community-labeller,puppetlabs/community-labeller,maybe,n
puppetlabs/gamesight-slack-workflow-status,puppetlabs/gamesight-slack-workflow-status,maybe,
puppetlabs/kvrhdn-gha-buildevents,puppetlabs/kvrhdn-gha-buildevents,maybe,n
px-org/build-action,px-org/build-action,maybe,n
pxgamer/composer-action,pxgamer/composer-action,maybe,y
pyansys/actions/build-wheelhouse,pyansys/actions,maybe,n
pyansys/actions/code-style,pyansys/actions,maybe,n
pyansys/actions/doc-deploy-dev,pyansys/actions,maybe,n
pyansys/actions/doc-deploy-stable,pyansys/actions,maybe,n
pyansys/actions/doc-style,pyansys/actions,maybe,n
pyansys/actions/release-github,pyansys/actions,maybe,n
pyansys/actions/release-pypi-public,pyansys/actions,maybe,n
pycontribs/jira/.github/workflows/jira_cloud_ci.yml,pycontribs/jira,maybe,n
pycontribs/jira/.github/workflows/jira_server_ci.yml,pycontribs/jira,maybe,n
pylo/action-junit-report,pylo/action-junit-report,maybe,
pylo/crowdin-github-action,pylo/crowdin-github-action,maybe,
pylo/github-pages-deploy-action,pylo/github-pages-deploy-action,maybe,
pylo/support-requests,pylo/support-requests,maybe,
pylo/xvfb-action,pylo/xvfb-action,maybe,
pyodide/pyodide-actions/install-browser,pyodide/pyodide-actions,maybe,n
pypa/cibuildwheel,pypa/cibuildwheel,maybe,y
pypa/gh-action-pypi-publisher,pypa/gh-action-pypi-publisher,maybe,y
pypa/gh-actions-pypi-publish,pypa/gh-actions-pypi-publish,maybe,y
pypyr/run-in-tox-action,pypyr/run-in-tox-action,maybe,y
pyrsia/rust-toolchain,pyrsia/rust-toolchain,maybe,n
python-discord/.github/.github/workflows/block-fixup-commits.yaml,python-discord/.github,maybe,n
python-semantic-release/python-semantic-release,python-semantic-release/python-semantic-release,maybe,y
python-semantic-release/upload-to-gh-release,python-semantic-release/upload-to-gh-release,maybe,n
pytooling/actions/releaser,pytooling/actions,maybe,
pytooling/actions/with-post-step,pytooling/actions,maybe,
pytorch-ignite/download-mnist-github-action,pytorch-ignite/download-mnist-github-action,maybe,n
pytorch/add-annotations-github-action,pytorch/add-annotations-github-action,maybe,n
pytorch/builder/.github/actions/validate-binary,pytorch/builder,maybe,n
pytorch/builder/.github/workflows/validate-domain-library.yml,pytorch/builder,maybe,n
pytorch/test-infra/.github/actions/pull-docker-image,pytorch/test-infra,maybe,n
pytorch/test-infra/.github/actions/setup-linux,pytorch/test-infra,maybe,n
pytorch/test-infra/.github/actions/setup-nvidia,pytorch/test-infra,maybe,n
pytorch/test-infra/.github/actions/setup-ssh,pytorch/test-infra,maybe,n
pytorch/test-infra/.github/actions/teardown-linux,pytorch/test-infra,maybe,n
pytorch/test-infra/.github/workflows/build_conda_linux.yml,pytorch/test-infra,maybe,n
pytorch/test-infra/.github/workflows/build_conda_macos.yml,pytorch/test-infra,maybe,n
pytorch/test-infra/.github/workflows/build_conda_windows.yml,pytorch/test-infra,maybe,n
pytorch/test-infra/.github/workflows/build_wheels_linux.yml,pytorch/test-infra,maybe,n
pytorch/test-infra/.github/workflows/build_wheels_macos.yml,pytorch/test-infra,maybe,n
pytorch/test-infra/.github/workflows/build_wheels_windows.yml,pytorch/test-infra,maybe,n
pytorch/test-infra/.github/workflows/generate_binary_build_matrix.yml,pytorch/test-infra,maybe,n
pytorch/test-infra/.github/workflows/linux_job.yml,pytorch/test-infra,maybe,n
pytorch/test-infra/.github/workflows/macos_job.yml,pytorch/test-infra,maybe,n
pytorch/test-infra/.github/workflows/validate-domain-library.yml,pytorch/test-infra,maybe,n
pytorch/test-infra/.github/workflows/windows_job.yml,pytorch/test-infra,maybe,n
pyviz-dev/holoviz_tasks/.github/workflows/run_downstream_tests.yaml,pyviz-dev/holoviz_tasks,maybe,n
pyviz-dev/holoviz_tasks/install,pyviz-dev/holoviz_tasks,maybe,n
qiboteam/workflows/.github/workflows/deploy-ghpages-latest-stable.yml,qiboteam/workflows,maybe,n
qiboteam/workflows/.github/workflows/deploy-pip-poetry.yml,qiboteam/workflows,maybe,n
qiboteam/workflows/.github/workflows/deploy-pip.yml,qiboteam/workflows,maybe,n
qiboteam/workflows/.github/workflows/rules-poetry.yml,qiboteam/workflows,maybe,n
qiboteam/workflows/.github/workflows/rules.yml,qiboteam/workflows,maybe,n
qiime2/distributions/.github/workflows/lib-ci-dev.yaml,qiime2/distributions,maybe,n
qinsoon/comment-env-vars,qinsoon/comment-env-vars,maybe,n
qiskit/qiskit-neko,qiskit/qiskit-neko,maybe,
qmacro/action-add-issue-to-project-column,qmacro/action-add-issue-to-project-column,maybe,n
qmk/setup-msys2,qmk/setup-msys2,maybe,n
qonversion/shared-sdk-workflows/.github/workflows/prerelease_handling.yml,qonversion/shared-sdk-workflows,maybe,n
qovery/qovery-action,qovery/qovery-action,maybe,
quarkusio/action-build-reporter,quarkusio/action-build-reporter,maybe,n
quarto-dev/quarto-actions/install-quarto,quarto-dev/quarto-actions,maybe,n
quarto-dev/quarto-actions/publish,quarto-dev/quarto-actions,maybe,n
quarto-dev/quarto-actions/render,quarto-dev/quarto-actions,maybe,n
quarto-dev/quarto-actions/setup,quarto-dev/quarto-actions,maybe,n
quay.io/bioconda/bioconda-recipes-issue-responder,quay.io/bioconda,maybe,n
quick-lint/action-zip,quick-lint/action-zip,maybe,n
quick-lint/cla-assistant-action,quick-lint/cla-assistant-action,maybe,n
quick-lint/install-nix-action,quick-lint/install-nix-action,maybe,n
quick-lint/setup-emsdk,quick-lint/setup-emsdk,maybe,n
quick-lint/sftp-upload,quick-lint/sftp-upload,maybe,n
quickwit-inc/upload-to-github-release,quickwit-inc/upload-to-github-release,maybe,n
quiltmc/update-quilt-meta,quiltmc/update-quilt-meta,maybe,n
quipper/comment-failure-action,quipper/comment-failure-action,maybe,n
qv2ray/install-qt-action,qv2ray/install-qt-action,maybe,
r-lib/actions/check-r-package,r-lib/actions,maybe,n
r-lib/actions/pr-fetch,r-lib/actions,maybe,n
r-lib/actions/pr-push,r-lib/actions,maybe,n
r-lib/actions/setup-pandoc,r-lib/actions,maybe,n
r-lib/actions/setup-r,r-lib/actions,maybe,n
r-lib/actions/setup-r-dependencies,r-lib/actions,maybe,n
r-lib/actions/setup-tinytex,r-lib/actions,maybe,n
r-universe-org/uninstall-homebrew,r-universe-org/uninstall-homebrew,maybe,n
r-windows/install-rtools,r-windows/install-rtools,maybe,n
r0x0d/wait-for-ci-checks,r0x0d/wait-for-ci-checks,maybe,n
r26d/ghcr-delete-image-action,r26d/ghcr-delete-image-action,maybe,n
r26d/jq-action,r26d/jq-action,maybe,n
radcortez/milestone-release-action,radcortez/milestone-release-action,maybe,n
radcortez/milestone-review-action,radcortez/milestone-review-action,maybe,n
radcortez/milestone-set-action,radcortez/milestone-set-action,maybe,n
radeonopencompute/rocm-docs-core/.github/workflows/linting.yml,radeonopencompute/rocm-docs-core,maybe,
radixdlt/criterion-compare-action,radixdlt/criterion-compare-action,maybe,y
radixdlt/public-iac-resuable-artifacts/.github/workflows/docker-build.yml,radixdlt/public-iac-resuable-artifacts,maybe,n
radixdlt/public-iac-resuable-artifacts/rust-coverage,radixdlt/public-iac-resuable-artifacts,maybe,n
radixdlt/public-iac-resuable-artifacts/rust-setup,radixdlt/public-iac-resuable-artifacts,maybe,n
radixdlt/rust-cache,radixdlt/rust-cache,maybe,n
radondb/radondb-mysql-kubernetes/.github/workflows/build_operator_image.yml,radondb/radondb-mysql-kubernetes,maybe,n
radondb/radondb-mysql-kubernetes/.github/workflows/build_sidecar_image.yml,radondb/radondb-mysql-kubernetes,maybe,n
radondb/radondb-mysql-kubernetes/.github/workflows/build_xenon_image.yml,radondb/radondb-mysql-kubernetes,maybe,n
radondb/radondb-mysql-kubernetes/.github/workflows/publish_charts.yml,radondb/radondb-mysql-kubernetes,maybe,n
radondb/radondb-mysql-kubernetes/.github/workflows/release_drafter.yml,radondb/radondb-mysql-kubernetes,maybe,n
rafaelgssa/palemoon-addon,rafaelgssa/palemoon-addon,maybe,n
railmapgen/upload-artefacts,railmapgen/upload-artefacts,maybe,n
raisedevs/find-trailing-whitespace,raisedevs/find-trailing-whitespace,maybe,y
rajatjindal/krew-release-bot,rajatjindal/krew-release-bot,maybe,n
ralexander-phi/license_approval,ralexander-phi/license_approval,maybe,n
ralfg/python-wheels-manylinux-buildv0.4.2-manylinux2014_x86_64,ralfg/python-wheels-manylinux-buildv0.4.2-manylinux2014_x86_64,maybe,
rami3l/bumper,rami3l/bumper,maybe,y
randy3k/gh-actions/cancel-previous-runs,randy3k/gh-actions,maybe,n
raphiiko/actions-deploy-gist,raphiiko/actions-deploy-gist,maybe,
raphiiko/tauri-action,raphiiko/tauri-action,maybe,
rapidsai/shared-action-workflows/.github/workflows/build-in-devcontainer.yaml,rapidsai/shared-action-workflows,maybe,n
rapidsai/shared-action-workflows/.github/workflows/checks.yaml,rapidsai/shared-action-workflows,maybe,n
rapidsai/shared-action-workflows/.github/workflows/conda-cpp-build.yaml,rapidsai/shared-action-workflows,maybe,n
rapidsai/shared-action-workflows/.github/workflows/conda-cpp-matrix-build.yaml,rapidsai/shared-action-workflows,maybe,n
rapidsai/shared-action-workflows/.github/workflows/conda-cpp-tests.yaml,rapidsai/shared-action-workflows,maybe,n
rapidsai/shared-action-workflows/.github/workflows/conda-python-build.yaml,rapidsai/shared-action-workflows,maybe,n
rapidsai/shared-action-workflows/.github/workflows/conda-python-matrix-build.yaml,rapidsai/shared-action-workflows,maybe,n
rapidsai/shared-action-workflows/.github/workflows/conda-python-tests.yaml,rapidsai/shared-action-workflows,maybe,n
rapidsai/shared-action-workflows/.github/workflows/conda-upload-packages.yaml,rapidsai/shared-action-workflows,maybe,n
rapidsai/shared-action-workflows/.github/workflows/custom-job.yaml,rapidsai/shared-action-workflows,maybe,n
rapidsai/shared-action-workflows/.github/workflows/pr-builder.yaml,rapidsai/shared-action-workflows,maybe,n
rapidsai/shared-action-workflows/.github/workflows/wheels-build.yaml,rapidsai/shared-action-workflows,maybe,n
rapidsai/shared-action-workflows/.github/workflows/wheels-manylinux-build.yml,rapidsai/shared-action-workflows,maybe,n
rapidsai/shared-action-workflows/.github/workflows/wheels-manylinux-publish.yml,rapidsai/shared-action-workflows,maybe,n
rapidsai/shared-action-workflows/.github/workflows/wheels-manylinux-test.yml,rapidsai/shared-action-workflows,maybe,n
rapidsai/shared-action-workflows/.github/workflows/wheels-publish.yaml,rapidsai/shared-action-workflows,maybe,n
rapidsai/shared-action-workflows/.github/workflows/wheels-pure-build.yml,rapidsai/shared-action-workflows,maybe,n
rapidsai/shared-action-workflows/.github/workflows/wheels-pure-publish.yml,rapidsai/shared-action-workflows,maybe,n
rapidsai/shared-action-workflows/.github/workflows/wheels-pure-test.yml,rapidsai/shared-action-workflows,maybe,n
rapidsai/shared-action-workflows/.github/workflows/wheels-test.yaml,rapidsai/shared-action-workflows,maybe,n
rapidsai/shared-action-workflows/.github/workflows/wheels-test.yml,rapidsai/shared-action-workflows,maybe,n
raumzeit/extract-release-notes,raumzeit/extract-release-notes,maybe,
ravsamhq/notify-slack-action,ravsamhq/notify-slack-action,maybe,n
ray-di/.github/.github/workflows/coding-standards.yml,ray-di/.github,maybe,n
ray-di/.github/.github/workflows/continuous-integration.yml,ray-di/.github,maybe,n
ray-di/.github/.github/workflows/static-analysis.yml,ray-di/.github,maybe,n
rayandrews/with-opencv-action,rayandrews/with-opencv-action,maybe,y
raycast/github-actions/setup-git,raycast/github-actions,maybe,n
raycast/github-actions/setup-xcode,raycast/github-actions,maybe,n
rbfx/github_discord_notifier,rbfx/github_discord_notifier,maybe,n
rcdailey/resharper_inspectcode,rcdailey/resharper_inspectcode,maybe,y
react-native-mapbox-gl/maps/.github/workflows/android-actions.yml,react-native-mapbox-gl/maps,maybe,n
react-native-mapbox-gl/maps/.github/workflows/ios-actions.yml,react-native-mapbox-gl/maps,maybe,n
react-navigation/check-versions-action,react-navigation/check-versions-action,maybe,n
reactiveui/actions-common/.github/workflows/workflow-common-release.yml,reactiveui/actions-common,maybe,n
reactiveui/actions-common/.github/workflows/workflow-common-setup-and-build.yml,reactiveui/actions-common,maybe,n
readthedocs/actions/preview,readthedocs/actions,maybe,n
readthedocs/readthedocs-preview,readthedocs/readthedocs-preview,maybe,n
realm/aws-devicefarm/create-upload,realm/aws-devicefarm,maybe,n
realm/aws-devicefarm/test-application,realm/aws-devicefarm,maybe,n
realm/ci-actions/.github/workflows/issue-needs-attention.yml,realm/ci-actions,maybe,n
realm/ci-actions/mdb-realm/cleanup,realm/ci-actions,maybe,n
realm/ci-actions/mdb-realm/deleteallclusters,realm/ci-actions,maybe,
realm/ci-actions/mdb-realm/deletecluster,realm/ci-actions,maybe,
realm/ci-actions/mdb-realm/deleteoldapps,realm/ci-actions,maybe,
realm/ci-actions/mdb-realm/deploy,realm/ci-actions,maybe,n
realm/ci-actions/mdb-realm/deployapps,realm/ci-actions,maybe,
realm/ci-actions/parse-release-tag,realm/ci-actions,maybe,n
realm/ci-actions/release-to-slack,realm/ci-actions,maybe,n
realm/ci-actions/run-ios-simulator,realm/ci-actions,maybe,n
realm/ci-actions/update-changelog,realm/ci-actions,maybe,n
reckless-satoshi/robosats/.github/workflows/android-build.yml,reckless-satoshi/robosats,maybe,n
reckless-satoshi/robosats/.github/workflows/client-image.yml,reckless-satoshi/robosats,maybe,n
reckless-satoshi/robosats/.github/workflows/coordinator-image.yml,reckless-satoshi/robosats,maybe,n
reckless-satoshi/robosats/.github/workflows/django-test.yml,reckless-satoshi/robosats,maybe,n
reckless-satoshi/robosats/.github/workflows/frontend-build.yml,reckless-satoshi/robosats,maybe,n
rectalogic/notify-irc,rectalogic/notify-irc,maybe,n
rectorphp/reusable-workflows/.github/workflows/code_analysis.yaml,rectorphp/reusable-workflows,maybe,n
rectorphp/reusable-workflows/.github/workflows/rector.yaml,rectorphp/reusable-workflows,maybe,n
recyclarr/import-codesign-certs,recyclarr/import-codesign-certs,maybe,n
recyclarr/xcode-notarize,recyclarr/xcode-notarize,maybe,n
redhat-chaos/actions/kind,redhat-chaos/actions,maybe,n
redhat-chaos/actions/krkn-hub,redhat-chaos/actions,maybe,n
redhat-cop/github-actions/confbatstest,redhat-cop/github-actions,maybe,n
redhat-cop/github-actions/get-image-version,redhat-cop/github-actions,maybe,n
redhat-developer/vscode-xml/.github/workflows/native-image.yaml,redhat-developer/vscode-xml,maybe,n
redis-stack/github-actions/spellcheck,redis-stack/github-actions,maybe,n
redocly/openapi-cli/.github/workflows/dockerhub.yaml,redocly/openapi-cli,maybe,
redocly/repo-file-sync-action,redocly/repo-file-sync-action,maybe,
reearth/changelog-action,reearth/changelog-action,maybe,n
reearth/reearth/.github/workflows/ci_collect_info.yml,reearth/reearth,maybe,n
reeganexe/github-action-job-id,reeganexe/github-action-job-id,maybe,
reenignearcher/facebook-post-action,reenignearcher/facebook-post-action,maybe,
refenv/gh-cijoe-qemu-action,refenv/gh-cijoe-qemu-action,maybe,n
refinedmods/refinedarchitect/.github/workflows/build.yml,refinedmods/refinedarchitect,maybe,n
refinedmods/refinedarchitect/.github/workflows/draft-release.yml,refinedmods/refinedarchitect,maybe,n
refinedmods/refinedarchitect/.github/workflows/issue-for-unsupported-version.yml,refinedmods/refinedarchitect,maybe,n
refinedmods/refinedarchitect/.github/workflows/publish-release.yml,refinedmods/refinedarchitect,maybe,n
refinedmods/refinedarchitect/.github/workflows/resolved-issue-locking.yml,refinedmods/refinedarchitect,maybe,n
refinedmods/refinedarchitect/.github/workflows/validate-branch-name.yml,refinedmods/refinedarchitect,maybe,n
refinedmods/refinedarchitect/.github/workflows/validate-changelog.yml,refinedmods/refinedarchitect,maybe,n
refinedmods/refinedarchitect/.github/workflows/validate-commit-messages.yml,refinedmods/refinedarchitect,maybe,n
regadas/chart-releaser-action,regadas/chart-releaser-action,maybe,n
regclient/actions/regctl-installer,regclient/actions,maybe,n
reinismu/clippy-check,reinismu/clippy-check,maybe,y
rekgrpth/github-repository-dispatch-shell-action,rekgrpth/github-repository-dispatch-shell-action,maybe,n
relekang/python-semantic-release,relekang/python-semantic-release,maybe,y
remix-run/react-router/.github/workflows/release-comments.yml,remix-run/react-router,maybe,n
remix-run/remix/.github/workflows/deployments.yml,remix-run/remix,maybe,n
remix-run/remix/.github/workflows/release-comments.yml,remix-run/remix,maybe,n
remix-run/remix/.github/workflows/stacks.yml,remix-run/remix,maybe,n
remotemobprogramming/go-release.action,remotemobprogramming/go-release.action,maybe,n
renatolond/pronto-ruby,renatolond/pronto-ruby,maybe,n
renefritze/github-action-markdown-link-check,renefritze/github-action-markdown-link-check,maybe,y
renovatebot/gh-action,renovatebot/gh-action,maybe,n
renovatebot/internal-tools,renovatebot/internal-tools,maybe,n
replayio/action-comment,replayio/action-comment,maybe,n
replayio/action-playwright,replayio/action-playwright,maybe,y
replayio/action-upload,replayio/action-upload,maybe,y
replicatedhq/action-k3s,replicatedhq/action-k3s,maybe,y
replicatedhq/action-kots-lint,replicatedhq/action-kots-lint,maybe,y
replicatedhq/action-kots-release,replicatedhq/action-kots-release,maybe,n
replicatedhq/action-okteto-test,replicatedhq/action-okteto-test,maybe,n
replicatedhq/kots/.github/actions/kurl-addon-kots-generate,replicatedhq/kots,maybe,n
replicatedhq/kots/.github/workflows/regression.yaml,replicatedhq/kots,maybe,n
replicatedhq/kurl/.github/actions/addon-manifest-downloader,replicatedhq/kurl,maybe,n
replicatedhq/kurl/.github/actions/addon-testgrid-tester,replicatedhq/kurl,maybe,n
replicatedhq/replicated-actions/create-cluster,replicatedhq/replicated-actions,maybe,y
replicatedhq/replicated-actions/remove-cluster,replicatedhq/replicated-actions,maybe,n
repobot-app/actions/rubocop,repobot-app/actions,maybe,n
reproducible-containers/buildkit-cache-dance,reproducible-containers/buildkit-cache-dance,maybe,y
restqa/404-links,restqa/404-links,maybe,y
retejs/.github/.github/workflows/release.yml,retejs/.github,maybe,n
retejs/.github/.github/workflows/stale.yml,retejs/.github,maybe,n
retejs/.github/.github/workflows/update-docs.yml,retejs/.github,maybe,n
returntocorp/semgrep-action,returntocorp/semgrep-action,maybe,y
retypeapp/action-build,retypeapp/action-build,maybe,n
retypeapp/action-github,retypeapp/action-github,maybe,n
retypeapp/action-github-pages,retypeapp/action-github-pages,maybe,n
revam/gh-action-get-tag-and-version,revam/gh-action-get-tag-and-version,maybe,n
reviewdog/action-cpplint,reviewdog/action-cpplint,maybe,y
revolupowered/cache,revolupowered/cache,maybe,
rez0n/create-dns-record,rez0n/create-dns-record,maybe,n
rfratto/depcheck,rfratto/depcheck,maybe,n
rgrunber/vscode-xml/.github/workflows/native-image.yaml,rgrunber/vscode-xml,maybe,n
rhaschke/cache,rhaschke/cache,maybe,n
rhaschke/docker-run-action,rhaschke/docker-run-action,maybe,n
rhaschke/download-ici-workspace,rhaschke/download-ici-workspace,maybe,n
rhaschke/industrial_ci,rhaschke/industrial_ci,maybe,n
rhaschke/install-catkin_lint-action,rhaschke/install-catkin_lint-action,maybe,n
rhaschke/lcov-action,rhaschke/lcov-action,maybe,n
rhaschke/upload-git-patch-action,rhaschke/upload-git-patch-action,maybe,n
rhaschke/upload-ici-workspace,rhaschke/upload-ici-workspace,maybe,n
rheeseyb/install-nix-action,rheeseyb/install-nix-action,maybe,
rhysd/changelog-from-release/action,rhysd/changelog-from-release,maybe,n
rhysd/github-action-benchmark,rhysd/github-action-benchmark,maybe,y
ribirx/share-workflows/.github/workflows/ribir-win-image-tests.yaml,ribirx/share-workflows,maybe,
richardsimko/github-tag-action,richardsimko/github-tag-action,maybe,y
richb-hanover/cargo,richb-hanover/cargo,maybe,n
ricky-hao/action-release,ricky-hao/action-release,maybe,
ridedott/auto-merge-action,ridedott/auto-merge-action,maybe,n
ridedott/dependabot-auto-merge-action,ridedott/dependabot-auto-merge-action,maybe,n
ridedott/publish-me-action,ridedott/publish-me-action,maybe,n
rigor789/action-create-emulator,rigor789/action-create-emulator,maybe,n
rijkvanzanten/gh-action-linear,rijkvanzanten/gh-action-linear,maybe,n
riot-os/check-labels-action,riot-os/check-labels-action,maybe,
risc0/actions-bazelisk,risc0/actions-bazelisk,maybe,n
risc0/actions-rs-toolchain,risc0/actions-rs-toolchain,maybe,n
risc0/cargo-install,risc0/cargo-install,maybe,n
risc0/clippy-action,risc0/clippy-action,maybe,n
risc0/criterion-compare-action,risc0/criterion-compare-action,maybe,n
risc0/foundry-toolchain,risc0/foundry-toolchain,maybe,n
risc0/github-action-benchmark,risc0/github-action-benchmark,maybe,n
rishabhgupta/git-action-issue,rishabhgupta/git-action-issue,maybe,n
risingwavelabs/github-action-cherry-pick,risingwavelabs/github-action-cherry-pick,maybe,n
rive-app/github-actions-submodule-check,rive-app/github-actions-submodule-check,maybe,n
rizinorg/gha-get-release,rizinorg/gha-get-release,maybe,n
rjeffman/python-lint-action,rjeffman/python-lint-action,maybe,y
rkusa/eslint-action,rkusa/eslint-action,maybe,y
rkusa/jest-action,rkusa/jest-action,maybe,y
rlaphoenix/install-vapoursynth-action,rlaphoenix/install-vapoursynth-action,maybe,n
rndmh3ro/antsichaut-action,rndmh3ro/antsichaut-action,maybe,n
robertvazan/project-config/.github/workflows/java-build.yml,robertvazan/project-config,maybe,n
robertvazan/project-config/.github/workflows/java-release.yml,robertvazan/project-config,maybe,n
robertvazan/rvscaffold/.github/workflows/java-build.yml,robertvazan/rvscaffold,maybe,n
robertvazan/rvscaffold/.github/workflows/java-release.yml,robertvazan/rvscaffold,maybe,n
robingenz/github-sponsors-readme-action,robingenz/github-sponsors-readme-action,maybe,n
roblox/cla-signature-bot,roblox/cla-signature-bot,maybe,n
roblox/cla-signature-bot/.github/workflows/clabot-workflow.yml,roblox/cla-signature-bot,maybe,
roblox/rhysd-github-action-benchmark,roblox/rhysd-github-action-benchmark,maybe,
roblox/setup-foreman,roblox/setup-foreman,maybe,
robosats/robosats/.github/workflows/android-build.yml,robosats/robosats,maybe,
robosats/robosats/.github/workflows/client-image.yml,robosats/robosats,maybe,
robosats/robosats/.github/workflows/coordinator-image.yml,robosats/robosats,maybe,
robosats/robosats/.github/workflows/django-test.yml,robosats/robosats,maybe,
robosats/robosats/.github/workflows/frontend-build.yml,robosats/robosats,maybe,
robotology/gh-action-squash,robotology/gh-action-squash,maybe,n
robotpy/build-actions/.github/workflows/package-ci.yml,robotpy/build-actions,maybe,n
robotpy/build-actions/build-sdist,robotpy/build-actions,maybe,n
robotpy/build-actions/build-wheel,robotpy/build-actions,maybe,n
robotpy/build-actions/get-git-tag,robotpy/build-actions,maybe,n
robotpy/build-actions/install-build-deps,robotpy/build-actions,maybe,n
robotpy/build-actions/install-robotpy-build,robotpy/build-actions,maybe,n
robotpy/build-actions/ping-meta,robotpy/build-actions,maybe,n
robotpy/build-actions/ping-rtd,robotpy/build-actions,maybe,n
robotpy/build-actions/test-native-wheel,robotpy/build-actions,maybe,n
robotpy/build-actions/validate-sphinx,robotpy/build-actions,maybe,n
robotpy/github-action-scp,robotpy/github-action-scp,maybe,n
rocketchat/rocket.chat.github.action.notification,rocketchat/rocket.chat.github.action.notification,maybe,
rocketsurgeonsguild/actions/.github/workflows/publish-nuget.yml,rocketsurgeonsguild/actions,maybe,
rocketsurgeonsguild/actions/sync-milestone,rocketsurgeonsguild/actions,maybe,
rocmsoftwareplatform/actions/.github/workflows/benchmarks.yml,rocmsoftwareplatform/actions,maybe,
rocmsoftwareplatform/actions/.github/workflows/rocm-release.yml,rocmsoftwareplatform/actions,maybe,
rocmsoftwareplatform/migraphx-benchmark/.github/workflows/history.yml,rocmsoftwareplatform/migraphx-benchmark,maybe,
rocmsoftwareplatform/migraphx-benchmark/.github/workflows/perf-test.yml,rocmsoftwareplatform/migraphx-benchmark,maybe,
rocmsoftwareplatform/migraphx-benchmark/.github/workflows/rocm-release.yml,rocmsoftwareplatform/migraphx-benchmark,maybe,
rogermparent/action-set-json-field,rogermparent/action-set-json-field,maybe,n
rohith/publish-nuget,rohith/publish-nuget,maybe,y
rohith/publish-nugett,rohith/publish-nugett,maybe,n
rojergs/python-black-check,rojergs/python-black-check,maybe,
rojo-rbx/setup-foreman,rojo-rbx/setup-foreman,maybe,n
rolfbjarne/autoformat-push,rolfbjarne/autoformat-push,maybe,n
rollkit/.github/.github/actions/markdown-lint,rollkit/.github,maybe,n
rollkit/.github/.github/actions/version-release,rollkit/.github,maybe,n
rollkit/.github/.github/actions/yamllint,rollkit/.github,maybe,n
rollkit/.github/.github/workflows/reusable_dockerfile_lint.yml,rollkit/.github,maybe,n
rollkit/.github/.github/workflows/reusable_dockerfile_pipeline.yml,rollkit/.github,maybe,n
rollkit/.github/.github/workflows/reusable_housekeeping.yml,rollkit/.github,maybe,n
rollyperes/base64-to-path,rollyperes/base64-to-path,maybe,
romanhotsiy/changesets-action,romanhotsiy/changesets-action,maybe,
rome/setup-rome,rome/setup-rome,maybe,y
romeovs/lcov-reporter-action,romeovs/lcov-reporter-action,maybe,y
ronkelementor/confirm-checks-action,ronkelementor/confirm-checks-action,maybe,n
roots/discourse-topic-github-release-action,roots/discourse-topic-github-release-action,maybe,n
roots/issue-closer,roots/issue-closer,maybe,n
roots/issue-closer-action,roots/issue-closer-action,maybe,n
rootstrap/check_untracked_changes,rootstrap/check_untracked_changes,maybe,n
rootstrap/create-pull-request,rootstrap/create-pull-request,maybe,n
rory-z/upload-release-asset,rory-z/upload-release-asset,maybe,
roryprimrose/rungitversion,roryprimrose/rungitversion,maybe,y
ros-industrial/industrial_ci,ros-industrial/industrial_ci,maybe,y
ros-tooling/action-ros2-ci,ros-tooling/action-ros2-ci,maybe,y
ros-tooling/action-ros2-lint,ros-tooling/action-ros2-lint,maybe,y
ros-tooling/setup-ros2,ros-tooling/setup-ros2,maybe,n
rosalie241/release-action,rosalie241/release-action,maybe,
rotki/action-cassette-deck,rotki/action-cassette-deck,maybe,n
rotki/action-env,rotki/action-env,maybe,n
rotki/action-gh-release,rotki/action-gh-release,maybe,n
rotki/action-job-checker,rotki/action-job-checker,maybe,n
rraval/grcov,rraval/grcov,maybe,n
rsdmike/github-security-report-action,rsdmike/github-security-report-action,maybe,n
rse-ops/actions-cleaner/ubuntu,rse-ops/actions-cleaner,maybe,n
rseng/zenodo-release,rseng/zenodo-release,maybe,n
rssnyder/actions/.github/workflows/docker-build-and-push.yml,rssnyder/actions,maybe,n
rssnyder/actions/.github/workflows/go-releaser.yml,rssnyder/actions,maybe,n
rstudio/shiny-workflows/.github/workflows/r-cmd-check.yaml,rstudio/shiny-workflows,maybe,
rstudio/shiny-workflows/.github/workflows/routine.yaml,rstudio/shiny-workflows,maybe,n
rstudio/shiny-workflows/.github/workflows/website-netlify.yaml,rstudio/shiny-workflows,maybe,n
rstudio/shiny-workflows/.github/workflows/website.yaml,rstudio/shiny-workflows,maybe,n
rstudio/shiny-workflows/setup-r-package,rstudio/shiny-workflows,maybe,n
rstudio/shinycoreci/.github/workflows/call-pkgdown.yaml,rstudio/shinycoreci,maybe,n
rstudio/shinycoreci/.github/workflows/call-r-cmd-check.yaml,rstudio/shinycoreci,maybe,
rstudio/shinycoreci/.github/workflows/call-rituals.yaml,rstudio/shinycoreci,maybe,n
rstudio/shinycoreci/.github/workflows/call-routine.yaml,rstudio/shinycoreci,maybe,n
rstudio/shinycoreci/.github/workflows/call-website.yaml,rstudio/shinycoreci,maybe,n
rt-thread/pkgs-test/.github/workflows/pkgs-action.yml,rt-thread/pkgs-test,maybe,
rtcamp/action-cleanup,rtcamp/action-cleanup,maybe,
rtcamp/action-slack-notify,rtcamp/action-slack-notify,maybe,
rtcamp/action-wordpress-org-plugin-deploy,rtcamp/action-wordpress-org-plugin-deploy,maybe,
ruby/action-slack,ruby/action-slack,maybe,n
ruby/actions/.github/workflows/ruby_versions.yml,ruby/actions,maybe,n
ruby/setup-python,ruby/setup-python,maybe,n
ruby/setup-rubyn,ruby/setup-rubyn,maybe,y
rubyforgood/add-label-to-cards,rubyforgood/add-label-to-cards,maybe,n
rubyforgood/remove-label-from-cards,rubyforgood/remove-label-from-cards,maybe,n
rubyforgood/unassign-issues,rubyforgood/unassign-issues,maybe,n
ructions/cargo,ructions/cargo,maybe,y
rui-costa/action-automatic-semver-releases,rui-costa/action-automatic-semver-releases,maybe,n
rui314/setup-mold,rui314/setup-mold,maybe,n
runforesight/foresight-test-kit-action,runforesight/foresight-test-kit-action,maybe,y
runforesight/foresight-workflow-kit-action,runforesight/foresight-workflow-kit-action,maybe,y
runtimeverification/upload-release.nix,runtimeverification/upload-release.nix,maybe,n
russorat/influxdb-action,russorat/influxdb-action,maybe,y
rust-lang-ru/simpleinfra/gitocalize-bug-checker,rust-lang-ru/simpleinfra,maybe,n
rust-lang-ru/simpleinfra/gl-bugs-checker,rust-lang-ru/simpleinfra,maybe,n
rust-lang-ru/simpleinfra/syms-counter,rust-lang-ru/simpleinfra,maybe,n
rust-lang/simpleinfra/github-actions/cancel-outdated-builds,rust-lang/simpleinfra,maybe,n
rust-lang/simpleinfra/github-actions/static-websites,rust-lang/simpleinfra,maybe,n
rust-lang/simpleinfra/github-actions/upload-docker-image,rust-lang/simpleinfra,maybe,n
rustcrypto/actions/.github/workflows/minimal-versions.yml,rustcrypto/actions,maybe,
rustcrypto/actions/.github/workflows/set-msrv.yml,rustcrypto/actions,maybe,
rustcrypto/actions/cargo-cache,rustcrypto/actions,maybe,
rustcrypto/actions/cargo-hack-install,rustcrypto/actions,maybe,
rustcrypto/actions/cross-install,rustcrypto/actions,maybe,
rustcrypto/actions/zlint-install,rustcrypto/actions,maybe,
rustdesk-org/run-on-arch-action,rustdesk-org/run-on-arch-action,maybe,n
rustic-rs/create-binary-artifact,rustic-rs/create-binary-artifact,maybe,n
rustic-rs/create-binary-artifact-action,rustic-rs/create-binary-artifact-action,maybe,n
rustic-rs/cross-ci-action,rustic-rs/cross-ci-action,maybe,y
rustsec/audit-check,rustsec/audit-check,maybe,y
rustyhorde/audit-check,rustyhorde/audit-check,maybe,y
rvsia/github-action-show-version,rvsia/github-action-show-version,maybe,n
rwjblue/setup-volta,rwjblue/setup-volta,maybe,y
rxfork/npm-publish,rxfork/npm-publish,maybe,n
s-u/r-actions/install,s-u/r-actions,maybe,
s-u/r-actions/pkg-check,s-u/r-actions,maybe,
s3krit/matrix-message,s3krit/matrix-message,maybe,
s3krit/matrix-message-action,s3krit/matrix-message-action,maybe,n
s3krit/walking-tag-action,s3krit/walking-tag-action,maybe,n
sachinkundu/ms-teams-notification,sachinkundu/ms-teams-notification,maybe,n
sagemath/sage/.github/workflows/docker.yml,sagemath/sage,maybe,n
sagemath/sage/.github/workflows/macos.yml,sagemath/sage,maybe,n
sagemath/sagetrac-mirror/.github/workflows/cygwin.yml,sagemath/sagetrac-mirror,maybe,n
sagemath/sagetrac-mirror/.github/workflows/docker.yml,sagemath/sagetrac-mirror,maybe,n
sahilnr/release-upload-sftp,sahilnr/release-upload-sftp,maybe,
salcock/action-cloudsmith-upload-packages,salcock/action-cloudsmith-upload-packages,maybe,n
salesforcecli/github-workflows/.github/actions/getprereleasetag,salesforcecli/github-workflows,maybe,
salesforcecli/github-workflows/.github/actions/yarninstallwithretries,salesforcecli/github-workflows,maybe,
salesforcecli/github-workflows/.github/workflows/automerge.yml,salesforcecli/github-workflows,maybe,n
salesforcecli/github-workflows/.github/workflows/create-github-release.yml,salesforcecli/github-workflows,maybe,n
salesforcecli/github-workflows/.github/workflows/externalnut.yml,salesforcecli/github-workflows,maybe,
salesforcecli/github-workflows/.github/workflows/githubrelease.yml,salesforcecli/github-workflows,maybe,
salesforcecli/github-workflows/.github/workflows/lockfilecheck.yml,salesforcecli/github-workflows,maybe,
salesforcecli/github-workflows/.github/workflows/npmpublish.yml,salesforcecli/github-workflows,maybe,
salesforcecli/github-workflows/.github/workflows/unittest.yml,salesforcecli/github-workflows,maybe,
salesforcecli/github-workflows/.github/workflows/unittestslinux.yml,salesforcecli/github-workflows,maybe,
salesforcecli/github-workflows/.github/workflows/unittestswindows.yml,salesforcecli/github-workflows,maybe,
salmanm/github-action-merge-dependabot,salmanm/github-action-merge-dependabot,maybe,n
saltbo/uptoc,saltbo/uptoc,maybe,y
samhammerag/last-successful-build-action,samhammerag/last-successful-build-action,maybe,
samholmes/block-wip-pr-action,samholmes/block-wip-pr-action,maybe,n
samholmes/rebase,samholmes/rebase,maybe,n
sammacbeth/action-asana-sync,sammacbeth/action-asana-sync,maybe,n
samsmithnz/samsdotnetsonarcloudaction,samsmithnz/samsdotnetsonarcloudaction,maybe,
samspills/assign-pr-to-author,samspills/assign-pr-to-author,maybe,n
samuelcolvin/codecov-action,samuelcolvin/codecov-action,maybe,n
samuelmeuli/lint-action,samuelmeuli/lint-action,maybe,y
sangonzal/repository-traffic-action,sangonzal/repository-traffic-action,maybe,n
sanic-org/simple-tox-action,sanic-org/simple-tox-action,maybe,y
sanketsudake/codespell-action,sanketsudake/codespell-action,maybe,y
sarbagyastha/flutter-gh-pages,sarbagyastha/flutter-gh-pages,maybe,n
sarisia/actions-status-discord,sarisia/actions-status-discord,maybe,n
sass/clone-linked-repo,sass/clone-linked-repo,maybe,n
satmandu/octocop,satmandu/octocop,maybe,
saviq/workflow-dispatch,saviq/workflow-dispatch,maybe,
sbrunner/backport-action,sbrunner/backport-action,maybe,n
sbtaylor15/apt-repo-action,sbtaylor15/apt-repo-action,maybe,n
scaleway/action-scw,scaleway/action-scw,maybe,n
scalingo/ghaction-dependabot-automerge,scalingo/ghaction-dependabot-automerge,maybe,n
scality/action-artifacts,scality/action-artifacts,maybe,y
scality/action-prom-render-test,scality/action-prom-render-test,maybe,n
scality/workflows/.github/workflows/docker-build.yaml,scality/workflows,maybe,n
scarhand/actions-ruby,scarhand/actions-ruby,maybe,n
schickling-actions/checkout-and-install,schickling-actions/checkout-and-install,maybe,n
scientific-python/action-check-changelogfile,scientific-python/action-check-changelogfile,maybe,n
scientific-python/action-towncrier-changelog,scientific-python/action-towncrier-changelog,maybe,n
scientific-python/attach-next-milestone,scientific-python/attach-next-milestone,maybe,n
scientific-python/attach-next-milestone-action,scientific-python/attach-next-milestone-action,maybe,n
scientific-python/upload-nightly-action,scientific-python/upload-nightly-action,maybe,n
scitools/workflows/.github/workflows/ci-manifest.yml,scitools/workflows,maybe,n
sclorg/tfaga-wrapper,sclorg/tfaga-wrapper,maybe,n
scopsy/actions-netlify,scopsy/actions-netlify,maybe,n
scratchaddons/changed-files,scratchaddons/changed-files,maybe,
scratchaddons/l10n-script,scratchaddons/l10n-script,maybe,
scratchaddons/meow,scratchaddons/meow,maybe,
scratchaddons/packer-script,scratchaddons/packer-script,maybe,
scratchaddons/validate-json-action,scratchaddons/validate-json-action,maybe,
sdepold/github-action-get-latest-release,sdepold/github-action-get-latest-release,maybe,n
sdkman/sdkman-action,sdkman/sdkman-action,maybe,y
sdr-enthusiasts/common-github-workflows/.github/workflows/build_and_push_image.yml,sdr-enthusiasts/common-github-workflows,maybe,n
seanmonstar/github-action-benchmark,seanmonstar/github-action-benchmark,maybe,n
sebastian-palma/github-action-push-to-another-repository,sebastian-palma/github-action-push-to-another-repository,maybe,n
sebbo2002/action-is-semantic-pr,sebbo2002/action-is-semantic-pr,maybe,y
sebbo2002/action-template-updater,sebbo2002/action-template-updater,maybe,n
second-state/wasmedge-actions-libsodium-tests,second-state/wasmedge-actions-libsodium-tests,maybe,n
securego/gosec,securego/gosec,maybe,n
seek-oss/changesets-snapshot,seek-oss/changesets-snapshot,maybe,n
sel4/ci-actions/aws-proofs,sel4/ci-actions,maybe,
sel4/ci-actions/bashisms,sel4/ci-actions,maybe,
sel4/ci-actions/git-diff-check,sel4/ci-actions,maybe,
sel4/ci-actions/gitlint,sel4/ci-actions,maybe,
sel4/ci-actions/l4v-deploy,sel4/ci-actions,maybe,
sel4/ci-actions/manifest-deploy,sel4/ci-actions,maybe,
sel4/ci-actions/march-of-platform,sel4/ci-actions,maybe,
sel4/ci-actions/preprocess,sel4/ci-actions,maybe,
sel4/ci-actions/repo-checkout,sel4/ci-actions,maybe,
sel4/ci-actions/sel4-manual,sel4/ci-actions,maybe,
sel4/ci-actions/sel4bench,sel4/ci-actions,maybe,
sel4/ci-actions/sel4bench-hw,sel4/ci-actions,maybe,
sel4/ci-actions/sel4test-hw,sel4/ci-actions,maybe,
sel4/ci-actions/sel4test-hw-matrix,sel4/ci-actions,maybe,
sel4/ci-actions/sel4test-hw-run,sel4/ci-actions,maybe,
sel4/ci-actions/sel4test-sim,sel4/ci-actions,maybe,
sel4/ci-actions/standalone-kernel,sel4/ci-actions,maybe,
sel4/ci-actions/style,sel4/ci-actions,maybe,
sel4/ci-actions/trigger,sel4/ci-actions,maybe,
self-actuated/hub-mirror,self-actuated/hub-mirror,maybe,n
selul/action-wordpress-plugin-asset-update,selul/action-wordpress-plugin-asset-update,maybe,n
sendgrid/dx-automator/actions/datadog-release-metric,sendgrid/dx-automator,maybe,n
sendgrid/dx-automator/actions/release,sendgrid/dx-automator,maybe,n
sennalabs/action-standardrb,sennalabs/action-standardrb,maybe,
senorprogrammer/golang-github-actions,senorprogrammer/golang-github-actions,maybe,n
senzing/github-action-add-issue-to-project,senzing/github-action-add-issue-to-project,maybe,
seqan/actions/lint,seqan/actions,maybe,n
seqan/actions/setup-cmake,seqan/actions,maybe,n
seqan/actions/setup-compiler,seqan/actions,maybe,n
seqan/actions/setup-doxygen,seqan/actions,maybe,n
seqan/actions/setup-package-manager,seqan/actions,maybe,n
seqan/actions/setup-toolchain,seqan/actions,maybe,n
sequelize/proxy-release-to-open-collective,sequelize/proxy-release-to-open-collective,maybe,n
sequelize/proxy-release-to-open-collective#main,sequelize/proxy-release-to-open-collective#main,maybe,n
serenity-js/serenity-js/.github/workflows/main-node-step.yaml,serenity-js/serenity-js,maybe,n
sergiusens/action-publish,sergiusens/action-publish,maybe,n
sersoft-gmbh/swiftyactions,sersoft-gmbh/swiftyactions,maybe,
servicestack/servicestack/.github/workflows/reuse-build-ormlite.yml,servicestack/servicestack,maybe,
servicestack/servicestack/.github/workflows/reuse-build-text.yml,servicestack/servicestack,maybe,
sethcohen/github-release-to-discord,sethcohen/github-release-to-discord,maybe,
sethidden/publish-docs-action,sethidden/publish-docs-action,maybe,n
setup/setup-ruby,setup/setup-ruby,maybe,n
seven1m/prettier_action,seven1m/prettier_action,maybe,n
sfackler/actions/rustfmt,sfackler/actions,maybe,n
sfackler/actions/rustup,sfackler/actions,maybe,n
sfdo-tooling/.github/.github/workflows/update_python_dependencies.yml,sfdo-tooling/.github,maybe,
sflscientific/spellcheck-github-actions,sflscientific/spellcheck-github-actions,maybe,
shallwefootball/s3-upload-action,shallwefootball/s3-upload-action,maybe,n
sharezoneapp/remove-safe-to-test-label,sharezoneapp/remove-safe-to-test-label,maybe,
sharezoneapp/verify-safe-to-test-label,sharezoneapp/verify-safe-to-test-label,maybe,
shawnbot/action-status,shawnbot/action-status,maybe,n
shenxianpeng/cpp-linter-action,shenxianpeng/cpp-linter-action,maybe,y
shilman/linear-action,shilman/linear-action,maybe,n
shitiomatic/str-replace,shitiomatic/str-replace,maybe,n
shlinkio/github-actions/.github/workflows/docker-build-and-publish.yml,shlinkio/github-actions,maybe,n
shlinkio/github-actions/.github/workflows/web-app-ci.yml,shlinkio/github-actions,maybe,n
shopify/github-deployment-action,shopify/github-deployment-action,maybe,n
shopify/oxygenctl-action,shopify/oxygenctl-action,maybe,y
shopify/ruby-lsp/.github/workflows/dependabot_update_rbis.yml,shopify/ruby-lsp,maybe,
shopify/shopify-cla-action,shopify/shopify-cla-action,maybe,
sidvishnoi/git-delta,sidvishnoi/git-delta,maybe,n
sighingnow/action-tmate,sighingnow/action-tmate,maybe,n
signalwire/actions-template/.github/workflows/cd-libs-metadata.yml,signalwire/actions-template,maybe,n
signalwire/actions-template/.github/workflows/cd-scp.yml,signalwire/actions-template,maybe,n
signalwire/actions-template/.github/workflows/ci-deb-packages-v2.yml,signalwire/actions-template,maybe,n
signalwire/actions-template/.github/workflows/ci-libs-metadata-v2.yml,signalwire/actions-template,maybe,n
signalwire/actions-template/.github/workflows/ci-rpm-packages.yml,signalwire/actions-template,maybe,n
sigstore/community/.github/workflows/reusable-dependency-review.yml,sigstore/community,maybe,n
sigstore/community/.github/workflows/reusable-scorecard.yml,sigstore/community,maybe,n
sigstore/scaffolding/actions/setup,sigstore/scaffolding,maybe,n
sigstore/sigstore/.github/workflows/reusable-release.yml,sigstore/sigstore,maybe,n
siimon/milestone-check-action,siimon/milestone-check-action,maybe,n
sijie/pulsar-github-actions/diff-only,sijie/pulsar-github-actions,maybe,n
siku2/action-hosting-deploy,siku2/action-hosting-deploy,maybe,n
siliconcompiler/siliconcompiler/.github/workflows/docker_image.yml,siliconcompiler/siliconcompiler,maybe,n
silinternational/ecs-deploy,silinternational/ecs-deploy,maybe,n
silverhand-io/actions-add-labels-run-steps,silverhand-io/actions-add-labels-run-steps,maybe,n
silverhand-io/actions-node-pnpm-run-steps,silverhand-io/actions-node-pnpm-run-steps,maybe,y
silverstripe/gha-ci/.github/workflows/ci.yml,silverstripe/gha-ci,maybe,n
silverstripe/gha-keepalive,silverstripe/gha-keepalive,maybe,n
silverstripe/gha-merge-up,silverstripe/gha-merge-up,maybe,n
silverstripe/gha-update-js,silverstripe/gha-update-js,maybe,n
silviogutierrez/github-action,silviogutierrez/github-action,maybe,n
simon300000/pull-request,simon300000/pull-request,maybe,n
simple-icons/release-action,simple-icons/release-action,maybe,n
simpleactions/create-tag,simpleactions/create-tag,maybe,n
simply007/get-version-action,simply007/get-version-action,maybe,
simpsont-oci/action-junit-report,simpsont-oci/action-junit-report,maybe,n
singingwolfboy/build-dpkg-buster,singingwolfboy/build-dpkg-buster,maybe,n
singingwolfboy/build-dpkg-stretch,singingwolfboy/build-dpkg-stretch,maybe,n
singularityhub/install-singularity,singularityhub/install-singularity,maybe,n
sixtyfpsui/sixtyfps/.github/workflows/build_docs.yaml,sixtyfpsui/sixtyfps,maybe,n
sixtyfpsui/sixtyfps/.github/workflows/cpp_package.yaml,sixtyfpsui/sixtyfps,maybe,n
sixtyfpsui/sixtyfps/.github/workflows/sixtyfps_tool_binary.yaml,sixtyfpsui/sixtyfps,maybe,n
sixtyfpsui/sixtyfps/.github/workflows/sixtyfps_viewer_binary.yaml,sixtyfpsui/sixtyfps,maybe,n
sixtyfpsui/sixtyfps/.github/workflows/slint_tool_binary.yaml,sixtyfpsui/sixtyfps,maybe,n
sixtyfpsui/sixtyfps/.github/workflows/vscode_extension.yaml,sixtyfpsui/sixtyfps,maybe,n
sixtyfpsui/sixtyfps/.github/workflows/wasm_demos.yaml,sixtyfpsui/sixtyfps,maybe,n
sixtyfpsui/sixtyfps/.github/workflows/wasm_editor_and_interpreter.yaml,sixtyfpsui/sixtyfps,maybe,n
sjohnr/slack-workflow-status,sjohnr/slack-workflow-status,maybe,n
sjshaw/pylint-compare,sjshaw/pylint-compare,maybe,
skitionek/notify-microsoft-teams,skitionek/notify-microsoft-teams,maybe,n
skjnldsv/xpath-action,skjnldsv/xpath-action,maybe,n
skliper/cfs/.github/workflows/build-deploy-doc.yml,skliper/cfs,maybe,
skshetry/flaky-service/packages/action,skshetry/flaky-service,maybe,n
skycoder42/action-deploy-qt,skycoder42/action-deploy-qt,maybe,
skycoder42/action-setup-qt,skycoder42/action-setup-qt,maybe,
skycoder42/action-upload-release,skycoder42/action-upload-release,maybe,
slackapi/slack-github-action,slackapi/slack-github-action,maybe,n
slang-i18n/slang/.github/workflows/publish_template.yml,slang-i18n/slang,maybe,n
slicer/actions-codespell,slicer/actions-codespell,maybe,
slimefun/discord-webhook,slimefun/discord-webhook,maybe,
slint-ui/slint/.github/workflows/build_docs.yaml,slint-ui/slint,maybe,n
slint-ui/slint/.github/workflows/cpp_package.yaml,slint-ui/slint,maybe,n
slint-ui/slint/.github/workflows/slint_tool_binary.yaml,slint-ui/slint,maybe,n
slint-ui/slint/.github/workflows/wasm_demos.yaml,slint-ui/slint,maybe,n
slint-ui/slint/.github/workflows/wasm_editor_and_interpreter.yaml,slint-ui/slint,maybe,n
sljeff/secrets2env,sljeff/secrets2env,maybe,n
slsa-framework/slsa-github-generator-go/.github/workflows/builder.yml,slsa-framework/slsa-github-generator-go,maybe,n
slsa-framework/slsa-github-generator/.github/actions/checkout-node,slsa-framework/slsa-github-generator,maybe,n
slsa-framework/slsa-github-generator/.github/actions/detect-workflow,slsa-framework/slsa-github-generator,maybe,n
slsa-framework/slsa-github-generator/.github/actions/detect-workflow-js,slsa-framework/slsa-github-generator,maybe,n
slsa-framework/slsa-github-generator/.github/actions/download-artifact,slsa-framework/slsa-github-generator,maybe,n
slsa-framework/slsa-github-generator/.github/actions/generate-attestations,slsa-framework/slsa-github-generator,maybe,n
slsa-framework/slsa-github-generator/.github/actions/generate-builder,slsa-framework/slsa-github-generator,maybe,n
slsa-framework/slsa-github-generator/.github/actions/privacy-check,slsa-framework/slsa-github-generator,maybe,n
slsa-framework/slsa-github-generator/.github/actions/rng,slsa-framework/slsa-github-generator,maybe,n
slsa-framework/slsa-github-generator/.github/actions/secure-builder-checkout,slsa-framework/slsa-github-generator,maybe,n
slsa-framework/slsa-github-generator/.github/actions/secure-download-artifact,slsa-framework/slsa-github-generator,maybe,n
slsa-framework/slsa-github-generator/.github/actions/secure-project-checkout,slsa-framework/slsa-github-generator,maybe,n
slsa-framework/slsa-github-generator/.github/actions/secure-upload-artifact,slsa-framework/slsa-github-generator,maybe,n
slsa-framework/slsa-github-generator/.github/actions/secure-upload-folder,slsa-framework/slsa-github-generator,maybe,n
slsa-framework/slsa-github-generator/.github/actions/sign-attestations,slsa-framework/slsa-github-generator,maybe,n
slsa-framework/slsa-github-generator/.github/actions/verify-token,slsa-framework/slsa-github-generator,maybe,n
slsa-framework/slsa-github-generator/.github/workflows/builder_container-based_slsa3.yml,slsa-framework/slsa-github-generator,maybe,n
slsa-framework/slsa-github-generator/.github/workflows/builder_docker-based_slsa3.yml,slsa-framework/slsa-github-generator,maybe,n
slsa-framework/slsa-github-generator/.github/workflows/builder_go_slsa3.yml,slsa-framework/slsa-github-generator,maybe,n
slsa-framework/slsa-github-generator/.github/workflows/delegator_generic_slsa3.yml,slsa-framework/slsa-github-generator,maybe,n
slsa-framework/slsa-github-generator/.github/workflows/delegator_lowperms-generic_slsa3.yml,slsa-framework/slsa-github-generator,maybe,n
slsa-framework/slsa-github-generator/.github/workflows/generator_container_slsa3.yml,slsa-framework/slsa-github-generator,maybe,n
slsa-framework/slsa-github-generator/.github/workflows/generator_generic_slsa3.yml,slsa-framework/slsa-github-generator,maybe,n
slsa-framework/slsa-github-generator/actions/delegator/setup-generic,slsa-framework/slsa-github-generator,maybe,n
slsa-framework/slsa-github-generator/actions/delegator/setup-token,slsa-framework/slsa-github-generator,maybe,n
slsa-framework/slsa-github-generator/actions/nodejs/secure-attestations-download,slsa-framework/slsa-github-generator,maybe,n
slsa-framework/slsa-verifier/actions/installer,slsa-framework/slsa-verifier,maybe,n
smacke/submodule-checkout,smacke/submodule-checkout,maybe,n
small-5/delete-workflow-runs,small-5/delete-workflow-runs,maybe,n
smallstep/certificates/.github/workflows/ci.yml,smallstep/certificates,maybe,n
smallstep/workflows/.github/workflows/code-scan.yml,smallstep/workflows,maybe,n
smallstep/workflows/.github/workflows/docker-buildx-push.yml,smallstep/workflows,maybe,n
smallstep/workflows/.github/workflows/goci.yml,smallstep/workflows,maybe,
smallstep/workflows/.github/workflows/goreleaser.yml,smallstep/workflows,maybe,n
smallstep/workflows/.github/workflows/triage.yml,smallstep/workflows,maybe,n
smapiot/send-tweet-v2-action,smapiot/send-tweet-v2-action,maybe,n
smartbear/swaggerhub-cli,smartbear/swaggerhub-cli,maybe,n
smartbear/swaggerhub-cli:latest,smartbear/swaggerhub-cli:latest,maybe,n
smartcontractkit/chainlink-github-actions/chainlink-testing-framework/build-image,smartcontractkit/chainlink-github-actions,maybe,n
smartcontractkit/chainlink-github-actions/chainlink-testing-framework/cleanup,smartcontractkit/chainlink-github-actions,maybe,n
smartcontractkit/chainlink-github-actions/chainlink-testing-framework/run-tests,smartcontractkit/chainlink-github-actions,maybe,n
smartcontractkit/chainlink-github-actions/chainlink-testing-framework/setup-go,smartcontractkit/chainlink-github-actions,maybe,n
smartcontractkit/chainlink-github-actions/chainlink-testing-framework/setup-run-tests-environment,smartcontractkit/chainlink-github-actions,maybe,n
smartcontractkit/chainlink-github-actions/docker/build-push,smartcontractkit/chainlink-github-actions,maybe,n
smartcontractkit/chainlink-github-actions/docker/image-exists,smartcontractkit/chainlink-github-actions,maybe,n
smartcontractkit/chainlink-github-actions/github-app-token-issuer,smartcontractkit/chainlink-github-actions,maybe,n
smartcontractkit/chainlink-github-actions/go/go-test-results-parsing,smartcontractkit/chainlink-github-actions,maybe,n
smartcontractkit/chainlink-solana/.github/actions/build_contract_artifacts,smartcontractkit/chainlink-solana,maybe,n
smartcontractkit/chainlink-solana/.github/actions/projectserum_version,smartcontractkit/chainlink-solana,maybe,n
smartcontractkit/chainlink-solana/.github/workflows/e2e.yml,smartcontractkit/chainlink-solana,maybe,n
smartcontractkit/chainlink-terra/.github/workflows/e2e.yml,smartcontractkit/chainlink-terra,maybe,n
smartcontractkit/ctf-ci-e2e-action,smartcontractkit/ctf-ci-e2e-action,maybe,n
smartcontractkit/golangci-lint-action,smartcontractkit/golangci-lint-action,maybe,n
smartcontractkit/push-gha-metrics-action,smartcontractkit/push-gha-metrics-action,maybe,n
smartthingscommunity/github-actions/.github/workflows/create-jira-issue.yaml,smartthingscommunity/github-actions,maybe,
smillerdev/nextcloud-actions/setup-nextcloud,smillerdev/nextcloud-actions,maybe,
smillerdev/nextcloud-actions/setup-nextcloud-app,smillerdev/nextcloud-actions,maybe,
smrpn/criterion-compare-action,smrpn/criterion-compare-action,maybe,y
sn-o-w/cache-apt-pkgs-action,sn-o-w/cache-apt-pkgs-action,maybe,y
snakepacker/python,snakepacker/python,maybe,n
snakepacker/python/all,snakepacker/python,maybe,n
snakepacker/python:all,snakepacker/python:all,maybe,n
snapcart/json-schema-validator,snapcart/json-schema-validator,maybe,n
snapcore/action-build,snapcore/action-build,maybe,y
snapcore/action-publish,snapcore/action-publish,maybe,y
sneaksanddata/github-actions/semver_release,sneaksanddata/github-actions,maybe,
snnaplab/delete-branch-cache-action,snnaplab/delete-branch-cache-action,maybe,n
snnaplab/get-labels-action,snnaplab/get-labels-action,maybe,n
snok/.github/workflows/linting,snok/.github,maybe,n
snok/.github/workflows/publish,snok/.github,maybe,n
snok/install-psoetry,snok/install-psoetry,maybe,n
snow-actions/sparse-checkout,snow-actions/sparse-checkout,maybe,n
snowflakedb/reusable-workflows/.github/workflows/semgrep-v2.yml,snowflakedb/reusable-workflows,maybe,n
socialgouv/actions/autodevops-build-register,socialgouv/actions,maybe,
socialgouv/kontinuous/.github/actions/env,socialgouv/kontinuous,maybe,n
socialgouv/workflows/.github/workflows/use-ks-gh-review-auto.yaml,socialgouv/workflows,maybe,n
socialgouv/workflows/.github/workflows/use-ks-gh-review.yaml,socialgouv/workflows,maybe,n
socialgouv/workflows/actions/build-image,socialgouv/workflows,maybe,n
socketsupply/socket-api-tests-workflow/.github/workflows/tests.yml,socketsupply/socket-api-tests-workflow,maybe,n
socketsupply/socket-io-tests-workflow/.github/workflows/tests.yml,socketsupply/socket-io-tests-workflow,maybe,n
sodaliterocks/sodalite/.github/workflows/ci.yml,sodaliterocks/sodalite,maybe,n
softprops/action/gh/release,softprops/action,maybe,n
softprops/create-release,softprops/create-release,maybe,n
solana-mobile/gha-commit-artifact-to-branch,solana-mobile/gha-commit-artifact-to-branch,maybe,n
solo-io/setup-protoc,solo-io/setup-protoc,maybe,n
sonarsource/gh-action-lt-backlog/assigncardtosender,sonarsource/gh-action-lt-backlog,maybe,
sonarsource/gh-action-lt-backlog/copylabeltopr,sonarsource/gh-action-lt-backlog,maybe,
sonarsource/gh-action-lt-backlog/createcardforissue,sonarsource/gh-action-lt-backlog,maybe,
sonarsource/gh-action-lt-backlog/createcardforstandalonepr,sonarsource/gh-action-lt-backlog,maybe,
sonarsource/gh-action-lt-backlog/createrspecissue,sonarsource/gh-action-lt-backlog,maybe,
sonarsource/gh-action-lt-backlog/movecardafterreview,sonarsource/gh-action-lt-backlog,maybe,
sonarsource/gh-action-lt-backlog/movecardtoreview,sonarsource/gh-action-lt-backlog,maybe,
sonarsource/gh-action-lt-backlog/togglelockbranch,sonarsource/gh-action-lt-backlog,maybe,
sonarsource/gh-action_dogfood_merge,sonarsource/gh-action_dogfood_merge,maybe,
sonarsource/gh-action_lt_release,sonarsource/gh-action_lt_release,maybe,
sonarsource/gh-action_release/.github/workflows/main.yaml,sonarsource/gh-action_release,maybe,
sonarsource/gh-action_release/download-build,sonarsource/gh-action_release,maybe,
sonarsource/gh-action_release/main,sonarsource/gh-action_release,maybe,
sonarsource/gh-action_release/maven-central-sync,sonarsource/gh-action_release,maybe,
sonarsource/gh-action_sl_updatep2,sonarsource/gh-action_sl_updatep2,maybe,
sonarsource/jfrog-setup-wrapper,sonarsource/jfrog-setup-wrapper,maybe,
sonarsource/vault-action-wrapper,sonarsource/vault-action-wrapper,maybe,
sondreb/action-release,sondreb/action-release,maybe,n
sondreb/action-release-download,sondreb/action-release-download,maybe,n
sondrelg/container-retention-policy,sondrelg/container-retention-policy,maybe,n
sophshep/one-on-one/.github/actions/one-on-one,sophshep/one-on-one,maybe,n
sormuras/download-jdk,sormuras/download-jdk,maybe,y
soumyamahunt/github-tag-action,soumyamahunt/github-tag-action,maybe,n
sourcegraph/lsif-go-action,sourcegraph/lsif-go-action,maybe,n
sourcegraph/lsif-upload-action,sourcegraph/lsif-upload-action,maybe,y
sous-chefs/.github/.github/workflows/lint-unit.yml,sous-chefs/.github,maybe,n
south-paw/action-netlify-deploy,south-paw/action-netlify-deploy,maybe,
sozonome/workflows/.github/workflows/release.yml,sozonome/workflows,maybe,n
space-wizards/rsidiffbot,space-wizards/rsidiffbot,maybe,
spacetelescope/action-publish_to_pypi/.github/workflows/workflow.yml,spacetelescope/action-publish_to_pypi,maybe,n
spalominos/postgis-installer-action,spalominos/postgis-installer-action,maybe,
specialko/ga-setup-cpp,specialko/ga-setup-cpp,maybe,
specklesystems/github-actions/.github/workflows/project-add-issue.yml,specklesystems/github-actions,maybe,n
speedb-io/speedb/.github/workflows/qa-tests.yml,speedb-io/speedb,maybe,n
speedy-js/rspack-benchmark-action,speedy-js/rspack-benchmark-action,maybe,n
speedy-js/rust-cache-self-hosted,speedy-js/rust-cache-self-hosted,maybe,n
sphinx-toolbox/sphinx-action,sphinx-toolbox/sphinx-action,maybe,n
spinnaker/bumpdeps,spinnaker/bumpdeps,maybe,n
spinnaker/ghaction-copy-to-repository,spinnaker/ghaction-copy-to-repository,maybe,n
splunk/addonfactory-test-matrix-action,splunk/addonfactory-test-matrix-action,maybe,y
splunk/oss-scanning-public/.github/workflows/oss-scan.yml,splunk/oss-scanning-public,maybe,n
spongepowered/.github/.github/workflows/shared-check-spotless.yaml,spongepowered/.github,maybe,
spongepowered/.github/.github/workflows/shared-check-style.yaml,spongepowered/.github,maybe,
spongepowered/.github/.github/workflows/shared-ci.yaml,spongepowered/.github,maybe,
spoonlabs/sorald-buildbreaker,spoonlabs/sorald-buildbreaker,maybe,
spoutn1k/clang-format-action,spoutn1k/clang-format-action,maybe,y
spoutn1k/mcmap-benchmark,spoutn1k/mcmap-benchmark,maybe,n
spowelljr/hide-minikube-bot-comments,spowelljr/hide-minikube-bot-comments,maybe,n
spring-io/spring-gradle-build-action,spring-io/spring-gradle-build-action,maybe,n
spring-projects/notify-slack-errors-action,spring-projects/notify-slack-errors-action,maybe,n
spring-projects/spring-shell/.github/workflows/ci-publish,spring-projects/spring-shell,maybe,n
spring-projects/spring-shell/.github/workflows/ci-publish.yml,spring-projects/spring-shell,maybe,n
spring-projects/track-build-errors-action,spring-projects/track-build-errors-action,maybe,n
spyder-ide/action-close-duplicate-issues,spyder-ide/action-close-duplicate-issues,maybe,n
spyoungtech/mirror-action,spyoungtech/mirror-action,maybe,y
sqlalchemyorg/upload-release-assets,sqlalchemyorg/upload-release-assets,maybe,n
src/github.com/nats-io/nats-server/.github/actions/nightly-release,src/github.com,maybe,n
sschmid/entitas/.github/workflows/build.yml,sschmid/entitas,maybe,
sslcom/actions-codesigner,sslcom/actions-codesigner,maybe,y
ssrobins/import-codesign-certs,ssrobins/import-codesign-certs,maybe,n
sssd/action-copr/cancel-builds,sssd/action-copr,maybe,
sssd/action-copr/create-project,sssd/action-copr,maybe,
sssd/action-copr/delete-project,sssd/action-copr,maybe,
sssd/action-copr/filter-chroots,sssd/action-copr,maybe,
sssd/action-copr/init,sssd/action-copr,maybe,
sssd/action-copr/submit-build,sssd/action-copr,maybe,
sssd/sssd-ci-containers/actions/exec,sssd/sssd-ci-containers,maybe,
sssd/sssd-ci-containers/actions/setup,sssd/sssd-ci-containers,maybe,
stack-spot/runtime-github-action-deploy,stack-spot/runtime-github-action-deploy,maybe,n
stack-spot/runtime-github-action-destroy,stack-spot/runtime-github-action-destroy,maybe,n
stack-spot/runtime-github-action-iac,stack-spot/runtime-github-action-iac,maybe,n
stackql/setup-mingw,stackql/setup-mingw,maybe,n
stackrox/actions/.github/workflows/create-demo-clusters.yml,stackrox/actions,maybe,n
stackrox/actions/infra/create-cluster,stackrox/actions,maybe,n
stackrox/actions/infra/install-infractl,stackrox/actions,maybe,n
stackrox/actions/release/wait-for-image,stackrox/actions,maybe,n
stacks-network/stacks-blockchain/.github/workflows/build-source-binary.yml,stacks-network/stacks-blockchain,maybe,n
stacks-network/stacks-blockchain/.github/workflows/docker-platforms.yml,stacks-network/stacks-blockchain,maybe,n
stacks-network/stacks-blockchain/.github/workflows/github-release.yml,stacks-network/stacks-blockchain,maybe,n
stacks-network/stacks-blockchain/.github/workflows/image-build-alpine-binary.yml,stacks-network/stacks-blockchain,maybe,n
stacks-network/stacks-blockchain/.github/workflows/image-build-debian-binary.yml,stacks-network/stacks-blockchain,maybe,n
stacks-network/stacks-blockchain/.github/workflows/image-build-debian-source.yml,stacks-network/stacks-blockchain,maybe,n
stacks-network/stacks-blockchain/.github/workflows/stacks-blockchain-tests.yml,stacks-network/stacks-blockchain,maybe,n
stakater/.github/.github/workflows/pull_request_doc_qa.yaml,stakater/.github,maybe,n
stalkerg/setup-msys2,stalkerg/setup-msys2,maybe,n
standard/.github/.github/workflows/add-to-project.yaml,standard/.github,maybe,n
standard/.github/workflows/add-to-project,standard/.github,maybe,n
standardnotes/server/.github/workflows/common-e2e.yml,standardnotes/server,maybe,n
standardnotes/server/.github/workflows/common-self-hosting.yml,standardnotes/server,maybe,n
standardnotes/server/.github/workflows/common-server-application.yml,standardnotes/server,maybe,n
standardnotes/server/.github/workflows/common-server-utility.yml,standardnotes/server,maybe,n
standardnotes/server/.github/workflows/common.server-application.yml,standardnotes/server,maybe,n
standardnotes/server/.github/workflows/common/server-application.yml,standardnotes/server,maybe,n
standardnotes/server/.github/workflows/e2e-home-server.yml,standardnotes/server,maybe,n
standardnotes/server/.github/workflows/e2e-self-hosted.yml,standardnotes/server,maybe,n
standardnotes/server/.github/workflows/server-application.yml,standardnotes/server,maybe,n
starbelly/setup-beam,starbelly/setup-beam,maybe,n
starburstdata/action-testng-report,starburstdata/action-testng-report,maybe,n
starlight220/inspector,starlight220/inspector,maybe,
starship/crowdin-pretranslate-action,starship/crowdin-pretranslate-action,maybe,n
statamic/changelog-action,statamic/changelog-action,maybe,n
steegecs/subgraph-build-checker,steegecs/subgraph-build-checker,maybe,
stefanbuck/github-issue-praser,stefanbuck/github-issue-praser,maybe,n
stefanprodan/kustomizer/action,stefanprodan/kustomizer,maybe,n
stefanprodan/timoni/actions/setup,stefanprodan/timoni,maybe,n
steffenseckler/doxygen-action,steffenseckler/doxygen-action,maybe,
stefreak/bump-homebrew-formula-action,stefreak/bump-homebrew-formula-action,maybe,n
stellar/actions/rust-check-git-rev-deps,stellar/actions,maybe,n
step-security/ai-codewise,step-security/ai-codewise,maybe,n
step-security/get-mfa-secrets,step-security/get-mfa-secrets,maybe,n
step-security/publish-action,step-security/publish-action,maybe,n
step-security/secure-repo/automate-pr,step-security/secure-repo,maybe,
step-security/secure-workflows/automate-pr,step-security/secure-workflows,maybe,
step-security/secure-workflows/kbanalysis,step-security/secure-workflows,maybe,n
stepchowfun/toast/.github/actions/toast,stepchowfun/toast,maybe,n
stephank/actions-rs-audit-check,stephank/actions-rs-audit-check,maybe,n
stephenroller/add-annotations-github-action,stephenroller/add-annotations-github-action,maybe,n
steve9164/action-detect-and-tag-new-version,steve9164/action-detect-and-tag-new-version,maybe,y
steveej-forks/action-upterm,steveej-forks/action-upterm,maybe,
steveej-forks/actions-cache/restore,steveej-forks/actions-cache,maybe,
steveej-forks/actions-cache/save,steveej-forks/actions-cache,maybe,
stm32duino/actions/astyle-check,stm32duino/actions,maybe,n
stm32duino/actions/compile-examples,stm32duino/actions,maybe,y
stonecypher/jssm-viz/.github/workflows/lib_update.js.yml,stonecypher/jssm-viz,maybe,
stonecypher/jssm-viz/.github/workflows/lib_update.yml,stonecypher/jssm-viz,maybe,
strangerstudios/action-wp-pot-po-mo-generator,strangerstudios/action-wp-pot-po-mo-generator,maybe,n
stravalib/strava_swagger2pydantic,stravalib/strava_swagger2pydantic,maybe,n
straw-hat-team/github-actions-workflows/.github/workflows/elixir-hex-publish.yml,straw-hat-team/github-actions-workflows,maybe,n
straw-hat-team/github-actions-workflows/.github/workflows/elixir-quality-assurance.yml,straw-hat-team/github-actions-workflows,maybe,n
strawberry-graphql/get-pr-info-action,strawberry-graphql/get-pr-info-action,maybe,n
strawberry-graphql/invite-to-org-action,strawberry-graphql/invite-to-org-action,maybe,n
strawberry-graphql/release-cards,strawberry-graphql/release-cards,maybe,n
strawberry-graphql/tweet-actions/read-tweet,strawberry-graphql/tweet-actions,maybe,n
strawberry-graphql/tweet-actions/validate-tweet,strawberry-graphql/tweet-actions,maybe,n
streamr-dev/streamr-docker-dev-action,streamr-dev/streamr-docker-dev-action,maybe,n
streetsidesoftware/actions/.github/actions/pr,streetsidesoftware/actions,maybe,n
streetsidesoftware/actions/public/update-dependabot-github-actions,streetsidesoftware/actions,maybe,n
streetwriters/appstore-connect-app-version,streetwriters/appstore-connect-app-version,maybe,n
stripe/openapi/actions/enable-auto-merge,stripe/openapi,maybe,n
stripe/openapi/actions/notify-release,stripe/openapi,maybe,n
stripe/openapi/actions/stripe-mock,stripe/openapi,maybe,n
strongo/go-ci-action,strongo/go-ci-action,maybe,n
strongo/go-ci-action/.github/workflows/workflow.yml,strongo/go-ci-action,maybe,n
stumpylog/image-cleaner-action/ephemeral,stumpylog/image-cleaner-action,maybe,n
stumpylog/image-cleaner-action/untagged,stumpylog/image-cleaner-action,maybe,n
stupidloud/ssh2actions,stupidloud/ssh2actions,maybe,n
stylelint/.github/.github/workflows/lint.yml,stylelint/.github,maybe,n
stylelint/.github/.github/workflows/test.yml,stylelint/.github,maybe,n
stylelint/changelog-to-github-release-action,stylelint/changelog-to-github-release-action,maybe,n
sualeh/install-graphviz,sualeh/install-graphviz,maybe,y
sub-mod/github-action,sub-mod/github-action,maybe,n
sublimetext/unittesting/actions/run-syntax-tests,sublimetext/unittesting,maybe,
sublimetext/unittesting/actions/run-tests,sublimetext/unittesting,maybe,
sublimetext/unittesting/actions/setup,sublimetext/unittesting,maybe,
submariner-io/shipyard/gh-actions/cache-images,submariner-io/shipyard,maybe,n
submariner-io/shipyard/gh-actions/e2e,submariner-io/shipyard,maybe,n
submariner-io/shipyard/gh-actions/post-mortem,submariner-io/shipyard,maybe,n
submariner-io/shipyard/gh-actions/release-images,submariner-io/shipyard,maybe,n
submariner-io/shipyard/gh-actions/upgrade-e2e,submariner-io/shipyard,maybe,n
submitty/peter-evans-create-pull-request,submitty/peter-evans-create-pull-request,maybe,
subnauticamodding/action-version-checker,subnauticamodding/action-version-checker,maybe,
sue445/setup-rbenv,sue445/setup-rbenv,maybe,y
suisei-cn/actions-download-file,suisei-cn/actions-download-file,maybe,n
sunshinestream/actions/create_release,sunshinestream/actions,maybe,
sunshinestream/actions/verify_changelog,sunshinestream/actions,maybe,
sunxyw/workflows/coding-style,sunxyw/workflows,maybe,n
sunxyw/workflows/setup-environment,sunxyw/workflows,maybe,n
sunxyw/workflows/static-analysis,sunxyw/workflows,maybe,n
sunxyw/workflows/test,sunxyw/workflows,maybe,n
superchargejs/mongodb-github-action,superchargejs/mongodb-github-action,maybe,y
superchargejs/redis-github-action,superchargejs/redis-github-action,maybe,y
superfluid-finance/protocol-monorepo/.github/workflows/call.setup-deploy-and-test-local-subgraph.yml,superfluid-finance/protocol-monorepo,maybe,n
superfluid-finance/protocol-monorepo/.github/workflows/call.test-local-subgraph.yml,superfluid-finance/protocol-monorepo,maybe,n
superfluid-finance/protocol-monorepo/.github/workflows/call.test-sdk-core.yml,superfluid-finance/protocol-monorepo,maybe,n
superfluid-finance/protocol-monorepo/.github/workflows/call.test-subgraph-on-previous-sdk-core-versions.yml,superfluid-finance/protocol-monorepo,maybe,n
superfly/aur-releaser,superfly/aur-releaser,maybe,n
superfola/is-build-action,superfola/is-build-action,maybe,
supertokens/size-limit-action,supertokens/size-limit-action,maybe,n
sustainable-computing-io/kepler-action,sustainable-computing-io/kepler-action,maybe,y
suvraneel/issue_watcher,suvraneel/issue_watcher,maybe,
suzuki-shunsuke/actionlint-workflow/.github/workflows/actionlint.yaml,suzuki-shunsuke/actionlint-workflow,maybe,n
suzuki-shunsuke/actionlint-workflow/.github/workflows/actionlint_fork.yaml,suzuki-shunsuke/actionlint-workflow,maybe,n
suzuki-shunsuke/github-action-actionlint,suzuki-shunsuke/github-action-actionlint,maybe,y
suzuki-shunsuke/github-action-golangci-lint,suzuki-shunsuke/github-action-golangci-lint,maybe,y
suzuki-shunsuke/go-mod-tidy-workflow/.github/workflows/go-mod-tidy.yaml,suzuki-shunsuke/go-mod-tidy-workflow,maybe,n
suzuki-shunsuke/go-release-workflow/.github/workflows/release.yaml,suzuki-shunsuke/go-release-workflow,maybe,n
suzuki-shunsuke/go-test-full-workflow/.github/workflows/test.yaml,suzuki-shunsuke/go-test-full-workflow,maybe,n
suzuki-shunsuke/go-test-workflow/.github/workflows/test.yaml,suzuki-shunsuke/go-test-workflow,maybe,n
suzuki-shunsuke/issue-close-lock-action,suzuki-shunsuke/issue-close-lock-action,maybe,n
suzuki-shunsuke/renovate-config-validator-workflow/.github/workflows/validate.yaml,suzuki-shunsuke/renovate-config-validator-workflow,maybe,n
svsool/vscode-memo/.github/workflows/ci_jobs.yml,svsool/vscode-memo,maybe,n
swift-project/github-release,swift-project/github-release,maybe,n
swiftpackageindex/setup-swift,swiftpackageindex/setup-swift,maybe,
swilder-m/docsearch-scraper-simple,swilder-m/docsearch-scraper-simple,maybe,
swilder-m/push-packages,swilder-m/push-packages,maybe,
swilder-m/refresh-ali-cdn,swilder-m/refresh-ali-cdn,maybe,
swoosh/actions/.github/workflows/publish.yml,swoosh/actions,maybe,n
swoosh/actions/.github/workflows/test.yml,swoosh/actions,maybe,n
syer10/centos-java15-action,syer10/centos-java15-action,maybe,
syer10/centos-java16-action,syer10/centos-java16-action,maybe,
syer10/centos-java17-action,syer10/centos-java17-action,maybe,
syer10/fedora-java16-action,syer10/fedora-java16-action,maybe,
syer10/fedora-java17-action,syer10/fedora-java17-action,maybe,
symbiflow/actions/checks,symbiflow/actions,maybe,
symfony/recipes/.github/workflows/callable-flex-update.yml,symfony/recipes,maybe,n
symfony/recipes/.github/workflows/callable-qa.yml,symfony/recipes,maybe,n
symfony/recipes/.github/workflows/callable-recipe-readme-update.yml,symfony/recipes,maybe,n
symfonycasts/.github/.github/workflows/composer-validate.yaml,symfonycasts/.github,maybe,
symfonycasts/.github/.github/workflows/php-cs-fixer.yaml,symfonycasts/.github,maybe,
symfonycasts/.github/.github/workflows/phpstan.yaml,symfonycasts/.github,maybe,
symfonycasts/.github/.github/workflows/phpunit.yaml,symfonycasts/.github,maybe,
symforce-org/github-action-push-to-another-repository,symforce-org/github-action-push-to-another-repository,maybe,n
symplify/github-action-monorepo-split,symplify/github-action-monorepo-split,maybe,y
symplify/monorepo-split-github-action,symplify/monorepo-split-github-action,maybe,y
synchronal/hex-publish-action,synchronal/hex-publish-action,maybe,n
synthetik-technologies/actions/composites/docker-build-push,synthetik-technologies/actions,maybe,n
synthetik-technologies/actions/composites/semantic-versioning,synthetik-technologies/actions,maybe,n
sysown/proxysql/.github/workflows/ci-3p-mysql-connector-j.yml,sysown/proxysql,maybe,n
sysown/proxysql/.github/workflows/ci-basictests.yml,sysown/proxysql,maybe,n
sysown/proxysql/.github/workflows/ci-builds.yml,sysown/proxysql,maybe,n
sysown/proxysql/.github/workflows/ci-cb_taptests.yml,sysown/proxysql,maybe,n
sysown/proxysql/.github/workflows/ci-codeql.yml,sysown/proxysql,maybe,n
sysown/proxysql/.github/workflows/ci-maketest.yml,sysown/proxysql,maybe,n
sysown/proxysql/.github/workflows/ci-package-build.yml,sysown/proxysql,maybe,n
sysown/proxysql/.github/workflows/ci-repltests.yml,sysown/proxysql,maybe,n
sysown/proxysql/.github/workflows/ci-selftests.yml,sysown/proxysql,maybe,n
sysown/proxysql/.github/workflows/ci-shuntest.yml,sysown/proxysql,maybe,n
sysown/proxysql/.github/workflows/ci-taptests-groups.yml,sysown/proxysql,maybe,n
sysown/proxysql/.github/workflows/ci-taptests-ssl.yml,sysown/proxysql,maybe,n
sysown/proxysql/.github/workflows/ci-taptests.yml,sysown/proxysql,maybe,n
t3chguy/typescript-check-action,t3chguy/typescript-check-action,maybe,y
t3chguy/wait-on-check-action,t3chguy/wait-on-check-action,maybe,n
t3rn/semantic-version,t3rn/semantic-version,maybe,n
taichi/actions-package-update,taichi/actions-package-update,maybe,n
taiga-family/ci/actions/auto-push,taiga-family/ci,maybe,n
taiga-family/ci/actions/auto-remove-label,taiga-family/ci,maybe,n
taiga-family/ci/actions/auto/approve/double,taiga-family/ci,maybe,n
taiga-family/ci/actions/auto/cleanup-cache,taiga-family/ci,maybe,n
taiga-family/ci/actions/auto/label-when-approved,taiga-family/ci,maybe,n
taiga-family/ci/actions/auto/push,taiga-family/ci,maybe,n
taiga-family/ci/actions/auto/remove-label,taiga-family/ci,maybe,n
taiga-family/ci/actions/cleanup-cache,taiga-family/ci,maybe,n
taiga-family/ci/actions/dependency-review,taiga-family/ci,maybe,n
taiga-family/ci/actions/label-when-approved,taiga-family/ci,maybe,n
taiga-family/ci/actions/messenger/telegram/announce,taiga-family/ci,maybe,n
taiga-family/ci/actions/run/merge,taiga-family/ci,maybe,n
taiga-family/ci/actions/run/wait-job,taiga-family/ci,maybe,n
taiga-family/ci/actions/security/dependency-review,taiga-family/ci,maybe,n
taiga-family/ci/actions/setup-git,taiga-family/ci,maybe,n
taiga-family/ci/actions/setup-node,taiga-family/ci,maybe,n
taiga-family/ci/actions/setup-project,taiga-family/ci,maybe,n
taiga-family/ci/actions/setup/checkout,taiga-family/ci,maybe,n
taiga-family/ci/actions/setup/config/git,taiga-family/ci,maybe,n
taiga-family/ci/actions/setup/node,taiga-family/ci,maybe,n
taiga-family/ci/actions/setup/project,taiga-family/ci,maybe,n
taiga-family/ci/actions/setup/variables,taiga-family/ci,maybe,n
taiga-family/ci/actions/two-approve,taiga-family/ci,maybe,n
taiga-family/ci/actions/variables,taiga-family/ci,maybe,n
taiki-e/cache-cargo-install-action,taiki-e/cache-cargo-install-action,maybe,n
taiki-e/cargo-install,taiki-e/cargo-install,maybe,n
taiki-e/create-pull-request,taiki-e/create-pull-request,maybe,n
taiki-e/github-actions/.github/workflows/check-external-types.yml,taiki-e/github-actions,maybe,n
taiki-e/github-actions/.github/workflows/deny.yml,taiki-e/github-actions,maybe,n
taiki-e/github-actions/.github/workflows/docs.yml,taiki-e/github-actions,maybe,n
taiki-e/github-actions/.github/workflows/msrv.yml,taiki-e/github-actions,maybe,n
taiki-e/github-actions/.github/workflows/release-dry-run.yml,taiki-e/github-actions,maybe,n
taiki-e/github-actions/.github/workflows/tidy.yml,taiki-e/github-actions,maybe,n
taiki-e/github-actions/create-release,taiki-e/github-actions,maybe,n
taiki-e/github-actions/install,taiki-e/github-actions,maybe,n
taiki-e/github-actions/install-rust,taiki-e/github-actions,maybe,n
taiki-e/github-actions/upload-rust-binary,taiki-e/github-actions,maybe,n
taiki-e/install-action,taiki-e/install-action,maybe,y
taiki-e/install-rust,taiki-e/install-rust,maybe,y
taiki-e/setup-cross-toolchain-action,taiki-e/setup-cross-toolchain-action,maybe,y
taiki-e/workflows/.github/workflows/check-external-types.yml,taiki-e/workflows,maybe,n
taiki-e/workflows/.github/workflows/deny.yml,taiki-e/workflows,maybe,n
taiki-e/workflows/.github/workflows/docs.yml,taiki-e/workflows,maybe,n
taiki-e/workflows/.github/workflows/msrv.yml,taiki-e/workflows,maybe,n
taiki-e/workflows/.github/workflows/tidy-no-rust.yml,taiki-e/workflows,maybe,n
taiki-e/workflows/.github/workflows/tidy-rust.yml,taiki-e/workflows,maybe,n
taiki-e/workflows/.github/workflows/tidy.yml,taiki-e/workflows,maybe,n
takanabe/add-new-issues-to-project-column,takanabe/add-new-issues-to-project-column,maybe,n
takb/project-board,takb/project-board,maybe,n
takuyaohashi/setup-flutter,takuyaohashi/setup-flutter,maybe,y
talentpair/last-green-commit-action,talentpair/last-green-commit-action,maybe,n
tangro/actions-test,tangro/actions-test,maybe,y
tankerhq/dmenv-install-action,tankerhq/dmenv-install-action,maybe,
tarcisiozf/ci-checks-action,tarcisiozf/ci-checks-action,maybe,n
tatsuz0u/ios-bump-version,tatsuz0u/ios-bump-version,maybe,n
tauri-apps/create-pull-request,tauri-apps/create-pull-request,maybe,n
tauri-apps/docusaurus-meilisearch-indexer,tauri-apps/docusaurus-meilisearch-indexer,maybe,n
tauri-apps/rustdocusaurus/github-action,tauri-apps/rustdocusaurus,maybe,n
tauri-apps/tauri-action,tauri-apps/tauri-action,maybe,y
tauri-apps/typedocusaurus,tauri-apps/typedocusaurus,maybe,n
tauri-apps/typedocusaurus/github-action,tauri-apps/typedocusaurus,maybe,n
tax-benefit/actions/.github/workflows/validate_yaml.yml,tax-benefit/actions,maybe,n
tchupp/actions-update-semver-tags,tchupp/actions-update-semver-tags,maybe,n
tchx84/gtk-apps-testing-docker-action,tchx84/gtk-apps-testing-docker-action,maybe,n
tcurdt/action-verify-version-maven,tcurdt/action-verify-version-maven,maybe,y
tcurdt/action-verify-version-npm,tcurdt/action-verify-version-npm,maybe,n
tddschn/easygraph-bench/.github/workflows/bench-all.yaml,tddschn/easygraph-bench,maybe,n
teahouse-studios/aliyun-oss-action,teahouse-studios/aliyun-oss-action,maybe,
team-alembic/staple-actions/actions/install-elixir,team-alembic/staple-actions,maybe,n
team-alembic/staple-actions/actions/mix-compile,team-alembic/staple-actions,maybe,n
team-alembic/staple-actions/actions/mix-credo,team-alembic/staple-actions,maybe,n
team-alembic/staple-actions/actions/mix-deps-get,team-alembic/staple-actions,maybe,n
team-alembic/staple-actions/actions/mix-dialyzer,team-alembic/staple-actions,maybe,n
team-alembic/staple-actions/actions/mix-docs,team-alembic/staple-actions,maybe,n
team-alembic/staple-actions/actions/mix-format,team-alembic/staple-actions,maybe,n
team-alembic/staple-actions/actions/mix-hex-audit,team-alembic/staple-actions,maybe,n
team-alembic/staple-actions/actions/mix-hex-publish,team-alembic/staple-actions,maybe,n
team-alembic/staple-actions/actions/mix-task,team-alembic/staple-actions,maybe,n
team-alembic/staple-actions/actions/mix-test,team-alembic/staple-actions,maybe,n
teamgalacticraft/discord-build-notify,teamgalacticraft/discord-build-notify,maybe,
teamgalacticraft/discord-reporter,teamgalacticraft/discord-reporter,maybe,
teaminkling/autocommit,teaminkling/autocommit,maybe,n
teamnewpipe/changed-lines-count-labeler,teamnewpipe/changed-lines-count-labeler,maybe,
teaxyz/brewkit/actions/bottle,teaxyz/brewkit,maybe,n
teaxyz/brewkit/actions/cache,teaxyz/brewkit,maybe,n
teaxyz/brewkit/actions/codesign,teaxyz/brewkit,maybe,n
teaxyz/brewkit/actions/fetch-pr-artifacts,teaxyz/brewkit,maybe,n
teaxyz/brewkit/actions/get-platform,teaxyz/brewkit,maybe,n
teaxyz/brewkit/actions/has-artifacts,teaxyz/brewkit,maybe,n
teaxyz/brewkit/actions/setup-brewkit,teaxyz/brewkit,maybe,n
teaxyz/brewkit/actions/setup-codesign,teaxyz/brewkit,maybe,n
teaxyz/brewkit/actions/stage-build-artifacts,teaxyz/brewkit,maybe,n
teaxyz/brewkit/actions/upload,teaxyz/brewkit,maybe,n
teaxyz/cli/.github/actions/cache,teaxyz/cli,maybe,n
teaxyz/pantry.core/.github/actions/cache,teaxyz/pantry.core,maybe,n
teaxyz/pantry.core/.github/actions/codesign,teaxyz/pantry.core,maybe,n
teaxyz/pantry.core/.github/actions/get-platform,teaxyz/pantry.core,maybe,n
teaxyz/pantry.core/.github/actions/has-artifacts,teaxyz/pantry.core,maybe,n
teaxyz/pantry.core/.github/actions/setup-brewkit,teaxyz/pantry.core,maybe,n
teaxyz/pantry.core/.github/workflows/bottle.yml,teaxyz/pantry.core,maybe,n
teaxyz/pantry.core/.github/workflows/build.yml,teaxyz/pantry.core,maybe,n
teaxyz/setup,teaxyz/setup,maybe,n
technote-space/auto-cancel-redundant-job,technote-space/auto-cancel-redundant-job,maybe,y
tediousjs/setup-sqlserver,tediousjs/setup-sqlserver,maybe,y
telegramdesktop/winget-releaser,telegramdesktop/winget-releaser,maybe,n
temporalio/docker-builds/.github/workflows/docker-build-only.yml,temporalio/docker-builds,maybe,n
temporalio/features/.github/workflows/go.yaml,temporalio/features,maybe,n
temporalio/features/.github/workflows/java.yaml,temporalio/features,maybe,n
temporalio/features/.github/workflows/python.yaml,temporalio/features,maybe,n
temporalio/features/.github/workflows/typescript.yaml,temporalio/features,maybe,n
temporalio/sdk-features/.github/workflows/go.yaml,temporalio/sdk-features,maybe,n
temporalio/sdk-features/.github/workflows/typescript.yaml,temporalio/sdk-features,maybe,n
temporalio/sdk-typescript/.github/workflows/stress.yml,temporalio/sdk-typescript,maybe,n
tencent/tdesign/.github/workflows/preview.yml,tencent/tdesign,maybe,
tencent/tdesign/.github/workflows/publish.yml,tencent/tdesign,maybe,
tencent/tdesign/.github/workflows/test-build.yml,tencent/tdesign,maybe,
tenderlove/setup-ruby,tenderlove/setup-ruby,maybe,n
tendermint/starport/actions/cli,tendermint/starport,maybe,n
tendermint/starport/actions/release/vars,tendermint/starport,maybe,n
tendermint/workflow-run-cleanup-action,tendermint/workflow-run-cleanup-action,maybe,n
terraformtesting/acceptance-tests,terraformtesting/acceptance-tests,maybe,n
tesseract-robotics/industrial_ci,tesseract-robotics/industrial_ci,maybe,n
test-kitchen/.github/.github/workflows/lint-unit.yml,test-kitchen/.github,maybe,n
test-room-7/action-publish-firefox-addon,test-room-7/action-publish-firefox-addon,maybe,n
testground/testground-github-action,testground/testground-github-action,maybe,n
tfsec/tfsec-sarif-action,tfsec/tfsec-sarif-action,maybe,n
thamara/actions-package-update,thamara/actions-package-update,maybe,n
the-coding-owl/action-typo3-extension-repository-upload,the-coding-owl/action-typo3-extension-repository-upload,maybe,n
the-events-calendar/action-s3-utility,the-events-calendar/action-s3-utility,maybe,n
the-events-calendar/action-tribe-phpcs,the-events-calendar/action-tribe-phpcs,maybe,n
the-guild-org/changesets-snapshot-action,the-guild-org/changesets-snapshot-action,maybe,n
the-guild-org/shared-config/.github/workflows/algolia-integrity.yml,the-guild-org/shared-config,maybe,n
the-guild-org/shared-config/.github/workflows/algolia-publish.yml,the-guild-org/shared-config,maybe,n
the-guild-org/shared-config/.github/workflows/changesets-dependencies.yaml,the-guild-org/shared-config,maybe,n
the-guild-org/shared-config/.github/workflows/ci-node-matrix.yml,the-guild-org/shared-config,maybe,n
the-guild-org/shared-config/.github/workflows/ci.yml,the-guild-org/shared-config,maybe,n
the-guild-org/shared-config/.github/workflows/lint.yml,the-guild-org/shared-config,maybe,n
the-guild-org/shared-config/.github/workflows/prettier.yml,the-guild-org/shared-config,maybe,n
the-guild-org/shared-config/.github/workflows/release-snapshot.yml,the-guild-org/shared-config,maybe,n
the-guild-org/shared-config/.github/workflows/release-stable.yml,the-guild-org/shared-config,maybe,n
the-guild-org/shared-config/release-trackback,the-guild-org/shared-config,maybe,n
the-guild-org/shared-config/setup,the-guild-org/shared-config,maybe,n
the-guild-org/shared-config/website-cf,the-guild-org/shared-config,maybe,n
thealgorithms/scripts/directory_md,thealgorithms/scripts,maybe,
thealgorithms/scripts/formatter,thealgorithms/scripts,maybe,
theashraf/alex-action,theashraf/alex-action,maybe,n
thebritican/fetch-latest-release,thebritican/fetch-latest-release,maybe,n
thecapypara/mypy-check,thecapypara/mypy-check,maybe,
thecloudtheory/arm-estimator/.github/workflows/estimatefromurl.yml,thecloudtheory/arm-estimator,maybe,
thecodingmachine/deeployer,thecodingmachine/deeployer,maybe,n
thecodingmachine/deeployer-action,thecodingmachine/deeployer-action,maybe,y
thecodingmachine/deeployer-cleanup-action,thecodingmachine/deeployer-cleanup-action,maybe,n
thedragoncode/php-codestyler,thedragoncode/php-codestyler,maybe,
thefoundryvisionmongers/fn-pylint-action,thefoundryvisionmongers/fn-pylint-action,maybe,
thefringeninja/action-minver,thefringeninja/action-minver,maybe,y
thefrontside/actions/synchronize-npm-tags,thefrontside/actions,maybe,n
thefrontside/actions/synchronize-with-npm,thefrontside/actions,maybe,n
thejcannon/github-script,thejcannon/github-script,maybe,n
theofficialgman/arm-runner-action,theofficialgman/arm-runner-action,maybe,n
theofficialgman/first-interaction,theofficialgman/first-interaction,maybe,n
theogognf/finagg/.github/workflows/test.yml,theogognf/finagg,maybe,
theopolis/ec2-github-runner,theopolis/ec2-github-runner,maybe,n
thepbone/action-crowdin-contributors-fork,thepbone/action-crowdin-contributors-fork,maybe,
thesis/asciidoctor-action,thesis/asciidoctor-action,maybe,n
thesis/gcp-storage-bucket-action,thesis/gcp-storage-bucket-action,maybe,n
theupdateframework/specification/.github/workflows/check-latest-spec-version.yml,theupdateframework/specification,maybe,n
thewtex/itkremotemodulebuildtestpackageaction/.github/workflows/build-test-package-python.yml,thewtex/itkremotemodulebuildtestpackageaction,maybe,
thewtex/pyodide-actions/install-browser,thewtex/pyodide-actions,maybe,n
thibaultchazal/scaleway-serverless-container-deploy-action,thibaultchazal/scaleway-serverless-container-deploy-action,maybe,y
thiefmaster/changed-files-action,thiefmaster/changed-files-action,maybe,
thinca/action-setup-vim,thinca/action-setup-vim,maybe,n
thinkasany/pr-label-action,thinkasany/pr-label-action,maybe,n
thirteenag/update-tags,thirteenag/update-tags,maybe,
thirteenag/widescreenfixespack/.github/workflows/all.yml,thirteenag/widescreenfixespack,maybe,
thog/action-equals,thog/action-equals,maybe,
thollander/actions-comment-pull-request,thollander/actions-comment-pull-request,maybe,n
thomas-moulard/setup-ros2,thomas-moulard/setup-ros2,maybe,n
thomaseizinger/check,thomaseizinger/check,maybe,n
thomasjpfan/labeler,thomasjpfan/labeler,maybe,n
thompsonja/bazel-buildifier,thompsonja/bazel-buildifier,maybe,y
thomwiggers/cancel-workflow-action,thomwiggers/cancel-workflow-action,maybe,n
threedotslabs/watermill/.github/workflows/tests.yml,threedotslabs/watermill,maybe,
thundra-io/foresight-test-kit-action,thundra-io/foresight-test-kit-action,maybe,y
thundra-io/thundra-gradle-test-action,thundra-io/thundra-gradle-test-action,maybe,y
thundra-io/thundra-test-init-action,thundra-io/thundra-test-init-action,maybe,y
tiangolo/actions-netlify,tiangolo/actions-netlify,maybe,n
tiangolo/issue-manager,tiangolo/issue-manager,maybe,n
tidelift/alignment-action,tidelift/alignment-action,maybe,n
tidev/tidev-cla-action,tidev/tidev-cla-action,maybe,n
tiledb-inc/github-actions/open-issue,tiledb-inc/github-actions,maybe,
tim-actions/clippy-check,tim-actions/clippy-check,maybe,y
tim203/actions-git-discord-webhook,tim203/actions-git-discord-webhook,maybe,
timangus/ccache-action,timangus/ccache-action,maybe,y
timangus/cpp-problem-matcher,timangus/cpp-problem-matcher,maybe,y
timbod7/setup-stack,timbod7/setup-stack,maybe,n
timheuer/dotnet-tests-report,timheuer/dotnet-tests-report,maybe,y
timjrobinson/gh-action-bump-version,timjrobinson/gh-action-bump-version,maybe,n
timmo001/workflows/.github/workflows/build-container-linux.yml,timmo001/workflows,maybe,n
timmo001/workflows/.github/workflows/build-msbuild-windows.yml,timmo001/workflows,maybe,n
timmo001/workflows/.github/workflows/build-node-linux.yml,timmo001/workflows,maybe,n
timmo001/workflows/.github/workflows/build-python-linux.yml,timmo001/workflows,maybe,n
timmo001/workflows/.github/workflows/build-python-windows.yml,timmo001/workflows,maybe,n
timmo001/workflows/.github/workflows/codeql-csharp.yml,timmo001/workflows,maybe,n
timmo001/workflows/.github/workflows/codeql-javascript.yml,timmo001/workflows,maybe,n
timmo001/workflows/.github/workflows/codeql-python.yml,timmo001/workflows,maybe,n
timmo001/workflows/.github/workflows/dependabot-automerge-any.yml,timmo001/workflows,maybe,n
timmo001/workflows/.github/workflows/dependabot-automerge.yml,timmo001/workflows,maybe,n
timmo001/workflows/.github/workflows/deploy-container-linux.yml,timmo001/workflows,maybe,n
timmo001/workflows/.github/workflows/deploy-python-linux.yml,timmo001/workflows,maybe,n
timmo001/workflows/.github/workflows/deploy-python-windows.yml,timmo001/workflows,maybe,n
timmo001/workflows/.github/workflows/labels.yml,timmo001/workflows,maybe,n
timmo001/workflows/.github/workflows/lint-black.yml,timmo001/workflows,maybe,n
timmo001/workflows/.github/workflows/lint-eslint.yml,timmo001/workflows,maybe,n
timmo001/workflows/.github/workflows/lint-jsonlint.yml,timmo001/workflows,maybe,n
timmo001/workflows/.github/workflows/lint-markdown-links.yml,timmo001/workflows,maybe,n
timmo001/workflows/.github/workflows/lint-markdownlint.yml,timmo001/workflows,maybe,n
timmo001/workflows/.github/workflows/lint-prettier.yml,timmo001/workflows,maybe,n
timmo001/workflows/.github/workflows/lint-pylint.yml,timmo001/workflows,maybe,n
timmo001/workflows/.github/workflows/lint-yamllint.yml,timmo001/workflows,maybe,n
timmo001/workflows/.github/workflows/lock.yml,timmo001/workflows,maybe,n
timmo001/workflows/.github/workflows/package-python-pyinstaller-linux.yml,timmo001/workflows,maybe,n
timmo001/workflows/.github/workflows/package-python-pyinstaller-windows.yml,timmo001/workflows,maybe,n
timmo001/workflows/.github/workflows/release-drafter-node-executable.yml,timmo001/workflows,maybe,n
timmo001/workflows/.github/workflows/release-drafter-python-monorepo.yml,timmo001/workflows,maybe,n
timmo001/workflows/.github/workflows/release-drafter.yml,timmo001/workflows,maybe,n
timmo001/workflows/.github/workflows/stale.yml,timmo001/workflows,maybe,n
timothystewart6/gitlab-mirror-and-ci-action,timothystewart6/gitlab-mirror-and-ci-action,maybe,y
tix-factory/release-manager,tix-factory/release-manager,maybe,n
tjenkinson/release-drafter,tjenkinson/release-drafter,maybe,n
tjenkinson/sauce-connect-action,tjenkinson/sauce-connect-action,maybe,n
tlambert03/setup-qt-libs,tlambert03/setup-qt-libs,maybe,n
tobealive/wthrr-the-weathercrab/.github/workflows/lint.yml,tobealive/wthrr-the-weathercrab,maybe,n
todogroup/repolinter-action,todogroup/repolinter-action,maybe,n
toeverything/set-build-version,toeverything/set-build-version,maybe,n
toilal/gh-action-nightly-merge,toilal/gh-action-nightly-merge,maybe,
toitlang/archlinux-package-action,toitlang/archlinux-package-action,maybe,n
tokorom/action-slack-incoming-webhook,tokorom/action-slack-incoming-webhook,maybe,n
tomaspre/github-upload-release-artifacts-action,tomaspre/github-upload-release-artifacts-action,maybe,n
tomasvotruba/github-action-monorepo-split,tomasvotruba/github-action-monorepo-split,maybe,
tomhjp/gh-action-jira-comment,tomhjp/gh-action-jira-comment,maybe,n
tomhjp/gh-action-jira-create,tomhjp/gh-action-jira-create,maybe,n
tomhjp/gh-action-jira-search,tomhjp/gh-action-jira-search,maybe,n
tommoulard/make-my-server/.github/workflows/healthcheck.workflow.tmpl.yml,tommoulard/make-my-server,maybe,
tomsun28/issues-translate-action,tomsun28/issues-translate-action,maybe,n
tomtom-international/commisery-action,tomtom-international/commisery-action,maybe,y
toolmantim/release-drafter,toolmantim/release-drafter,maybe,y
toptal/davinci-github-actions/build-publish-alpha-package,toptal/davinci-github-actions,maybe,n
toptal/davinci-github-actions/build-push-image,toptal/davinci-github-actions,maybe,n
toptal/davinci-github-actions/create-jira-deployment,toptal/davinci-github-actions,maybe,n
toptal/davinci-github-actions/danger,toptal/davinci-github-actions,maybe,n
toptal/davinci-github-actions/integration-tests,toptal/davinci-github-actions,maybe,n
toptal/davinci-github-actions/notify-jira-about-contribution,toptal/davinci-github-actions,maybe,n
toptal/davinci-github-actions/report-missing-changeset,toptal/davinci-github-actions,maybe,n
toptal/davinci-github-actions/yarn-install,toptal/davinci-github-actions,maybe,n
toptal/jenkins-job-trigger-action,toptal/jenkins-job-trigger-action,maybe,y
toshke/github-action,toshke/github-action,maybe,n
totaldebug/action-sphinx,totaldebug/action-sphinx,maybe,y
totto16/setup-gcc,totto16/setup-gcc,maybe,
touchlab/kmmbridgegithubworkflow/.github/workflows/faktorybuild.yml,touchlab/kmmbridgegithubworkflow,maybe,
touchlab/kmmbridgegithubworkflow/.github/workflows/faktorybuildbranches.yml,touchlab/kmmbridgegithubworkflow,maybe,
tox-dev/action,tox-dev/action,maybe,y
toxicaven/generate-checksum-file,toxicaven/generate-checksum-file,maybe,
tpill90/lancache-prefill-common/.github/workflows/build-and-test-template.yml,tpill90/lancache-prefill-common,maybe,n
tpill90/lancache-prefill-common/.github/workflows/build-and-test.yml,tpill90/lancache-prefill-common,maybe,n
tpm2-software/ci/coverityscan,tpm2-software/ci,maybe,
tpm2-software/ci/runci,tpm2-software/ci,maybe,
tracerbench/tracerbench-compare-action,tracerbench/tracerbench-compare-action,maybe,y
trail-of-forks/setup-protoc,trail-of-forks/setup-protoc,maybe,n
trailheadapps/github-action-sfdx-packaging-updater,trailheadapps/github-action-sfdx-packaging-updater,maybe,n
trailofbits/gh-action-pip-audit,trailofbits/gh-action-pip-audit,maybe,y
trailofbits/gh-action-sigstore-python,trailofbits/gh-action-sigstore-python,maybe,n
trailofbits/sigstore-conformance,trailofbits/sigstore-conformance,maybe,n
transferwise/sanitize-branch-name,transferwise/sanitize-branch-name,maybe,y
transparencylog/github-releases-asset-transparency-verify-action,transparencylog/github-releases-asset-transparency-verify-action,maybe,n
trask/component-owners,trask/component-owners,maybe,n
traverson/.github/.github/workflows/release-package.yml,traverson/.github,maybe,n
treebeardtech/treebeard,treebeardtech/treebeard,maybe,y
trenchbroom/clean-commit-action,trenchbroom/clean-commit-action,maybe,
trendyminds/github-actions-rsync,trendyminds/github-actions-rsync,maybe,y
trendyol/baklava/.github/workflows/publish-chromatic.yml,trendyol/baklava,maybe,n
trendyol/baklava/.github/workflows/release.yml,trendyol/baklava,maybe,n
trendyol/baklava/.github/workflows/verify.yml,trendyol/baklava,maybe,n
triaxtec/github-actions/python/install-and-configure-poetry,triaxtec/github-actions,maybe,n
triaxtec/github-actions/python/run-checks,triaxtec/github-actions,maybe,n
trim21/action-changelog,trim21/action-changelog,maybe,n
trim21/actions/pre-commit,trim21/actions,maybe,n
trinodb/github-actions/github-app-token,trinodb/github-actions,maybe,n
trinodb/github-actions/slash-command-dispatch,trinodb/github-actions,maybe,n
tripss/nx-extend/actions/set-shas,tripss/nx-extend,maybe,n
tristan-weil/ghaction-checksum-sign-artifact,tristan-weil/ghaction-checksum-sign-artifact,maybe,n
trollixx/code-sign-action,trollixx/code-sign-action,maybe,n
truxnell/gh-workflows/.github/workflows/run-renovate.yaml,truxnell/gh-workflows,maybe,n
tryghost/action-trigger-metric,tryghost/action-trigger-metric,maybe,n
tryghost/actions/.github/workflows/canary.yml,tryghost/actions,maybe,n
tryghost/actions/.github/workflows/test.yml,tryghost/actions,maybe,n
tryghost/actions/actions/label-actions,tryghost/actions,maybe,n
tryghost/actions/actions/slack-build,tryghost/actions,maybe,n
tryghost/actions/actions/trigger-metric,tryghost/actions,maybe,n
tryghost/label-actions,tryghost/label-actions,maybe,n
ts-graphviz/setup-graphviz,ts-graphviz/setup-graphviz,maybe,y
tscuite/action-generic-handler,tscuite/action-generic-handler,maybe,n
tscuite/kubectl-helm-action,tscuite/kubectl-helm-action,maybe,n
tsickert/discord-webhook,tsickert/discord-webhook,maybe,n
tspascoal/get-user-teams-membership,tspascoal/get-user-teams-membership,maybe,n
tstack/rpmbuild,tstack/rpmbuild,maybe,n
tstack/upload-packagecloud,tstack/upload-packagecloud,maybe,n
tsukumijima/konomitv/.github/workflows/build_installer.yaml,tsukumijima/konomitv,maybe,
tsukumijima/konomitv/.github/workflows/build_thirdparty.yaml,tsukumijima/konomitv,maybe,
tsuyoshicho/action-mypy,tsuyoshicho/action-mypy,maybe,y
ttuegel/upload-release.nix,ttuegel/upload-release.nix,maybe,n
tugraph-family/alipay-cloud-devops-codescan,tugraph-family/alipay-cloud-devops-codescan,maybe,
turbot/steampipe-workflows/.github/workflows/golangci-lint.yml,turbot/steampipe-workflows,maybe,n
turbot/steampipe-workflows/.github/workflows/registry-publish.yml,turbot/steampipe-workflows,maybe,n
turbot/steampipe-workflows/.github/workflows/stale.yml,turbot/steampipe-workflows,maybe,n
turbot/steampipe-workflows/.github/workflows/sync-labels.yml,turbot/steampipe-workflows,maybe,n
turleypol/actions-status-discord,turleypol/actions-status-discord,maybe,n
turleypol/create-release,turleypol/create-release,maybe,n
turleypol/release_action_dist,turleypol/release_action_dist,maybe,n
turtlesec-no/get-ninja,turtlesec-no/get-ninja,maybe,n
tw93/toolchain,tw93/toolchain,maybe,n
tw93/wakatime-charts,tw93/wakatime-charts,maybe,n
tweag/nickel-lang.org/.github/workflows/deploy.yml,tweag/nickel-lang.org,maybe,n
tweedegolf/cargo-dependencies-action,tweedegolf/cargo-dependencies-action,maybe,n
twelveiterationmods/workflows/.github/workflows/build.yml,twelveiterationmods/workflows,maybe,
twelveiterationmods/workflows/.github/workflows/create-release.yml,twelveiterationmods/workflows,maybe,
twelveiterationmods/workflows/.github/workflows/publish-release.yml,twelveiterationmods/workflows,maybe,
twelveiterationmods/workflows/.github/workflows/update-versions.yml,twelveiterationmods/workflows,maybe,
twisted/python-info-action,twisted/python-info-action,maybe,y
twwd/twitter-github-action,twwd/twitter-github-action,maybe,n
tyankatsu0105/read-package-version-actions,tyankatsu0105/read-package-version-actions,maybe,n
tyklabs/tyk-pro/.github/workflows/tests.yml,tyklabs/tyk-pro,maybe,n
tyktechnologies/gh-asset-action,tyktechnologies/gh-asset-action,maybe,
tyktechnologies/github-actions/.github/workflows/jira-lint.yaml,tyktechnologies/github-actions,maybe,
tyktechnologies/github-actions/.github/workflows/sbom.yaml,tyktechnologies/github-actions,maybe,
tyktechnologies/github-actions/.github/workflows/sonarcloud.yaml,tyktechnologies/github-actions,maybe,
tylerbutler/labelmaker-action,tylerbutler/labelmaker-action,maybe,n
tylerjw/industrial_ci,tylerjw/industrial_ci,maybe,n
typeform/ci-standard-checks,typeform/ci-standard-checks,maybe,
typoci/spellcheck-action,typoci/spellcheck-action,maybe,y
tyrrrz/.github/.github/workflows/nuget-windowsonly.yml,tyrrrz/.github,maybe,
tyrrrz/.github/.github/workflows/nuget.yml,tyrrrz/.github,maybe,
tyrrrz/action-get-tag,tyrrrz/action-get-tag,maybe,n
tyrrrz/shared/.github/workflows/nuget-windowsonly.yml,tyrrrz/shared,maybe,
tyrrrz/shared/.github/workflows/nuget.yml,tyrrrz/shared,maybe,
u0reo/npm-install,u0reo/npm-install,maybe,n
ubuntu-flutter-community/actions/.github/workflows/release-please.yaml,ubuntu-flutter-community/actions,maybe,n
ubuntu-flutter-community/actions/.github/workflows/semantic-pr.yaml,ubuntu-flutter-community/actions,maybe,n
ubuntu/go-i18n,ubuntu/go-i18n,maybe,n
ubuntu/sync-issues-github-jira,ubuntu/sync-issues-github-jira,maybe,n
udoprog/github-release,udoprog/github-release,maybe,n
ueokande/setup-firefox,ueokande/setup-firefox,maybe,y
ueokande/setup-geckodriver,ueokande/setup-geckodriver,maybe,y
ui-router/publish-scripts/actions/upgrade,ui-router/publish-scripts,maybe,n
ultimaker/cura/.github/workflows/conan-package-create.yml,ultimaker/cura,maybe,n
ultimaker/cura/.github/workflows/conan-recipe-export.yml,ultimaker/cura,maybe,n
ultimaker/cura/.github/workflows/conan-recipe-version.yml,ultimaker/cura,maybe,n
ultimaker/cura/.github/workflows/notify.yml,ultimaker/cura,maybe,n
unevenlabs/slack-github-action,unevenlabs/slack-github-action,maybe,n
ungless/git-sync,ungless/git-sync,maybe,n
unifiedjs/beep-boop-beta,unifiedjs/beep-boop-beta,maybe,n
unifreq/openwrt_packit,unifreq/openwrt_packit,maybe,n
unifyai/workflows/.github/workflows/binaries.yml,unifyai/workflows,maybe,n
unifyai/workflows/.github/workflows/bniaries.yml,unifyai/workflows,maybe,n
unifyai/workflows/.github/workflows/docs-release.yml,unifyai/workflows,maybe,n
unifyai/workflows/.github/workflows/docs.yml,unifyai/workflows,maybe,n
unifyai/workflows/.github/workflows/lint-bot.yml,unifyai/workflows,maybe,n
unifyai/workflows/.github/workflows/lint.yml,unifyai/workflows,maybe,n
unifyai/workflows/.github/workflows/pr-lint-bot.yml,unifyai/workflows,maybe,n
unionai/flyte-register-action,unionai/flyte-register-action,maybe,y
unionai/flytectl-setup-action,unionai/flytectl-setup-action,maybe,y
unional/.github/.github/workflows/pnpm-verify.yml,unional/.github,maybe,n
unional/.github/.github/workflows/yarn-verify-linux.yml,unional/.github,maybe,n
uniquenetwork/baedeker-action,uniquenetwork/baedeker-action,maybe,
uniquenetwork/baedeker-action/reconcile,uniquenetwork/baedeker-action,maybe,
uniquenetwork/baedeker-action/setup,uniquenetwork/baedeker-action,maybe,
unity-ui-extensions/reusableworkflows/.github/workflows/getunityversionfrompackage.yml,unity-ui-extensions/reusableworkflows,maybe,
unity-ui-extensions/reusableworkflows/.github/workflows/rununityunittests.yml,unity-ui-extensions/reusableworkflows,maybe,
unity-ui-extensions/reusableworkflows/.github/workflows/validateunityinstall.yml,unity-ui-extensions/reusableworkflows,maybe,
unleash/.github/.github/workflows/add-item-to-project.yml,unleash/.github,maybe,n
unleash/.github/.github/workflows/npm-release.yml,unleash/.github,maybe,
unleash/update-version-action,unleash/update-version-action,maybe,
unosquare/bump-nuget-version,unosquare/bump-nuget-version,maybe,n
unosquare/publish-nuget-package,unosquare/publish-nuget-package,maybe,n
unosquare/swan/.github/actions/ci-swan,unosquare/swan,maybe,n
unosquare/swan/.github/workflows/ci-swan.yml,unosquare/swan,maybe,n
unosquare/swan/.github/workflows/lib-ci.yml,unosquare/swan,maybe,n
unosquare/swan/.github/workflows/lib-publish-nuget-org.yml,unosquare/swan,maybe,n
unsplash/comment-on-pr,unsplash/comment-on-pr,maybe,n
unthrottled/wmp-env-action,unthrottled/wmp-env-action,maybe,
up9cloud/action-notify,up9cloud/action-notify,maybe,n
uriahas/issue-action,uriahas/issue-action,maybe,n
usds/cloud-gov-cli,usds/cloud-gov-cli,maybe,n
usthe/issues-translate-action,usthe/issues-translate-action,maybe,n
uzitech/action-setup-atom,uzitech/action-setup-atom,maybe,
v1v/otel-upload-test-artifact-action,v1v/otel-upload-test-artifact-action,maybe,y
vachashah/backport,vachashah/backport,maybe,
vadz/action-gh-release,vadz/action-gh-release,maybe,n
vadz/gha-setup-vsdevenv,vadz/gha-setup-vsdevenv,maybe,y
vagrant-libvirt/vagrant-libvirt/.github/workflows/docker-meta.yml,vagrant-libvirt/vagrant-libvirt,maybe,n
valentijnscholten/flake8-your-pr,valentijnscholten/flake8-your-pr,maybe,n
valu-digital/npm-packages/.github/release-action,valu-digital/npm-packages,maybe,n
valu-digital/npm-packages/.github/workflows/npm-release-reusable.yml,valu-digital/npm-packages,maybe,n
vapor/api-docs/.github/workflows/build-and-deploy-docs-workflow.yml,vapor/api-docs,maybe,n
vapor/ci/.github/actions/ci-swift-check-api-breakage,vapor/ci,maybe,n
vapor/ci/.github/workflows/issues-to-project-board.yml,vapor/ci,maybe,n
vapor/ci/.github/workflows/run-unit-tests.yml,vapor/ci,maybe,n
vapor/ci/.github/workflows/update-project-boards-for-issue.yml,vapor/ci,maybe,n
vapor/swift-codecov-action,vapor/swift-codecov-action,maybe,y
vapor/swiftly-action,vapor/swiftly-action,maybe,n
varunsh-coder/scorecard-action,varunsh-coder/scorecard-action,maybe,n
vatanaksoytezer/latest-file-edit-timestamp-action,vatanaksoytezer/latest-file-edit-timestamp-action,maybe,n
vauvenal5/yaga/.github/workflows/publish-play-store.yml,vauvenal5/yaga,maybe,n
vazco/open-standards/.github/workflows/check_dependency_vulnerabilities.yml,vazco/open-standards,maybe,n
vazco/open-standards/actions/npm-dependency-duplications/,vazco/open-standards,maybe,n
vazco/open-standards/actions/npm-dependency-vulnerabilities/,vazco/open-standards,maybe,n
vb-consulting/mysql-action,vb-consulting/mysql-action,maybe,n
vb-consulting/postgresql-action,vb-consulting/postgresql-action,maybe,y
vb-consulting/publish-nuget,vb-consulting/publish-nuget,maybe,y
vb-consulting/sqlserver-action,vb-consulting/sqlserver-action,maybe,n
vchernin/pkgbuild-action,vchernin/pkgbuild-action,maybe,n
vcup/release-downloader,vcup/release-downloader,maybe,n
vebr/jest-lcov-reporter,vebr/jest-lcov-reporter,maybe,n
vedantmgoyal2009/vedantmgoyal2009/winget-pkgs-automation/releaser-action,vedantmgoyal2009/vedantmgoyal2009,maybe,n
velas/pr-description,velas/pr-description,maybe,n
ventureoo/pkgbuild-action,ventureoo/pkgbuild-action,maybe,n
verdaccio/action-netlify-deploy,verdaccio/action-netlify-deploy,maybe,n
verdaccio/changeset-action,verdaccio/changeset-action,maybe,n
verygoodopensource/very_good_workflows/.github/workflows/dart_package.yml,verygoodopensource/very_good_workflows,maybe,
verygoodopensource/very_good_workflows/.github/workflows/dart_pub_publish.yml,verygoodopensource/very_good_workflows,maybe,
verygoodopensource/very_good_workflows/.github/workflows/flutter_package.yml,verygoodopensource/very_good_workflows,maybe,
verygoodopensource/very_good_workflows/.github/workflows/mason_publish.yml,verygoodopensource/very_good_workflows,maybe,
verygoodopensource/very_good_workflows/.github/workflows/pana.yml,verygoodopensource/very_good_workflows,maybe,
verygoodopensource/very_good_workflows/.github/workflows/semantic_pull_request.yml,verygoodopensource/very_good_workflows,maybe,
verygoodopensource/very_good_workflows/.github/workflows/spell_check.yml,verygoodopensource/very_good_workflows,maybe,
vesoft-inc/.github/actions/setup-minio,vesoft-inc/.github,maybe,n
vesoft-inc/nebula-studio/.github/workflows/build.yml,vesoft-inc/nebula-studio,maybe,n
viamrobotics/rdk/.github/workflows/appimage.yml,viamrobotics/rdk,maybe,n
viamrobotics/rdk/.github/workflows/cli.yml,viamrobotics/rdk,maybe,n
viamrobotics/rdk/.github/workflows/droid.yml,viamrobotics/rdk,maybe,n
viamrobotics/rdk/.github/workflows/license_finder.yml,viamrobotics/rdk,maybe,n
viamrobotics/rdk/.github/workflows/motion-benchmarks.yml,viamrobotics/rdk,maybe,n
viamrobotics/rdk/.github/workflows/npm-publish.yml,viamrobotics/rdk,maybe,n
viamrobotics/rdk/.github/workflows/packserver.yml,viamrobotics/rdk,maybe,n
viamrobotics/rdk/.github/workflows/slam-integration-test.yml,viamrobotics/rdk,maybe,n
viamrobotics/rdk/.github/workflows/staticbuild.yml,viamrobotics/rdk,maybe,n
viamrobotics/rdk/.github/workflows/test.yml,viamrobotics/rdk,maybe,n
vidavidorra/github-app-token,vidavidorra/github-app-token,maybe,n
videndum/super-labeler-action,videndum/super-labeler-action,maybe,
viperproject/check-license-header,viperproject/check-license-header,maybe,y
viperproject/gobra-action,viperproject/gobra-action,maybe,n
virtocommerce/.github/.github/workflows/build.yml,virtocommerce/.github,maybe,
virtocommerce/.github/.github/workflows/deploy-cloud.yml,virtocommerce/.github,maybe,
virtocommerce/.github/.github/workflows/deploy.yml,virtocommerce/.github,maybe,
virtocommerce/.github/.github/workflows/e2e.yml,virtocommerce/.github,maybe,
virtocommerce/.github/.github/workflows/publish-docker.yml,virtocommerce/.github,maybe,
virtocommerce/.github/.github/workflows/publish-github.yml,virtocommerce/.github,maybe,
virtocommerce/.github/.github/workflows/release.yml,virtocommerce/.github,maybe,
virtocommerce/.github/.github/workflows/test-and-sonar.yml,virtocommerce/.github,maybe,
virtocommerce/jira-upload-build-info,virtocommerce/jira-upload-build-info,maybe,
virtocommerce/vc-github-actions/add-version-suffix,virtocommerce/vc-github-actions,maybe,
virtocommerce/vc-github-actions/build-docker-image,virtocommerce/vc-github-actions,maybe,
virtocommerce/vc-github-actions/cache-get-key,virtocommerce/vc-github-actions,maybe,
virtocommerce/vc-github-actions/changelog-generator,virtocommerce/vc-github-actions,maybe,
virtocommerce/vc-github-actions/check-pr-regression-label,virtocommerce/vc-github-actions,maybe,
virtocommerce/vc-github-actions/cloud-create-deploy-matrix,virtocommerce/vc-github-actions,maybe,
virtocommerce/vc-github-actions/create-deploy-pr,virtocommerce/vc-github-actions,maybe,
virtocommerce/vc-github-actions/docker-env,virtocommerce/vc-github-actions,maybe,
virtocommerce/vc-github-actions/get-artifact-link,virtocommerce/vc-github-actions,maybe,
virtocommerce/vc-github-actions/get-deploy-param,virtocommerce/vc-github-actions,maybe,
virtocommerce/vc-github-actions/get-image-tag,virtocommerce/vc-github-actions,maybe,
virtocommerce/vc-github-actions/get-image-version,virtocommerce/vc-github-actions,maybe,
virtocommerce/vc-github-actions/get-jira-keys,virtocommerce/vc-github-actions,maybe,
virtocommerce/vc-github-actions/pr-body-get-link,virtocommerce/vc-github-actions,maybe,
virtocommerce/vc-github-actions/publish-artifact-link,virtocommerce/vc-github-actions,maybe,
virtocommerce/vc-github-actions/publish-blob-release,virtocommerce/vc-github-actions,maybe,
virtocommerce/vc-github-actions/publish-docker-image,virtocommerce/vc-github-actions,maybe,
virtocommerce/vc-github-actions/publish-github-release,virtocommerce/vc-github-actions,maybe,
virtocommerce/vc-github-actions/publish-jira-link,virtocommerce/vc-github-actions,maybe,
virtocommerce/vc-github-actions/publish-nuget,virtocommerce/vc-github-actions,maybe,
virtocommerce/vc-github-actions/setup-git-credentials-github,virtocommerce/vc-github-actions,maybe,
virtocommerce/vc-github-actions/setup-vcbuild,virtocommerce/vc-github-actions,maybe,
virtocommerce/vc-github-actions/sonar-quality-gate,virtocommerce/vc-github-actions,maybe,
virtocommerce/vc-github-actions/sonar-scanner-begin,virtocommerce/vc-github-actions,maybe,
virtocommerce/vc-github-actions/sonar-scanner-end,virtocommerce/vc-github-actions,maybe,
virtocommerce/vc-github-actions/vc-argocd-cli,virtocommerce/vc-github-actions,maybe,
visiosto/replace-value,visiosto/replace-value,maybe,n
visualpinball/next-version-action,visualpinball/next-version-action,maybe,
visualpinball/update-dependent-action,visualpinball/update-dependent-action,maybe,
vk26/action-fasterer,vk26/action-fasterer,maybe,y
vkcom/.github/.github/workflows/npm_deprecate_package.yml,vkcom/.github,maybe,
vladdaniliuk/action-release-releaseapk,vladdaniliuk/action-release-releaseapk,maybe,
vlang/setup-v,vlang/setup-v,maybe,y
vlingo/xoom-platform/.github/workflows/build.yml,vlingo/xoom-platform,maybe,n
vlitejs/vlite/.github/workflows/lint.yml,vlitejs/vlite,maybe,n
vmactions/${{matrix.bsd.name}}-vm,vmactions/${{matrix.bsd.name}}-vm,maybe,n
vmiklos/notify-irc,vmiklos/notify-irc,maybe,n
vmishenev/kotlin-samples-pusher,vmishenev/kotlin-samples-pusher,maybe,n
vmware-samples/vmware-image-builder-examples/vib-action,vmware-samples/vmware-image-builder-examples,maybe,n
vmware-tanzu/antrea/ci/gh-actions/has-changes,vmware-tanzu/antrea,maybe,n
vmware-tanzu/carvel-release-scripts/.github/workflows/inclusive-language-check.yml,vmware-tanzu/carvel-release-scripts,maybe,n
vmware-tanzu/carvel-release-scripts/.github/workflows/trivy-scan.yml,vmware-tanzu/carvel-release-scripts,maybe,n
vmware-tanzu/carvel-setup-action,vmware-tanzu/carvel-setup-action,maybe,y
volcano-coffee-company/setup-terraform,volcano-coffee-company/setup-terraform,maybe,n
volcano-coffee-company/setup-vault,volcano-coffee-company/setup-vault,maybe,n
voxelum/afdian-sponsor-action,voxelum/afdian-sponsor-action,maybe,
voxelum/create-release,voxelum/create-release,maybe,n
voxelum/discord-kook-notify-action,voxelum/discord-kook-notify-action,maybe,n
voxelum/semantic-version-bump-action,voxelum/semantic-version-bump-action,maybe,
voxmedia/github-action-slack-notify-build,voxmedia/github-action-slack-notify-build,maybe,y
voxpelli/ghatemplates/.github/workflows/codeql-analysis.yml,voxpelli/ghatemplates,maybe,n
voxpelli/ghatemplates/.github/workflows/dependency-review.yml,voxpelli/ghatemplates,maybe,n
voxpelli/ghatemplates/.github/workflows/exit-silently-on-unsupported.yml,voxpelli/ghatemplates,maybe,n
voxpelli/ghatemplates/.github/workflows/lint.yml,voxpelli/ghatemplates,maybe,n
voxpelli/ghatemplates/.github/workflows/test-pg.yml,voxpelli/ghatemplates,maybe,n
voxpelli/ghatemplates/.github/workflows/test.yml,voxpelli/ghatemplates,maybe,n
voxpupuli/gha-build-and-publish-a-container,voxpupuli/gha-build-and-publish-a-container,maybe,y
voxpupuli/gha-puppet/.github/workflows/beaker.yml,voxpupuli/gha-puppet,maybe,n
voxpupuli/gha-puppet/.github/workflows/release.yml,voxpupuli/gha-puppet,maybe,n
vrischmann/checkout,vrischmann/checkout,maybe,n
vrnobody/setup-dotnetframeworkenv,vrnobody/setup-dotnetframeworkenv,maybe,
vsoch/spack-package-action/install,vsoch/spack-package-action,maybe,n
vue-styleguidist/vue-styleguidist/.github/workflows/test.yml,vue-styleguidist/vue-styleguidist,maybe,n
vuestorefront/integrations-github-workflows/.github/workflows/continuous-delivery.yml,vuestorefront/integrations-github-workflows,maybe,n
vuestorefront/integrations-github-workflows/.github/workflows/continuous-integration.yml,vuestorefront/integrations-github-workflows,maybe,n
vuestorefront/integrations-github-workflows/.github/workflows/sonarcloud.yml,vuestorefront/integrations-github-workflows,maybe,n
vuestorefront/publish-docs-action,vuestorefront/publish-docs-action,maybe,n
vuestorefront/storefront-ui/.github/workflows/configure-environment.yml,vuestorefront/storefront-ui,maybe,n
vuestorefront/storefront-ui/.github/workflows/deploy-docker-image-vue-storefront-cloud.yml,vuestorefront/storefront-ui,maybe,n
vuestorefront/storefront-ui/.github/workflows/image-build-vue-storefront-cloud.yml,vuestorefront/storefront-ui,maybe,n
vuetifyjs/close-action,vuetifyjs/close-action,maybe,n
vuetifyjs/triage-action,vuetifyjs/triage-action,maybe,n
w3c/spec-prod,w3c/spec-prod,maybe,y
w3f/gsheet.action,w3f/gsheet.action,maybe,n
w3f/label-stale-pull-requests,w3f/label-stale-pull-requests,maybe,n
w3f/parse-grant-application-action,w3f/parse-grant-application-action,maybe,n
w3f/status-badges,w3f/status-badges,maybe,n
wabarc/.github/.github/workflows/reusable-alex.yml,wabarc/.github,maybe,n
wabarc/.github/.github/workflows/reusable-builder-aur.yml,wabarc/.github,maybe,n
wabarc/.github/.github/workflows/reusable-builder-deb.yml,wabarc/.github,maybe,n
wabarc/.github/.github/workflows/reusable-builder-flatpak.yml,wabarc/.github,maybe,n
wabarc/.github/.github/workflows/reusable-builder-go.yml,wabarc/.github,maybe,n
wabarc/.github/.github/workflows/reusable-builder-rpm.yml,wabarc/.github,maybe,n
wabarc/.github/.github/workflows/reusable-builder-snap.yml,wabarc/.github,maybe,n
wabarc/.github/.github/workflows/reusable-codeql.yml,wabarc/.github,maybe,n
wabarc/.github/.github/workflows/reusable-dependency-review.yml,wabarc/.github,maybe,n
wabarc/.github/.github/workflows/reusable-fossa.yml,wabarc/.github,maybe,n
wabarc/.github/.github/workflows/reusable-golangci.yml,wabarc/.github,maybe,n
wabarc/.github/.github/workflows/reusable-goreportcard.yml,wabarc/.github,maybe,n
wabarc/.github/.github/workflows/reusable-license.yml,wabarc/.github,maybe,n
wabarc/.github/.github/workflows/reusable-misspell.yml,wabarc/.github,maybe,n
wabarc/.github/.github/workflows/reusable-nancy.yml,wabarc/.github,maybe,n
wabarc/.github/.github/workflows/reusable-releaser-gemfury.yml,wabarc/.github,maybe,n
wabarc/.github/.github/workflows/reusable-releaser-go.yml,wabarc/.github,maybe,n
wabarc/.github/.github/workflows/reusable-scorecards.yml,wabarc/.github,maybe,n
wabarc/.github/.github/workflows/reusable-semgrep.yml,wabarc/.github,maybe,n
wabarc/.github/.github/workflows/reusable-shellcheck.yml,wabarc/.github,maybe,n
wabarc/.github/.github/workflows/reusable-stale.yml,wabarc/.github,maybe,n
wabarc/.github/.github/workflows/reusable-super-linter.yml,wabarc/.github,maybe,n
wabarc/.github/.github/workflows/reusable-trivy.yml,wabarc/.github,maybe,n
wabarc/.github/.github/workflows/reusable-urlcheck.yml,wabarc/.github,maybe,n
wader/bump,wader/bump,maybe,n
wader/bump/action/go,wader/bump,maybe,n
wader/bump:go,wader/bump:go,maybe,n
wagoid/commitlint-github-action,wagoid/commitlint-github-action,maybe,y
wagyourtail/jsmacros/.github/workflows/releasebuild.yml,wagyourtail/jsmacros,maybe,n
wagyourtail/jsmacros/.github/workflows/releasedeploy.yml,wagyourtail/jsmacros,maybe,n
waifu-motivator/wmp-env-action,waifu-motivator/wmp-env-action,maybe,n
wakatime/semver-action,wakatime/semver-action,maybe,n
waldoapp/gh-action-upload,waldoapp/gh-action-upload,maybe,y
walshydev/pr-labels,walshydev/pr-labels,maybe,
wandb/docugen,wandb/docugen,maybe,n
wandnz/action-cloudsmith-upload-packages,wandnz/action-cloudsmith-upload-packages,maybe,n
wanduow/action-bintray-upload-debian-packages,wanduow/action-bintray-upload-debian-packages,maybe,n
wanduow/action-bintray-upload-rpm-packages,wanduow/action-bintray-upload-rpm-packages,maybe,n
wanduow/action-cloudsmith-upload-packages,wanduow/action-cloudsmith-upload-packages,maybe,n
wangzuo/action-release-checksums,wangzuo/action-release-checksums,maybe,n
wasmcloud/common-actions/crates-release,wasmcloud/common-actions,maybe,n
wasmcloud/common-actions/install-cross,wasmcloud/common-actions,maybe,n
wasmcloud/common-actions/run-nats,wasmcloud/common-actions,maybe,n
wasmcloud/common-actions/rust-check,wasmcloud/common-actions,maybe,n
wearerequired/lint-actionn,wearerequired/lint-actionn,maybe,y
weavery/gitstamp-action,weavery/gitstamp-action,maybe,n
weaveworks/metal-janitor-action,weaveworks/metal-janitor-action,maybe,n
weaveworks/webfactory-ssh-agent,weaveworks/webfactory-ssh-agent,maybe,n
web-infra-dev/actions,web-infra-dev/actions,maybe,n
web3-storage/wrangler-action,web3-storage/wrangler-action,maybe,n
web3j/release-action,web3j/release-action,maybe,n
webbertakken/unity-builder,webbertakken/unity-builder,maybe,y
webbertakken/unity-request-manual-activation-file,webbertakken/unity-request-manual-activation-file,maybe,y
webbertakken/unity-test-runner,webbertakken/unity-test-runner,maybe,y
webclipper/create-release,webclipper/create-release,maybe,n
webclipper/upload-release-asset,webclipper/upload-release-asset,maybe,n
webiny/action-conventional-commits,webiny/action-conventional-commits,maybe,y
webiny/action-post-run,webiny/action-post-run,maybe,n
wei/curl,wei/curl,maybe,y
wei/git-sync,wei/git-sync,maybe,y
wei/wget,wei/wget,maybe,n
weibullguy/get-labels-action,weibullguy/get-labels-action,maybe,n
weibullguy/labeler,weibullguy/labeler,maybe,n
wemakedevs/labeler-action,wemakedevs/labeler-action,maybe,
wemeetagain/actions-lerna,wemeetagain/actions-lerna,maybe,n
wentokay/hello-world-docker-action,wentokay/hello-world-docker-action,maybe,n
werf/third-party-release-please-action,werf/third-party-release-please-action,maybe,n
werf/trdl-vault-actions/publish,werf/trdl-vault-actions,maybe,n
werf/trdl-vault-actions/release,werf/trdl-vault-actions,maybe,n
werwolv/steam-deploy,werwolv/steam-deploy,maybe,
weseek/ghaction-slack-notification,weseek/ghaction-slack-notification,maybe,n
weseek/growi/.github/workflows/reusable-app-build-image.yml,weseek/growi,maybe,n
weseek/growi/.github/workflows/reusable-app-create-manifests.yml,weseek/growi,maybe,n
weseek/growi/.github/workflows/reusable-app-prod.yml,weseek/growi,maybe,n
weseek/growi/.github/workflows/reusable-app-reg-suit.yml,weseek/growi,maybe,n
wetneb/action-unassign-contributor-after-days-of-inactivity,wetneb/action-unassign-contributor-after-days-of-inactivity,maybe,n
weyoss/redis-github-action,weyoss/redis-github-action,maybe,n
wez/upload-release-assets,wez/upload-release-assets,maybe,n
whisperity/codechecker-analysis-action,whisperity/codechecker-analysis-action,maybe,y
wildfly/dep-tree-diff,wildfly/dep-tree-diff,maybe,n
wildfly/wildfly/.github/workflows/shared-wildfly-build.yml,wildfly/wildfly,maybe,n
willdasilva/commitizen-action,willdasilva/commitizen-action,maybe,
willdasilva/dependency-review-action,willdasilva/dependency-review-action,maybe,
willsoto/actions/.github/workflows/node-ci.yml,willsoto/actions,maybe,n
wip/action,wip/action,maybe,y
wireapp/github-action-wire-messenger,wireapp/github-action-wire-messenger,maybe,n
wireapp/upload-assets,wireapp/upload-assets,maybe,n
wireapp/wire-ios-shared-resources/.github/workflows/createbumppr.yml,wireapp/wire-ios-shared-resources,maybe,
wireapp/wire-ios-shared-resources/.github/workflows/mergepr.yml,wireapp/wire-ios-shared-resources,maybe,
wiremind/helm-kubeval-action,wiremind/helm-kubeval-action,maybe,n
withastro/automation/.github/workflows/congratsbot.yml,withastro/automation,maybe,n
withastro/automation/.github/workflows/format.yml,withastro/automation,maybe,n
withastro/automation/.github/workflows/lockfile.yml,withastro/automation,maybe,n
withfig/push-to-fig-autocomplete-action,withfig/push-to-fig-autocomplete-action,maybe,n
withgraphite/upload-code-coverage-action,withgraphite/upload-code-coverage-action,maybe,n
withoutpants/github-release,withoutpants/github-release,maybe,
wjz304/issues-helper,wjz304/issues-helper,maybe,n
wmde/dependabot-gerrit-action,wmde/dependabot-gerrit-action,maybe,n
wmde/git-filter-repo-docker-action,wmde/git-filter-repo-docker-action,maybe,n
wmde/git-monorepo-splice-docker-action,wmde/git-monorepo-splice-docker-action,maybe,n
wntrblm/nox,wntrblm/nox,maybe,y
wodby/alpine,wodby/alpine,maybe,n
wodby/alpine/.github/actions/release,wodby/alpine,maybe,n
wohlstand/branch-name,wohlstand/branch-name,maybe,
woile/github-push-action,woile/github-push-action,maybe,
wolfi-dev/wolfictl/.github/actions,wolfi-dev/wolfictl,maybe,n
wolfv/provision-with-micromamba,wolfv/provision-with-micromamba,maybe,y
wonderflow-bv/wanda/.github/workflows/ci-workflow.yml,wonderflow-bv/wanda,maybe,n
wonderflow/kubebuilder-action,wonderflow/kubebuilder-action,maybe,y
woocommerce/action-build,woocommerce/action-build,maybe,n
woocommerce/action-gh-release,woocommerce/action-gh-release,maybe,n
woocommerce/automations,woocommerce/automations,maybe,n
woocommerce/grow/get-plugin-releases,woocommerce/grow,maybe,n
woocommerce/grow/prepare-mysql,woocommerce/grow,maybe,n
woocommerce/grow/prepare-php,woocommerce/grow,maybe,n
wordpress/wordpress-develop/.github/workflows/phpunit-tests-run.yml,wordpress/wordpress-develop,maybe,
wordpress/wordpress-develop/.github/workflows/slack-notifications.yml,wordpress/wordpress-develop,maybe,
workday/canvas-kit-actions/enable-automerge,workday/canvas-kit-actions,maybe,
workday/canvas-kit-actions/generate-changeset,workday/canvas-kit-actions,maybe,
workday/canvas-kit-actions/install,workday/canvas-kit-actions,maybe,
workday/canvas-kit-actions/release,workday/canvas-kit-actions,maybe,
workday/canvas-kit-actions/report-failure,workday/canvas-kit-actions,maybe,
workday/canvas-kit-actions/verify-pull-request,workday/canvas-kit-actions,maybe,
workflows/nix-shell-action,workflows/nix-shell-action,maybe,y
workshop64/buildpulse-action,workshop64/buildpulse-action,maybe,
workshur/sonarcloud-github-action,workshur/sonarcloud-github-action,maybe,n
wow-actions/auto-assign,wow-actions/auto-assign,maybe,n
wp-cli/.github/.github/workflows/reusable-code-quality.yml,wp-cli/.github,maybe,n
wp-cli/.github/.github/workflows/reusable-regenerate-readme.yml,wp-cli/.github,maybe,n
wp-cli/.github/.github/workflows/reusable-testing.yml,wp-cli/.github,maybe,n
wpilibsuite/check-base-branch-action,wpilibsuite/check-base-branch-action,maybe,n
wpilibsuite/import-signing-certificate,wpilibsuite/import-signing-certificate,maybe,n
wpilibsuite/xcode-notarize,wpilibsuite/xcode-notarize,maybe,n
wrexbe/yaml-schema-validator,wrexbe/yaml-schema-validator,maybe,n
wxmerkt/industrial_ci,wxmerkt/industrial_ci,maybe,n
wxt2005/git-auto-commit-action,wxt2005/git-auto-commit-action,maybe,n
wxwidgets/gha-setup-vsdevenv,wxwidgets/gha-setup-vsdevenv,maybe,
wyrihaximus/github-action-get-milestones,wyrihaximus/github-action-get-milestones,maybe,
wyrihaximus/github-action-next-semvers,wyrihaximus/github-action-next-semvers,maybe,
wyrihaximus/github-action-wait-for-status,wyrihaximus/github-action-wait-for-status,maybe,
wzshiming/gh-ci-bot,wzshiming/gh-ci-bot,maybe,n
xamarin/backport-bot-action,xamarin/backport-bot-action,maybe,n
xamarin/backport-bot-action/.github/workflows/backport-action.yml,xamarin/backport-bot-action,maybe,n
xampprocky/create-release,xampprocky/create-release,maybe,
xanaduai/cloud-actions/download-github-workflow-artifact,xanaduai/cloud-actions,maybe,
xanaduai/cloud-actions/push-to-s3-and-invalidate-cloudfront,xanaduai/cloud-actions,maybe,
xbmc/action-kodi-addon-checker,xbmc/action-kodi-addon-checker,maybe,y
xbmc/action-kodi-addon-submitter,xbmc/action-kodi-addon-submitter,maybe,n
xcid/argocd-diff-action,xcid/argocd-diff-action,maybe,
xeroapi/xero-openapi/.github/workflows/jira_create_issue.yml,xeroapi/xero-openapi,maybe,
xfl03/mccustomskinloader/.github/workflows/common.yml,xfl03/mccustomskinloader,maybe,
xgreenx/publish-crates,xgreenx/publish-crates,maybe,n
xhofe/issues-helper,xhofe/issues-helper,maybe,
xiangfeidexiaohuo/delete-workflow-runs,xiangfeidexiaohuo/delete-workflow-runs,maybe,n
xiaoyifang/install-qt-action,xiaoyifang/install-qt-action,maybe,n
xigongdaericyang/cherry-pick-robot,xigongdaericyang/cherry-pick-robot,maybe,
xin-hedera/release-notes-generator-action,xin-hedera/release-notes-generator-action,maybe,n
xlauko/cpp-linter-action,xlauko/cpp-linter-action,maybe,n
xmflsct/action-publish-gatsby,xmflsct/action-publish-gatsby,maybe,n
xorilog/twitter-action,xorilog/twitter-action,maybe,n
xt0rted/.github/.github/workflows/dependabot-auto-merge.yml,xt0rted/.github,maybe,n
xt0rted/.github/.github/workflows/dotnet-sdk-updater.yml,xt0rted/.github,maybe,n
xt0rted/action-gh-release,xt0rted/action-gh-release,maybe,n
xtvaser/first-interaction,xtvaser/first-interaction,maybe,
xuanwo/fetch-metadata,xuanwo/fetch-metadata,maybe,
xuanwo/sccache-action,xuanwo/sccache-action,maybe,
xunzhuo/kube-prow-bot,xunzhuo/kube-prow-bot,maybe,
xunzhuo/prowox,xunzhuo/prowox,maybe,
xwings/sync-repo-action,xwings/sync-repo-action,maybe,n
yakuhzi/action-release,yakuhzi/action-release,maybe,n
yamanq/pull-request-artifacts,yamanq/pull-request-artifacts,maybe,n
yaminyam/auto-label-in-issue,yaminyam/auto-label-in-issue,maybe,
yandex-cloud/ui-preview-build-action,yandex-cloud/ui-preview-build-action,maybe,n
yandex-cloud/ui-preview-deploy-action,yandex-cloud/ui-preview-deploy-action,maybe,y
yandex-cloud/ui-preview-upload-to-s3-action,yandex-cloud/ui-preview-upload-to-s3-action,maybe,n
yandex-cloud/ui-release-action,yandex-cloud/ui-release-action,maybe,n
yangby-cryptape/cargo-audit-check-action,yangby-cryptape/cargo-audit-check-action,maybe,n
yanguoyu/pull-request-comment-branch,yanguoyu/pull-request-comment-branch,maybe,n
yann300/rebase-pull-requests,yann300/rebase-pull-requests,maybe,n
yanndegat/ghaction-import-gpg,yanndegat/ghaction-import-gpg,maybe,n
yanzay/notify-telegram,yanzay/notify-telegram,maybe,n
"yarn install --frozen-lockfile
./tasks/starthardhatnode.sh start","yarn install --frozen-lockfile
./tasks",maybe,
yassineldeeb/has-changed-path,yassineldeeb/has-changed-path,maybe,
yasslab/idobata_notify,yasslab/idobata_notify,maybe,n
ybiquitous/npm-audit-fix-action,ybiquitous/npm-audit-fix-action,maybe,y
yc-actions/yc-obj-storage-upload,yc-actions/yc-obj-storage-upload,maybe,n
ydb-platform/slo-tests,ydb-platform/slo-tests,maybe,n
ydb-platform/slo-tests/.github/workflows/slo.yml,ydb-platform/slo-tests,maybe,n
yeah69/mrmeeseeks.resxtranslationcombinator,yeah69/mrmeeseeks.resxtranslationcombinator,maybe,
yegor256/latex-make-action,yegor256/latex-make-action,maybe,n
yehiyam/deploy-to-k8s,yehiyam/deploy-to-k8s,maybe,n
yetiforcecompany/yetiforcecrm-tests/7.3,yetiforcecompany/yetiforcecrm-tests,maybe,
yetiforcecompany/yetiforcecrm-tests/7.4,yetiforcecompany/yetiforcecrm-tests,maybe,
yetiforcecompany/yetiforcecrm-tests/8.0,yetiforcecompany/yetiforcecrm-tests,maybe,
yetiforcecompany/yetiforcecrm-tests/8.0-jit,yetiforcecompany/yetiforcecrm-tests,maybe,
yetiforcecompany/yetiforcecrm-tests/8.1,yetiforcecompany/yetiforcecrm-tests,maybe,
yetiforcecompany/yetiforcecrm-tests/8.1-jit,yetiforcecompany/yetiforcecrm-tests,maybe,
yetiforcecompany/yetiforcecrm-tests/8.2,yetiforcecompany/yetiforcecrm-tests,maybe,
yetiforcecompany/yetiforcecrm-tests/coverage,yetiforcecompany/yetiforcecrm-tests,maybe,
yetiforcecompany/yetiforcecrm-tests/coverage8,yetiforcecompany/yetiforcecrm-tests,maybe,
yetiforcecompany/yetiforcecrm-tests/coverage8jit,yetiforcecompany/yetiforcecrm-tests,maybe,
yetiforcecompany/yetiforcecrm-tests/mariadb,yetiforcecompany/yetiforcecrm-tests,maybe,
yetiforcecompany/yetiforcecrm-tests/mariadb-${{ matrix.vdb }},yetiforcecompany/yetiforcecrm-tests,maybe,
yetiforcecompany/yetiforcecrm-tests/mariadb-10.6,yetiforcecompany/yetiforcecrm-tests,maybe,
yetiforcecompany/yetiforcecrm-tests/mariadb-10.7,yetiforcecompany/yetiforcecrm-tests,maybe,
yetiforcecompany/yetiforcecrm-tests/mariadb-10.8,yetiforcecompany/yetiforcecrm-tests,maybe,
yetiforcecompany/yetiforcecrm-tests/mariadb-10.9,yetiforcecompany/yetiforcecrm-tests,maybe,
yetiforcecompany/yetiforcecrm-tests/mysql-latest,yetiforcecompany/yetiforcecrm-tests,maybe,
yetiforcecompany/yetiforcecrm-tests/percona-mysql-5.7,yetiforcecompany/yetiforcecrm-tests,maybe,
yetiforcecompany/yetiforcecrm-tests/percona-mysql-8.0,yetiforcecompany/yetiforcecrm-tests,maybe,
yetiforcecompany/yetiforcecrm-tests/testx,yetiforcecompany/yetiforcecrm-tests,maybe,
yettoapp/actions/.github/workflows/automerge_dependabot.yml,yettoapp/actions,maybe,n
yettoapp/actions/.github/workflows/ruby_gem_release.yml,yettoapp/actions,maybe,n
yettoapp/actions/setup-languages,yettoapp/actions,maybe,n
yifanyang/github-actions/health-metrics/release-diffing,yifanyang/github-actions,maybe,n
yiisoft/actions/.github/workflows/bc.yml,yiisoft/actions,maybe,n
yiisoft/actions/.github/workflows/phpbench.yml,yiisoft/actions,maybe,n
yiisoft/actions/.github/workflows/phpunit.yml,yiisoft/actions,maybe,n
yiisoft/actions/.github/workflows/psalm.yml,yiisoft/actions,maybe,n
yiisoft/actions/.github/workflows/rector.yml,yiisoft/actions,maybe,n
yiisoft/actions/.github/workflows/roave-infection.yml,yiisoft/actions,maybe,n
yiisoft/actions/db/environment-linux,yiisoft/actions,maybe,n
yiisoft/actions/db/subpackage-install,yiisoft/actions,maybe,n
yikun/gitee-mirror-action,yikun/gitee-mirror-action,maybe,
yimura/gtav-sigscan-action,yimura/gtav-sigscan-action,maybe,n
yiwen-chan/go-release-action,yiwen-chan/go-release-action,maybe,
ynput/ci-tools/.github/workflows/milestone_release_ref.yml,ynput/ci-tools,maybe,n
ynput/gha-populate-form-version,ynput/gha-populate-form-version,maybe,n
yoavain/setup-csc,yoavain/setup-csc,maybe,
yogeshpaliyal/keypass,yogeshpaliyal/keypass,maybe,
yohix/deploy-surge,yohix/deploy-surge,maybe,n
yookoala/upload-release-asset,yookoala/upload-release-asset,maybe,n
yoriiis/actions/.github/workflows/lint.yml,yoriiis/actions,maybe,n
yoriiis/actions/.github/workflows/npm-publish.yml,yoriiis/actions,maybe,n
yoriiis/actions/.github/workflows/test-and-build.yml,yoriiis/actions,maybe,n
yourls/.github/.github/workflows/auto-merge.yml,yourls/.github,maybe,
yourls/.github/.github/workflows/lint.yml,yourls/.github,maybe,
ypresto/typescript-error-reporter-action,ypresto/typescript-error-reporter-action,maybe,y
yrashk/setup-docker-macos-action,yrashk/setup-docker-macos-action,maybe,y
ytdl-org/setup-python,ytdl-org/setup-python,maybe,n
yuiseki/issue-triage-action,yuiseki/issue-triage-action,maybe,n
yujincheng08/sign-android-release,yujincheng08/sign-android-release,maybe,n
yuzutech/zulip-send-message-action,yuzutech/zulip-send-message-action,maybe,n
yyx990803/release-tag,yyx990803/release-tag,maybe,n
z-shell/.github/.github/workflows/trunk.yml,z-shell/.github,maybe,n
z-shell/.github/actions/rebase,z-shell/.github,maybe,n
zachowj/git-auto-commit-action,zachowj/git-auto-commit-action,maybe,n
zahnster/compressed-size-action,zahnster/compressed-size-action,maybe,n
zakodium/documentationjs-action,zakodium/documentationjs-action,maybe,n
zakodium/lactame-action,zakodium/lactame-action,maybe,n
zakodium/typedoc-action,zakodium/typedoc-action,maybe,n
zakodium/workflows/.github/workflows/nodejs.yml,zakodium/workflows,maybe,n
zarel/setup-node,zarel/setup-node,maybe,
zauguin/install-texlive,zauguin/install-texlive,maybe,n
zbazztian/filter-sarif,zbazztian/filter-sarif,maybe,n
zbeekman/shellcheck-linter-action,zbeekman/shellcheck-linter-action,maybe,
zcong1993/actions-ding,zcong1993/actions-ding,maybe,n
zeebe-io/backport-action,zeebe-io/backport-action,maybe,n
zeebe-io/zeebe-performance-test/.github/workflows/measure.yaml,zeebe-io/zeebe-performance-test,maybe,n
zeek/ci-email-action,zeek/ci-email-action,maybe,n
zeitonline/gh-action-workflows/.github/workflows/build-test-push.yaml,zeitonline/gh-action-workflows,maybe,n
zeke/semantic-pull-requests,zeke/semantic-pull-requests,maybe,n
zencargo/turnstyle,zencargo/turnstyle,maybe,y
zendesk/action-create-release,zendesk/action-create-release,maybe,n
zendesk/cache,zendesk/cache,maybe,n
zendesk/checkout,zendesk/checkout,maybe,n
zendesk/setup-buildx-action,zendesk/setup-buildx-action,maybe,n
zendesk/setup-ruby,zendesk/setup-ruby,maybe,n
zenml-io/template-e2e-batch/.github/actions/e2e_template_test,zenml-io/template-e2e-batch,maybe,n
zenml-io/zenml-project-templates/.github/actions/starter_template_test,zenml-io/zenml-project-templates,maybe,n
zenstruck/.github,zenstruck/.github,maybe,n
zenstruck/.github/.github/workflows/php-composer-validate.yml,zenstruck/.github,maybe,n
zenstruck/.github/.github/workflows/php-cs-fixer.yml,zenstruck/.github,maybe,n
zepatrik/nancy-github-action,zepatrik/nancy-github-action,maybe,n
zephir-lang/templates/.github/workflows/phalcon-install-from-build.yml,zephir-lang/templates,maybe,n
zephir-lang/templates/.github/workflows/phalcon-pecl-8.1.yml,zephir-lang/templates,maybe,n
zephir-lang/templates/.github/workflows/phalcon-pecl.yml,zephir-lang/templates,maybe,n
zephir-lang/templates/.github/workflows/phalcon-stubs-zephir-composer.yml,zephir-lang/templates,maybe,n
zephir-lang/templates/.github/workflows/phalcon-stubs.yml,zephir-lang/templates,maybe,n
zephir-lang/templates/.github/workflows/phpcs.yml,zephir-lang/templates,maybe,n
zephyrproject-rtos/action-backport,zephyrproject-rtos/action-backport,maybe,n
zephyrproject-rtos/action-manifest,zephyrproject-rtos/action-manifest,maybe,n
zeshuaro/github-actions-workflows/.github/workflows/close-stale.yml,zeshuaro/github-actions-workflows,maybe,n
zeshuaro/github-actions-workflows/.github/workflows/lock-threads.yml,zeshuaro/github-actions-workflows,maybe,n
zeshuaro/github-actions-workflows/.github/workflows/pull-request.yml,zeshuaro/github-actions-workflows,maybe,n
zeshuaro/github-actions-workflows/.github/workflows/scheduled.yml,zeshuaro/github-actions-workflows,maybe,n
zexi/action-issues-notify,zexi/action-issues-notify,maybe,n
zhanghongtong/upload-release-asset,zhanghongtong/upload-release-asset,maybe,n
zhaofengli/nix-installer-action,zhaofengli/nix-installer-action,maybe,n
zhaojh329/auto-changelog,zhaojh329/auto-changelog,maybe,n
zhesun88/check-user-permission,zhesun88/check-user-permission,maybe,
zhicwu/action-automatic-releases,zhicwu/action-automatic-releases,maybe,n
zhicwu/action-maven-publish,zhicwu/action-maven-publish,maybe,n
zhicwu/checkstyle-action,zhicwu/checkstyle-action,maybe,n
zhulik/redis-action,zhulik/redis-action,maybe,y
zigpy/workflows/.github/workflows/ci.yml,zigpy/workflows,maybe,n
zigpy/workflows/.github/workflows/publish-to-pypi.yml,zigpy/workflows,maybe,n
zilliqa/gh-actions-workflows/.github/workflows/ci-dockerized-app-build-push-docker-hub.yml,zilliqa/gh-actions-workflows,maybe,
zilliqa/gh-actions-workflows/.github/workflows/ci-dockerized-app-build-push-ecr.yml,zilliqa/gh-actions-workflows,maybe,
zilliqa/gh-actions-workflows/actions/configure-aws-credentials,zilliqa/gh-actions-workflows,maybe,
zing-actions/setup-java,zing-actions/setup-java,maybe,y
zinggai/zingg/.github/workflows/build.yml,zinggai/zingg,maybe,n
zingimmick/github-action-get-current-tag,zingimmick/github-action-get-current-tag,maybe,n
zokugun/github-actions-aur-releaser,zokugun/github-actions-aur-releaser,maybe,n
zowe-actions/octorelease,zowe-actions/octorelease,maybe,n
zowe-actions/octorelease/script,zowe-actions/octorelease,maybe,n
zrhoffman/junit-report-annotations-action,zrhoffman/junit-report-annotations-action,maybe,n
zricethezav/gitleaks-action,zricethezav/gitleaks-action,maybe,y
zthulj/changelog-and-tag-action,zthulj/changelog-and-tag-action,maybe,n
zulip/github-actions-zulip,zulip/github-actions-zulip,maybe,n
zulip/github-actions-zulip/send-message,zulip/github-actions-zulip,maybe,n
zupit/header-license-checker,zupit/header-license-checker,maybe,
zupit/zup-dco-validator,zupit/zup-dco-validator,maybe,
zwaldowski/cspell-action,zwaldowski/cspell-action,maybe,n
zyrouge/gh-push-action,zyrouge/gh-push-action,maybe,n
zzak/action-discord,zzak/action-discord,maybe,n
zzak/action-discord/.github/workflows/notify.yml,zzak/action-discord,maybe,n
zzzze/webhook-trigger,zzzze/webhook-trigger,maybe,n
📦 eine/tip,📦 eine/tip,maybe,n
🛠️ nuget/setup-nuget,🛠️ nuget/setup-nuget,maybe,y
